Time	Cell_type	Mean	Min	Max	Std
0.250000	0	0.159541	0.002747	0.431263	0.049680
0.250000	1	1.502901	0.645168	2.150295	0.199632
0.500000	0	0.174971	0.012282	1.109885	0.103360
0.500000	1	1.580432	0.479414	4.133594	0.471349
0.750000	0	0.186613	0.012534	1.811408	0.153652
0.750000	1	1.627421	0.234325	3.632663	0.467778
1.000000	0	0.171341	0.009952	2.066087	0.129908
1.000000	1	1.553231	0.745137	3.763843	0.396680
1.250000	0	0.170142	0.006520	1.293332	0.093696
1.250000	1	1.550351	0.437468	2.734445	0.358681
1.500000	0	0.180141	0.023369	1.618340	0.127801
1.500000	1	1.548839	0.316046	3.206425	0.429100
1.750000	0	0.179260	0.015037	1.932412	0.121345
1.750000	1	1.622243	0.517160	2.893848	0.392636
2.000000	0	0.178631	0.006832	1.920739	0.116961
2.000000	1	1.535714	0.582386	3.393201	0.424750
2.250000	0	0.178135	0.019600	1.104075	0.104531
2.250000	1	1.532284	0.247104	2.819742	0.466141
2.500000	0	0.174450	0.013373	1.150716	0.096870
2.500000	1	1.589520	0.478968	3.325605	0.414093
2.750000	0	0.182766	0.014568	1.917041	0.135386
2.750000	1	1.591799	0.351524	3.153022	0.434508
3.000000	0	0.175901	0.027799	1.660211	0.121194
3.000000	1	1.584668	0.670780	3.496944	0.408010
3.250000	0	0.182630	0.002868	6.439465	0.258373
3.250000	1	1.559290	0.422634	5.212735	0.467430
3.500000	0	0.178712	0.014524	1.889125	0.123348
3.500000	1	1.629906	0.153905	3.176968	0.454218
3.750000	0	0.169402	0.024448	1.331685	0.084493
3.750000	1	1.624270	0.340770	3.467259	0.430042
4.000000	0	0.172257	0.003507	1.694529	0.107420
4.000000	1	1.592070	0.271719	3.509520	0.502478
4.250000	0	0.173208	0.013522	1.822993	0.105124
4.250000	1	1.523770	0.306080	3.104388	0.381306
4.500000	0	0.176886	0.022042	1.857629	0.111042
4.500000	1	1.561376	0.492324	3.435727	0.374456
4.750000	0	0.179210	0.015760	1.764765	0.122248
4.750000	1	1.507704	0.146381	2.956193	0.407750
5.000000	0	0.174490	0.032568	1.287280	0.098247
5.000000	1	1.528921	0.164568	3.267270	0.360823
5.250000	0	0.170982	0.019583	1.476991	0.093756
5.250000	1	1.640665	0.126749	3.777864	0.505117
5.500000	0	0.175662	0.016920	1.893237	0.114630
5.500000	1	1.665069	0.476434	3.322166	0.508349
5.750000	0	0.174292	0.011924	1.138981	0.104593
5.750000	1	1.584410	0.390546	3.948293	0.453019
6.000000	0	0.171860	0.012125	1.400023	0.097952
6.000000	1	1.625279	0.267399	3.096066	0.418705
6.250000	0	0.167902	0.014509	1.102097	0.084185
6.250000	1	1.529455	0.716858	2.904920	0.357225
6.500000	0	0.170082	0.018200	1.540463	0.099439
6.500000	1	1.606895	0.577593	3.976011	0.544501
6.750000	0	0.173565	0.020365	1.187031	0.094844
6.750000	1	1.566913	0.461522	3.903182	0.451994
7.000000	0	0.174509	0.017532	1.005124	0.089632
7.000000	1	1.621137	0.473716	3.455744	0.455854
7.250000	0	0.172180	0.005446	1.422852	0.098973
7.250000	1	1.486886	0.225266	2.671460	0.368405
7.500000	0	0.168494	0.009901	0.795553	0.072429
7.500000	1	1.517386	0.194802	3.172809	0.504106
7.750000	0	0.174521	0.003704	1.138912	0.101304
7.750000	1	1.627194	0.243734	3.771829	0.573974
8.000000	0	0.183837	0.021062	2.726815	0.147288
8.000000	1	1.537707	0.501672	3.077905	0.409840
8.250000	0	0.175412	0.014253	1.182172	0.107577
8.250000	1	1.584334	0.506690	3.674932	0.398398
8.500000	0	0.169101	0.010107	1.190398	0.090947
8.500000	1	1.584766	0.934840	2.957714	0.331067
8.750000	0	0.162675	0.023188	1.095357	0.071918
8.750000	1	1.607016	0.259484	3.772611	0.420406
9.000000	0	0.168999	0.015794	1.666495	0.092935
9.000000	1	1.620550	0.321025	3.756840	0.492467
9.250000	0	0.164569	0.006780	1.295777	0.087359
9.250000	1	1.544905	0.158291	2.753525	0.347517
9.500000	0	0.174169	0.012215	1.271904	0.097168
9.500000	1	1.669583	0.189225	4.078059	0.563722
9.750000	0	0.177836	0.006280	1.457218	0.121534
9.750000	1	1.579721	0.325709	2.844630	0.446107
10.000000	0	0.171513	0.013941	1.347953	0.096552
10.000000	1	1.547711	0.445680	3.120323	0.423916
10.250000	0	0.172220	0.004520	1.458111	0.090178
10.250000	1	1.557358	0.290757	3.187151	0.420347
10.500000	0	0.172703	0.015832	1.152560	0.086460
10.500000	1	1.530899	0.621113	2.705380	0.347546
10.750000	0	0.176227	0.020234	1.146875	0.097117
10.750000	1	1.584353	0.523034	3.763395	0.469164
11.000000	0	0.172228	0.014435	1.168115	0.088570
11.000000	1	1.636117	0.750122	3.271473	0.420407
11.250000	0	0.177421	0.017474	1.468270	0.107163
11.250000	1	1.603318	0.398976	3.190134	0.400228
11.500000	0	0.163957	0.018613	1.342942	0.083193
11.500000	1	1.502108	0.479787	3.226646	0.387263
11.750000	0	0.174598	0.018181	0.971590	0.088940
11.750000	1	1.567021	0.585174	4.634385	0.490186
12.000000	0	0.173375	0.018938	1.252115	0.092493
12.000000	1	1.562591	0.732733	3.471045	0.392194
12.250000	0	0.167792	0.014724	1.357127	0.081152
12.250000	1	1.628934	0.212188	3.521846	0.443922
12.500000	0	0.170160	0.022636	1.050425	0.090506
12.500000	1	1.578324	0.491858	3.638985	0.408271
12.750000	0	0.164310	0.026234	0.830204	0.071382
12.750000	1	1.558913	0.597866	3.359674	0.379012
13.000000	0	0.168883	0.014892	0.981476	0.081707
13.000000	1	1.570954	0.306241	3.451266	0.488356
13.250000	0	0.172530	0.015506	0.861158	0.086496
13.250000	1	1.541302	0.671115	2.728566	0.333034
13.500000	0	0.168818	0.026629	1.761715	0.087127
13.500000	1	1.598416	0.171637	4.423220	0.510876
13.750000	0	0.166585	0.009119	1.286493	0.088733
13.750000	1	1.613288	0.430522	3.679150	0.507044
14.000000	0	0.171276	0.021184	1.215514	0.098226
14.000000	1	1.591822	0.121704	3.235586	0.562042
14.250000	0	0.171755	0.013941	1.412994	0.107184
14.250000	1	1.618246	0.296900	3.743839	0.557361
14.500000	0	0.175777	0.027484	1.375251	0.112350
14.500000	1	1.602624	0.172578	3.900972	0.459445
14.750000	0	0.170730	0.005464	1.237390	0.091619
14.750000	1	1.561518	0.269795	4.843593	0.493302
15.000000	0	0.177200	0.035088	2.167892	0.127143
15.000000	1	1.597118	0.296828	2.975407	0.418992
15.250000	0	0.171604	0.023151	0.955539	0.085551
15.250000	1	1.530480	0.245270	2.949273	0.450217
15.500000	0	0.178449	0.008986	1.759187	0.120471
15.500000	1	1.544500	0.082527	3.222363	0.440360
15.750000	0	0.168011	0.033226	1.498162	0.104069
15.750000	1	1.577176	0.138174	2.588052	0.362727
16.000000	0	0.168867	0.045753	1.133874	0.071279
16.000000	1	1.544644	0.636538	2.600238	0.325983
16.250000	0	0.166821	0.015770	1.089034	0.078757
16.250000	1	1.559841	0.177834	3.096552	0.395619
16.500000	0	0.172500	0.021319	1.205077	0.098464
16.500000	1	1.609097	0.239880	3.045588	0.436231
16.750000	0	0.170430	0.021431	0.984885	0.084185
16.750000	1	1.520307	0.071241	3.789682	0.442798
17.000000	0	0.165501	0.033433	1.543487	0.084907
17.000000	1	1.595471	0.173699	2.936222	0.389402
17.250000	0	0.170918	0.020298	1.350722	0.093910
17.250000	1	1.539283	0.591452	3.148264	0.392811
17.500000	0	0.167832	0.022126	1.079759	0.076122
17.500000	1	1.634076	0.645969	3.991346	0.499650
17.750000	0	0.173127	0.026301	2.411923	0.131927
17.750000	1	1.585042	0.275171	3.044149	0.514082
18.000000	0	0.167619	0.025685	0.896237	0.076956
18.000000	1	1.595391	0.306273	5.486051	0.644088
18.250000	0	0.168009	0.025623	1.326047	0.090836
18.250000	1	1.596119	0.338298	4.271564	0.479399
18.500000	0	0.166474	0.027461	0.834674	0.074477
18.500000	1	1.575093	0.800675	2.862319	0.339122
18.750000	0	0.167220	0.009754	1.428434	0.081783
18.750000	1	1.631244	0.298307	4.536904	0.549850
19.000000	0	0.167938	0.011170	1.002309	0.086778
19.000000	1	1.553295	0.565944	3.375615	0.364856
19.250000	0	0.165761	0.023585	0.803141	0.070185
19.250000	1	1.515862	0.132138	3.953623	0.435361
19.500000	0	0.165089	0.005388	0.947630	0.071112
19.500000	1	1.534211	0.631198	2.489713	0.371567
19.750000	0	0.168069	0.015213	1.171306	0.083359
19.750000	1	1.570067	0.441034	2.668236	0.401710
20.000000	0	0.176414	0.018097	2.266069	0.115544
20.000000	1	1.562438	0.173953	2.988833	0.454083
20.250000	0	0.177399	0.004328	1.241522	0.099223
20.250000	1	1.622118	0.162988	3.297540	0.527198
20.500000	0	0.169822	0.016150	1.099510	0.095120
20.500000	1	1.505605	0.304366	2.441551	0.345993
20.750000	0	0.171957	0.016295	1.247068	0.088048
20.750000	1	1.604741	0.255990	4.481311	0.484080
21.000000	0	0.171240	0.012634	1.208130	0.091728
21.000000	1	1.537032	0.427846	3.397537	0.405125
21.250000	0	0.169516	0.006308	1.403717	0.102677
21.250000	1	1.624000	0.442422	3.501243	0.436990
21.500000	0	0.169205	0.002709	0.919771	0.078089
21.500000	1	1.607686	0.372461	5.193691	0.623206
21.750000	0	0.171936	0.007163	1.462020	0.105531
21.750000	1	1.581176	0.345194	2.913460	0.375746
22.000000	0	0.168211	0.016019	0.942458	0.080528
22.000000	1	1.537263	0.394340	3.021588	0.354087
22.250000	0	0.166006	0.029417	0.918922	0.069496
22.250000	1	1.573398	0.192545	3.036722	0.394243
22.500000	0	0.167198	0.008611	1.419959	0.093759
22.500000	1	1.548456	0.803549	3.009446	0.373906
22.750000	0	0.167334	0.015892	0.941302	0.076120
22.750000	1	1.520940	0.444827	2.934710	0.385497
23.000000	0	0.168808	0.016869	1.278291	0.090268
23.000000	1	1.599127	0.451248	3.353696	0.466342
23.250000	0	0.173875	0.007192	1.131472	0.096986
23.250000	1	1.507519	0.237995	2.542377	0.369855
23.500000	0	0.171841	0.013469	1.238590	0.090900
23.500000	1	1.583190	0.071902	4.230674	0.598662
23.750000	0	0.172258	0.021585	1.535593	0.101539
23.750000	1	1.496572	0.468711	2.441389	0.317192
24.000000	0	0.172856	0.027607	0.963907	0.082878
24.000000	1	1.534384	0.039896	3.369252	0.442567
24.250000	0	0.173614	0.023550	1.363364	0.097139
24.250000	1	1.584284	0.127126	3.516938	0.518156
24.500000	0	0.167492	0.025287	1.082691	0.077482
24.500000	1	1.607537	0.165005	3.664297	0.431996
24.750000	0	0.170807	0.013450	1.489038	0.095347
24.750000	1	1.538429	0.443610	2.840888	0.432693
25.000000	0	0.166633	0.011293	1.000070	0.072476
25.000000	1	1.612871	0.091772	3.458699	0.548722
25.250000	0	0.176115	0.013626	1.515085	0.102467
25.250000	1	1.771396	0.331630	7.772934	0.869716
25.500000	0	0.167761	0.025191	1.015949	0.077842
25.500000	1	1.614151	0.457609	3.614194	0.489443
25.750000	0	0.172713	0.011401	1.146743	0.093362
25.750000	1	1.637777	0.352080	4.261443	0.536475
26.000000	0	0.168448	0.011127	1.290691	0.088563
26.000000	1	1.549509	0.207493	3.060861	0.375327
26.250000	0	0.167027	0.027672	0.861465	0.074626
26.250000	1	1.681637	0.398135	7.729860	0.779865
26.500000	0	0.168248	0.017675	1.186687	0.079334
26.500000	1	1.612594	0.334916	3.396462	0.491605
26.750000	0	0.170478	0.006745	1.225286	0.099808
26.750000	1	1.635133	0.571484	3.228000	0.500290
27.000000	0	0.171889	0.005691	1.213790	0.093198
27.000000	1	1.503696	0.110504	3.144993	0.428686
27.250000	0	0.167834	0.007097	1.037377	0.076993
27.250000	1	1.647768	0.261126	3.639535	0.534724
27.500000	0	0.164179	0.008588	1.220428	0.082633
27.500000	1	1.593472	0.210796	3.250036	0.422899
27.750000	0	0.161767	0.006214	0.919482	0.064811
27.750000	1	1.552487	0.474518	2.382630	0.335619
28.000000	0	0.160491	0.013796	0.756228	0.054146
28.000000	1	1.602319	0.202939	3.664614	0.451202
28.250000	0	0.168011	0.012742	1.280136	0.079968
28.250000	1	1.613848	0.495345	3.859823	0.479306
28.500000	0	0.169013	0.011869	1.275007	0.100167
28.500000	1	1.583894	0.577979	2.955699	0.370745
28.750000	0	0.161818	0.007220	0.849140	0.066493
28.750000	1	1.578079	0.369906	2.422498	0.347029
29.000000	0	0.165434	0.009925	1.384763	0.085359
29.000000	1	1.554517	0.450747	2.885546	0.371020
29.250000	0	0.164532	0.020558	0.567201	0.061400
29.250000	1	1.578949	0.855408	3.260804	0.317660
29.500000	0	0.171417	0.012557	2.043666	0.108832
29.500000	1	1.602885	0.289095	4.353528	0.472401
29.750000	0	0.166100	0.006078	1.613790	0.084322
29.750000	1	1.587375	0.477931	3.213193	0.371999
30.000000	0	0.166310	0.028195	1.457329	0.078602
30.000000	1	1.519513	0.233065	3.372906	0.394492
30.250000	0	0.164524	0.012137	0.838055	0.069353
30.250000	1	1.512548	0.199017	3.170894	0.442179
30.500000	0	0.170123	0.006860	1.140369	0.092812
30.500000	1	1.568098	0.254593	4.502434	0.561990
30.750000	0	0.172618	0.023983	1.474548	0.101839
30.750000	1	1.572434	0.349866	3.173765	0.441609
31.000000	0	0.167628	0.026377	0.876109	0.073774
31.000000	1	1.607877	0.440837	2.950347	0.500091
31.250000	0	0.174857	0.020418	2.245117	0.132789
31.250000	1	1.574671	0.510528	2.914549	0.381105
31.500000	0	0.168559	0.021053	1.167138	0.070904
31.500000	1	1.640764	0.706438	3.869643	0.417348
31.750000	0	0.165235	0.009620	1.272487	0.081557
31.750000	1	1.569231	0.338650	2.985430	0.369872
32.000000	0	0.164834	0.009617	0.970079	0.071134
32.000000	1	1.568070	0.218482	2.589752	0.366158
32.250000	0	0.166028	0.020823	0.900767	0.074379
32.250000	1	1.575124	0.722769	2.954400	0.393927
32.500000	0	0.170353	0.025316	1.019328	0.086563
32.500000	1	1.583639	0.414290	3.371067	0.439054
32.750000	0	0.170308	0.004002	1.057415	0.085944
32.750000	1	1.590300	0.748315	3.508154	0.467713
33.000000	0	0.170820	0.032897	1.370829	0.088930
33.000000	1	1.615230	0.655931	4.066230	0.474751
33.250000	0	0.164382	0.021480	0.701533	0.059949
33.250000	1	1.572764	0.847631	4.432418	0.472440
33.500000	0	0.172450	0.014808	1.187361	0.091378
33.500000	1	1.555946	0.528230	2.806875	0.399570
33.750000	0	0.165815	0.006783	0.736140	0.061310
33.750000	1	1.552469	0.188249	3.267035	0.418505
34.000000	0	0.165683	0.019443	1.138814	0.085961
34.000000	1	1.539308	0.475944	2.877993	0.358159
34.250000	0	0.168472	0.014939	1.486261	0.097320
34.250000	1	1.512666	0.469358	3.374476	0.404995
34.500000	0	0.167613	0.009814	1.821788	0.086374
34.500000	1	1.675508	0.343977	4.021569	0.596293
34.750000	0	0.167499	0.015727	0.918448	0.071116
34.750000	1	1.614378	0.510477	3.752434	0.405848
35.000000	0	0.168168	0.013955	1.428922	0.093809
35.000000	1	1.544831	0.581635	2.491696	0.345721
35.250000	0	0.168007	0.011711	1.976339	0.104726
35.250000	1	1.570392	0.371277	3.812936	0.490820
35.500000	0	0.164176	0.016921	1.020317	0.075424
35.500000	1	1.559475	0.629814	2.747189	0.371495
35.750000	0	0.168499	0.032579	1.524931	0.093109
35.750000	1	1.647734	0.801379	3.907735	0.479401
36.000000	0	0.163505	0.008692	0.750415	0.059931
36.000000	1	1.567219	0.555728	3.282385	0.444184
36.250000	0	0.168256	0.003226	1.471103	0.083170
36.250000	1	1.574790	0.635437	3.165971	0.358424
36.500000	0	0.167560	0.039214	1.067794	0.079049
36.500000	1	1.605541	0.538498	3.444720	0.483264
36.750000	0	0.171812	0.043198	1.303251	0.098774
36.750000	1	1.547838	0.242732	2.731904	0.400427
37.000000	0	0.166379	0.022860	0.784054	0.074176
37.000000	1	1.544615	0.456312	3.236214	0.412581
37.250000	0	0.162439	0.015142	1.113489	0.065199
37.250000	1	1.516740	0.527066	3.413231	0.388975
37.500000	0	0.165187	0.015739	1.897792	0.087582
37.500000	1	1.586925	0.243967	4.144090	0.502029
37.750000	0	0.166444	0.015941	0.958531	0.072610
37.750000	1	1.661959	0.319425	5.831214	0.572795
38.000000	0	0.165306	0.007872	1.134301	0.075067
38.000000	1	1.546727	0.220093	3.041079	0.461491
38.250000	0	0.163137	0.004106	0.981486	0.073676
38.250000	1	1.521073	0.217494	3.472439	0.465704
38.500000	0	0.167707	0.017510	1.570200	0.090779
38.500000	1	1.524348	0.162396	3.140857	0.442639
38.750000	0	0.164333	0.022312	0.621443	0.060706
38.750000	1	1.540643	0.352335	2.755861	0.410414
39.000000	0	0.168117	0.011801	1.264992	0.094685
39.000000	1	1.552790	0.388040	3.176421	0.405828
39.250000	0	0.165992	0.026354	1.267904	0.076152
39.250000	1	1.541074	0.156835	2.973699	0.407848
39.500000	0	0.165311	0.031547	1.251643	0.077948
39.500000	1	1.561080	0.708737	2.881580	0.377053
39.750000	0	0.169327	0.018158	1.255723	0.087127
39.750000	1	1.513174	0.410523	3.197567	0.428912
40.000000	0	0.172590	0.034403	1.718120	0.099969
40.000000	1	1.601317	0.487692	3.453882	0.494974
40.250000	0	0.166741	0.014101	1.320973	0.080661
40.250000	1	1.566059	0.099033	3.216344	0.448177
40.500000	0	0.166593	0.004193	1.498851	0.087143
40.500000	1	1.591652	0.201271	2.948238	0.435298
40.750000	0	0.167406	0.033396	0.990270	0.073812
40.750000	1	1.569003	0.497804	3.152627	0.406168
41.000000	0	0.165059	0.011294	0.840458	0.068361
41.000000	1	1.594240	0.385379	4.061582	0.495598
41.250000	0	0.165995	0.007518	1.188484	0.095467
41.250000	1	1.582761	0.156337	3.858982	0.531376
41.500000	0	0.167406	0.042964	1.140489	0.077968
41.500000	1	1.541701	0.436472	3.075434	0.384362
41.750000	0	0.167601	0.024183	0.974638	0.082977
41.750000	1	1.597561	0.488576	3.560513	0.409161
42.000000	0	0.169443	0.009393	1.087157	0.084036
42.000000	1	1.666305	0.484270	3.636517	0.466976
42.250000	0	0.169102	0.012031	1.088827	0.084845
42.250000	1	1.591730	0.274316	3.072661	0.409875
42.500000	0	0.170227	0.017321	1.637405	0.108412
42.500000	1	1.620508	0.446677	3.502497	0.499000
42.750000	0	0.164814	0.019147	1.473285	0.091385
42.750000	1	1.577031	0.425217	3.968138	0.507197
43.000000	0	0.169168	0.007058	1.098884	0.085126
43.000000	1	1.592133	0.631951	3.198899	0.379726
43.250000	0	0.169710	0.013915	1.112982	0.085788
43.250000	1	1.572015	0.445712	2.862335	0.380143
43.500000	0	0.164965	0.020257	1.498952	0.086809
43.500000	1	1.600803	0.143983	2.798037	0.430916
43.750000	0	0.168261	0.017759	1.263848	0.081966
43.750000	1	1.550488	0.519235	3.277793	0.418818
44.000000	0	0.164709	0.016442	1.472468	0.089982
44.000000	1	1.544054	0.647655	2.960354	0.350621
44.250000	0	0.165807	0.020870	0.868159	0.071015
44.250000	1	1.581504	0.169189	3.534643	0.544314
44.500000	0	0.166995	0.016083	1.083023	0.080082
44.500000	1	1.539985	0.420843	3.811107	0.405409
44.750000	0	0.169689	0.017010	1.632500	0.096391
44.750000	1	1.602622	0.532833	3.905304	0.477397
45.000000	0	0.170013	0.011930	2.082937	0.106094
45.000000	1	1.606921	0.576035	3.764206	0.518924
45.250000	0	0.167371	0.013774	0.950350	0.080833
45.250000	1	1.517183	0.506085	2.875394	0.368772
45.500000	0	0.170452	0.006306	1.212753	0.098701
45.500000	1	1.630382	0.236175	3.547315	0.461632
45.750000	0	0.171205	0.015151	0.966159	0.077447
45.750000	1	1.592533	0.315565	3.410630	0.498571
46.000000	0	0.171569	0.007791	1.100220	0.099763
46.000000	1	1.568861	0.080808	2.959371	0.448422
46.250000	0	0.164324	0.032081	0.857079	0.062523
46.250000	1	1.649084	0.447360	3.281535	0.460609
46.500000	0	0.169570	0.027313	1.985635	0.113009
46.500000	1	1.603122	0.409030	3.139547	0.457266
46.750000	0	0.168794	0.014359	1.266602	0.079116
46.750000	1	1.569307	0.456231	4.510761	0.461328
47.000000	0	0.170738	0.039192	2.091436	0.099567
47.000000	1	1.578925	0.373990	3.209240	0.398394
47.250000	0	0.167017	0.009415	1.316800	0.100510
47.250000	1	1.548345	0.141863	2.996420	0.437236
47.500000	0	0.171751	0.038033	1.302824	0.102276
47.500000	1	1.556177	0.332182	3.216263	0.431262
47.750000	0	0.175270	0.032663	1.031406	0.099813
47.750000	1	1.541554	0.459762	2.661148	0.427275
48.000000	0	0.164869	0.034774	0.837550	0.070896
48.000000	1	1.621463	0.344479	2.873892	0.429495
48.250000	0	0.166713	0.018047	2.383554	0.103534
48.250000	1	1.673398	0.420467	3.338381	0.466726
48.500000	0	0.171704	0.020595	1.406596	0.099615
48.500000	1	1.531244	0.283013	2.735246	0.334836
48.750000	0	0.168507	0.018261	0.705798	0.065219
48.750000	1	1.590023	0.623417	2.842456	0.356795
49.000000	0	0.168545	0.021896	1.170179	0.079780
49.000000	1	1.629508	0.622389	3.534186	0.478360
49.250000	0	0.167598	0.022952	0.896813	0.075333
49.250000	1	1.603446	0.735168	3.968017	0.480092
49.500000	0	0.169806	0.031889	1.048626	0.085982
49.500000	1	1.529195	0.735794	2.403631	0.303037
49.750000	0	0.168860	0.017273	1.386318	0.095321
49.750000	1	1.595799	0.330466	3.088666	0.481609
50.000000	0	0.165413	0.015894	0.877155	0.076209
50.000000	1	1.526682	0.398295	3.690339	0.382157
50.250000	0	0.163672	0.008456	0.976434	0.075596
50.250000	1	1.523642	0.455263	3.617946	0.542364
50.500000	0	0.168570	0.027416	1.629794	0.107931
50.500000	1	1.589032	0.507985	3.121791	0.454312
50.750000	0	0.171528	0.015766	1.618886	0.096988
50.750000	1	1.600086	0.410662	3.156859	0.435133
51.000000	0	0.168234	0.004601	1.222134	0.088536
51.000000	1	1.666336	0.625408	3.506072	0.456791
51.250000	0	0.164961	0.018061	0.883576	0.070296
51.250000	1	1.526204	0.447364	3.105347	0.415322
51.500000	0	0.174648	0.029255	2.740872	0.132624
51.500000	1	1.634258	0.280491	3.833617	0.478155
51.750000	0	0.167983	0.020787	1.357490	0.092896
51.750000	1	1.480101	0.193912	3.374856	0.467778
52.000000	0	0.169959	0.020317	1.614502	0.093705
52.000000	1	1.567209	0.097801	3.652750	0.467534
52.250000	0	0.173545	0.027345	1.667971	0.095849
52.250000	1	1.601038	0.501693	3.206354	0.437002
52.500000	0	0.169892	0.024141	1.223331	0.101960
52.500000	1	1.627058	0.320405	3.699950	0.490947
52.750000	0	0.161901	0.011887	1.109707	0.068143
52.750000	1	1.583639	0.503342	3.101947	0.404395
53.000000	0	0.164167	0.010585	1.290229	0.075846
53.000000	1	1.530776	0.309017	2.749686	0.332422
53.250000	0	0.166367	0.017787	1.256441	0.086560
53.250000	1	1.579354	0.451015	2.433012	0.339446
53.500000	0	0.165946	0.002593	0.860441	0.069329
53.500000	1	1.605328	0.789849	3.696072	0.398215
53.750000	0	0.171067	0.016151	1.445850	0.108550
53.750000	1	1.641011	0.365874	4.478428	0.608369
54.000000	0	0.167879	0.012879	1.468737	0.088241
54.000000	1	1.593518	0.747178	3.184600	0.377895
54.250000	0	0.172957	0.023859	2.604237	0.117726
54.250000	1	1.542444	0.315976	3.348171	0.479554
54.500000	0	0.167832	0.006010	1.193832	0.087295
54.500000	1	1.620007	0.305313	3.217645	0.402548
54.750000	0	0.169235	0.015689	1.148412	0.097399
54.750000	1	1.623701	0.352160	3.306294	0.472457
55.000000	0	0.164877	0.018381	1.493102	0.079126
55.000000	1	1.585619	0.610317	3.535412	0.438394
55.250000	0	0.169464	0.019482	1.681516	0.095455
55.250000	1	1.556032	0.106210	4.644400	0.469915
55.500000	0	0.166948	0.021899	1.003634	0.070485
55.500000	1	1.497141	0.246341	3.216039	0.432211
55.750000	0	0.162472	0.010883	0.716309	0.058273
55.750000	1	1.464806	0.043442	2.688819	0.432375
56.000000	0	0.173983	0.030145	1.152993	0.087470
56.000000	1	1.610168	0.346833	3.513701	0.483629
56.250000	0	0.162129	0.016790	1.304091	0.079008
56.250000	1	1.554499	0.491318	2.885072	0.371419
56.500000	0	0.170379	0.005878	1.467826	0.096025
56.500000	1	1.586126	0.124481	3.652701	0.451329
56.750000	0	0.162113	0.020138	0.845836	0.066813
56.750000	1	1.555679	0.085655	3.638739	0.435239
57.000000	0	0.161111	0.026626	0.905393	0.060129
57.000000	1	1.537803	0.507532	2.965489	0.361097
57.250000	0	0.163005	0.016012	1.240732	0.072254
57.250000	1	1.528496	0.407861	3.312019	0.394840
57.500000	0	0.169874	0.030825	1.757409	0.101262
57.500000	1	1.638355	0.686633	3.809793	0.507808
57.750000	0	0.169059	0.040382	1.199813	0.092841
57.750000	1	1.596684	0.444386	3.267820	0.468823
58.000000	0	0.164444	0.027629	0.662454	0.060332
58.000000	1	1.572673	0.424803	2.965018	0.414568
58.250000	0	0.171879	0.014794	1.096551	0.093949
58.250000	1	1.592102	0.499744	2.941563	0.374794
58.500000	0	0.168356	0.017330	1.262505	0.081716
58.500000	1	1.542090	0.424751	3.435634	0.456167
58.750000	0	0.169421	0.006706	1.235364	0.093332
58.750000	1	1.788396	0.450887	27.299346	2.403624
59.000000	0	0.171712	0.011627	2.269163	0.119432
59.000000	1	1.534523	0.463050	2.939127	0.376771
59.250000	0	0.168538	0.033400	0.831883	0.072039
59.250000	1	1.524999	0.204361	3.571265	0.512793
59.500000	0	0.165063	0.034638	0.999981	0.069629
59.500000	1	1.698598	0.653461	3.880827	0.499424
59.750000	0	0.170689	0.027515	1.334387	0.088733
59.750000	1	1.520522	0.073203	3.116502	0.432716
60.000000	0	0.169173	0.006323	1.274156	0.088768
60.000000	1	1.641151	0.392165	4.830278	0.581460
60.250000	0	0.165471	0.009432	0.794978	0.066375
60.250000	1	1.604544	0.144454	3.003591	0.459910
60.500000	0	0.166330	0.022700	1.246469	0.080085
60.500000	1	1.579354	0.660114	2.557622	0.323664
60.750000	0	0.166262	0.021403	1.111233	0.085258
60.750000	1	1.601743	0.213641	3.231672	0.467490
61.000000	0	0.167702	0.016664	1.097411	0.080061
61.000000	1	1.564485	0.212606	3.659302	0.510909
61.250000	0	0.171521	0.031092	1.659996	0.111552
61.250000	1	1.575811	0.256115	3.464279	0.434159
61.500000	0	0.171284	0.021416	1.232312	0.096452
61.500000	1	1.572614	0.582238	2.954971	0.353979
61.750000	0	0.164747	0.006324	0.727879	0.063305
61.750000	1	1.570755	0.233042	4.612932	0.591214
62.000000	0	0.162875	0.017018	0.655988	0.056975
62.000000	1	1.688047	0.452271	3.737250	0.444819
62.250000	0	0.164989	0.005588	0.877318	0.065970
62.250000	1	1.507614	0.492986	2.780941	0.363082
62.500000	0	0.166441	0.004897	1.097743	0.074211
62.500000	1	1.541075	0.136081	2.946926	0.351589
62.750000	0	0.163501	0.015379	0.932178	0.069653
62.750000	1	1.560862	0.124330	3.781768	0.453841
63.000000	0	0.165480	0.026727	1.180423	0.072360
63.000000	1	1.622910	0.193960	3.648828	0.469076
63.250000	0	0.163530	0.014180	1.355278	0.082064
63.250000	1	1.602386	0.105113	3.146992	0.388831
63.500000	0	0.160096	0.010343	0.863751	0.057749
63.500000	1	1.601133	0.875384	3.743556	0.419458
63.750000	0	0.166488	0.029359	0.909134	0.069605
63.750000	1	1.575400	0.144386	3.315379	0.415895
64.000000	0	0.168070	0.023678	0.759496	0.069854
64.000000	1	1.618002	0.628385	3.049934	0.384721
64.250000	0	0.167179	0.023193	1.016064	0.072185
64.250000	1	1.576377	0.352778	4.181480	0.485298
64.500000	0	0.168368	0.021637	1.686703	0.103699
64.500000	1	1.557490	0.251147	3.200724	0.366999
64.750000	0	0.162751	0.024647	1.353268	0.093284
64.750000	1	1.589316	0.316872	2.797449	0.445842
65.000000	0	0.166819	0.009803	1.276722	0.085664
65.000000	1	1.635572	0.165373	3.486263	0.528234
65.250000	0	0.163771	0.011773	1.486797	0.075500
65.250000	1	1.565585	0.567233	3.698273	0.420730
65.500000	0	0.162727	0.013631	1.092022	0.071400
65.500000	1	1.627035	0.607612	2.800686	0.388824
65.750000	0	0.162344	0.023366	0.862617	0.065597
65.750000	1	1.659813	0.755203	3.742333	0.450904
66.000000	0	0.166301	0.033529	0.822046	0.067257
66.000000	1	1.529619	0.564942	3.391132	0.372674
66.250000	0	0.161061	0.016566	1.012631	0.061290
66.250000	1	1.558088	0.035500	3.492648	0.437666
66.500000	0	0.168678	0.014208	0.895399	0.084012
66.500000	1	1.519439	0.092291	2.995461	0.477509
66.750000	0	0.167840	0.029695	1.046649	0.082506
66.750000	1	1.640380	0.546955	3.596383	0.490847
67.000000	0	0.163586	0.005026	0.713784	0.061994
67.000000	1	1.589268	0.317172	3.744353	0.450133
67.250000	0	0.163984	0.009653	1.449079	0.084613
67.250000	1	1.555688	0.849028	3.058168	0.318069
67.500000	0	0.167111	0.003980	0.920134	0.070904
67.500000	1	1.565984	0.590599	2.916655	0.404877
67.750000	0	0.163076	0.027007	1.116121	0.065354
67.750000	1	1.607390	0.722350	4.537546	0.440591
68.000000	0	0.165750	0.015981	1.495666	0.082272
68.000000	1	1.554873	0.356064	3.483468	0.362121
68.250000	0	0.167668	0.006399	0.945769	0.081901
68.250000	1	1.627583	0.708466	4.555353	0.527378
68.500000	0	0.174525	0.023664	1.593131	0.098767
68.500000	1	1.524238	0.152634	3.159277	0.461245
68.750000	0	0.165572	0.017095	1.085905	0.077457
68.750000	1	1.585528	0.630894	3.238644	0.424077
69.000000	0	0.165075	0.041578	1.166531	0.075187
69.000000	1	1.667145	0.438895	3.610316	0.503762
69.250000	0	0.166112	0.017612	1.233377	0.086263
69.250000	1	1.549012	0.631461	3.164514	0.401254
69.500000	0	0.159840	0.012947	0.768215	0.058920
69.500000	1	1.625715	0.418438	3.344460	0.441638
69.750000	0	0.168804	0.009191	1.284599	0.091795
69.750000	1	1.510166	0.407369	2.727750	0.356900
70.000000	0	0.171198	0.007022	1.263663	0.082303
70.000000	1	1.654123	0.401236	5.020572	0.690030
70.250000	0	0.166963	0.012531	0.906634	0.078637
70.250000	1	1.596528	0.678559	3.047467	0.373000
70.500000	0	0.169155	0.014907	1.318460	0.089054
70.500000	1	1.597759	0.453243	3.674658	0.525572
70.750000	0	0.169848	0.007109	1.396528	0.100336
70.750000	1	1.558182	0.334231	2.909163	0.388429
71.000000	0	0.169735	0.016535	1.319558	0.089032
71.000000	1	1.525951	0.647864	3.051804	0.361013
71.250000	0	0.173220	0.026973	1.078148	0.104707
71.250000	1	1.673165	0.426510	3.611273	0.507351
71.500000	0	0.174671	0.034735	1.225479	0.096258
71.500000	1	1.653959	0.484145	3.316661	0.457268
71.750000	0	0.168882	0.015156	0.886754	0.076130
71.750000	1	1.567221	0.104357	3.731621	0.460567
72.000000	0	0.166960	0.015834	1.130126	0.078500
72.000000	1	1.562495	0.359590	3.718193	0.414127
72.250000	0	0.160967	0.003655	0.774853	0.053629
72.250000	1	1.515235	0.481121	2.571179	0.337240
72.500000	0	0.167618	0.017561	1.278546	0.080304
72.500000	1	1.545165	0.214151	3.177720	0.378004
72.750000	0	0.166959	0.012316	0.929000	0.070342
72.750000	1	1.728072	0.193053	9.729759	1.072311
73.000000	0	0.177219	0.022719	2.934446	0.143122
73.000000	1	1.558443	0.446020	3.145195	0.388418
73.250000	0	0.172403	0.006979	1.720407	0.097659
73.250000	1	1.597114	0.597821	4.055394	0.454978
73.500000	0	0.165197	0.011786	1.329311	0.085783
73.500000	1	1.600385	0.230894	4.991215	0.566554
73.750000	0	0.163615	0.033170	0.865094	0.072719
73.750000	1	1.602529	0.696487	3.646821	0.474728
74.000000	0	0.168146	0.034771	1.012997	0.086272
74.000000	1	1.633158	0.142175	3.676235	0.495638
74.250000	0	0.166125	0.021343	0.898513	0.070270
74.250000	1	1.586717	0.771825	2.875359	0.346066
74.500000	0	0.169832	0.010075	1.785662	0.103728
74.500000	1	1.516294	0.442679	2.793700	0.334863
74.750000	0	0.171023	0.032169	1.137385	0.080368
74.750000	1	1.533648	0.394410	2.920701	0.338114
75.000000	0	0.174601	0.027787	1.189518	0.107115
75.000000	1	1.586739	0.467254	3.048474	0.457968
75.250000	0	0.171120	0.026986	1.268541	0.089652
75.250000	1	1.591189	0.703194	3.127861	0.414116
75.500000	0	0.166865	0.020593	1.007863	0.081704
75.500000	1	1.522893	0.300052	3.991931	0.460942
75.750000	0	0.167410	0.018425	1.170495	0.082928
75.750000	1	1.563907	0.517821	3.739496	0.456680
76.000000	0	0.166451	0.005012	1.082837	0.077425
76.000000	1	1.589144	0.458288	3.991482	0.479408
76.250000	0	0.167517	0.040876	1.181355	0.081706
76.250000	1	1.627355	0.570641	4.344896	0.472014
76.500000	0	0.166614	0.004037	1.235591	0.082114
76.500000	1	1.629466	0.426345	3.129958	0.496486
76.750000	0	0.168732	0.009410	1.318420	0.081066
76.750000	1	1.582856	0.405168	2.567807	0.350198
77.000000	0	0.168642	0.010730	1.244999	0.093551
77.000000	1	1.567213	0.308800	3.550627	0.429556
77.250000	0	0.167220	0.012427	1.449901	0.084697
77.250000	1	1.529121	0.490016	3.169294	0.405285
77.500000	0	0.166995	0.020456	0.938609	0.069775
77.500000	1	1.527458	0.393871	3.699222	0.486567
77.750000	0	0.166186	0.027730	1.834427	0.091307
77.750000	1	1.626539	0.242134	4.160883	0.538774
78.000000	0	0.165650	0.002217	1.178215	0.083514
78.000000	1	1.565203	0.735781	3.868560	0.399992
78.250000	0	0.169944	0.006976	1.342541	0.080160
78.250000	1	1.527732	0.462976	3.623485	0.431585
78.500000	0	0.174231	0.003896	1.666084	0.115962
78.500000	1	1.616246	0.139439	2.937704	0.442340
78.750000	0	0.173262	0.028428	1.332760	0.090679
78.750000	1	1.610525	0.107914	3.437217	0.482810
79.000000	0	0.170700	0.014736	1.208389	0.095829
79.000000	1	1.571207	0.198557	3.456191	0.535614
79.250000	0	0.165662	0.028540	0.837842	0.067797
79.250000	1	1.555283	0.600469	3.090419	0.386915
79.500000	0	0.166606	0.014056	0.886091	0.080975
79.500000	1	1.565642	0.358981	3.529518	0.482871
79.750000	0	0.172604	0.016573	1.451628	0.092077
79.750000	1	1.493611	0.392676	2.888761	0.384882
80.000000	0	0.174250	0.006710	1.376925	0.107602
80.000000	1	1.526634	0.177000	3.441403	0.412545
80.250000	0	0.169743	0.026183	1.122592	0.087912
80.250000	1	1.602142	0.387037	3.182844	0.441860
80.500000	0	0.168755	0.006472	1.343737	0.094317
80.500000	1	1.555380	0.436559	3.120386	0.377486
80.750000	0	0.169227	0.002403	1.034441	0.091994
80.750000	1	1.599688	0.382098	2.944543	0.424355
81.000000	0	0.168532	0.025529	1.248662	0.080659
81.000000	1	1.884888	0.126513	20.119281	2.274542
81.250000	0	0.164547	0.009546	0.769541	0.062882
81.250000	1	1.606950	0.427921	3.105029	0.492856
81.500000	0	0.170078	0.020936	1.520578	0.100803
81.500000	1	1.545406	0.243758	2.958321	0.428341
81.750000	0	0.167949	0.024671	1.242805	0.089431
81.750000	1	1.577281	0.341607	3.636562	0.525652
82.000000	0	0.171889	0.007542	1.567451	0.102510
82.000000	1	1.579963	0.320360	2.806636	0.463556
82.250000	0	0.173756	0.006510	1.034144	0.093799
82.250000	1	1.550274	0.334897	2.843064	0.357957
82.500000	0	0.168096	0.016924	1.526432	0.100451
82.500000	1	1.536798	0.381445	3.546309	0.444131
82.750000	0	0.171667	0.011759	1.161972	0.097639
82.750000	1	1.707032	0.265596	9.264038	1.070794
83.000000	0	0.173545	0.007900	1.367810	0.099268
83.000000	1	1.590888	0.670969	3.881196	0.465529
83.250000	0	0.166658	0.017219	1.036203	0.067937
83.250000	1	1.539760	0.644737	2.782889	0.355696
83.500000	0	0.165326	0.016769	1.399932	0.076279
83.500000	1	1.678568	0.101356	5.042131	0.667159
83.750000	0	0.169365	0.007360	1.368527	0.089322
83.750000	1	1.609088	0.160845	3.168729	0.432456
84.000000	0	0.172483	0.016695	1.131512	0.087646
84.000000	1	1.551289	0.235698	2.923202	0.403263
84.250000	0	0.168139	0.005964	1.578203	0.092579
84.250000	1	1.638713	0.545566	4.115520	0.544122
84.500000	0	0.165348	0.013929	0.874762	0.068184
84.500000	1	1.606923	0.728898	2.861971	0.388228
84.750000	0	0.168978	0.016113	1.161928	0.096754
84.750000	1	1.553158	0.272809	3.072931	0.387751
85.000000	0	0.169926	0.003044	1.404237	0.094813
85.000000	1	1.609558	0.282186	3.634659	0.527347
85.250000	0	0.169177	0.036115	0.957124	0.077389
85.250000	1	1.551314	0.315706	3.994056	0.411543
85.500000	0	0.169905	0.029718	1.297362	0.103563
85.500000	1	1.598484	0.238033	3.964051	0.495755
85.750000	0	0.164098	0.013025	1.381531	0.078090
85.750000	1	1.631730	0.170289	3.084955	0.423289
86.000000	0	0.164647	0.004323	0.863677	0.072625
86.000000	1	1.574578	0.252305	3.484044	0.470132
86.250000	0	0.161263	0.006018	1.331341	0.079667
86.250000	1	1.558505	0.153106	3.667281	0.424738
86.500000	0	0.169632	0.011644	1.037451	0.081660
86.500000	1	1.608891	0.689904	3.359611	0.376880
86.750000	0	0.165073	0.023162	1.263335	0.074850
86.750000	1	1.681604	0.142309	7.697556	0.876910
87.000000	0	0.172302	0.012133	2.326320	0.119209
87.000000	1	1.578627	0.633643	4.014278	0.444514
87.250000	0	0.167984	0.031235	1.418220	0.082209
87.250000	1	1.533382	0.158655	2.914949	0.369182
87.500000	0	0.164860	0.015811	0.850592	0.067547
87.500000	1	1.650764	0.456225	3.418059	0.437751
87.750000	0	0.161737	0.010423	0.805482	0.065329
87.750000	1	1.622029	0.514238	4.848478	0.586855
88.000000	0	0.170651	0.027034	1.270789	0.102988
88.000000	1	1.534214	0.266742	3.037507	0.486501
88.250000	0	0.170759	0.022861	1.342045	0.087460
88.250000	1	1.502875	0.092614	3.077304	0.391265
88.500000	0	0.168138	0.006963	0.833119	0.078756
88.500000	1	1.532237	0.128743	3.778139	0.488783
88.750000	0	0.173559	0.004123	1.586197	0.104619
88.750000	1	1.552707	0.280716	3.063049	0.382862
89.000000	0	0.167178	0.019355	1.335147	0.082050
89.000000	1	1.610331	0.362801	3.080361	0.426818
89.250000	0	0.166762	0.013866	1.240602	0.079780
89.250000	1	1.640204	0.322489	3.080933	0.469170
89.500000	0	0.167568	0.009936	0.989113	0.079107
89.500000	1	1.562004	0.483523	3.803946	0.486392
89.750000	0	0.167192	0.001881	0.888062	0.072873
89.750000	1	1.640748	0.057763	3.867959	0.473763
90.000000	0	0.162604	0.011960	0.975792	0.070175
90.000000	1	1.587721	0.199734	4.283434	0.459281
90.250000	0	0.162396	0.003751	1.283484	0.071625
90.250000	1	1.496301	0.284713	2.815403	0.402181
90.500000	0	0.170080	0.021230	1.262990	0.087016
90.500000	1	1.587235	0.165091	3.391282	0.481976
90.750000	0	0.169058	0.016324	1.141235	0.092578
90.750000	1	1.605650	0.223665	3.229628	0.475452
91.000000	0	0.160139	0.013367	0.841132	0.060243
91.000000	1	1.647863	0.598494	3.552997	0.486808
91.250000	0	0.166200	0.013067	1.607672	0.091500
91.250000	1	1.584108	0.705347	3.253054	0.380220
91.500000	0	0.166574	0.015397	1.276683	0.082270
91.500000	1	1.637889	0.340210	4.146997	0.511407
91.750000	0	0.164912	0.007070	0.823441	0.065411
91.750000	1	1.578600	0.546184	2.971967	0.386810
92.000000	0	0.164225	0.007561	0.847040	0.066720
92.000000	1	1.637111	0.955771	3.178562	0.384148
92.250000	0	0.166629	0.011014	0.951678	0.077910
92.250000	1	1.566424	0.347440	2.852419	0.368965
92.500000	0	0.165385	0.003073	1.424489	0.080451
92.500000	1	1.565480	0.350987	3.165370	0.470328
92.750000	0	0.166658	0.019787	1.087975	0.077815
92.750000	1	1.587210	0.078104	3.085490	0.476716
93.000000	0	0.165330	0.008692	1.440063	0.075016
93.000000	1	1.645254	0.629345	3.578127	0.474453
93.250000	0	0.170537	0.027385	1.352264	0.078829
93.250000	1	1.572100	0.695866	3.493954	0.428144
93.500000	0	0.170351	0.010815	1.045798	0.091630
93.500000	1	1.621113	0.774143	3.187305	0.418238
93.750000	0	0.179875	0.024955	1.836812	0.119768
93.750000	1	1.673370	0.601447	4.087791	0.583680
94.000000	0	0.166972	0.003434	1.050699	0.077692
94.000000	1	1.565491	0.090628	3.212930	0.436014
94.250000	0	0.167858	0.019025	1.459724	0.102985
94.250000	1	1.489604	0.565666	2.632631	0.338539
94.500000	0	0.172552	0.023439	1.174987	0.089849
94.500000	1	1.625398	0.058854	3.892242	0.492146
94.750000	0	0.170531	0.005105	0.977716	0.076100
94.750000	1	1.592969	0.357835	2.775325	0.364888
95.000000	0	0.163469	0.022666	0.858621	0.065729
95.000000	1	1.612554	0.788418	3.123935	0.377081
95.250000	0	0.165498	0.017434	1.099490	0.074485
95.250000	1	1.573697	0.689744	2.971215	0.403204
95.500000	0	0.169345	0.020167	1.103680	0.094358
95.500000	1	1.607188	0.147785	3.485182	0.515628
95.750000	0	0.170908	0.012425	0.960184	0.077463
95.750000	1	1.575611	0.195523	3.976163	0.470736
96.000000	0	0.163657	0.013354	1.602946	0.077474
96.000000	1	1.623333	0.233338	3.785466	0.553082
96.250000	0	0.168474	0.011277	1.206028	0.098647
96.250000	1	1.546636	0.350612	3.522916	0.383188
96.500000	0	0.168185	0.015565	1.124862	0.076981
96.500000	1	1.574336	0.282492	2.732589	0.400990
96.750000	0	0.166199	0.024472	1.779017	0.096549
96.750000	1	1.650912	0.383486	4.244717	0.503097
97.000000	0	0.168557	0.013984	0.855684	0.080407
97.000000	1	1.563263	0.533484	3.455928	0.393537
97.250000	0	0.171270	0.006201	0.926245	0.085212
97.250000	1	1.589295	0.437165	3.077308	0.503848
97.500000	0	0.172940	0.011536	1.197932	0.095620
97.500000	1	1.616668	0.524746	3.410370	0.424381
97.750000	0	0.170746	0.014533	1.389538	0.093376
97.750000	1	1.553267	0.114343	2.945947	0.449252
98.000000	0	0.171565	0.012012	1.471098	0.096184
98.000000	1	1.563281	0.427547	3.058654	0.431742
98.250000	0	0.168618	0.018112	1.181815	0.087393
98.250000	1	1.542607	0.338074	3.840082	0.456080
98.500000	0	0.170232	0.022828	1.647487	0.096253
98.500000	1	1.551475	0.549638	3.698194	0.394905
98.750000	0	0.169345	0.005851	1.285183	0.094222
98.750000	1	1.600947	0.220770	3.669054	0.440507
99.000000	0	0.164597	0.017978	1.064262	0.067106
99.000000	1	1.569897	0.280974	2.727179	0.356491
99.250000	0	0.166344	0.015043	0.784679	0.070645
99.250000	1	1.590225	0.305690	3.113582	0.480510
99.500000	0	0.164327	0.023767	0.872345	0.070538
99.500000	1	1.556390	0.461418	2.787431	0.381381
99.750000	0	0.166423	0.034102	1.231565	0.068610
99.750000	1	1.569125	0.398161	3.304285	0.417602
100.000000	0	0.170477	0.015071	1.774734	0.098706
100.000000	1	1.597218	0.651094	3.921644	0.462852
100.250000	0	0.170809	0.014597	0.956559	0.082633
100.250000	1	1.555658	0.424473	2.695579	0.348814
100.500000	0	0.161274	0.009647	0.962120	0.067138
100.500000	1	1.547899	0.500466	3.394333	0.363702
100.750000	0	0.167652	0.013516	1.417733	0.095830
100.750000	1	1.563744	0.286813	2.788027	0.399340
101.000000	0	0.167086	0.020792	1.704519	0.097494
101.000000	1	1.611712	0.687006	3.395119	0.494255
101.250000	0	0.169411	0.031763	1.216836	0.088120
101.250000	1	1.531760	0.193220	3.495453	0.450176
101.500000	0	0.165822	0.019676	2.227224	0.112003
101.500000	1	1.580236	0.322027	4.201108	0.453791
101.750000	0	0.168680	0.014246	1.154990	0.073826
101.750000	1	1.550275	0.137233	2.647776	0.371654
102.000000	0	0.169035	0.032610	1.156768	0.082527
102.000000	1	1.583174	0.308338	4.078777	0.494858
102.250000	0	0.168091	0.026852	0.816547	0.076414
102.250000	1	1.532633	0.325666	3.351856	0.404364
102.500000	0	0.163593	0.020004	1.160011	0.066755
102.500000	1	1.556703	0.409811	3.248273	0.397348
102.750000	0	0.167944	0.008441	1.349243	0.077990
102.750000	1	1.529656	0.620200	2.825076	0.411496
103.000000	0	0.173444	0.011021	1.848299	0.105252
103.000000	1	1.591152	0.335943	3.554966	0.550743
103.250000	0	0.166721	0.008044	1.103236	0.086767
103.250000	1	1.548346	0.456608	3.088603	0.406537
103.500000	0	0.171142	0.032823	1.395148	0.095372
103.500000	1	1.556693	0.534191	4.053061	0.458960
103.750000	0	0.170503	0.015183	0.966659	0.080994
103.750000	1	1.599343	0.442417	2.806151	0.340110
104.000000	0	0.166324	0.028843	0.828266	0.073434
104.000000	1	1.580211	0.490538	4.001768	0.445952
104.250000	0	0.167581	0.013793	0.998179	0.077679
104.250000	1	1.522839	0.142296	2.949118	0.431742
104.500000	0	0.169499	0.010218	1.039587	0.090284
104.500000	1	1.617145	0.197431	3.891341	0.451305
104.750000	0	0.162823	0.019725	0.739357	0.060862
104.750000	1	1.564584	0.401459	3.177279	0.380674
105.000000	0	0.167296	0.002786	1.150605	0.085729
105.000000	1	1.663304	0.800186	3.785100	0.511267
105.250000	0	0.166726	0.016480	1.168466	0.079821
105.250000	1	1.613605	0.444609	3.637904	0.531600
105.500000	0	0.171570	0.011946	1.102356	0.080615
105.500000	1	1.538190	0.389884	3.423525	0.434632
105.750000	0	0.174618	0.030980	1.421853	0.104455
105.750000	1	1.685884	0.613944	3.767464	0.469861
106.000000	0	0.171030	0.030563	1.460445	0.095201
106.000000	1	1.525124	0.103336	3.174296	0.389705
106.250000	0	0.168217	0.011882	1.135234	0.080567
106.250000	1	1.569150	0.291933	4.446914	0.574215
106.500000	0	0.169876	0.013837	1.616521	0.100541
106.500000	1	1.619881	0.530814	3.407885	0.458768
106.750000	0	0.167140	0.024193	1.319997	0.085715
106.750000	1	1.614871	0.182390	3.662461	0.507509
107.000000	0	0.163787	0.013082	0.917957	0.069561
107.000000	1	1.626338	0.348719	3.581023	0.426525
107.250000	0	0.167212	0.027788	1.604450	0.093898
107.250000	1	1.587219	0.134250	3.071200	0.466816
107.500000	0	0.172059	0.018188	1.092374	0.090497
107.500000	1	1.614910	0.128296	3.166735	0.506778
107.750000	0	0.168841	0.024623	1.818387	0.095608
107.750000	1	1.575424	0.496404	2.904053	0.434559
108.000000	0	0.172805	0.011496	1.148590	0.102967
108.000000	1	1.601602	0.504138	3.034137	0.427697
108.250000	0	0.173076	0.025383	1.547292	0.105661
108.250000	1	1.645585	0.333414	3.975883	0.528988
108.500000	0	0.168437	0.013465	1.062173	0.076857
108.500000	1	1.568520	0.615018	3.033085	0.389269
108.750000	0	0.166894	0.026578	1.072960	0.079947
108.750000	1	1.569506	0.241905	3.532224	0.479260
109.000000	0	0.164801	0.005315	0.888360	0.067902
109.000000	1	1.682767	0.489611	3.377928	0.407322
109.250000	0	0.164945	0.016723	0.934064	0.067321
109.250000	1	1.525679	0.105507	2.623594	0.376624
109.500000	0	0.163440	0.018196	0.856671	0.063199
109.500000	1	1.553259	0.053030	3.357671	0.439315
109.750000	0	0.166406	0.011109	1.213997	0.077695
109.750000	1	1.578779	0.313815	3.076216	0.418080
110.000000	0	0.165242	0.038864	0.841350	0.060170
110.000000	1	1.584542	0.355023	3.093794	0.415732
110.250000	0	0.167952	0.019447	0.899570	0.069247
110.250000	1	1.572667	0.712584	2.879827	0.352766
110.500000	0	0.163587	0.019019	1.395735	0.077757
110.500000	1	1.704508	0.352753	6.373739	0.743903
110.750000	0	0.165376	0.006072	1.742745	0.086635
110.750000	1	1.614356	0.276836	3.416642	0.490884
111.000000	0	0.164622	0.004517	0.786587	0.074554
111.000000	1	1.551986	0.638150	2.779566	0.362345
111.250000	0	0.171734	0.014574	1.089415	0.092122
111.250000	1	1.574326	0.372625	3.251208	0.443428
111.500000	0	0.167586	0.014933	0.817276	0.067321
111.500000	1	1.547025	0.688837	3.414089	0.388804
111.750000	0	0.171639	0.038655	1.368256	0.117272
111.750000	1	1.620944	0.813506	3.102712	0.384707
112.000000	0	0.170296	0.009289	1.730812	0.099821
112.000000	1	1.540084	0.577552	2.715069	0.386216
112.250000	0	0.173296	0.012746	1.614686	0.115363
112.250000	1	1.598888	0.215422	3.451325	0.500454
112.500000	0	0.172011	0.012637	1.850883	0.100893
112.500000	1	1.577717	0.473342	2.921890	0.413925
112.750000	0	0.174260	0.020589	1.981104	0.113572
112.750000	1	1.535255	0.102978	3.296382	0.420758
113.000000	0	0.169015	0.017455	1.183438	0.085429
113.000000	1	1.605658	0.584823	3.335526	0.455553
113.250000	0	0.166396	0.012088	0.879598	0.070254
113.250000	1	1.560379	0.534300	3.803090	0.442626
113.500000	0	0.164839	0.017719	0.998813	0.066621
113.500000	1	1.620726	0.430490	3.488644	0.440552
113.750000	0	0.166954	0.022879	1.163933	0.084557
113.750000	1	1.507412	0.339967	3.016970	0.373051
114.000000	0	0.165253	0.017680	1.130956	0.077134
114.000000	1	1.670791	0.223087	3.858434	0.585010
114.250000	0	0.173782	0.008428	1.918990	0.113226
114.250000	1	1.530072	0.531465	2.571797	0.342990
114.500000	0	0.171198	0.017136	1.608658	0.100675
114.500000	1	1.561373	0.416639	3.203215	0.403920
114.750000	0	0.171251	0.024846	1.314167	0.100619
114.750000	1	1.539347	0.520834	2.667596	0.339522
115.000000	0	0.167821	0.011811	1.156206	0.079364
115.000000	1	1.559477	0.398276	3.015185	0.470732
115.250000	0	0.165864	0.010100	1.261606	0.084313
115.250000	1	1.518486	0.466252	2.784992	0.346702
115.500000	0	0.165878	0.021841	0.962215	0.068611
115.500000	1	1.614247	0.281756	3.351268	0.508166
115.750000	0	0.166638	0.018587	0.902529	0.073480
115.750000	1	1.558770	0.247992	2.575655	0.356114
116.000000	0	0.162631	0.015051	0.723945	0.058245
116.000000	1	1.615230	0.036838	3.115102	0.465062
116.250000	0	0.164090	0.038236	1.071002	0.067326
116.250000	1	1.601760	0.334667	3.891646	0.553398
116.500000	0	0.167996	0.018418	1.588624	0.096910
116.500000	1	1.463794	0.276793	2.707564	0.395413
116.750000	0	0.166296	0.031611	1.206200	0.085953
116.750000	1	1.545282	0.201319	2.740757	0.389816
117.000000	0	0.163203	0.021187	1.147177	0.076419
117.000000	1	1.587175	0.041789	4.131062	0.593598
117.250000	0	0.161478	0.018942	1.304811	0.068231
117.250000	1	1.650280	0.561746	3.244329	0.510006
117.500000	0	0.170920	0.021424	1.045607	0.092899
117.500000	1	1.608573	0.398208	3.748933	0.414316
117.750000	0	0.166881	0.020893	1.063258	0.064866
117.750000	1	1.793242	0.454048	16.457391	1.789666
118.000000	0	0.163073	0.006597	1.059618	0.075303
118.000000	1	1.555401	0.283620	2.981270	0.398809
118.250000	0	0.168420	0.017653	1.804147	0.103333
118.250000	1	1.671635	0.442737	3.717848	0.477769
118.500000	0	0.168667	0.033958	1.450767	0.087895
118.500000	1	1.553433	0.240148	3.691557	0.471059
118.750000	0	0.170278	0.015309	1.378212	0.087544
118.750000	1	1.660412	0.186584	3.918182	0.521603
119.000000	0	0.164144	0.014184	1.241515	0.076988
119.000000	1	1.628214	0.368276	3.513419	0.449038
119.250000	0	0.163289	0.031371	0.633161	0.057011
119.250000	1	1.580556	0.673663	3.533747	0.330863
119.500000	0	0.160911	0.022549	0.845557	0.053890
119.500000	1	1.564276	0.334651	2.879464	0.374439
119.750000	0	0.160113	0.013977	1.048684	0.067958
119.750000	1	1.569788	0.485218	2.779579	0.405890
120.000000	0	0.164701	0.007345	0.871909	0.068181
120.000000	1	1.610355	0.265811	3.732285	0.483695
120.250000	0	0.160534	0.005270	0.596703	0.054746
120.250000	1	1.558116	0.912173	3.046144	0.319057
120.500000	0	0.161747	0.007931	1.173784	0.071695
120.500000	1	1.622194	0.371449	3.597341	0.464517
120.750000	0	0.165916	0.010541	1.160365	0.074795
120.750000	1	1.614285	0.242207	4.158359	0.534559
121.000000	0	0.165444	0.003958	1.108325	0.081731
121.000000	1	1.697236	0.653510	4.879608	0.599950
121.250000	0	0.170271	0.013445	1.338195	0.093646
121.250000	1	1.603264	0.229769	3.618414	0.453039
121.500000	0	0.166173	0.009933	0.916003	0.074592
121.500000	1	1.537296	0.727479	3.378049	0.353387
121.750000	0	0.165093	0.002031	1.273870	0.090350
121.750000	1	1.615330	0.348632	3.038047	0.398533
122.000000	0	0.171024	0.031380	1.603084	0.105862
122.000000	1	1.543063	0.099408	3.380826	0.520575
122.250000	0	0.164660	0.004287	0.992761	0.073055
122.250000	1	1.702086	0.542868	4.120603	0.494584
122.500000	0	0.166810	0.015603	0.987354	0.076581
122.500000	1	1.550181	0.270307	3.035750	0.427740
122.750000	0	0.165703	0.013180	0.833676	0.071732
122.750000	1	1.557934	0.798265	3.037158	0.412553
123.000000	0	0.171604	0.024464	1.382816	0.109642
123.000000	1	1.568479	0.453879	3.162646	0.426972
123.250000	0	0.169887	0.016803	1.209789	0.093468
123.250000	1	1.564429	0.383528	3.078897	0.396577
123.500000	0	0.167067	0.019382	0.736928	0.071184
123.500000	1	1.556565	0.405302	3.522202	0.388600
123.750000	0	0.167883	0.022817	0.935434	0.072786
123.750000	1	1.576296	0.573811	3.430117	0.401800
124.000000	0	0.168077	0.012492	1.578796	0.089618
124.000000	1	1.517315	0.682796	2.407259	0.280298
124.250000	0	0.171388	0.005327	1.182521	0.096448
124.250000	1	1.625495	0.415278	3.324819	0.528214
124.500000	0	0.167686	0.009568	1.424674	0.090950
124.500000	1	1.589420	0.485317	2.725497	0.353119
124.750000	0	0.163545	0.002674	1.522726	0.076793
124.750000	1	1.590506	0.637280	3.401949	0.444094
125.000000	0	0.170569	0.012059	1.200616	0.094537
125.000000	1	1.541124	0.459036	3.603643	0.431169
125.250000	0	0.162809	0.008881	0.980112	0.074569
125.250000	1	1.614481	0.361397	3.094953	0.406063
125.500000	0	0.164410	0.020642	1.212615	0.078730
125.500000	1	1.553065	0.438708	2.868510	0.365932
125.750000	0	0.169702	0.019071	1.056342	0.083414
125.750000	1	1.532906	0.334330	2.510130	0.323364
126.000000	0	0.170501	0.020831	1.442135	0.087620
126.000000	1	1.592939	0.166254	3.622930	0.505402
126.250000	0	0.165471	0.002977	1.516201	0.100522
126.250000	1	1.528082	0.568298	3.193380	0.443986
126.500000	0	0.169449	0.027649	1.124367	0.080134
126.500000	1	1.636478	0.630197	4.741390	0.597482
126.750000	0	0.164391	0.023947	0.853832	0.063151
126.750000	1	1.624953	0.213718	3.214301	0.417673
127.000000	0	0.163749	0.021416	1.111265	0.063495
127.000000	1	1.589244	0.722913	2.881219	0.348130
127.250000	0	0.171475	0.012597	1.256300	0.089466
127.250000	1	1.560730	0.158730	3.454383	0.365580
127.500000	0	0.162919	0.015665	0.978096	0.064774
127.500000	1	1.493796	0.364131	3.294711	0.422218
127.750000	0	0.160955	0.007922	0.844623	0.060890
127.750000	1	1.510586	0.409075	2.672335	0.352484
128.000000	0	0.166529	0.017340	0.914291	0.072315
128.000000	1	1.569151	0.424416	3.577880	0.465214
128.250000	0	0.168532	0.002963	0.794073	0.072938
128.250000	1	1.560634	0.588101	4.270059	0.450703
128.500000	0	0.170233	0.001752	1.466974	0.103744
128.500000	1	1.587346	0.699726	3.046725	0.363710
128.750000	0	0.165078	0.019242	1.109350	0.079678
128.750000	1	1.596956	0.434439	3.074308	0.405565
129.000000	0	0.167468	0.028833	1.473723	0.089831
129.000000	1	1.544711	0.444877	3.603311	0.370062
129.250000	0	0.164215	0.010419	1.108345	0.080116
129.250000	1	1.515127	0.204979	2.658829	0.368962
129.500000	0	0.167919	0.008054	1.386090	0.083368
129.500000	1	1.594660	0.685899	4.334323	0.468504
129.750000	0	0.164687	0.023969	1.279610	0.076731
129.750000	1	1.633118	0.742322	3.439860	0.467886
130.000000	0	0.165684	0.004764	1.252286	0.074176
130.000000	1	1.618725	0.220025	3.198565	0.427109
130.250000	0	0.164180	0.014160	0.998956	0.078567
130.250000	1	1.601694	0.364961	2.825597	0.395794
130.500000	0	0.160286	0.005045	1.344460	0.067659
130.500000	1	1.608103	0.690637	3.647775	0.385317
130.750000	0	0.163882	0.004115	1.156899	0.070088
130.750000	1	1.595289	0.291963	3.936509	0.512851
131.000000	0	0.163808	0.010308	0.738002	0.053733
131.000000	1	1.561885	0.522302	3.158586	0.386857
131.250000	0	0.164220	0.021710	0.795483	0.061214
131.250000	1	1.570046	0.388346	5.483817	0.539243
131.500000	0	0.162993	0.019872	0.827401	0.076266
131.500000	1	1.566646	0.780762	2.881397	0.394001
131.750000	0	0.167167	0.017267	0.884150	0.078020
131.750000	1	1.504442	0.546045	2.989371	0.412605
132.000000	0	0.167382	0.019538	1.126948	0.079873
132.000000	1	1.579897	0.380722	4.032286	0.510032
132.250000	0	0.167250	0.015832	0.851204	0.072662
132.250000	1	1.602396	0.181152	4.948503	0.641888
132.500000	0	0.174464	0.003806	2.194080	0.133301
132.500000	1	1.686413	0.219131	3.576535	0.520720
132.750000	0	0.163263	0.034165	0.876029	0.065772
132.750000	1	1.581667	0.437194	3.130464	0.386238
133.000000	0	0.164192	0.000859	0.898736	0.072710
133.000000	1	1.618297	0.664140	4.247178	0.441229
133.250000	0	0.162262	0.014032	0.988472	0.067518
133.250000	1	1.603897	0.549322	3.115473	0.425779
133.500000	0	0.166423	0.008707	1.158261	0.087099
133.500000	1	1.612312	0.838911	2.893528	0.376767
133.750000	0	0.166208	0.004318	1.080820	0.077003
133.750000	1	1.614368	0.519506	2.969019	0.414248
134.000000	0	0.163566	0.026496	0.923351	0.066060
134.000000	1	1.527257	0.707422	2.409207	0.261006
134.250000	0	0.163438	0.002799	1.369618	0.092964
134.250000	1	1.541874	0.133687	2.964853	0.360497
134.500000	0	0.165110	0.001391	1.746389	0.095056
134.500000	1	1.616944	0.292918	4.439884	0.457579
134.750000	0	0.163566	0.005322	0.837552	0.056838
134.750000	1	1.547549	0.541827	3.096452	0.339061
135.000000	0	0.162490	0.015042	0.998703	0.067902
135.000000	1	1.601925	0.210782	3.114923	0.437799
135.250000	0	0.164788	0.011388	0.855436	0.065827
135.250000	1	1.554041	0.454883	3.406522	0.421046
135.500000	0	0.165624	0.004440	0.878789	0.083364
135.500000	1	1.573054	0.131293	3.643795	0.485554
135.750000	0	0.166242	0.019877	1.105302	0.074845
135.750000	1	1.608187	0.297033	4.515689	0.501653
136.000000	0	0.170891	0.019229	1.134653	0.103807
136.000000	1	1.617279	0.625392	3.781626	0.482857
136.250000	0	0.168281	0.009906	1.132140	0.086598
136.250000	1	1.570806	0.381706	3.351300	0.412488
136.500000	0	0.166945	0.031005	1.022997	0.079222
136.500000	1	1.510848	0.435691	3.157924	0.397065
136.750000	0	0.167533	0.012346	1.111302	0.081830
136.750000	1	1.597874	0.299616	4.408246	0.532219
137.000000	0	0.168276	0.019173	0.904438	0.074450
137.000000	1	1.526340	0.357413	3.544789	0.397871
137.250000	0	0.172980	0.023901	1.407537	0.104926
137.250000	1	1.563101	0.396406	3.162859	0.404874
137.500000	0	0.163622	0.013235	0.698654	0.062702
137.500000	1	1.650497	0.137291	3.754658	0.587785
137.750000	0	0.168265	0.001896	1.283806	0.087381
137.750000	1	1.580786	0.135363	5.437633	0.538317
138.000000	0	0.165998	0.027516	1.140905	0.073201
138.000000	1	1.558302	0.678387	4.076428	0.417121
138.250000	0	0.160507	0.046469	0.551765	0.050866
138.250000	1	1.528664	0.449015	3.397809	0.361451
138.500000	0	0.169140	0.015062	0.977060	0.085775
138.500000	1	1.546942	0.498914	3.583751	0.462249
138.750000	0	0.172025	0.022160	1.269741	0.096894
138.750000	1	1.551527	0.435370	3.158457	0.411293
139.000000	0	0.167591	0.032527	1.307843	0.091262
139.000000	1	1.654894	0.578742	3.682798	0.478186
139.250000	0	0.166751	0.010243	1.294128	0.094866
139.250000	1	1.555337	0.686064	3.317611	0.396101
139.500000	0	0.165324	0.010328	1.668778	0.093914
139.500000	1	1.548449	0.577227	2.711697	0.335902
139.750000	0	0.170026	0.009594	1.189580	0.086351
139.750000	1	1.551074	0.142826	3.328839	0.483960
140.000000	0	0.171413	0.034903	1.161086	0.097191
140.000000	1	1.576095	0.485609	4.694552	0.579303
140.250000	0	0.166592	0.025495	1.150370	0.078619
140.250000	1	1.537119	0.507072	3.654821	0.433774
140.500000	0	0.173804	0.031633	1.183004	0.104255
140.500000	1	1.518473	0.539644	2.823884	0.395673
140.750000	0	0.168482	0.018347	1.077909	0.077685
140.750000	1	1.679591	0.327428	4.045950	0.506587
141.000000	0	0.167562	0.025015	1.516044	0.081741
141.000000	1	1.537969	0.396763	3.509715	0.401691
141.250000	0	0.164482	0.017640	1.280641	0.085224
141.250000	1	1.526400	0.622742	2.552423	0.315278
141.500000	0	0.168332	0.021928	1.206276	0.089513
141.500000	1	1.510705	0.195611	2.605795	0.373964
141.750000	0	0.168656	0.014840	1.472840	0.098702
141.750000	1	1.639354	0.177569	3.487751	0.494254
142.000000	0	0.162888	0.017261	0.667396	0.056680
142.000000	1	1.582029	0.420923	3.033830	0.433146
142.250000	0	0.161326	0.018826	1.001037	0.066547
142.250000	1	1.612184	0.650918	2.680527	0.339944
142.500000	0	0.159651	0.010937	1.030717	0.060734
142.500000	1	1.562682	0.485407	3.084106	0.377033
142.750000	0	0.165734	0.004186	0.626544	0.060117
142.750000	1	1.569112	0.179675	3.600861	0.417426
143.000000	0	0.161679	0.029137	1.418960	0.067926
143.000000	1	1.544996	0.415014	2.876094	0.400259
143.250000	0	0.169490	0.013182	1.070962	0.081628
143.250000	1	1.541068	0.358185	2.839128	0.413378
143.500000	0	0.164954	0.019896	1.038205	0.073858
143.500000	1	1.570289	0.315035	2.929546	0.410965
143.750000	0	0.164565	0.017986	1.703123	0.088996
143.750000	1	1.536389	0.178784	3.526435	0.454507
144.000000	0	0.165229	0.021914	0.916094	0.073637
144.000000	1	1.593599	0.230224	3.923255	0.592419
144.250000	0	0.171634	0.019493	1.273963	0.096670
144.250000	1	1.658659	0.285076	3.714054	0.501663
144.500000	0	0.170194	0.040179	1.605332	0.085791
144.500000	1	1.622366	0.107115	3.377850	0.455672
144.750000	0	0.169217	0.024220	1.113467	0.090045
144.750000	1	1.556087	0.188103	2.724801	0.399125
145.000000	0	0.169774	0.017793	1.026790	0.084581
145.000000	1	1.591862	0.339317	3.551222	0.471704
145.250000	0	0.164809	0.035957	1.109538	0.071943
145.250000	1	1.567253	0.352266	2.681852	0.413530
145.500000	0	0.168110	0.018953	1.696665	0.094669
145.500000	1	1.590994	0.577956	3.257193	0.406794
145.750000	0	0.165751	0.018908	0.930105	0.066017
145.750000	1	1.580081	0.645423	3.467828	0.412631
146.000000	0	0.157311	0.014785	0.567852	0.050425
146.000000	1	1.586985	0.472614	4.065778	0.491198
146.250000	0	0.171877	0.019464	0.952327	0.091330
146.250000	1	1.541660	0.355499	3.042806	0.400768
146.500000	0	0.171555	0.010075	1.378606	0.109942
146.500000	1	1.537343	0.398819	3.705734	0.491009
146.750000	0	0.171501	0.021037	1.263079	0.091291
146.750000	1	1.588145	0.349219	3.956604	0.421201
147.000000	0	0.170136	0.024941	1.439781	0.110459
147.000000	1	1.549171	0.179084	2.556025	0.374134
147.250000	0	0.175618	0.004967	2.022591	0.117834
147.250000	1	1.638847	0.247145	3.529265	0.495640
147.500000	0	0.164519	0.020167	0.988022	0.073681
147.500000	1	1.654053	0.489773	5.293290	0.584004
147.750000	0	0.164819	0.016215	1.045932	0.076402
147.750000	1	1.556788	0.539608	2.987810	0.384583
148.000000	0	0.164148	0.024116	0.837108	0.069421
148.000000	1	1.563690	0.669850	3.341489	0.405033
148.250000	0	0.170235	0.033658	1.338661	0.100676
148.250000	1	1.645731	0.339756	3.785933	0.524364
148.500000	0	0.163667	0.009564	0.887354	0.068958
148.500000	1	1.574936	0.428582	3.370694	0.409496
148.750000	0	0.166843	0.002181	1.017618	0.068365
148.750000	1	1.481987	0.182423	2.441971	0.360480
149.000000	0	0.169229	0.022172	1.244505	0.091738
149.000000	1	1.578057	0.314226	3.182741	0.445458
149.250000	0	0.166133	0.016207	0.745049	0.068508
149.250000	1	1.760761	0.477212	6.943270	0.777759
149.500000	0	0.165972	0.003876	1.086406	0.077051
149.500000	1	1.541253	0.249721	3.732614	0.437302
149.750000	0	0.169908	0.020169	1.282549	0.095226
149.750000	1	1.656725	0.178826	3.964372	0.500996
150.000000	0	0.166387	0.008438	0.887046	0.070032
150.000000	1	1.546367	0.451954	2.919769	0.379280
150.250000	0	0.168608	0.022547	1.451186	0.092287
150.250000	1	1.615210	0.678713	3.032908	0.483113
150.500000	0	0.172118	0.009786	1.630735	0.102581
150.500000	1	1.597569	0.450011	2.719990	0.390798
150.750000	0	0.168388	0.011357	1.416634	0.086335
150.750000	1	1.616062	0.256918	3.699472	0.483396
151.000000	0	0.170784	0.011746	1.056007	0.088658
151.000000	1	1.538538	0.359349	3.023360	0.403856
151.250000	0	0.164475	0.013439	1.202379	0.086130
151.250000	1	1.574859	0.211827	3.374061	0.435473
151.500000	0	0.168816	0.021077	1.578217	0.100046
151.500000	1	1.501427	0.187477	3.917516	0.434262
151.750000	0	0.166688	0.006827	1.331580	0.084918
151.750000	1	1.543694	0.435965	3.500611	0.480084
152.000000	0	0.166719	0.017841	0.816783	0.067938
152.000000	1	1.676446	0.674593	3.753484	0.526394
152.250000	0	0.167791	0.027421	1.317500	0.079616
152.250000	1	1.600970	0.124020	2.882912	0.387698
152.500000	0	0.166824	0.024957	1.079260	0.080504
152.500000	1	1.571158	0.662014	3.459400	0.438867
152.750000	0	0.163389	0.027661	1.193646	0.068307
152.750000	1	1.527580	0.041202	3.051313	0.427901
153.000000	0	0.167625	0.012002	1.357756	0.095574
153.000000	1	1.572161	0.077608	3.057825	0.412438
153.250000	0	0.174416	0.020785	1.371528	0.104265
153.250000	1	1.581384	0.173884	3.355233	0.493895
153.500000	0	0.164472	0.002490	1.232941	0.073986
153.500000	1	1.568279	0.537096	3.365141	0.459822
153.750000	0	0.164906	0.026114	1.554725	0.086533
153.750000	1	1.630174	0.647522	3.853472	0.446779
154.000000	0	0.163799	0.023863	1.043612	0.069623
154.000000	1	1.644379	0.536338	3.983299	0.534461
154.250000	0	0.163448	0.014468	1.268466	0.079097
154.250000	1	1.573870	0.808224	2.862513	0.374104
154.500000	0	0.165257	0.023326	1.142561	0.073201
154.500000	1	1.579372	0.219971	3.651455	0.433354
154.750000	0	0.171658	0.018701	1.263992	0.093048
154.750000	1	1.561925	0.215415	2.659243	0.415509
155.000000	0	0.164707	0.016603	0.864899	0.075708
155.000000	1	1.572995	0.267557	2.973166	0.392974
155.250000	0	0.159167	0.019488	0.676175	0.055703
155.250000	1	1.646746	0.254605	3.454706	0.413297
155.500000	0	0.164864	0.008899	0.922840	0.074897
155.500000	1	1.556213	0.506606	2.899162	0.413553
155.750000	0	0.162834	0.011295	1.128065	0.076311
155.750000	1	1.552708	0.519101	3.017350	0.372892
156.000000	0	0.168992	0.011816	1.140862	0.088627
156.000000	1	1.575805	0.221079	4.289803	0.533747
156.250000	0	0.169084	0.019630	1.151196	0.079743
156.250000	1	1.671074	0.072443	3.961336	0.550165
156.500000	0	0.165878	0.018045	1.156874	0.073075
156.500000	1	1.651038	0.954160	4.123559	0.473543
156.750000	0	0.167353	0.014615	1.026257	0.083465
156.750000	1	1.491225	0.237478	2.781354	0.363320
157.000000	0	0.163404	0.002876	1.325504	0.087775
157.000000	1	1.602225	0.398036	3.661501	0.423906
157.250000	0	0.167091	0.027536	1.612080	0.092703
157.250000	1	1.584355	0.355371	3.427312	0.437677
157.500000	0	0.165440	0.023349	1.070173	0.065903
157.500000	1	1.589863	0.544132	4.623939	0.520694
157.750000	0	0.166379	0.024341	0.983449	0.068947
157.750000	1	1.558957	0.156623	2.857047	0.420522
158.000000	0	0.166674	0.010661	1.175205	0.090384
158.000000	1	1.569417	0.740365	3.125052	0.404323
158.250000	0	0.163220	0.009540	1.231774	0.068678
158.250000	1	1.561907	0.422384	2.916429	0.398128
158.500000	0	0.169508	0.011210	1.353111	0.089158
158.500000	1	1.608541	0.502812	3.230847	0.410284
158.750000	0	0.159239	0.021765	1.439546	0.068335
158.750000	1	1.556485	0.663876	2.871149	0.357380
159.000000	0	0.161925	0.032047	0.987430	0.071834
159.000000	1	1.582993	0.194677	2.847933	0.436621
159.250000	0	0.165163	0.032713	1.274468	0.092151
159.250000	1	1.536529	0.318234	2.610671	0.348345
159.500000	0	0.158194	0.021835	0.494569	0.046113
159.500000	1	1.517100	0.390364	3.080586	0.420604
159.750000	0	0.161576	0.024593	0.846246	0.063335
159.750000	1	1.630245	0.216154	5.034891	0.600538
160.000000	0	0.163977	0.054502	1.004913	0.070019
160.000000	1	1.534729	0.435836	2.955254	0.371888
160.250000	0	0.161794	0.013949	1.856390	0.086526
160.250000	1	1.562029	0.292799	2.949516	0.457450
160.500000	0	0.164501	0.007905	1.064422	0.071016
160.500000	1	1.565439	0.368108	2.935157	0.435517
160.750000	0	0.161674	0.027959	0.544213	0.056915
160.750000	1	1.615646	0.403503	4.736478	0.543287
161.000000	0	0.169103	0.020600	3.588875	0.150479
161.000000	1	1.574328	0.200586	4.253551	0.536427
161.250000	0	0.167531	0.019360	1.214435	0.080529
161.250000	1	1.515588	0.179312	2.837960	0.409303
161.500000	0	0.165728	0.014160	0.958493	0.067178
161.500000	1	1.664429	0.381819	3.182813	0.479998
161.750000	0	0.170690	0.025062	2.395519	0.107342
161.750000	1	1.579102	0.142495	2.862823	0.389913
162.000000	0	0.162897	0.010053	1.477882	0.086066
162.000000	1	1.577982	0.603414	3.418419	0.431449
162.250000	0	0.164526	0.013940	1.157661	0.080507
162.250000	1	1.683374	0.330718	5.318959	0.655391
162.500000	0	0.162690	0.029392	0.886174	0.062616
162.500000	1	1.556997	0.301012	3.197821	0.400384
162.750000	0	0.165231	0.028257	1.227220	0.085859
162.750000	1	1.590585	0.721503	3.765473	0.417929
163.000000	0	0.162634	0.002302	1.049455	0.071542
163.000000	1	1.528779	0.699230	2.706356	0.305859
163.250000	0	0.168037	0.005468	1.153628	0.092950
163.250000	1	1.549713	0.527269	3.009387	0.433049
163.500000	0	0.169669	0.006492	1.063094	0.075389
163.500000	1	1.542607	0.312226	3.575403	0.462290
163.750000	0	0.168432	0.022231	1.241194	0.097799
163.750000	1	1.537154	0.392280	4.069505	0.426939
164.000000	0	0.166812	0.009698	1.467599	0.091160
164.000000	1	1.648203	0.646377	3.879819	0.492473
164.250000	0	0.169618	0.029475	1.466940	0.097774
164.250000	1	1.649812	0.088225	4.003483	0.599498
164.500000	0	0.168837	0.009956	2.234320	0.111610
164.500000	1	1.568591	0.472731	3.579413	0.466378
164.750000	0	0.172381	0.008347	1.606172	0.105642
164.750000	1	1.533527	0.763071	3.334991	0.390126
165.000000	0	0.169572	0.003975	1.377429	0.088522
165.000000	1	1.700631	0.542775	6.731023	0.786420
165.250000	0	0.169022	0.019580	1.183675	0.085761
165.250000	1	1.597833	0.338535	3.144826	0.424861
165.500000	0	0.168923	0.027662	1.254011	0.089346
165.500000	1	1.589934	0.698317	3.180538	0.381205
165.750000	0	0.168961	0.005601	1.445142	0.093458
165.750000	1	1.533934	0.146740	3.040325	0.417771
166.000000	0	0.162756	0.019224	1.005740	0.066507
166.000000	1	1.589234	0.363846	3.346767	0.467142
166.250000	0	0.168072	0.023274	1.164270	0.077771
166.250000	1	1.583024	0.699855	3.072376	0.397625
166.500000	0	0.172906	0.043875	1.221189	0.086593
166.500000	1	1.685745	0.754585	4.427177	0.535610
166.750000	0	0.163491	0.022922	0.727331	0.062210
166.750000	1	1.578752	0.354831	2.701072	0.378631
167.000000	0	0.161746	0.027736	0.899193	0.059842
167.000000	1	1.559136	0.331105	3.559773	0.437286
167.250000	0	0.161447	0.002473	0.986889	0.068166
167.250000	1	1.606666	0.757808	3.583565	0.472273
167.500000	0	0.173457	0.018331	1.567019	0.115100
167.500000	1	1.556868	0.332961	3.080995	0.475217
167.750000	0	0.169982	0.020509	1.543703	0.093657
167.750000	1	1.648530	0.813331	3.749768	0.429984
168.000000	0	0.165192	0.006510	1.361650	0.069688
168.000000	1	1.641173	0.794038	4.847924	0.459247
168.250000	0	0.165956	0.017748	1.636721	0.097879
168.250000	1	1.585369	0.255978	3.905556	0.517505
168.500000	0	0.162131	0.025221	0.494787	0.053230
168.500000	1	1.674365	0.153727	2.860120	0.449441
168.750000	0	0.162771	0.009733	0.958310	0.063229
168.750000	1	1.576278	0.488685	3.633886	0.415938
169.000000	0	0.162550	0.017186	0.943972	0.073371
169.000000	1	1.570015	0.093695	3.103001	0.463941
169.250000	0	0.162561	0.007604	0.755991	0.063443
169.250000	1	1.531150	0.256295	3.410912	0.518167
169.500000	0	0.161265	0.018370	0.643137	0.056283
169.500000	1	1.570431	0.409631	3.336619	0.447716
169.750000	0	0.163653	0.025958	0.961382	0.074541
169.750000	1	1.539428	0.145412	2.742335	0.374751
170.000000	0	0.164681	0.009300	1.099509	0.068447
170.000000	1	1.538760	0.163536	3.352766	0.394846
170.250000	0	0.166535	0.012485	0.880968	0.068574
170.250000	1	1.567368	0.527550	3.195686	0.395062
170.500000	0	0.167595	0.022623	1.211090	0.082006
170.500000	1	1.566807	0.329703	3.639697	0.410821
170.750000	0	0.167181	0.005280	1.449575	0.093207
170.750000	1	1.600055	0.805242	3.335458	0.432287
171.000000	0	0.167059	0.011945	1.031338	0.084894
171.000000	1	1.632804	0.280050	3.821041	0.538393
171.250000	0	0.167763	0.006267	1.355257	0.098147
171.250000	1	1.434882	0.234922	2.741712	0.406330
171.500000	0	0.165119	0.014882	1.178425	0.075681
171.500000	1	1.654448	0.508729	4.180541	0.525702
171.750000	0	0.168022	0.039254	1.188899	0.079513
171.750000	1	1.567788	0.254909	2.908733	0.402223
172.000000	0	0.161448	0.006328	1.105865	0.073923
172.000000	1	1.528095	0.235075	3.394174	0.478863
172.250000	0	0.167056	0.003770	1.419317	0.084788
172.250000	1	1.609179	0.215392	3.453634	0.476721
172.500000	0	0.168101	0.016737	1.035574	0.075930
172.500000	1	1.620462	0.483733	3.409515	0.464434
172.750000	0	0.160895	0.006532	0.843750	0.056594
172.750000	1	1.638316	0.261058	3.434876	0.493796
173.000000	0	0.164828	0.042726	1.015680	0.069878
173.000000	1	1.614326	0.168390	3.172064	0.391859
173.250000	0	0.165362	0.012301	1.064800	0.078610
173.250000	1	1.635280	0.781967	3.533024	0.477508
173.500000	0	0.163272	0.018237	0.730480	0.059746
173.500000	1	1.652836	0.683651	3.998597	0.514933
173.750000	0	0.164958	0.013834	1.716321	0.093376
173.750000	1	1.588906	0.832297	4.156055	0.481027
174.000000	0	0.162795	0.018605	1.109191	0.073305
174.000000	1	1.513615	0.228440	2.826816	0.372709
174.250000	0	0.163281	0.015636	0.960489	0.064584
174.250000	1	1.557373	0.103397	3.625947	0.487300
174.500000	0	0.164538	0.038301	0.816051	0.062597
174.500000	1	1.569977	0.428296	3.463003	0.450836
174.750000	0	0.175210	0.024111	1.258722	0.098458
174.750000	1	1.681255	0.382170	3.182270	0.450349
175.000000	0	0.165295	0.016444	0.660190	0.061628
175.000000	1	1.575435	0.628491	3.520355	0.440221
175.250000	0	0.165253	0.011630	1.133723	0.079750
175.250000	1	1.592679	0.494249	3.205995	0.424155
175.500000	0	0.172254	0.018209	1.575433	0.111331
175.500000	1	1.665889	0.273617	3.834882	0.618851
175.750000	0	0.166113	0.015934	0.944032	0.070228
175.750000	1	1.585674	0.273333	3.630065	0.430822
176.000000	0	0.161176	0.017341	0.575250	0.054814
176.000000	1	1.587409	0.417210	3.520281	0.446233
176.250000	0	0.172691	0.011690	1.274687	0.112185
176.250000	1	1.643175	0.103722	3.295852	0.554608
176.500000	0	0.165407	0.018272	1.495385	0.086760
176.500000	1	1.591464	0.425086	3.004310	0.421864
176.750000	0	0.163372	0.014352	1.139471	0.079582
176.750000	1	1.542065	0.060935	3.283831	0.480515
177.000000	0	0.167406	0.026894	1.446093	0.099322
177.000000	1	1.568941	0.379348	3.440007	0.455753
177.250000	0	0.170920	0.011896	1.275418	0.085127
177.250000	1	1.601301	0.318034	3.765333	0.568140
177.500000	0	0.167852	0.016288	1.038360	0.068855
177.500000	1	1.610928	0.783928	3.571042	0.451062
177.750000	0	0.170594	0.027833	1.497614	0.096064
177.750000	1	1.550203	0.291378	2.955925	0.445548
178.000000	0	0.170717	0.032429	1.046806	0.079087
178.000000	1	1.531536	0.060886	3.171592	0.442050
178.250000	0	0.166485	0.040970	1.289661	0.098754
178.250000	1	1.528199	0.324400	3.084623	0.419065
178.500000	0	0.165874	0.029300	1.090123	0.076016
178.500000	1	1.571638	0.229202	2.961686	0.453422
178.750000	0	0.162319	0.005616	0.891034	0.064332
178.750000	1	1.609865	0.254511	4.154149	0.532412
179.000000	0	0.164759	0.021975	0.917826	0.077395
179.000000	1	1.593158	0.156849	3.074059	0.420150
179.250000	0	0.165259	0.005896	0.988450	0.075184
179.250000	1	1.564628	0.253016	3.599716	0.469810
179.500000	0	0.165372	0.013906	1.130774	0.071911
179.500000	1	1.561888	0.501709	3.734249	0.458437
179.750000	0	0.163630	0.012335	0.859858	0.067881
179.750000	1	1.535864	0.236567	3.378558	0.354142
180.000000	0	0.171276	0.022387	1.422162	0.092172
180.000000	1	1.586515	0.317471	3.911071	0.508019
180.250000	0	0.163984	0.028885	0.794933	0.068387
180.250000	1	1.667924	0.795217	4.023835	0.482309
180.500000	0	0.173145	0.030703	1.787707	0.106506
180.500000	1	1.578463	0.556738	3.229329	0.453674
180.750000	0	0.170816	0.040890	1.596809	0.096339
180.750000	1	1.506733	0.061933	2.949960	0.452273
181.000000	0	0.164793	0.022260	1.051382	0.070131
181.000000	1	1.519397	0.721500	2.970077	0.332161
181.250000	0	0.164595	0.024990	1.047415	0.065378
181.250000	1	1.618420	0.168357	3.536250	0.483963
181.500000	0	0.161944	0.008299	0.765568	0.062049
181.500000	1	1.579809	0.743723	3.304476	0.437115
181.750000	0	0.167675	0.029236	1.226101	0.083965
181.750000	1	1.590450	0.418532	3.037302	0.384666
182.000000	0	0.161711	0.019216	1.340929	0.081722
182.000000	1	1.617973	0.623532	2.873127	0.392300
182.250000	0	0.167456	0.012597	0.787727	0.068484
182.250000	1	1.597122	0.442354	3.350588	0.417187
182.500000	0	0.163633	0.016270	1.677528	0.086329
182.500000	1	1.590823	0.294431	3.714138	0.408816
182.750000	0	0.164457	0.005265	0.855751	0.066465
182.750000	1	1.545477	0.533638	3.071506	0.307636
183.000000	0	0.165775	0.005839	1.305594	0.084089
183.000000	1	1.569042	0.490477	3.359546	0.407190
183.250000	0	0.169809	0.020146	1.532026	0.114781
183.250000	1	1.580943	0.335671	3.376504	0.412007
183.500000	0	0.167615	0.007339	1.123723	0.081122
183.500000	1	1.588823	0.348714	3.846778	0.441973
183.750000	0	0.165174	0.002172	1.250200	0.084230
183.750000	1	1.535837	0.322345	2.914409	0.424684
184.000000	0	0.164570	0.022817	0.771022	0.061294
184.000000	1	1.652106	0.945004	3.368566	0.478580
184.250000	0	0.162305	0.030723	0.709260	0.055073
184.250000	1	1.594793	0.374548	3.750480	0.448148
184.500000	0	0.167235	0.005420	1.270640	0.084364
184.500000	1	1.561809	0.435593	3.222052	0.346164
184.750000	0	0.162664	0.006820	0.868472	0.067315
184.750000	1	1.578238	0.155028	3.809478	0.501622
185.000000	0	0.163316	0.023753	0.994792	0.071295
185.000000	1	1.613137	0.798970	3.153518	0.399190
185.250000	0	0.165879	0.016106	1.444604	0.083603
185.250000	1	1.586706	0.395496	3.569195	0.458525
185.500000	0	0.169237	0.013071	1.472948	0.092573
185.500000	1	1.534967	0.194444	3.154131	0.447568
185.750000	0	0.167956	0.027079	1.203638	0.084595
185.750000	1	1.560931	0.225660	2.756441	0.393477
186.000000	0	0.168228	0.014837	0.980340	0.079660
186.000000	1	1.645100	0.381512	3.577993	0.466544
186.250000	0	0.165176	0.014223	1.003318	0.077487
186.250000	1	1.586991	0.419765	3.325277	0.380972
186.500000	0	0.167582	0.004930	1.323053	0.088820
186.500000	1	1.627386	0.518388	3.506889	0.531326
186.750000	0	0.168513	0.008988	1.282856	0.088026
186.750000	1	1.603824	0.286822	3.550581	0.505079
187.000000	0	0.166999	0.023999	1.040183	0.081555
187.000000	1	1.547171	0.299190	2.985284	0.387845
187.250000	0	0.163872	0.029701	1.215036	0.078323
187.250000	1	1.560116	0.823709	3.395096	0.406200
187.500000	0	0.164643	0.008722	1.036721	0.077509
187.500000	1	1.549531	0.443437	3.530619	0.420368
187.750000	0	0.165753	0.020183	1.156571	0.070660
187.750000	1	1.538005	0.124426	2.702297	0.363221
188.000000	0	0.164642	0.031237	1.225232	0.079690
188.000000	1	1.580604	0.178196	4.218660	0.430167
188.250000	0	0.165720	0.029516	0.833489	0.072665
188.250000	1	1.536228	0.466427	2.980648	0.366821
188.500000	0	0.163549	0.027617	1.615972	0.082569
188.500000	1	1.634149	0.821188	2.555632	0.358234
188.750000	0	0.162683	0.017338	0.895011	0.064523
188.750000	1	1.567188	0.346753	4.095978	0.521107
189.000000	0	0.160399	0.019248	0.840811	0.063139
189.000000	1	1.543015	0.484943	3.806006	0.450237
189.250000	0	0.162654	0.028915	0.707905	0.063111
189.250000	1	1.583213	0.806966	2.921051	0.367436
189.500000	0	0.165179	0.020192	1.095833	0.074943
189.500000	1	1.548519	0.283328	3.135336	0.456520
189.750000	0	0.167812	0.012729	1.285725	0.091726
189.750000	1	1.599288	0.636190	3.053028	0.389063
190.000000	0	0.167697	0.013575	1.208136	0.092164
190.000000	1	1.613538	0.380178	3.553551	0.491352
190.250000	0	0.171155	0.009497	1.404081	0.098334
190.250000	1	1.573602	0.447010	4.721027	0.529386
190.500000	0	0.165648	0.025606	1.332591	0.082389
190.500000	1	1.516506	0.473244	3.015734	0.412062
190.750000	0	0.161879	0.015894	1.014471	0.077024
190.750000	1	1.546076	0.695481	2.749043	0.352615
191.000000	0	0.167450	0.024184	1.302787	0.084771
191.000000	1	1.545242	0.297228	3.960641	0.456590
191.250000	0	0.169268	0.034436	0.861633	0.077909
191.250000	1	1.562181	0.171498	3.101748	0.503764
191.500000	0	0.166456	0.003963	1.227030	0.074097
191.500000	1	1.560611	0.148043	3.606630	0.467887
191.750000	0	0.168403	0.043578	1.136363	0.078295
191.750000	1	1.606672	0.302376	4.108406	0.434039
192.000000	0	0.162950	0.022555	0.953178	0.063405
192.000000	1	1.620853	0.526562	3.600791	0.458150
192.250000	0	0.159561	0.025247	0.754139	0.064270
192.250000	1	1.627184	0.502764	3.325480	0.463457
192.500000	0	0.164735	0.007405	1.422367	0.083246
192.500000	1	1.665962	0.403024	4.011407	0.503432
192.750000	0	0.164443	0.021151	0.953292	0.062347
192.750000	1	1.614056	0.066899	3.783778	0.551261
193.000000	0	0.162062	0.025784	0.575879	0.053085
193.000000	1	1.523602	0.382230	3.108539	0.384745
193.250000	0	0.168290	0.018963	1.484372	0.082831
193.250000	1	1.605547	0.384740	2.801280	0.433272
193.500000	0	0.166944	0.040446	1.185355	0.072880
193.500000	1	1.533309	0.546196	2.707094	0.328066
193.750000	0	0.166334	0.019657	1.093891	0.079301
193.750000	1	1.570563	0.476211	3.016515	0.439471
194.000000	0	0.168304	0.023657	1.039865	0.079791
194.000000	1	1.559852	0.728158	3.445468	0.392216
194.250000	0	0.167427	0.021375	0.988521	0.075830
194.250000	1	1.651435	0.234995	3.927649	0.566020
194.500000	0	0.163840	0.017689	1.530993	0.088672
194.500000	1	1.553493	0.085224	3.539009	0.465480
194.750000	0	0.166693	0.015642	1.230696	0.086659
194.750000	1	1.693997	0.370633	4.363920	0.569157
195.000000	0	0.161926	0.004860	0.882293	0.061850
195.000000	1	1.605669	0.589184	4.733393	0.550363
195.250000	0	0.169356	0.001456	1.722075	0.094018
195.250000	1	1.656926	0.191951	3.105910	0.432988
195.500000	0	0.161213	0.005065	1.322738	0.068583
195.500000	1	1.521120	0.836106	2.406158	0.288596
195.750000	0	0.166182	0.035213	1.206906	0.077058
195.750000	1	1.558009	0.303847	3.607886	0.470344
196.000000	0	0.163710	0.011950	1.169577	0.078580
196.000000	1	1.544959	0.397629	3.129088	0.414264
196.250000	0	0.163728	0.013970	1.135118	0.077764
196.250000	1	1.606466	0.122201	3.975503	0.535336
196.500000	0	0.166002	0.018186	1.258008	0.081125
196.500000	1	1.514531	0.449268	3.343269	0.416713
196.750000	0	0.169114	0.007207	1.012373	0.083018
196.750000	1	1.697463	0.624717	6.630461	0.679824
197.000000	0	0.171089	0.046871	1.098689	0.088064
197.000000	1	1.509584	0.440500	2.895647	0.340586
197.250000	0	0.164794	0.031616	0.790286	0.060017
197.250000	1	1.587995	0.717961	3.310858	0.396798
197.500000	0	0.165419	0.015495	1.777202	0.088872
197.500000	1	1.590346	0.178513	3.055873	0.473698
197.750000	0	0.172286	0.023646	1.461821	0.105622
197.750000	1	1.628397	0.537414	3.205042	0.439341
198.000000	0	0.164240	0.008257	1.136598	0.070461
198.000000	1	1.572278	0.404150	3.171074	0.400073
198.250000	0	0.159533	0.007330	0.734996	0.053386
198.250000	1	1.601338	0.050669	3.705465	0.472490
198.500000	0	0.161708	0.024961	0.966814	0.064505
198.500000	1	1.532616	0.590004	3.238988	0.331377
198.750000	0	0.161622	0.016532	0.737565	0.059553
198.750000	1	1.592567	0.577752	3.602798	0.453449
199.000000	0	0.179162	0.007788	2.407048	0.147298
199.000000	1	1.584978	0.321297	3.471181	0.510322
199.250000	0	0.168778	0.003747	1.099405	0.084007
199.250000	1	1.523293	0.331296	3.111839	0.377212
199.500000	0	0.169145	0.003631	0.810720	0.077596
199.500000	1	1.567442	0.178819	2.896928	0.450625
199.750000	0	0.172418	0.025160	1.159896	0.090897
199.750000	1	1.640034	0.683171	3.885388	0.449445
200.000000	0	0.162269	0.026881	0.697151	0.063063
200.000000	1	1.486857	0.440823	2.599906	0.311171
200.250000	0	0.176466	0.035795	1.614514	0.126065
200.250000	1	1.487370	0.246385	3.000546	0.417221
200.500000	0	0.165468	0.014231	1.727819	0.099112
200.500000	1	1.562260	0.523864	3.241301	0.378245
200.750000	0	0.166456	0.016537	0.883881	0.069409
200.750000	1	1.657599	0.073277	3.600259	0.517321
201.000000	0	0.169392	0.016375	1.025452	0.087082
201.000000	1	1.567790	0.235244	3.773153	0.548516
201.250000	0	0.161655	0.012342	0.742238	0.057843
201.250000	1	1.557972	0.441748	3.178708	0.400656
201.500000	0	0.164014	0.025987	0.917703	0.067593
201.500000	1	1.538779	0.274864	3.120828	0.404845
201.750000	0	0.169755	0.024555	1.395710	0.092210
201.750000	1	1.619246	0.727537	3.565995	0.417808
202.000000	0	0.161331	0.022167	0.862381	0.058390
202.000000	1	1.599028	0.461108	3.087131	0.392006
202.250000	0	0.166286	0.019211	1.055918	0.078307
202.250000	1	1.582951	0.366271	3.563844	0.445036
202.500000	0	0.166989	0.002852	0.893896	0.075285
202.500000	1	1.559506	0.501880	3.879391	0.409971
202.750000	0	0.167402	0.012816	1.641661	0.099148
202.750000	1	1.599674	0.585616	3.777207	0.428548
203.000000	0	0.166572	0.017558	1.793452	0.092526
203.000000	1	1.557664	0.298058	3.168657	0.493160
203.250000	0	0.169350	0.028094	1.963554	0.096848
203.250000	1	1.540301	0.332315	3.390557	0.458791
203.500000	0	0.166454	0.015132	1.575351	0.089608
203.500000	1	1.604320	0.438220	3.270075	0.426288
203.750000	0	0.165413	0.026713	1.471664	0.092536
203.750000	1	1.552490	0.656950	3.220458	0.411553
204.000000	0	0.167398	0.011245	1.506742	0.079748
204.000000	1	1.570684	0.549074	3.047551	0.420071
204.250000	0	0.167477	0.007680	1.752420	0.101217
204.250000	1	1.626520	0.172089	4.366622	0.571859
204.500000	0	0.164413	0.009384	1.499788	0.096285
204.500000	1	1.620902	0.539179	3.895775	0.573586
204.750000	0	0.173901	0.035641	1.336727	0.092993
204.750000	1	1.558320	0.645413	3.736658	0.410904
205.000000	0	0.163198	0.025671	0.932926	0.064648
205.000000	1	1.548941	0.415724	3.285536	0.388756
205.250000	0	0.164861	0.014612	1.143387	0.082421
205.250000	1	1.560660	0.193833	3.637151	0.440831
205.500000	0	0.163449	0.013932	0.780958	0.062835
205.500000	1	1.574696	0.627194	3.878344	0.395056
205.750000	0	0.161574	0.014307	0.953905	0.060213
205.750000	1	1.546674	0.363077	3.139430	0.430179
206.000000	0	0.169863	0.023556	1.054630	0.078516
206.000000	1	1.538020	0.038604	3.398995	0.499222
206.250000	0	0.167790	0.020977	1.084926	0.084614
206.250000	1	1.591776	0.042292	2.700664	0.362376
206.500000	0	0.167461	0.028870	1.058845	0.081444
206.500000	1	1.495048	0.471576	2.482815	0.346281
206.750000	0	0.164646	0.008429	1.030255	0.072219
206.750000	1	1.589990	0.695045	3.416696	0.386785
207.000000	0	0.162570	0.011738	0.821440	0.061758
207.000000	1	1.577360	0.119175	3.276456	0.392866
207.250000	0	0.165183	0.006882	1.395137	0.074075
207.250000	1	1.592374	0.309395	3.314713	0.452991
207.500000	0	0.164248	0.026438	0.865105	0.063659
207.500000	1	1.562020	0.455317	2.342107	0.309396
207.750000	0	0.163283	0.004345	1.124397	0.070691
207.750000	1	1.593431	0.674688	3.206193	0.384646
208.000000	0	0.164012	0.012763	1.596223	0.087786
208.000000	1	1.549612	0.317170	3.510232	0.402408
208.250000	0	0.164702	0.014259	0.966390	0.071318
208.250000	1	1.731653	0.679325	12.169131	1.288344
208.500000	0	0.165167	0.013936	1.556036	0.087485
208.500000	1	1.602307	0.581084	3.369053	0.425214
208.750000	0	0.163563	0.001997	0.894934	0.071906
208.750000	1	1.568029	0.121954	3.089719	0.463403
209.000000	0	0.162344	0.012678	1.229150	0.085313
209.000000	1	1.592537	0.004592	3.633524	0.428481
209.250000	0	0.163253	0.002944	0.641974	0.060589
209.250000	1	1.625595	0.379278	3.169307	0.453482
209.500000	0	0.165083	0.018077	1.206032	0.074280
209.500000	1	1.603441	0.405177	2.902230	0.416156
209.750000	0	0.164192	0.036276	1.188107	0.079592
209.750000	1	1.579057	0.488507	2.748844	0.340354
210.000000	0	0.159413	0.021003	0.656828	0.053877
210.000000	1	1.531043	0.161601	4.046290	0.409104
210.250000	0	0.166132	0.003015	0.704304	0.064734
210.250000	1	1.616024	0.446098	3.077515	0.416323
210.500000	0	0.163083	0.028193	1.387768	0.081639
210.500000	1	1.595034	0.053733	2.979484	0.517879
210.750000	0	0.163401	0.027515	0.804902	0.065955
210.750000	1	1.562475	0.207422	3.568158	0.540911
211.000000	0	0.169447	0.021639	1.144248	0.074970
211.000000	1	1.567742	0.610117	3.238950	0.397609
211.250000	0	0.167891	0.034898	0.909922	0.079137
211.250000	1	1.617165	0.278077	3.969290	0.467589
211.500000	0	0.164708	0.026672	1.101367	0.074312
211.500000	1	1.508759	0.412208	2.631082	0.314374
211.750000	0	0.165413	0.021989	1.041447	0.076904
211.750000	1	1.583751	0.296702	2.827741	0.389508
212.000000	0	0.165869	0.028916	1.437096	0.080728
212.000000	1	1.582934	0.630657	3.272771	0.350224
212.250000	0	0.166260	0.016749	1.766974	0.094753
212.250000	1	1.582886	0.466536	3.848785	0.485037
212.500000	0	0.172781	0.013803	1.325295	0.093895
212.500000	1	1.665327	0.121993	4.056621	0.564713
212.750000	0	0.162451	0.017467	0.665341	0.055568
212.750000	1	1.578937	0.684354	3.556487	0.424971
213.000000	0	0.159877	0.018770	0.961193	0.065682
213.000000	1	1.549380	0.295501	3.893207	0.500579
213.250000	0	0.167358	0.012401	1.091365	0.086070
213.250000	1	1.588206	0.207240	3.052502	0.413454
213.500000	0	0.165334	0.008376	1.013958	0.086284
213.500000	1	1.517437	0.464122	2.787470	0.373140
213.750000	0	0.168000	0.006512	1.179137	0.091989
213.750000	1	1.588915	0.631366	3.365878	0.456040
214.000000	0	0.164064	0.008861	1.061687	0.075082
214.000000	1	1.618414	0.506758	4.602035	0.541768
214.250000	0	0.174694	0.022261	1.760602	0.105009
214.250000	1	1.562552	0.120598	3.981167	0.510364
214.500000	0	0.170643	0.003097	1.003817	0.079564
214.500000	1	1.555480	0.263540	3.216997	0.426789
214.750000	0	0.169185	0.027103	1.612223	0.096677
214.750000	1	1.612770	0.626352	3.525597	0.456149
215.000000	0	0.162646	0.013853	1.256519	0.078302
215.000000	1	1.551541	0.044489	3.671690	0.489934
215.250000	0	0.163103	0.016907	0.663414	0.063194
215.250000	1	1.630743	0.350999	3.398009	0.463253
215.500000	0	0.164599	0.019094	1.592360	0.081963
215.500000	1	1.631945	0.506393	3.530848	0.437505
215.750000	0	0.167887	0.030097	1.372093	0.084326
215.750000	1	1.595206	0.322061	3.239236	0.467318
216.000000	0	0.164259	0.020236	1.165520	0.076208
216.000000	1	1.563714	0.442705	3.200433	0.432917
216.250000	0	0.172315	0.009066	1.573324	0.107217
216.250000	1	1.643823	0.306131	3.499973	0.533801
216.500000	0	0.167060	0.016973	0.845345	0.064244
216.500000	1	1.522362	0.351347	3.027164	0.376055
216.750000	0	0.168695	0.027432	1.089548	0.089943
216.750000	1	1.620857	0.483664	3.881771	0.572822
217.000000	0	0.162661	0.018050	0.982302	0.071506
217.000000	1	1.520948	0.535031	3.078764	0.370859
217.250000	0	0.164404	0.034366	1.298372	0.077995
217.250000	1	1.651565	0.703431	3.051136	0.433950
217.500000	0	0.166245	0.017373	1.140690	0.080698
217.500000	1	1.536031	0.243973	2.972726	0.376019
217.750000	0	0.170480	0.011375	1.431843	0.092059
217.750000	1	1.577792	0.483214	3.373145	0.455737
218.000000	0	0.170933	0.020769	1.169866	0.091968
218.000000	1	1.550454	0.466711	2.685569	0.368469
218.250000	0	0.165486	0.006301	1.002297	0.083675
218.250000	1	1.622307	0.618415	3.386630	0.475545
218.500000	0	0.171046	0.019744	1.358535	0.096726
218.500000	1	1.575633	0.539086	3.096377	0.436275
218.750000	0	0.175678	0.031799	1.752439	0.118044
218.750000	1	1.572431	0.262056	3.011013	0.458434
219.000000	0	0.161550	0.030485	0.874487	0.064955
219.000000	1	1.557373	0.553302	3.634319	0.422034
219.250000	0	0.170779	0.017566	1.838268	0.109714
219.250000	1	1.595688	0.233906	4.037672	0.631679
219.500000	0	0.160880	0.019717	0.897813	0.063318
219.500000	1	1.551031	0.327928	3.513410	0.400116
219.750000	0	0.163282	0.037323	0.974924	0.066847
219.750000	1	1.663154	0.419404	3.903071	0.436049
220.000000	0	0.160866	0.014073	0.620223	0.058257
220.000000	1	1.682964	0.687583	5.806445	0.787682
220.250000	0	0.163539	0.003211	1.255555	0.083581
220.250000	1	1.496564	0.347908	2.279671	0.295891
220.500000	0	0.168491	0.014093	1.131903	0.086787
220.500000	1	1.571600	0.564743	3.109994	0.414670
220.750000	0	0.171015	0.016722	1.409405	0.087152
220.750000	1	1.634480	0.422407	3.728271	0.489208
221.000000	0	0.164101	0.008752	0.979675	0.071559
221.000000	1	1.646293	0.130733	4.087359	0.490861
221.250000	0	0.170093	0.027800	1.942337	0.103390
221.250000	1	1.575590	0.478644	2.861935	0.392543
221.500000	0	0.169831	0.011510	1.254084	0.078980
221.500000	1	1.574129	0.603423	3.609486	0.435120
221.750000	0	0.163618	0.014215	1.051671	0.071076
221.750000	1	1.561145	0.124556	4.180894	0.488663
222.000000	0	0.168735	0.014012	1.862952	0.105715
222.000000	1	1.618711	0.226909	2.909276	0.437420
222.250000	0	0.166345	0.007822	1.334437	0.095436
222.250000	1	1.550200	0.399327	3.466269	0.421789
222.500000	0	0.162161	0.022743	0.795214	0.060427
222.500000	1	1.609898	0.584579	3.686003	0.464069
222.750000	0	0.162363	0.013086	0.889375	0.064487
222.750000	1	1.616822	0.541570	2.880423	0.449977
223.000000	0	0.166621	0.008225	1.039654	0.074541
223.000000	1	1.602821	0.181240	3.313208	0.448273
223.250000	0	0.164359	0.033263	0.710299	0.062548
223.250000	1	1.508682	0.573142	2.503058	0.329745
223.500000	0	0.165586	0.014073	1.371752	0.088871
223.500000	1	1.723358	0.257301	3.740144	0.518631
223.750000	0	0.169513	0.027381	1.653610	0.098654
223.750000	1	1.558623	0.719762	3.059008	0.389978
224.000000	0	0.164976	0.026266	1.215041	0.078599
224.000000	1	1.530540	0.191302	2.972762	0.476237
224.250000	0	0.162226	0.014817	0.992832	0.063753
224.250000	1	1.535359	0.412681	3.014803	0.389661
224.500000	0	0.164369	0.030974	1.287798	0.073105
224.500000	1	1.545122	0.468332	3.348522	0.446910
224.750000	0	0.171355	0.026420	0.970571	0.082562
224.750000	1	1.651578	0.285494	4.108598	0.523953
225.000000	0	0.168426	0.021842	1.224733	0.092351
225.000000	1	1.583707	0.388103	3.052605	0.455419
225.250000	0	0.170028	0.007656	1.417511	0.096237
225.250000	1	1.599827	0.227249	5.017687	0.518944
225.500000	0	0.171611	0.022138	1.057554	0.083465
225.500000	1	1.669547	0.560215	3.410135	0.427614
225.750000	0	0.165125	0.024707	1.044899	0.071268
225.750000	1	1.632103	0.843150	3.119675	0.420971
226.000000	0	0.174206	0.015739	1.456039	0.109064
226.000000	1	1.615169	0.445801	3.969093	0.432368
226.250000	0	0.163841	0.032938	1.112419	0.077140
226.250000	1	1.609535	0.223054	3.751869	0.438310
226.500000	0	0.161774	0.019730	1.261622	0.079376
226.500000	1	1.494287	0.394235	2.926050	0.425369
226.750000	0	0.166352	0.015816	1.198662	0.082637
226.750000	1	1.541230	0.648303	2.884193	0.374346
227.000000	0	0.176461	0.011235	1.866778	0.116397
227.000000	1	1.583043	0.486503	2.836575	0.407372
227.250000	0	0.165587	0.017785	0.901186	0.068498
227.250000	1	1.596985	0.387407	2.826829	0.380407
227.500000	0	0.163685	0.012090	0.663222	0.060915
227.500000	1	1.538703	0.729103	2.686007	0.282050
227.750000	0	0.164641	0.013477	1.331656	0.095815
227.750000	1	1.544452	0.295337	3.233914	0.388093
228.000000	0	0.165693	0.012511	1.195479	0.086660
228.000000	1	1.576708	0.600094	3.832216	0.407167
228.250000	0	0.163553	0.033384	1.204409	0.064635
228.250000	1	1.612558	0.349810	3.431344	0.448096
228.500000	0	0.169891	0.030473	1.538375	0.080628
228.500000	1	1.578065	0.195301	3.900857	0.507955
228.750000	0	0.169065	0.022538	1.177006	0.096999
228.750000	1	1.610208	0.360607	3.212813	0.466928
229.000000	0	0.169237	0.019852	1.229825	0.084929
229.000000	1	1.616252	0.653949	3.975680	0.510803
229.250000	0	0.164937	0.025195	1.235670	0.073744
229.250000	1	1.666335	0.385233	3.823477	0.600812
229.500000	0	0.166265	0.028582	1.050252	0.077706
229.500000	1	1.577214	0.121430	3.451175	0.466855
229.750000	0	0.161279	0.028775	1.032983	0.063268
229.750000	1	1.558951	0.873926	3.818768	0.460074
230.000000	0	0.167472	0.009427	1.133690	0.082663
230.000000	1	1.591630	0.465578	4.350150	0.477912
230.250000	0	0.169292	0.022324	1.192733	0.082594
230.250000	1	1.581721	0.381189	4.675753	0.496644
230.500000	0	0.160025	0.029362	0.758153	0.060130
230.500000	1	1.543756	0.634863	3.621912	0.519353
230.750000	0	0.163953	0.012334	0.959594	0.078561
230.750000	1	1.549742	0.489193	3.960592	0.479055
231.000000	0	0.165493	0.032908	1.199229	0.085263
231.000000	1	1.622582	0.437629	4.576597	0.563122
231.250000	0	0.167798	0.009914	1.250220	0.081508
231.250000	1	1.516794	0.225277	3.401880	0.451633
231.500000	0	0.167658	0.024144	1.716299	0.085200
231.500000	1	1.610572	0.672051	5.057764	0.527663
231.750000	0	0.169451	0.006652	1.114513	0.087977
231.750000	1	1.590918	0.177321	3.434029	0.445829
232.000000	0	0.167334	0.016290	0.932089	0.071465
232.000000	1	1.600017	0.743441	5.214132	0.498754
232.250000	0	0.162886	0.014328	1.037177	0.071982
232.250000	1	1.562439	0.663435	4.080702	0.476155
232.500000	0	0.166831	0.022101	1.413675	0.091980
232.500000	1	1.555385	0.470697	2.816041	0.382179
232.750000	0	0.164912	0.016518	1.055167	0.075833
232.750000	1	1.493870	0.152771	3.365823	0.463684
233.000000	0	0.167141	0.008515	0.941462	0.068559
233.000000	1	1.575803	0.416203	3.452642	0.486199
233.250000	0	0.166393	0.014018	1.143588	0.090679
233.250000	1	1.543855	0.307619	3.243509	0.450006
233.500000	0	0.165303	0.019794	1.074269	0.064623
233.500000	1	1.581337	0.309829	3.002551	0.443208
233.750000	0	0.165594	0.004828	1.060126	0.077588
233.750000	1	1.544154	0.148589	2.903468	0.428010
234.000000	0	0.163014	0.013605	1.304956	0.084876
234.000000	1	1.581822	0.780915	3.007012	0.374451
234.250000	0	0.171232	0.014821	1.508289	0.097628
234.250000	1	1.603366	0.092457	3.213604	0.486324
234.500000	0	0.169377	0.019832	1.149451	0.088154
234.500000	1	1.657827	0.603403	3.866481	0.544997
234.750000	0	0.167957	0.007976	1.800249	0.091752
234.750000	1	1.510787	0.247470	2.909296	0.364425
235.000000	0	0.168345	0.024126	0.807744	0.072496
235.000000	1	1.547821	0.152749	4.316098	0.594824
235.250000	0	0.172903	0.021657	1.623806	0.102949
235.250000	1	1.572535	0.558506	2.899747	0.430999
235.500000	0	0.168869	0.007938	0.999425	0.079692
235.500000	1	1.630774	0.461998	3.561637	0.507499
235.750000	0	0.169153	0.017107	1.100419	0.086620
235.750000	1	1.480747	0.476975	2.678011	0.384219
236.000000	0	0.166590	0.024312	1.501244	0.085947
236.000000	1	1.603315	0.134424	3.370883	0.473023
236.250000	0	0.163113	0.035554	1.222238	0.075195
236.250000	1	1.544172	0.282000	3.903014	0.431184
236.500000	0	0.167764	0.005723	0.970641	0.074202
236.500000	1	1.622849	0.207338	4.031922	0.576969
236.750000	0	0.170609	0.013031	1.126853	0.084505
236.750000	1	1.536956	0.409184	3.396298	0.441780
237.000000	0	0.163527	0.005111	1.210186	0.072299
237.000000	1	1.492175	0.444288	2.523202	0.339696
237.250000	0	0.167854	0.006345	1.039296	0.085346
237.250000	1	1.649041	0.541582	3.653334	0.504946
237.500000	0	0.164789	0.011081	1.129774	0.080144
237.500000	1	1.594177	0.367451	2.676100	0.367598
237.750000	0	0.165347	0.008913	0.954312	0.074221
237.750000	1	1.654974	0.524367	3.777356	0.472044
238.000000	0	0.168553	0.012426	2.042765	0.099668
238.000000	1	1.673978	0.543755	4.031862	0.483466
238.250000	0	0.163817	0.010157	1.118243	0.072024
238.250000	1	1.592206	0.185987	4.556275	0.484171
238.500000	0	0.166339	0.008108	1.247516	0.084738
238.500000	1	1.550513	0.367227	3.175068	0.384115
238.750000	0	0.168787	0.011431	1.301048	0.080596
238.750000	1	1.584609	0.504685	3.543381	0.526711
239.000000	0	0.165103	0.018011	0.832342	0.064803
239.000000	1	1.614219	0.600800	3.236168	0.475383
239.250000	0	0.165767	0.013141	1.279643	0.084557
239.250000	1	1.539908	0.526428	2.928092	0.406987
239.500000	0	0.165536	0.027405	1.005702	0.073998
239.500000	1	1.588278	0.422382	4.190800	0.452154
239.750000	0	0.164979	0.018004	1.849058	0.087590
239.750000	1	1.599034	0.770817	3.545107	0.436146
240.000000	0	0.166958	0.008078	1.625678	0.095303
240.000000	1	1.648666	0.308263	5.155875	0.532677
240.250000	0	0.160701	0.029080	1.774903	0.080834
240.250000	1	1.555847	0.393966	3.188234	0.414014
240.500000	0	0.168009	0.003555	1.183288	0.087675
240.500000	1	1.557228	0.561821	3.268194	0.394104
240.750000	0	0.166743	0.021605	1.515576	0.095617
240.750000	1	1.584199	0.199495	3.584022	0.451474
241.000000	0	0.164963	0.038531	1.307317	0.081476
241.000000	1	1.574577	0.168696	2.922380	0.464537
241.250000	0	0.161429	0.018408	0.873347	0.064929
241.250000	1	1.649680	0.708380	3.080160	0.427662
241.500000	0	0.161093	0.020501	1.007665	0.066892
241.500000	1	1.590411	0.329511	3.419206	0.415533
241.750000	0	0.165267	0.024412	1.282571	0.077433
241.750000	1	1.627288	0.254073	7.496975	0.747033
242.000000	0	0.175114	0.025758	7.461938	0.279251
242.000000	1	1.627245	0.944740	8.919549	0.785548
242.250000	0	0.168255	0.011774	1.263494	0.085263
242.250000	1	1.517094	0.354589	2.856213	0.389562
242.500000	0	0.166966	0.024842	1.384063	0.075970
242.500000	1	1.522961	0.694658	2.954785	0.376296
242.750000	0	0.168149	0.005105	1.565473	0.102954
242.750000	1	1.598275	0.657243	3.705926	0.482676
243.000000	0	0.163561	0.008128	0.787571	0.067455
243.000000	1	1.602431	0.222835	3.913816	0.519976
243.250000	0	0.165322	0.027265	1.597033	0.077364
243.250000	1	1.642359	0.663553	3.854664	0.457902
243.500000	0	0.167422	0.020730	1.122562	0.090793
243.500000	1	1.550788	0.688194	2.513646	0.333641
243.750000	0	0.169007	0.008962	1.349670	0.094021
243.750000	1	1.479949	0.195418	2.738785	0.393599
244.000000	0	0.166239	0.034244	1.218881	0.080009
244.000000	1	1.595176	0.251252	3.440325	0.504986
244.250000	0	0.168152	0.009456	1.290593	0.088156
244.250000	1	1.567096	0.390818	3.100992	0.455458
244.500000	0	0.168659	0.020434	1.310973	0.083728
244.500000	1	1.667090	0.466085	3.834281	0.520232
244.750000	0	0.163763	0.015811	1.264198	0.079946
244.750000	1	1.610465	0.457113	3.259116	0.456651
245.000000	0	0.170109	0.009563	1.429242	0.104434
245.000000	1	1.500576	0.562716	2.923982	0.365998
245.250000	0	0.165692	0.023170	1.517799	0.086935
245.250000	1	1.601149	0.771409	4.113065	0.426891
245.500000	0	0.168386	0.016735	1.541743	0.083409
245.500000	1	1.501668	0.430526	3.567005	0.413397
245.750000	0	0.163977	0.004531	1.131931	0.077416
245.750000	1	1.569495	0.139080	3.555676	0.504316
246.000000	0	0.165042	0.008369	0.973633	0.075412
246.000000	1	1.560993	0.661636	2.860409	0.442663
246.250000	0	0.170591	0.019727	1.488921	0.096852
246.250000	1	1.607853	0.433976	3.145249	0.452752
246.500000	0	0.163599	0.000571	0.843221	0.064155
246.500000	1	1.554588	0.505716	2.714722	0.355247
246.750000	0	0.160043	0.023179	0.872217	0.057681
246.750000	1	1.543822	0.170984	2.585352	0.375537
247.000000	0	0.163340	0.009535	0.853534	0.062904
247.000000	1	1.624014	0.407047	3.538648	0.506880
247.250000	0	0.164226	0.008981	1.018086	0.075706
247.250000	1	1.608445	0.664783	3.120191	0.445697
247.500000	0	0.162123	0.010691	1.237355	0.072195
247.500000	1	1.682338	0.394450	3.650352	0.521714
247.750000	0	0.163711	0.012362	0.945492	0.067670
247.750000	1	1.558625	0.392676	3.594780	0.471931
248.000000	0	0.165715	0.023843	0.919013	0.069678
248.000000	1	1.568875	0.437747	3.419661	0.493098
248.250000	0	0.169502	0.027781	1.113172	0.083130
248.250000	1	1.628154	0.354018	4.161072	0.542691
248.500000	0	0.164191	0.007334	1.053341	0.070571
248.500000	1	1.585446	0.259890	3.601967	0.521677
248.750000	0	0.165569	0.009723	0.756614	0.073478
248.750000	1	1.534889	0.029033	2.585964	0.366237
249.000000	0	0.166027	0.034221	1.241065	0.085937
249.000000	1	1.584529	0.024318	3.359538	0.483503
249.250000	0	0.164902	0.020129	1.343022	0.077316
249.250000	1	1.547195	0.416657	2.921399	0.392281
249.500000	0	0.160883	0.009792	1.042835	0.060723
249.500000	1	1.594934	0.441012	3.008744	0.433275
249.750000	0	0.159085	0.011112	0.743902	0.058220
249.750000	1	1.547493	0.139258	3.894645	0.474652
250.000000	0	0.165100	0.031585	1.224370	0.081448
250.000000	1	1.612083	0.619694	3.661534	0.475457
250.250000	0	0.165752	0.024976	1.074345	0.076328
250.250000	1	1.634617	0.368018	8.452152	0.955486
250.500000	0	0.169133	0.007815	4.266401	0.166774
250.500000	1	1.658678	0.374325	5.759837	0.572465
250.750000	0	0.167562	0.011364	1.721243	0.090165
250.750000	1	1.611686	0.482908	5.249895	0.568209
251.000000	0	0.169330	0.016612	1.118443	0.089353
251.000000	1	1.593700	0.256306	4.512077	0.494468
251.250000	0	0.165505	0.034304	1.012551	0.077752
251.250000	1	1.586847	0.531899	2.918635	0.434089
251.500000	0	0.169041	0.009958	0.996864	0.081596
251.500000	1	1.625849	0.076080	3.136340	0.411883
251.750000	0	0.164866	0.033282	0.904125	0.056357
251.750000	1	1.517114	0.414482	2.676000	0.325556
252.000000	0	0.163155	0.039284	0.727482	0.069082
252.000000	1	1.631851	0.569972	3.252545	0.458364
252.250000	0	0.163081	0.018520	0.920551	0.064321
252.250000	1	1.587831	0.413228	3.687829	0.477694
252.500000	0	0.163431	0.027078	0.900222	0.065417
252.500000	1	1.629699	0.633307	3.143709	0.425075
252.750000	0	0.165903	0.015053	0.950152	0.079810
252.750000	1	1.614577	0.621653	3.392854	0.459214
253.000000	0	0.164648	0.016298	0.877278	0.070810
253.000000	1	1.542500	0.482831	3.418861	0.422062
253.250000	0	0.163721	0.029753	1.136172	0.079530
253.250000	1	1.552769	0.242359	3.084369	0.489530
253.500000	0	0.166031	0.015953	1.143863	0.076324
253.500000	1	1.575307	0.287367	3.492416	0.421295
253.750000	0	0.163046	0.019046	1.725091	0.083131
253.750000	1	1.593557	0.242827	3.668939	0.460579
254.000000	0	0.163646	0.017092	0.858251	0.073031
254.000000	1	1.568535	0.549282	3.814150	0.456275
254.250000	0	0.165501	0.019008	1.032769	0.071644
254.250000	1	1.578997	0.507698	2.956485	0.382034
254.500000	0	0.165683	0.014901	1.135397	0.086121
254.500000	1	1.608650	0.273962	3.056553	0.453462
254.750000	0	0.165012	0.008958	1.353462	0.088141
254.750000	1	1.534263	0.445684	3.645639	0.416282
255.000000	0	0.163672	0.020570	0.845399	0.072390
255.000000	1	1.600721	0.098450	4.109813	0.538742
255.250000	0	0.166982	0.024632	1.242998	0.082056
255.250000	1	1.580380	0.237056	3.140315	0.455536
255.500000	0	0.167711	0.012204	1.274623	0.090496
255.500000	1	1.657031	0.836809	3.548411	0.434031
255.750000	0	0.167708	0.017738	1.060773	0.080791
255.750000	1	1.574655	0.463785	2.690677	0.344596
256.000000	0	0.165153	0.019490	0.890613	0.064760
256.000000	1	1.594549	0.322887	2.562482	0.355782
256.250000	0	0.164875	0.009288	1.000120	0.079432
256.250000	1	1.569656	0.373351	3.844883	0.457614
256.500000	0	0.160915	0.007740	0.782301	0.063863
256.500000	1	1.623440	0.699398	3.217585	0.448054
256.750000	0	0.162352	0.008332	0.836381	0.064209
256.750000	1	1.572217	0.515238	3.203258	0.420816
257.000000	0	0.161834	0.022603	0.776176	0.057425
257.000000	1	1.585048	0.443451	3.958624	0.505056
257.250000	0	0.164291	0.019266	1.559410	0.088187
257.250000	1	1.580128	0.273061	3.592417	0.517595
257.500000	0	0.166620	0.023947	1.298682	0.080286
257.500000	1	1.528773	0.812119	2.412052	0.285996
257.750000	0	0.168061	0.016721	1.329380	0.086348
257.750000	1	1.516677	0.538291	2.736811	0.367389
258.000000	0	0.166280	0.035369	1.279751	0.087250
258.000000	1	1.692397	0.664622	4.045632	0.578436
258.250000	0	0.161863	0.012238	0.679794	0.056339
258.250000	1	1.573897	0.353456	3.379220	0.415875
258.500000	0	0.160655	0.006921	0.785557	0.062872
258.500000	1	1.596213	0.490923	3.484841	0.439339
258.750000	0	0.162335	0.011473	1.090476	0.069545
258.750000	1	1.603786	0.756380	4.414721	0.519164
259.000000	0	0.164410	0.016619	1.985816	0.093554
259.000000	1	1.589250	0.323448	3.391250	0.463465
259.250000	0	0.171237	0.024768	1.910320	0.126695
259.250000	1	1.595585	0.387775	8.400972	0.850165
259.500000	0	0.162581	0.037081	1.022669	0.066336
259.500000	1	1.603530	0.315954	3.813047	0.510879
259.750000	0	0.170455	0.022498	1.221829	0.084409
259.750000	1	1.533087	0.561571	2.879397	0.419024
260.000000	0	0.169778	0.008747	1.340939	0.096472
260.000000	1	1.601073	0.614727	3.386677	0.460359
260.250000	0	0.161095	0.027058	0.880511	0.060151
260.250000	1	1.485979	0.383004	3.698803	0.435946
260.500000	0	0.168682	0.006027	1.198051	0.086035
260.500000	1	1.528802	0.433550	2.782564	0.405421
260.750000	0	0.168165	0.017725	1.346094	0.088724
260.750000	1	1.566788	0.174561	3.150684	0.399201
261.000000	0	0.170755	0.015498	1.745914	0.104426
261.000000	1	1.547942	0.416140	3.846755	0.454645
261.250000	0	0.173613	0.012775	1.441760	0.098699
261.250000	1	1.661929	0.334680	3.878644	0.572147
261.500000	0	0.163578	0.014513	0.636593	0.058514
261.500000	1	1.638845	0.239155	3.237821	0.525764
261.750000	0	0.164270	0.014349	0.990490	0.073452
261.750000	1	1.580389	0.366320	3.295329	0.473638
262.000000	0	0.161842	0.010089	0.815548	0.061994
262.000000	1	1.586175	0.374934	3.087088	0.457432
262.250000	0	0.171157	0.017715	1.434094	0.102383
262.250000	1	1.684483	0.694999	3.877015	0.512285
262.500000	0	0.165049	0.030310	1.403265	0.083598
262.500000	1	1.590812	0.787299	3.302204	0.413311
262.750000	0	0.161375	0.009991	1.255283	0.076591
262.750000	1	1.564126	0.029923	3.162897	0.427668
263.000000	0	0.164104	0.013833	1.035436	0.063084
263.000000	1	1.559790	0.576926	3.373874	0.385096
263.250000	0	0.165494	0.025112	0.890295	0.071467
263.250000	1	1.708913	0.709921	3.525122	0.530461
263.500000	0	0.161524	0.013078	1.372298	0.071715
263.500000	1	1.542109	0.541469	3.143348	0.416883
263.750000	0	0.165174	0.024872	1.596770	0.083599
263.750000	1	1.618221	0.520258	3.377638	0.427966
264.000000	0	0.165072	0.024412	1.200071	0.079868
264.000000	1	1.542114	0.481674	3.234379	0.375489
264.250000	0	0.167480	0.031868	1.285706	0.080787
264.250000	1	1.559056	0.333142	4.226582	0.490122
264.500000	0	0.164378	0.011041	1.072187	0.078646
264.500000	1	1.584185	0.741352	3.610903	0.425006
264.750000	0	0.167118	0.010123	1.268399	0.083797
264.750000	1	1.613578	0.417269	3.665656	0.484676
265.000000	0	0.164288	0.006077	1.100279	0.080114
265.000000	1	1.602506	0.135480	3.329195	0.519667
265.250000	0	0.167459	0.023490	1.058735	0.087131
265.250000	1	1.644324	0.376325	4.371732	0.564221
265.500000	0	0.166142	0.038005	1.118991	0.082978
265.500000	1	1.715522	0.570222	4.641446	0.601342
265.750000	0	0.161476	0.013294	1.299644	0.067240
265.750000	1	1.534454	0.293195	3.832744	0.501437
266.000000	0	0.163116	0.023248	0.658084	0.059433
266.000000	1	1.606448	0.477051	3.521566	0.436860
266.250000	0	0.163340	0.010624	1.131741	0.072902
266.250000	1	1.577816	0.253193	3.953032	0.495551
266.500000	0	0.166309	0.007549	1.077954	0.078239
266.500000	1	1.511524	0.226553	2.598964	0.350597
266.750000	0	0.163131	0.022893	1.459996	0.080078
266.750000	1	1.601310	0.413308	3.445422	0.413021
267.000000	0	0.166474	0.020984	0.797058	0.070439
267.000000	1	1.575278	0.446553	2.937084	0.380900
267.250000	0	0.170154	0.015871	1.220247	0.097840
267.250000	1	1.536467	0.425057	2.677374	0.326454
267.500000	0	0.166351	0.021270	1.485350	0.075225
267.500000	1	1.524937	0.538933	3.436722	0.406721
267.750000	0	0.168730	0.013619	1.234032	0.081978
267.750000	1	1.536982	0.394244	2.645725	0.387714
268.000000	0	0.165940	0.012460	1.027702	0.079835
268.000000	1	1.549903	0.205490	3.023351	0.433664
268.250000	0	0.168132	0.009089	1.387869	0.095577
268.250000	1	1.630563	0.336576	3.093071	0.477393
268.500000	0	0.168094	0.036527	1.067898	0.083336
268.500000	1	1.571206	0.166594	3.671317	0.456236
268.750000	0	0.169166	0.014325	1.128646	0.084402
268.750000	1	1.596524	0.794499	3.777324	0.405841
269.000000	0	0.165622	0.028400	1.101218	0.070828
269.000000	1	1.625130	0.115422	4.141299	0.489990
269.250000	0	0.160294	0.016394	1.627481	0.082970
269.250000	1	1.626902	0.165015	4.347307	0.485373
269.500000	0	0.167120	0.009558	1.200768	0.088230
269.500000	1	1.526845	0.403069	3.067677	0.422202
269.750000	0	0.172118	0.007556	1.230835	0.096957
269.750000	1	1.674406	0.551350	3.240021	0.447522
270.000000	0	0.165793	0.010982	2.035172	0.097457
270.000000	1	1.541270	0.465336	2.546659	0.274908
270.250000	0	0.164501	0.015270	0.717568	0.064277
270.250000	1	1.555965	0.353887	3.115091	0.424415
270.500000	0	0.163258	0.011986	1.106056	0.066433
270.500000	1	1.568543	0.463922	3.383378	0.440561
270.750000	0	0.169110	0.004989	1.198942	0.091293
270.750000	1	1.643469	0.576319	3.518981	0.481570
271.000000	0	0.168402	0.019742	1.841802	0.097530
271.000000	1	1.594684	0.475405	3.375643	0.406371
271.250000	0	0.163672	0.033024	1.411203	0.074248
271.250000	1	1.623116	0.390646	3.421136	0.511279
271.500000	0	0.165293	0.026480	1.461111	0.086174
271.500000	1	1.551556	0.547261	3.524618	0.461820
271.750000	0	0.169459	0.037013	1.173064	0.083257
271.750000	1	1.515570	0.366198	3.238709	0.388382
272.000000	0	0.161692	0.008425	1.233217	0.073749
272.000000	1	1.686075	0.310464	3.647731	0.561364
272.250000	0	0.171012	0.013282	1.532220	0.104912
272.250000	1	1.595764	0.239602	3.583290	0.505446
272.500000	0	0.170597	0.008280	2.037231	0.107510
272.500000	1	1.559060	0.396764	2.943230	0.381984
272.750000	0	0.167129	0.021876	1.770437	0.100483
272.750000	1	1.574076	0.282387	3.632419	0.494838
273.000000	0	0.168804	0.010956	1.235517	0.088474
273.000000	1	1.566202	0.306882	3.055403	0.431712
273.250000	0	0.166612	0.027814	1.047703	0.080543
273.250000	1	1.553484	0.411055	3.037836	0.414164
273.500000	0	0.166605	0.021874	1.057438	0.077790
273.500000	1	1.608067	0.420357	3.872623	0.449118
273.750000	0	0.163108	0.028438	0.742115	0.065505
273.750000	1	1.515464	0.847357	2.352357	0.266802
274.000000	0	0.163304	0.005328	0.925680	0.069704
274.000000	1	1.623361	0.372264	3.023756	0.442420
274.250000	0	0.167284	0.014692	1.908662	0.103824
274.250000	1	1.564559	0.284695	6.633486	0.657282
274.500000	0	0.167472	0.022450	0.833051	0.071952
274.500000	1	1.567550	0.290358	3.911867	0.500621
274.750000	0	0.165026	0.013995	0.920727	0.071465
274.750000	1	1.633053	0.390810	3.916207	0.504164
275.000000	0	0.164987	0.005599	0.975140	0.069359
275.000000	1	1.545449	0.446455	3.735033	0.451469
275.250000	0	0.169492	0.003544	1.201609	0.083482
275.250000	1	1.606846	0.327778	3.317452	0.453869
275.500000	0	0.162671	0.023294	0.971377	0.067721
275.500000	1	1.582215	0.489511	3.242061	0.406831
275.750000	0	0.164846	0.020649	0.758983	0.069447
275.750000	1	1.622451	0.392656	2.968351	0.396598
276.000000	0	0.169498	0.024621	1.131987	0.078506
276.000000	1	1.536057	0.571365	2.644440	0.345373
276.250000	0	0.165228	0.025646	1.215141	0.076075
276.250000	1	1.584051	0.789516	4.170581	0.425499
276.500000	0	0.162361	0.019504	0.954777	0.070047
276.500000	1	1.575128	0.285492	3.206595	0.453226
276.750000	0	0.167653	0.016891	1.430506	0.096120
276.750000	1	1.626794	0.306695	3.353923	0.521018
277.000000	0	0.168375	0.011321	0.962986	0.072442
277.000000	1	1.722626	0.505139	3.722994	0.563296
277.250000	0	0.164557	0.012654	0.711799	0.061760
277.250000	1	1.590720	0.813099	2.834030	0.320487
277.500000	0	0.161143	0.023157	0.708804	0.052456
277.500000	1	1.543070	0.472455	3.090806	0.406295
277.750000	0	0.164971	0.017290	1.112027	0.078043
277.750000	1	1.627292	0.383539	3.779812	0.503003
278.000000	0	0.167367	0.011349	1.705451	0.105242
278.000000	1	1.589382	0.246228	3.708520	0.502661
278.250000	0	0.163032	0.031739	1.055320	0.068448
278.250000	1	1.607086	0.350417	3.579851	0.507981
278.500000	0	0.162646	0.025876	0.756742	0.058266
278.500000	1	1.586842	0.158797	2.973053	0.448744
278.750000	0	0.163560	0.013342	1.227008	0.070293
278.750000	1	1.571862	0.116124	3.469771	0.529328
279.000000	0	0.162131	0.015412	1.125179	0.074975
279.000000	1	1.522304	0.311711	3.596275	0.369964
279.250000	0	0.163801	0.036873	1.160455	0.076176
279.250000	1	1.514635	0.369281	3.252698	0.372315
279.500000	0	0.167527	0.032851	1.004764	0.078410
279.500000	1	1.583878	0.524416	3.637502	0.424404
279.750000	0	0.163250	0.015458	1.078183	0.071673
279.750000	1	1.611684	0.224736	3.378110	0.469715
280.000000	0	0.164558	0.022556	2.081598	0.093034
280.000000	1	1.541491	0.561920	2.852440	0.386534
280.250000	0	0.164128	0.014678	0.989955	0.067594
280.250000	1	1.683169	0.519807	3.677343	0.517721
280.500000	0	0.166042	0.018922	1.046392	0.070451
280.500000	1	1.566954	0.478853	3.205285	0.417865
280.750000	0	0.164502	0.006499	1.167529	0.075848
280.750000	1	1.530833	0.253331	3.807921	0.477878
281.000000	0	0.163915	0.014337	0.779290	0.058904
281.000000	1	1.630394	0.548678	3.600789	0.414486
281.250000	0	0.166927	0.013516	1.690607	0.101842
281.250000	1	1.580062	0.627359	3.557102	0.454460
281.500000	0	0.163855	0.016836	1.179695	0.077375
281.500000	1	1.589033	0.407627	3.361046	0.417674
281.750000	0	0.159002	0.011205	0.524414	0.044301
281.750000	1	1.578441	0.361528	2.822781	0.368648
282.000000	0	0.160774	0.006254	1.409699	0.080432
282.000000	1	1.567614	0.189536	3.544459	0.433124
282.250000	0	0.165680	0.004487	1.098673	0.082491
282.250000	1	1.503091	0.369094	2.658872	0.376333
282.500000	0	0.170231	0.039081	1.292801	0.091407
282.500000	1	1.646321	0.285288	3.306034	0.410105
282.750000	0	0.166448	0.012985	1.713928	0.096206
282.750000	1	1.610085	0.486362	4.523630	0.513157
283.000000	0	0.168669	0.016861	0.935255	0.070983
283.000000	1	1.577726	0.214575	2.954789	0.457844
283.250000	0	0.167930	0.009643	1.075837	0.073308
283.250000	1	1.546938	0.403304	3.853642	0.401611
283.500000	0	0.171337	0.008327	1.187460	0.096312
283.500000	1	1.535430	0.275600	3.648505	0.513842
283.750000	0	0.161279	0.022030	0.998862	0.069392
283.750000	1	1.618133	0.470499	4.038186	0.515015
284.000000	0	0.166645	0.030293	1.816438	0.106421
284.000000	1	1.581678	0.497888	4.479104	0.527144
284.250000	0	0.170506	0.016354	1.639759	0.106447
284.250000	1	1.577653	0.260047	2.823375	0.410768
284.500000	0	0.164711	0.008506	1.282812	0.080013
284.500000	1	1.583296	0.281556	3.350006	0.450407
284.750000	0	0.164728	0.017904	1.403459	0.080033
284.750000	1	1.643975	0.407087	3.848419	0.515133
285.000000	0	0.167158	0.018436	1.275435	0.084393
285.000000	1	1.657304	0.386098	3.592411	0.497896
285.250000	0	0.166915	0.028331	1.407170	0.082254
285.250000	1	1.540673	0.199188	3.256831	0.398795
285.500000	0	0.173203	0.039123	1.088527	0.092448
285.500000	1	1.512210	0.112499	3.069882	0.419749
285.750000	0	0.166905	0.024089	1.286502	0.073506
285.750000	1	1.614234	0.646681	2.938120	0.446299
286.000000	0	0.164391	0.004779	1.059246	0.075926
286.000000	1	1.590486	0.331359	2.667896	0.367378
286.250000	0	0.167697	0.028691	1.303008	0.094006
286.250000	1	1.630645	0.293478	3.195187	0.448813
286.500000	0	0.168813	0.032732	1.201195	0.072857
286.500000	1	1.485796	0.390375	2.791636	0.379758
286.750000	0	0.167449	0.005593	1.327055	0.080237
286.750000	1	1.557879	0.448993	2.905096	0.411685
287.000000	0	0.168796	0.008012	1.249830	0.089698
287.000000	1	1.561595	0.665614	3.138915	0.369289
287.250000	0	0.170652	0.019799	1.428921	0.094347
287.250000	1	1.582927	0.437893	2.613726	0.353442
287.500000	0	0.166406	0.028272	0.986829	0.078089
287.500000	1	1.536117	0.227690	3.112381	0.381855
287.750000	0	0.165644	0.013606	0.992641	0.065912
287.750000	1	1.510206	0.153308	2.891717	0.477306
288.000000	0	0.168801	0.012186	1.223905	0.086715
288.000000	1	1.685886	0.689904	3.251400	0.498861
288.250000	0	0.163772	0.009589	1.784403	0.094250
288.250000	1	1.561969	0.423125	3.053151	0.424179
288.500000	0	0.170379	0.016605	1.456038	0.099623
288.500000	1	1.556459	0.129959	3.679665	0.503209
288.750000	0	0.166125	0.021524	0.871451	0.075569
288.750000	1	1.588105	0.278254	3.065265	0.379913
289.000000	0	0.167811	0.030438	1.166223	0.076969
289.000000	1	1.542015	0.529565	2.460535	0.307515
289.250000	0	0.167050	0.040766	1.390905	0.079509
289.250000	1	1.575988	0.636741	3.993973	0.440332
289.500000	0	0.165981	0.009559	1.039150	0.073389
289.500000	1	1.563988	0.191946	3.233780	0.440066
289.750000	0	0.168635	0.037150	0.745855	0.067649
289.750000	1	1.558482	0.388737	3.669233	0.440210
290.000000	0	0.164752	0.013527	0.726791	0.070427
290.000000	1	1.508242	0.279316	2.735377	0.385696
290.250000	0	0.165848	0.006543	0.928472	0.067092
290.250000	1	1.539318	0.251622	2.699968	0.355415
290.500000	0	0.164225	0.014065	1.091227	0.071116
290.500000	1	1.590786	0.080234	3.554881	0.446724
290.750000	0	0.162875	0.006250	0.862559	0.066370
290.750000	1	1.550566	0.531487	2.645025	0.327144
291.000000	0	0.160632	0.038541	0.869747	0.054429
291.000000	1	1.512192	0.254501	3.253092	0.402182
291.250000	0	0.167766	0.028207	1.980277	0.099755
291.250000	1	1.622968	0.518306	3.979333	0.525808
291.500000	0	0.165747	0.023928	1.033063	0.070458
291.500000	1	1.596434	0.109822	3.343093	0.549873
291.750000	0	0.170709	0.005307	1.152719	0.096508
291.750000	1	1.543638	0.558659	3.067308	0.437650
292.000000	0	0.169856	0.033148	1.554611	0.097814
292.000000	1	1.589717	0.484311	4.351109	0.504752
292.250000	0	0.174181	0.023314	1.599084	0.107969
292.250000	1	1.636797	0.258713	3.423788	0.494344
292.500000	0	0.164738	0.019647	1.061083	0.069577
292.500000	1	1.572402	0.453298	3.602611	0.472993
292.750000	0	0.171426	0.014010	1.588013	0.100837
292.750000	1	1.546424	0.411469	3.026475	0.465830
293.000000	0	0.163263	0.004060	1.169638	0.067920
293.000000	1	1.600362	0.106469	3.461510	0.481824
293.250000	0	0.167011	0.017461	1.299960	0.073594
293.250000	1	1.637422	0.396471	3.858017	0.497149
293.500000	0	0.166562	0.019825	0.961911	0.079757
293.500000	1	1.650330	0.303012	3.688065	0.566603
293.750000	0	0.163896	0.029536	0.781956	0.059653
293.750000	1	1.580456	0.641736	3.194939	0.382408
294.000000	0	0.167509	0.021995	1.337143	0.095125
294.000000	1	1.573377	0.194038	3.786594	0.391544
294.250000	0	0.168280	0.013538	1.278152	0.091448
294.250000	1	1.573855	0.313567	3.499788	0.511008
294.500000	0	0.173260	0.026371	1.932554	0.119126
294.500000	1	1.616786	0.320414	4.204661	0.554905
294.750000	0	0.166317	0.028835	1.251873	0.076690
294.750000	1	1.754056	0.558515	3.731324	0.619181
295.000000	0	0.166678	0.033952	1.370960	0.083415
295.000000	1	1.680288	0.445744	4.116356	0.502662
295.250000	0	0.162912	0.022852	1.294798	0.076332
295.250000	1	1.537664	0.520059	3.635180	0.377112
295.500000	0	0.165899	0.011438	1.648272	0.088721
295.500000	1	1.560128	0.188484	3.252218	0.467778
295.750000	0	0.165888	0.019103	1.380053	0.082807
295.750000	1	1.644858	0.377767	4.255860	0.567719
296.000000	0	0.164606	0.030068	1.243900	0.082313
296.000000	1	1.532509	0.310719	3.128760	0.382099
296.250000	0	0.168885	0.010457	1.225511	0.094742
296.250000	1	1.544011	0.491432	2.842405	0.400056
296.500000	0	0.167024	0.024185	1.451914	0.088471
296.500000	1	1.577765	0.615395	3.462539	0.406843
296.750000	0	0.167403	0.005966	1.055568	0.078428
296.750000	1	1.570852	0.232219	3.135823	0.499604
297.000000	0	0.170197	0.015433	1.457293	0.091647
297.000000	1	1.594902	0.780582	2.983948	0.386152
297.250000	0	0.170049	0.013613	0.913481	0.078163
297.250000	1	1.512286	0.475898	2.756417	0.320096
297.500000	0	0.169431	0.022023	1.301827	0.089038
297.500000	1	1.642068	0.385974	3.478087	0.538098
297.750000	0	0.164341	0.010792	0.988208	0.076359
297.750000	1	1.579193	0.573197	4.902654	0.475206
298.000000	0	0.162123	0.004031	1.010574	0.069124
298.000000	1	1.571249	0.413367	3.543552	0.420807
298.250000	0	0.160133	0.022202	1.281561	0.069790
298.250000	1	1.536539	0.200578	3.363594	0.435250
298.500000	0	0.171875	0.022462	1.988037	0.114222
298.500000	1	1.596796	0.573598	3.175072	0.488493
298.750000	0	0.168895	0.029639	1.173908	0.085920
298.750000	1	1.595391	0.145362	3.896382	0.595356
299.000000	0	0.164911	0.007596	1.151597	0.065605
299.000000	1	1.627251	0.700793	3.167867	0.464714
299.250000	0	0.165089	0.014105	1.178895	0.075481
299.250000	1	1.543035	0.280620	2.961756	0.457267
299.500000	0	0.166860	0.013955	1.160768	0.086242
299.500000	1	1.613427	0.507903	2.954993	0.409979
299.750000	0	0.162479	0.019200	0.962127	0.065460
299.750000	1	1.667072	0.795806	4.429222	0.495159
300.000000	0	0.168720	0.014537	1.286382	0.094446
300.000000	1	1.556973	0.505829	2.551373	0.334919
300.250000	0	0.165787	0.020119	1.014242	0.074106
300.250000	1	1.560259	0.321691	3.354849	0.460842
300.500000	0	0.166798	0.009085	1.827843	0.111030
300.500000	1	1.617498	0.039197	3.534770	0.489268
300.750000	0	0.163309	0.013326	1.170918	0.081467
300.750000	1	1.648843	0.599468	2.933148	0.418935
301.000000	0	0.169423	0.012238	2.165600	0.108403
301.000000	1	1.547509	0.216098	3.128551	0.421364
301.250000	0	0.169017	0.012480	1.024442	0.073087
301.250000	1	1.590577	0.712692	2.659385	0.346646
301.500000	0	0.169156	0.027523	1.249623	0.080594
301.500000	1	1.623702	0.335208	3.803251	0.483957
301.750000	0	0.161737	0.031813	1.198424	0.067764
301.750000	1	1.587181	0.296770	3.263586	0.413364
302.000000	0	0.161785	0.029151	0.962732	0.068704
302.000000	1	1.566647	0.098463	2.733767	0.371248
302.250000	0	0.164937	0.007398	1.305798	0.078771
302.250000	1	1.555623	0.553239	3.015716	0.325108
302.500000	0	0.161832	0.010950	1.108853	0.074618
302.500000	1	1.523533	0.457516	2.738413	0.357871
302.750000	0	0.165467	0.018891	0.880586	0.068148
302.750000	1	1.541520	0.385732	2.683603	0.404072
303.000000	0	0.164185	0.020361	1.375816	0.083420
303.000000	1	1.535909	0.135111	3.762184	0.512150
303.250000	0	0.165758	0.020344	2.123341	0.117570
303.250000	1	1.613223	0.595103	3.861498	0.473633
303.500000	0	0.168275	0.023276	0.864370	0.071563
303.500000	1	1.532768	0.212671	2.767036	0.345663
303.750000	0	0.165686	0.019407	1.207057	0.072897
303.750000	1	1.545099	0.456348	3.775062	0.452017
304.000000	0	0.156792	0.010637	0.922973	0.056959
304.000000	1	1.611527	0.520786	3.851364	0.457844
304.250000	0	0.156932	0.022215	0.643416	0.049409
304.250000	1	1.642191	0.532421	2.856550	0.388386
304.500000	0	0.164411	0.029530	1.180401	0.071455
304.500000	1	1.574249	0.265738	2.646587	0.362809
304.750000	0	0.160824	0.015822	0.886665	0.060957
304.750000	1	1.600414	0.604860	3.573350	0.459552
305.000000	0	0.164146	0.024671	1.566064	0.083833
305.000000	1	1.553275	0.374599	3.230164	0.435538
305.250000	0	0.166065	0.029294	1.005153	0.075586
305.250000	1	1.523243	0.621297	2.668147	0.376666
305.500000	0	0.165619	0.025557	1.154413	0.077084
305.500000	1	1.583047	0.532032	3.159651	0.497542
305.750000	0	0.163326	0.007142	1.210372	0.070357
305.750000	1	1.754276	0.404259	9.401857	1.095165
306.000000	0	0.172245	0.016811	1.292876	0.086565
306.000000	1	1.624510	0.514126	3.480343	0.458641
306.250000	0	0.168505	0.022223	1.725695	0.090216
306.250000	1	1.549504	0.568834	2.336337	0.302965
306.500000	0	0.168215	0.012661	2.195604	0.098223
306.500000	1	1.646667	0.605594	3.991752	0.509306
306.750000	0	0.164974	0.015778	1.288934	0.094754
306.750000	1	1.616404	0.445502	2.970802	0.369067
307.000000	0	0.161926	0.016593	0.978474	0.063954
307.000000	1	1.557073	0.586712	3.209087	0.418200
307.250000	0	0.164261	0.016412	1.246148	0.083068
307.250000	1	1.556923	0.131598	3.738677	0.495494
307.500000	0	0.163918	0.026168	1.252523	0.076111
307.500000	1	1.574729	0.644556	3.322723	0.406201
307.750000	0	0.166422	0.009782	1.093368	0.079891
307.750000	1	1.571181	0.278343	2.972769	0.354409
308.000000	0	0.165484	0.017520	0.943002	0.067287
308.000000	1	1.503736	0.479409	2.724391	0.328455
308.250000	0	0.167671	0.011923	1.440705	0.094088
308.250000	1	1.572110	0.522543	2.714503	0.361510
308.500000	0	0.161396	0.017498	0.856121	0.064226
308.500000	1	1.599298	0.334368	5.045545	0.582220
308.750000	0	0.165964	0.018155	1.481669	0.086803
308.750000	1	1.540966	0.476500	2.937250	0.374947
309.000000	0	0.162104	0.034573	0.561852	0.051663
309.000000	1	1.581529	0.148743	2.749125	0.460436
309.250000	0	0.166093	0.030685	1.243231	0.081396
309.250000	1	1.662798	0.479444	4.908364	0.601721
309.500000	0	0.163889	0.009282	1.037267	0.069709
309.500000	1	1.583668	0.335042	3.022514	0.401248
309.750000	0	0.160062	0.010906	0.632171	0.054962
309.750000	1	1.500995	0.287364	2.781210	0.374494
310.000000	0	0.167016	0.022181	1.276021	0.094763
310.000000	1	1.590021	0.309820	2.781641	0.447353
310.250000	0	0.168649	0.015432	1.604651	0.093896
310.250000	1	1.496402	0.202529	2.812701	0.434770
310.500000	0	0.168567	0.008598	1.250207	0.088782
310.500000	1	1.550241	0.395064	3.085725	0.384634
310.750000	0	0.164151	0.017743	0.704021	0.061907
310.750000	1	1.602053	0.532131	3.106104	0.444210
311.000000	0	0.164272	0.008524	1.385468	0.086241
311.000000	1	1.637157	0.250319	3.250025	0.425709
311.250000	0	0.166467	0.020969	1.181638	0.095110
311.250000	1	1.588086	0.375323	3.592401	0.535730
311.500000	0	0.168734	0.025881	1.211504	0.078608
311.500000	1	1.584564	0.786584	3.471174	0.407379
311.750000	0	0.164359	0.025344	1.196429	0.078072
311.750000	1	1.539987	0.208786	3.071826	0.420855
312.000000	0	0.160274	0.015566	0.947313	0.069498
312.000000	1	1.566114	0.550512	3.437643	0.480645
312.250000	0	0.166175	0.027674	1.082453	0.069701
312.250000	1	1.544222	0.618565	2.643871	0.332608
312.500000	0	0.166748	0.011215	1.159500	0.087262
312.500000	1	1.574477	0.530123	2.865410	0.315720
312.750000	0	0.164952	0.018332	1.116554	0.079955
312.750000	1	1.581178	0.144319	3.410896	0.411287
313.000000	0	0.168500	0.028628	1.390816	0.086477
313.000000	1	1.518537	0.345905	2.801742	0.401699
313.250000	0	0.166442	0.005359	1.601361	0.095351
313.250000	1	1.593834	0.541790	3.111982	0.431127
313.500000	0	0.168337	0.020576	0.890459	0.076543
313.500000	1	1.585305	0.208866	3.086862	0.447193
313.750000	0	0.158722	0.008169	0.537694	0.051121
313.750000	1	1.617413	0.564689	3.012381	0.440219
314.000000	0	0.164982	0.006923	1.074295	0.079178
314.000000	1	1.556706	0.590989	3.075982	0.464591
314.250000	0	0.164592	0.016043	1.061427	0.069337
314.250000	1	1.617346	0.420650	3.563613	0.530387
314.500000	0	0.166297	0.013351	1.034883	0.076663
314.500000	1	1.515319	0.185811	2.985922	0.400619
314.750000	0	0.162426	0.005595	1.134796	0.073583
314.750000	1	1.649429	0.355244	3.437274	0.530386
315.000000	0	0.168654	0.005135	0.931248	0.069183
315.000000	1	1.593639	0.537975	3.433273	0.351756
315.250000	0	0.167545	0.013117	1.081134	0.073167
315.250000	1	1.572650	0.553325	3.120223	0.387885
315.500000	0	0.165792	0.020265	1.659882	0.086834
315.500000	1	1.610314	0.374675	3.764431	0.512008
315.750000	0	0.160567	0.005865	0.842212	0.061344
315.750000	1	1.610811	0.598703	2.641855	0.325735
316.000000	0	0.162065	0.016953	1.126446	0.068696
316.000000	1	1.605163	0.512150	2.968606	0.416219
316.250000	0	0.162924	0.011884	0.863089	0.068769
316.250000	1	1.591065	0.222853	3.399701	0.407468
316.500000	0	0.161527	0.004183	0.862378	0.065912
316.500000	1	1.564817	0.109892	3.398819	0.405634
316.750000	0	0.168995	0.006384	1.195776	0.087668
316.750000	1	1.581005	0.847653	3.617436	0.410649
317.000000	0	0.166889	0.018544	1.292567	0.092678
317.000000	1	1.544915	0.441602	3.504298	0.454054
317.250000	0	0.165733	0.015816	1.140287	0.070816
317.250000	1	1.553538	0.136632	3.338408	0.480615
317.500000	0	0.161729	0.018292	0.814355	0.060214
317.500000	1	1.574930	0.662399	3.449667	0.439223
317.750000	0	0.165775	0.010339	1.420546	0.091716
317.750000	1	1.613510	0.314116	4.678493	0.575175
318.000000	0	0.162654	0.019494	1.168194	0.069342
318.000000	1	1.586041	0.392422	2.867565	0.424281
318.250000	0	0.164994	0.010690	0.816194	0.061038
318.250000	1	1.626915	0.628527	3.610263	0.472989
318.500000	0	0.166367	0.025454	1.131572	0.085966
318.500000	1	1.602698	0.245848	3.308896	0.446421
318.750000	0	0.163138	0.017084	0.867119	0.070976
318.750000	1	1.596825	0.343260	3.366875	0.504625
319.000000	0	0.162355	0.005103	0.732207	0.067171
319.000000	1	1.567151	0.328171	2.742111	0.359360
319.250000	0	0.164621	0.016389	1.161568	0.075000
319.250000	1	1.648489	0.294187	4.948785	0.559807
319.500000	0	0.160861	0.014779	0.971415	0.061385
319.500000	1	1.584437	0.487190	4.372971	0.457813
319.750000	0	0.161965	0.008980	1.303358	0.070970
319.750000	1	1.633492	0.208235	3.307080	0.478775
320.000000	0	0.164045	0.011168	1.448472	0.084101
320.000000	1	1.596478	0.441826	2.910679	0.423187
320.250000	0	0.163358	0.004700	1.957105	0.092384
320.250000	1	1.597116	0.134204	3.408897	0.504575
320.500000	0	0.161430	0.013871	1.056400	0.071286
320.500000	1	1.699273	0.813343	6.000987	0.676895
320.750000	0	0.164584	0.017086	1.034753	0.078448
320.750000	1	1.589764	0.248009	3.347158	0.482661
321.000000	0	0.162434	0.020996	0.974969	0.062363
321.000000	1	1.614446	0.388581	3.170387	0.531151
321.250000	0	0.159209	0.014299	0.585508	0.049844
321.250000	1	1.607027	0.456784	3.640743	0.464003
321.500000	0	0.160436	0.005010	1.454403	0.070010
321.500000	1	1.522146	0.806863	2.886375	0.297841
321.750000	0	0.164569	0.013744	0.970172	0.064494
321.750000	1	1.675353	0.432101	4.402867	0.547082
322.000000	0	0.165791	0.029973	0.992121	0.072839
322.000000	1	1.610403	0.358573	3.430851	0.475707
322.250000	0	0.162629	0.032926	1.294382	0.074558
322.250000	1	1.552654	0.354223	3.768400	0.486573
322.500000	0	0.162368	0.031051	0.849815	0.065206
322.500000	1	1.521272	0.442916	2.677615	0.355145
322.750000	0	0.164243	0.017307	1.050527	0.082681
322.750000	1	1.633644	0.056249	3.853879	0.505597
323.000000	0	0.160918	0.016118	0.830249	0.062318
323.000000	1	1.647900	0.326398	3.249270	0.432086
323.250000	0	0.156886	0.021563	0.421648	0.040703
323.250000	1	1.598721	0.469123	3.278214	0.384106
323.500000	0	0.162521	0.015588	1.637172	0.085006
323.500000	1	1.586378	0.533194	3.566681	0.398100
323.750000	0	0.165673	0.002379	1.183810	0.077129
323.750000	1	1.548477	0.497148	2.936129	0.400145
324.000000	0	0.167313	0.024456	2.918272	0.124551
324.000000	1	1.549494	0.333183	3.484693	0.409514
324.250000	0	0.166551	0.018945	0.932531	0.078250
324.250000	1	1.527917	0.439093	2.862137	0.404310
324.500000	0	0.169029	0.033193	1.910727	0.101121
324.500000	1	1.580301	0.395772	3.226201	0.540866
324.750000	0	0.164437	0.014341	1.559458	0.080095
324.750000	1	1.531696	0.230668	3.179586	0.472068
325.000000	0	0.160765	0.008972	0.778927	0.056960
325.000000	1	1.561754	0.560537	3.444098	0.436717
325.250000	0	0.163853	0.018987	1.033905	0.074252
325.250000	1	1.496451	0.459677	3.022020	0.395828
325.500000	0	0.162559	0.040730	0.805676	0.065964
325.500000	1	1.580579	0.389473	3.213846	0.409691
325.750000	0	0.164683	0.027265	1.073104	0.067716
325.750000	1	1.564512	0.349945	3.287191	0.436500
326.000000	0	0.161458	0.035510	1.534671	0.073657
326.000000	1	1.622018	0.280549	4.315733	0.578478
326.250000	0	0.168525	0.013390	1.517997	0.109803
326.250000	1	1.565430	0.450137	3.220396	0.409897
326.500000	0	0.162498	0.007631	0.857178	0.057153
326.500000	1	1.508220	0.319804	2.661898	0.345413
326.750000	0	0.165412	0.008634	1.612617	0.082740
326.750000	1	1.587805	0.290984	3.306161	0.414494
327.000000	0	0.166996	0.022809	1.195567	0.089653
327.000000	1	1.634413	0.150290	3.060033	0.498870
327.250000	0	0.161151	0.007760	0.906256	0.061036
327.250000	1	1.533475	0.423175	3.281195	0.442758
327.500000	0	0.167656	0.018620	1.048959	0.075439
327.500000	1	1.618392	0.392966	3.014390	0.430633
327.750000	0	0.165747	0.011710	0.938960	0.071259
327.750000	1	1.606412	0.483115	3.869331	0.496301
328.000000	0	0.158015	0.026804	0.955085	0.060819
328.000000	1	1.550007	0.567231	3.194313	0.387413
328.250000	0	0.162285	0.026035	1.154616	0.066749
328.250000	1	1.540330	0.098923	3.886164	0.459426
328.500000	0	0.167231	0.010762	0.905608	0.072147
328.500000	1	1.572558	0.365047	3.106231	0.443110
328.750000	0	0.165680	0.021681	1.303875	0.081370
328.750000	1	1.602168	0.265044	3.755731	0.509311
329.000000	0	0.164097	0.034080	1.105709	0.082855
329.000000	1	1.592618	0.412315	3.507235	0.427863
329.250000	0	0.164629	0.017608	1.191492	0.074430
329.250000	1	1.583524	0.111714	3.101027	0.417265
329.500000	0	0.167938	0.030439	1.508394	0.091371
329.500000	1	1.620275	0.422558	3.364289	0.420281
329.750000	0	0.163643	0.039150	1.036077	0.060151
329.750000	1	1.580274	0.253913	4.344470	0.545750
330.000000	0	0.163355	0.023796	0.824125	0.057756
330.000000	1	1.570665	0.425313	4.357082	0.510987
330.250000	0	0.160313	0.018024	1.142327	0.068930
330.250000	1	1.637154	0.239469	3.553358	0.519460
330.500000	0	0.157893	0.017689	1.055806	0.062636
330.500000	1	1.542936	0.586979	2.882644	0.373138
330.750000	0	0.159292	0.028742	1.287784	0.063491
330.750000	1	1.550172	0.240103	3.144980	0.484248
331.000000	0	0.164857	0.003469	0.851018	0.064361
331.000000	1	1.724285	0.650271	7.470505	0.815598
331.250000	0	0.165509	0.022614	1.243019	0.087961
331.250000	1	1.664029	0.697479	3.712675	0.465181
331.500000	0	0.159627	0.016334	0.717721	0.056872
331.500000	1	1.554752	0.500783	3.559001	0.486245
331.750000	0	0.167392	0.024897	1.695207	0.109157
331.750000	1	1.626111	0.304795	4.617029	0.560423
332.000000	0	0.164972	0.007249	1.494506	0.085873
332.000000	1	1.633861	0.633644	3.693599	0.490157
332.250000	0	0.164554	0.041274	0.984221	0.071700
332.250000	1	1.571326	0.362412	3.689489	0.447356
332.500000	0	0.163365	0.010173	1.031246	0.079860
332.500000	1	1.562677	0.260874	3.028474	0.467210
332.750000	0	0.168058	0.012285	1.059618	0.075226
332.750000	1	1.608187	0.833164	3.264186	0.383302
333.000000	0	0.163603	0.012098	1.576380	0.076670
333.000000	1	1.586583	0.543618	3.575085	0.398691
333.250000	0	0.162042	0.009864	1.320870	0.082347
333.250000	1	1.582829	0.542464	3.321703	0.409319
333.500000	0	0.165146	0.016411	1.291838	0.076682
333.500000	1	1.565855	0.465109	3.038202	0.402823
333.750000	0	0.166527	0.024037	0.870811	0.072009
333.750000	1	1.670883	0.099225	4.330131	0.554475
334.000000	0	0.163073	0.008179	0.985113	0.074321
334.000000	1	1.602048	0.430003	3.331455	0.401922
334.250000	0	0.162750	0.026261	1.036836	0.064779
334.250000	1	1.586400	0.135749	3.726355	0.455685
334.500000	0	0.161458	0.016590	0.799639	0.064643
334.500000	1	1.519772	0.047824	2.519299	0.377453
334.750000	0	0.164664	0.027112	1.007638	0.074940
334.750000	1	1.555349	0.248612	2.965656	0.450585
335.000000	0	0.159001	0.030420	1.190016	0.063596
335.000000	1	1.540656	0.229696	3.198674	0.455412
335.250000	0	0.168316	0.007545	1.126811	0.084218
335.250000	1	1.550574	0.631748	3.835471	0.441793
335.500000	0	0.160607	0.020607	0.587851	0.053792
335.500000	1	1.566462	0.403956	3.243249	0.445820
335.750000	0	0.165997	0.018295	1.234672	0.077004
335.750000	1	1.528006	0.553405	2.925869	0.378295
336.000000	0	0.161345	0.026772	0.778603	0.055296
336.000000	1	1.621354	0.800142	3.567170	0.493398
336.250000	0	0.162251	0.023607	0.866098	0.054114
336.250000	1	1.564325	0.440549	4.372346	0.482519
336.500000	0	0.159821	0.013675	0.849747	0.053235
336.500000	1	1.574612	0.241054	2.922063	0.447854
336.750000	0	0.161115	0.020251	1.157801	0.072819
336.750000	1	1.648364	0.261843	5.674273	0.713010
337.000000	0	0.165785	0.021882	0.797612	0.063142
337.000000	1	1.556261	0.224568	3.562655	0.497724
337.250000	0	0.161937	0.020996	1.319682	0.072753
337.250000	1	1.543920	0.600412	2.800739	0.380943
337.500000	0	0.162037	0.037984	1.308517	0.082516
337.500000	1	1.562092	0.347796	3.123032	0.400028
337.750000	0	0.163113	0.014145	2.137126	0.094132
337.750000	1	1.633696	0.621927	3.188750	0.449114
338.000000	0	0.159426	0.011956	0.755004	0.054407
338.000000	1	1.463583	0.507848	2.571898	0.360135
338.250000	0	0.162047	0.016284	1.327680	0.071287
338.250000	1	1.503785	0.145725	3.323924	0.460998
338.500000	0	0.163416	0.031500	1.002421	0.076913
338.500000	1	1.521497	0.487454	2.700262	0.398799
338.750000	0	0.163450	0.007113	1.106972	0.082193
338.750000	1	1.606330	0.257386	2.828433	0.472849
339.000000	0	0.167238	0.013963	1.007054	0.079230
339.000000	1	1.584358	0.391501	4.280738	0.469509
339.250000	0	0.163341	0.004225	1.485737	0.074799
339.250000	1	1.529448	0.378038	2.993115	0.408131
339.500000	0	0.164024	0.008804	1.207798	0.074381
339.500000	1	1.614100	0.532732	4.073525	0.490792
339.750000	0	0.167699	0.008035	1.307378	0.080148
339.750000	1	1.569720	0.485442	2.955100	0.408409
340.000000	0	0.168660	0.032796	1.370116	0.098155
340.000000	1	1.522073	0.346928	3.046978	0.396611
340.250000	0	0.162904	0.021983	0.961076	0.072396
340.250000	1	1.566846	0.395709	3.699499	0.510498
340.500000	0	0.169776	0.011274	1.257994	0.094080
340.500000	1	1.643359	0.590731	3.554971	0.468955
340.750000	0	0.162504	0.010160	0.585937	0.049681
340.750000	1	1.592595	0.517907	5.637523	0.674467
341.000000	0	0.167253	0.026408	0.993894	0.080432
341.000000	1	1.649371	0.669000	3.154410	0.431101
341.250000	0	0.165047	0.023649	1.306661	0.082528
341.250000	1	1.562134	0.513703	3.299865	0.400153
341.500000	0	0.164899	0.020718	1.330236	0.077997
341.500000	1	1.583225	0.544742	3.171194	0.454780
341.750000	0	0.166030	0.020278	1.109130	0.074116
341.750000	1	1.532582	0.420694	2.726753	0.395695
342.000000	0	0.164962	0.022638	0.887256	0.069583
342.000000	1	1.579104	0.448545	3.325773	0.435296
342.250000	0	0.166809	0.012448	1.653269	0.087467
342.250000	1	1.627955	0.650183	4.329489	0.520809
342.500000	0	0.159095	0.002684	0.509065	0.048992
342.500000	1	1.648716	0.404545	3.815895	0.507304
342.750000	0	0.161428	0.027113	1.116971	0.065228
342.750000	1	1.642415	0.827684	4.007849	0.456572
343.000000	0	0.164615	0.031533	0.855701	0.066689
343.000000	1	1.562243	0.653852	2.866754	0.396384
343.250000	0	0.164069	0.026323	1.174512	0.068426
343.250000	1	1.564235	0.161995	4.066155	0.492739
343.500000	0	0.162581	0.021470	0.982435	0.060859
343.500000	1	1.528244	0.473053	2.686079	0.373861
343.750000	0	0.167036	0.008404	1.122700	0.083755
343.750000	1	1.571957	0.282327	3.365876	0.448095
344.000000	0	0.164020	0.000794	2.028623	0.093426
344.000000	1	1.631881	0.293525	3.786470	0.489991
344.250000	0	0.164117	0.012211	1.352018	0.090193
344.250000	1	1.565755	0.621745	3.345370	0.452449
344.500000	0	0.163604	0.008540	1.235524	0.072799
344.500000	1	1.681338	0.544090	6.610299	0.736118
344.750000	0	0.171015	0.004384	2.059681	0.107913
344.750000	1	1.658356	0.374524	9.704929	1.160180
345.000000	0	0.164904	0.010216	0.986767	0.066271
345.000000	1	1.624693	0.215847	3.485267	0.543707
345.250000	0	0.163279	0.018135	0.783350	0.059369
345.250000	1	1.565279	0.440323	3.224735	0.431259
345.500000	0	0.165381	0.005071	0.986554	0.078193
345.500000	1	1.626471	0.355880	2.964615	0.424246
345.750000	0	0.164193	0.019139	1.361267	0.079110
345.750000	1	1.626823	0.402939	3.310742	0.457802
346.000000	0	0.170943	0.005758	1.816001	0.113683
346.000000	1	1.606108	0.733563	2.997907	0.376286
346.250000	0	0.167741	0.015696	1.633409	0.089588
346.250000	1	1.691210	0.526460	10.548632	1.230339
346.500000	0	0.168504	0.016281	1.168598	0.080553
346.500000	1	1.593766	0.384406	3.061703	0.478044
346.750000	0	0.174669	0.028441	1.759322	0.117230
346.750000	1	1.607704	0.370709	3.014344	0.447006
347.000000	0	0.168061	0.009648	1.695326	0.091734
347.000000	1	1.563912	0.211182	3.230419	0.436078
347.250000	0	0.168239	0.003610	1.143062	0.083065
347.250000	1	1.566650	0.317068	3.302750	0.452496
347.500000	0	0.163440	0.023370	1.052863	0.065575
347.500000	1	1.537493	0.491989	3.884409	0.429212
347.750000	0	0.161119	0.030207	1.186112	0.070215
347.750000	1	1.623538	0.688003	3.292127	0.432259
348.000000	0	0.163332	0.035972	1.064289	0.075227
348.000000	1	1.584442	0.383358	3.852092	0.518622
348.250000	0	0.170178	0.021837	1.647072	0.106368
348.250000	1	1.529282	0.219480	4.016642	0.428169
348.500000	0	0.167980	0.015558	1.316633	0.082411
348.500000	1	1.614719	0.659594	2.937057	0.370538
348.750000	0	0.169645	0.019365	1.442005	0.087166
348.750000	1	1.495052	0.095656	3.323068	0.428237
349.000000	0	0.172362	0.014707	1.332930	0.106412
349.000000	1	1.605073	0.105812	3.142072	0.438365
349.250000	0	0.167262	0.008967	1.192025	0.088035
349.250000	1	1.603663	0.692048	2.922759	0.364605
349.500000	0	0.168127	0.017463	1.016719	0.072101
349.500000	1	1.547410	0.267228	3.138347	0.365090
349.750000	0	0.166568	0.020101	1.587151	0.088120
349.750000	1	1.547424	0.069804	3.609533	0.521421
350.000000	0	0.166566	0.006902	1.070907	0.078431
350.000000	1	1.490282	0.244765	2.516722	0.369304
350.250000	0	0.169177	0.008688	0.943179	0.084595
350.250000	1	1.552790	0.477890	2.820881	0.415415
350.500000	0	0.169126	0.034052	1.167070	0.090798
350.500000	1	1.604299	0.071966	3.560387	0.494440
350.750000	0	0.167471	0.012573	0.947425	0.071339
350.750000	1	1.577136	0.294948	3.365303	0.494554
351.000000	0	0.166357	0.019971	1.514515	0.100433
351.000000	1	1.622707	0.550582	3.080531	0.484923
351.250000	0	0.165507	0.025825	1.060630	0.081782
351.250000	1	1.597710	0.150409	3.132953	0.446802
351.500000	0	0.170464	0.020569	1.121624	0.092779
351.500000	1	1.556963	0.332694	3.227197	0.426730
351.750000	0	0.162862	0.007868	0.572282	0.053685
351.750000	1	1.605954	0.660434	4.043753	0.417046
352.000000	0	0.168257	0.014513	1.225589	0.093972
352.000000	1	1.528735	0.067171	2.993544	0.439973
352.250000	0	0.169747	0.007721	0.684747	0.072607
352.250000	1	1.598285	0.229540	4.409299	0.554523
352.500000	0	0.168681	0.013498	0.890286	0.081307
352.500000	1	1.609107	0.387132	4.947862	0.557565
352.750000	0	0.165352	0.022003	1.254535	0.072696
352.750000	1	1.599014	0.505682	3.187177	0.421400
353.000000	0	0.172019	0.021025	1.350749	0.102497
353.000000	1	1.602017	0.192405	3.199864	0.434158
353.250000	0	0.161609	0.018930	0.566995	0.053597
353.250000	1	1.533474	0.621664	2.691833	0.349897
353.500000	0	0.166886	0.024540	1.226478	0.073739
353.500000	1	1.613938	0.600234	3.658925	0.411516
353.750000	0	0.162743	0.006367	0.911144	0.061881
353.750000	1	1.635964	0.889428	3.652009	0.482911
354.000000	0	0.163240	0.006707	1.097748	0.080584
354.000000	1	1.582429	0.132497	3.373334	0.433455
354.250000	0	0.162906	0.032225	0.826805	0.056292
354.250000	1	1.627340	0.224727	3.904064	0.526981
354.500000	0	0.163365	0.015293	1.032400	0.069965
354.500000	1	1.603794	0.256596	3.388662	0.468741
354.750000	0	0.165496	0.008122	1.494757	0.101748
354.750000	1	1.614064	0.678386	3.748602	0.445544
355.000000	0	0.163106	0.022100	1.287392	0.073398
355.000000	1	1.523712	0.300162	2.720179	0.333827
355.250000	0	0.166546	0.021078	1.413970	0.086202
355.250000	1	1.581419	0.397396	3.266534	0.431902
355.500000	0	0.167988	0.016433	1.293344	0.081469
355.500000	1	1.583720	0.234382	3.665172	0.483519
355.750000	0	0.166948	0.020382	1.231306	0.084979
355.750000	1	1.610419	0.536732	3.394193	0.506336
356.000000	0	0.164368	0.013061	0.714554	0.064839
356.000000	1	1.579135	0.196286	3.866049	0.437591
356.250000	0	0.164335	0.025281	1.427940	0.085024
356.250000	1	1.553460	0.377289	4.650147	0.485266
356.500000	0	0.164510	0.014650	1.079376	0.068580
356.500000	1	1.540513	0.192569	3.334796	0.414948
356.750000	0	0.162855	0.022724	1.040968	0.068981
356.750000	1	1.642954	0.789047	4.240561	0.532971
357.000000	0	0.162136	0.011344	1.065372	0.073615
357.000000	1	1.639833	0.404319	4.936835	0.604311
357.250000	0	0.167625	0.007702	2.320002	0.118840
357.250000	1	1.658874	0.684447	4.588227	0.556090
357.500000	0	0.162657	0.005897	0.971276	0.063843
357.500000	1	1.554071	0.343553	2.925186	0.407772
357.750000	0	0.167616	0.024345	1.094353	0.075519
357.750000	1	1.801267	0.653505	28.562072	2.496613
358.000000	0	0.166031	0.032216	1.177953	0.077291
358.000000	1	1.674140	0.253404	3.380335	0.536817
358.250000	0	0.162049	0.018418	0.712235	0.058611
358.250000	1	1.578440	0.762927	4.361181	0.401741
358.500000	0	0.159726	0.031631	0.898160	0.058060
358.500000	1	1.558421	0.357829	3.663098	0.453606
358.750000	0	0.166341	0.031980	1.173875	0.077387
358.750000	1	1.593160	0.626883	4.101600	0.443145
359.000000	0	0.164482	0.010360	1.233905	0.073036
359.000000	1	1.662268	0.280434	3.877114	0.571249
359.250000	0	0.171653	0.036535	1.413550	0.100582
359.250000	1	1.567176	0.333148	3.354753	0.383060
359.500000	0	0.170594	0.012126	1.584722	0.122345
359.500000	1	1.582889	0.234839	3.387321	0.470674
359.750000	0	0.163132	0.009116	0.875428	0.068469
359.750000	1	1.590475	0.693200	3.260237	0.382343
360.000000	0	0.168511	0.027794	2.407424	0.118561
360.000000	1	1.627801	0.520843	3.972052	0.416906
360.250000	0	0.160259	0.009059	0.635177	0.056188
360.250000	1	1.600986	0.579320	4.368126	0.462068
360.500000	0	0.166071	0.003344	1.226026	0.083969
360.500000	1	1.544187	0.745581	3.823460	0.396511
360.750000	0	0.168462	0.041763	1.084669	0.076390
360.750000	1	1.579066	0.559011	3.778795	0.424562
361.000000	0	0.168541	0.007776	1.266361	0.088680
361.000000	1	1.693767	0.147164	3.473344	0.594218
361.250000	0	0.172306	0.013191	2.170677	0.111480
361.250000	1	1.612642	0.404671	3.389004	0.434422
361.500000	0	0.165666	0.020347	1.127033	0.082613
361.500000	1	1.542028	0.246347	2.789411	0.388241
361.750000	0	0.167532	0.027175	1.850450	0.088559
361.750000	1	1.591225	0.506327	3.673171	0.467863
362.000000	0	0.170268	0.015285	1.334770	0.102932
362.000000	1	1.552159	0.532657	3.408064	0.369299
362.250000	0	0.167701	0.026526	1.276421	0.082488
362.250000	1	1.643594	0.602000	4.093454	0.542845
362.500000	0	0.164573	0.025193	1.341610	0.072903
362.500000	1	1.578315	0.579270	3.765389	0.459159
362.750000	0	0.165955	0.023616	0.835561	0.059261
362.750000	1	1.571831	0.764919	3.264147	0.449132
363.000000	0	0.161403	0.017376	1.399179	0.072326
363.000000	1	1.603751	0.627611	3.208086	0.429026
363.250000	0	0.166105	0.027473	1.082660	0.078286
363.250000	1	1.643516	0.482790	5.000062	0.557058
363.500000	0	0.163859	0.024393	0.888384	0.066170
363.500000	1	1.571665	0.199333	3.013811	0.460980
363.750000	0	0.160191	0.008032	0.829162	0.055150
363.750000	1	1.606556	0.574199	3.610603	0.406441
364.000000	0	0.164443	0.011978	1.245047	0.080079
364.000000	1	1.595477	0.699887	3.084042	0.367690
364.250000	0	0.161464	0.023772	0.768880	0.066343
364.250000	1	1.581229	0.514714	3.877723	0.488481
364.500000	0	0.165500	0.006607	1.102419	0.080261
364.500000	1	1.556841	0.520453	3.126232	0.456597
364.750000	0	0.166913	0.037715	1.361298	0.087073
364.750000	1	1.703735	0.439412	6.165225	0.752648
365.000000	0	0.168744	0.024179	1.012726	0.084137
365.000000	1	1.570797	0.079387	3.187338	0.468606
365.250000	0	0.164725	0.015082	0.690165	0.065870
365.250000	1	1.600738	0.260676	3.643689	0.531884
365.500000	0	0.164995	0.018377	0.546495	0.057752
365.500000	1	1.613630	0.954752	3.381518	0.412477
365.750000	0	0.160484	0.009500	0.692322	0.052951
365.750000	1	1.542069	0.854613	2.998162	0.347584
366.000000	0	0.164314	0.009199	0.924388	0.076115
366.000000	1	1.524090	0.452756	3.018048	0.434656
366.250000	0	0.163424	0.028829	1.006109	0.074495
366.250000	1	1.591845	0.342829	4.635279	0.500721
366.500000	0	0.163119	0.017767	1.233485	0.077545
366.500000	1	1.553125	0.398089	3.247093	0.474652
366.750000	0	0.167602	0.015268	1.001530	0.081784
366.750000	1	1.557099	0.462473	3.339183	0.439199
367.000000	0	0.172499	0.020775	1.797299	0.102904
367.000000	1	1.562579	0.203037	3.374279	0.436774
367.250000	0	0.166409	0.017947	1.702648	0.085665
367.250000	1	1.667091	0.309973	4.391497	0.637699
367.500000	0	0.163540	0.008964	0.866774	0.071762
367.500000	1	1.605001	0.034331	3.308577	0.478629
367.750000	0	0.165694	0.033516	1.008856	0.067369
367.750000	1	1.666472	0.195320	7.519478	0.779268
368.000000	0	0.165138	0.007569	1.233399	0.078850
368.000000	1	1.601611	0.537997	3.193003	0.454576
368.250000	0	0.169069	0.018109	1.103817	0.087487
368.250000	1	1.597361	0.667482	3.928496	0.420755
368.500000	0	0.165446	0.014787	1.292180	0.087084
368.500000	1	1.518598	0.465280	3.437024	0.430560
368.750000	0	0.167187	0.021149	1.636882	0.093875
368.750000	1	1.635345	0.705766	4.401289	0.512659
369.000000	0	0.165697	0.010811	1.079013	0.076400
369.000000	1	1.620069	0.271422	3.299599	0.454871
369.250000	0	0.173167	0.017002	1.553626	0.111646
369.250000	1	1.566526	0.629131	3.697499	0.427984
369.500000	0	0.163186	0.023229	1.223616	0.082178
369.500000	1	1.539137	0.685381	3.278235	0.376986
369.750000	0	0.169055	0.023718	1.563210	0.102066
369.750000	1	1.607581	0.399357	3.333601	0.486079
370.000000	0	0.165276	0.005750	0.933008	0.074990
370.000000	1	1.540077	0.665616	3.245591	0.380162
370.250000	0	0.159363	0.004574	0.652114	0.054503
370.250000	1	1.649719	0.407135	4.494929	0.538175
370.500000	0	0.165401	0.004638	1.130637	0.082010
370.500000	1	1.535776	0.750812	3.142272	0.347766
370.750000	0	0.165365	0.020098	1.435422	0.089185
370.750000	1	1.586203	0.380238	3.900421	0.390146
371.000000	0	0.168035	0.025346	1.412460	0.081583
371.000000	1	1.545302	0.042266	2.960704	0.495250
371.250000	0	0.171766	0.015607	1.379693	0.095045
371.250000	1	1.604731	0.183146	3.316193	0.452318
371.500000	0	0.158521	0.017493	1.005204	0.059348
371.500000	1	1.614465	0.227988	3.605698	0.462790
371.750000	0	0.163867	0.006615	1.485032	0.077163
371.750000	1	1.546423	0.101490	3.701415	0.453226
372.000000	0	0.162973	0.019495	1.155604	0.064791
372.000000	1	1.693155	0.212460	3.785972	0.482391
372.250000	0	0.163035	0.017887	0.745568	0.055542
372.250000	1	1.551262	0.427628	3.477372	0.467152
372.500000	0	0.167477	0.030212	1.434942	0.091563
372.500000	1	1.544507	0.339056	2.934643	0.442091
372.750000	0	0.160503	0.026621	0.936633	0.064002
372.750000	1	1.623447	0.665687	3.731243	0.543010
373.000000	0	0.162330	0.002245	0.732614	0.059699
373.000000	1	1.538089	0.413921	3.592266	0.440415
373.250000	0	0.160882	0.016198	1.134417	0.069549
373.250000	1	1.579074	0.489617	2.825366	0.368067
373.500000	0	0.167706	0.039754	1.318471	0.081860
373.500000	1	1.567911	0.558942	3.146232	0.368561
373.750000	0	0.161800	0.013769	1.114376	0.065259
373.750000	1	1.557123	0.651001	3.122698	0.400660
374.000000	0	0.163155	0.010184	1.168089	0.074504
374.000000	1	1.618989	0.412562	3.106272	0.431819
374.250000	0	0.168324	0.016431	0.906919	0.085948
374.250000	1	1.543188	0.300639	3.145347	0.352431
374.500000	0	0.165091	0.018422	0.754334	0.066456
374.500000	1	1.484101	0.289122	3.184207	0.403650
374.750000	0	0.160530	0.023071	0.774609	0.058792
374.750000	1	1.570877	0.206227	3.238036	0.390160
375.000000	0	0.168721	0.014782	1.807708	0.091212
375.000000	1	1.559422	0.284110	2.883581	0.375916
375.250000	0	0.168094	0.024237	1.423592	0.091978
375.250000	1	1.588335	0.679571	3.443752	0.426970
375.500000	0	0.171027	0.013967	1.605950	0.093812
375.500000	1	1.617953	0.547499	3.854067	0.473725
375.750000	0	0.170210	0.017960	1.873572	0.106327
375.750000	1	1.532428	0.292707	2.996578	0.445802
376.000000	0	0.166662	0.012638	1.336223	0.096181
376.000000	1	1.641024	0.629038	3.867204	0.496827
376.250000	0	0.164203	0.015696	1.180471	0.086105
376.250000	1	1.561056	0.463486	3.355812	0.443172
376.500000	0	0.162801	0.023291	1.174214	0.078204
376.500000	1	1.624059	0.780099	3.026119	0.425464
376.750000	0	0.167387	0.021793	1.555410	0.097092
376.750000	1	1.607423	0.438715	3.412745	0.467658
377.000000	0	0.164295	0.029687	1.723313	0.080362
377.000000	1	1.541964	0.543193	3.531100	0.340618
377.250000	0	0.166609	0.020603	1.155221	0.074046
377.250000	1	1.595367	0.752600	3.138769	0.404875
377.500000	0	0.160523	0.024503	0.726275	0.059284
377.500000	1	1.528806	0.604922	2.779194	0.351592
377.750000	0	0.162143	0.012074	0.906854	0.070815
377.750000	1	1.587183	0.511729	4.063412	0.469574
378.000000	0	0.169187	0.009398	1.178532	0.091123
378.000000	1	1.575977	0.396792	3.318183	0.377805
378.250000	0	0.168531	0.021994	1.742068	0.111581
378.250000	1	1.608681	0.603409	2.764905	0.387670
378.500000	0	0.163851	0.033417	0.931165	0.074131
378.500000	1	1.569459	0.465276	3.257261	0.490964
378.750000	0	0.162779	0.032872	0.809836	0.056933
378.750000	1	1.587086	0.681378	3.128034	0.438132
379.000000	0	0.164002	0.021319	1.116888	0.072362
379.000000	1	1.608533	0.398527	3.674471	0.485566
379.250000	0	0.165925	0.022925	0.943315	0.070428
379.250000	1	1.536974	0.341293	3.050910	0.438819
379.500000	0	0.161205	0.008289	1.099177	0.062081
379.500000	1	1.606204	0.842518	3.251761	0.404259
379.750000	0	0.162793	0.028454	0.949897	0.058790
379.750000	1	1.642960	0.666081	3.272151	0.463008
380.000000	0	0.163463	0.010474	1.323080	0.076073
380.000000	1	1.579973	0.448740	2.919117	0.363609
380.250000	0	0.162196	0.023099	0.746850	0.061154
380.250000	1	1.555466	0.601069	3.156565	0.402577
380.500000	0	0.164068	0.024118	0.644795	0.057387
380.500000	1	1.656071	0.372838	3.911622	0.489974
380.750000	0	0.163027	0.006899	0.858877	0.059852
380.750000	1	1.541908	0.417982	2.954169	0.407266
381.000000	0	0.164470	0.014174	1.311771	0.085398
381.000000	1	1.657973	0.608737	3.875191	0.553624
381.250000	0	0.161710	0.012309	0.849861	0.066499
381.250000	1	1.519174	0.252893	3.688380	0.445716
381.500000	0	0.169625	0.009891	1.310745	0.093889
381.500000	1	1.592358	0.135934	3.382294	0.505158
381.750000	0	0.171895	0.021733	1.464241	0.111456
381.750000	1	1.530355	0.286135	3.123537	0.420895
382.000000	0	0.163847	0.006463	1.188602	0.070805
382.000000	1	1.596759	0.610327	2.920973	0.409005
382.250000	0	0.164417	0.031610	1.394325	0.082172
382.250000	1	1.503174	0.400456	2.508552	0.389885
382.500000	0	0.163643	0.012365	1.254260	0.077735
382.500000	1	1.761123	0.547112	11.968237	1.290028
382.750000	0	0.168448	0.034473	1.663452	0.091820
382.750000	1	1.629749	0.462016	3.199252	0.459296
383.000000	0	0.170948	0.007457	1.530687	0.099639
383.000000	1	1.628393	0.299789	3.651893	0.452040
383.250000	0	0.163393	0.024213	0.721481	0.063415
383.250000	1	1.523843	0.474445	3.139894	0.350078
383.500000	0	0.165510	0.008364	1.450814	0.080139
383.500000	1	1.547227	0.349691	2.958646	0.359553
383.750000	0	0.163581	0.032326	1.287652	0.069421
383.750000	1	1.585058	0.496465	2.974884	0.370880
384.000000	0	0.160936	0.014909	0.634643	0.053429
384.000000	1	1.494729	0.221716	3.372819	0.483351
384.250000	0	0.165316	0.022845	1.598217	0.085670
384.250000	1	1.671778	0.407456	3.711604	0.479645
384.500000	0	0.162657	0.022649	0.969140	0.070706
384.500000	1	1.542140	0.262611	3.111786	0.394375
384.750000	0	0.166860	0.026092	1.194981	0.090669
384.750000	1	1.660167	0.740776	4.285769	0.571725
385.000000	0	0.161228	0.015845	0.985194	0.071764
385.000000	1	1.591764	0.768078	3.137634	0.387484
385.250000	0	0.164048	0.009530	2.130485	0.093175
385.250000	1	1.547640	0.420868	2.832813	0.386003
385.500000	0	0.165334	0.033779	0.780495	0.063819
385.500000	1	1.531052	0.389901	3.027889	0.397799
385.750000	0	0.165988	0.014509	1.240509	0.077872
385.750000	1	1.557451	0.622800	3.415015	0.387644
386.000000	0	0.164093	0.022894	1.211649	0.075943
386.000000	1	1.587350	0.372261	3.203234	0.410692
386.250000	0	0.162797	0.027921	0.660210	0.053930
386.250000	1	1.543240	0.409694	3.249462	0.495697
386.500000	0	0.161704	0.008227	0.941962	0.072718
386.500000	1	1.586724	0.501122	3.786671	0.439650
386.750000	0	0.165870	0.018427	1.041475	0.077590
386.750000	1	1.561750	0.259029	3.581596	0.443526
387.000000	0	0.162697	0.023071	0.869699	0.067593
387.000000	1	1.562106	0.468447	3.310354	0.440732
387.250000	0	0.163630	0.026763	0.905883	0.056757
387.250000	1	1.567179	0.739457	3.400602	0.444396
387.500000	0	0.161033	0.016148	1.484365	0.078030
387.500000	1	1.611877	0.445695	3.063408	0.458183
387.750000	0	0.165791	0.014044	0.947150	0.064558
387.750000	1	1.510007	0.209435	2.907138	0.403138
388.000000	0	0.161140	0.016187	0.734658	0.056893
388.000000	1	1.632116	0.323653	3.711365	0.484648
388.250000	0	0.160948	0.011461	1.073874	0.063313
388.250000	1	1.589663	0.336862	3.252088	0.409353
388.500000	0	0.160974	0.006688	1.088413	0.064131
388.500000	1	1.506585	0.115423	3.242194	0.446561
388.750000	0	0.168858	0.015008	1.414483	0.096615
388.750000	1	1.550952	0.195055	2.735552	0.444215
389.000000	0	0.161716	0.035254	2.287695	0.094295
389.000000	1	1.537861	0.059625	3.752573	0.450141
389.250000	0	0.169147	0.013899	1.152046	0.079076
389.250000	1	1.645777	0.264535	3.743607	0.553245
389.500000	0	0.165708	0.004000	1.515269	0.079599
389.500000	1	1.615278	0.174995	3.828740	0.433018
389.750000	0	0.167486	0.013160	1.137696	0.087060
389.750000	1	1.585245	0.168294	3.020952	0.441890
390.000000	0	0.164635	0.012678	0.777477	0.069050
390.000000	1	1.560485	0.614435	3.574452	0.436649
390.250000	0	0.165002	0.013089	1.341929	0.084325
390.250000	1	1.566471	0.129642	2.850709	0.470916
390.500000	0	0.164541	0.006644	1.561843	0.094152
390.500000	1	1.601643	0.635521	3.563019	0.485160
390.750000	0	0.172261	0.009213	1.373836	0.103841
390.750000	1	1.553402	0.142221	3.078323	0.450001
391.000000	0	0.165463	0.011175	1.244270	0.074956
391.000000	1	1.633715	0.881392	3.569292	0.436463
391.250000	0	0.170740	0.030863	1.354253	0.093234
391.250000	1	1.662399	0.284327	4.301008	0.618249
391.500000	0	0.167262	0.009552	1.401750	0.097665
391.500000	1	1.638586	0.526319	2.954912	0.406181
391.750000	0	0.163156	0.018904	1.450752	0.079210
391.750000	1	1.585619	0.606145	3.199444	0.402624
392.000000	0	0.162012	0.025367	0.575978	0.054873
392.000000	1	1.561819	0.314568	3.152944	0.429717
392.250000	0	0.166718	0.047755	1.224930	0.086184
392.250000	1	1.661788	0.812261	2.737641	0.324701
392.500000	0	0.156689	0.007992	0.695403	0.048617
392.500000	1	1.563171	0.418222	3.087515	0.382209
392.750000	0	0.158224	0.036278	0.828698	0.057245
392.750000	1	1.548915	0.527492	3.344997	0.414560
393.000000	0	0.160864	0.013727	1.278453	0.070641
393.000000	1	1.574252	0.329554	3.054160	0.483914
393.250000	0	0.161004	0.003343	0.970234	0.064487
393.250000	1	1.547567	0.128504	3.101454	0.436787
393.500000	0	0.159970	0.013098	0.684799	0.059136
393.500000	1	1.563102	0.443656	3.264021	0.466588
393.750000	0	0.161694	0.009810	0.915207	0.066175
393.750000	1	1.531742	0.401469	3.439694	0.388268
394.000000	0	0.163253	0.022980	1.237804	0.075482
394.000000	1	1.590046	0.336659	3.416819	0.482717
394.250000	0	0.163760	0.026483	0.910273	0.070484
394.250000	1	1.671161	0.195369	6.011566	0.682743
394.500000	0	0.164536	0.024735	1.058348	0.068103
394.500000	1	1.583163	0.649327	3.220222	0.416612
394.750000	0	0.161140	0.025841	0.719353	0.054975
394.750000	1	1.542482	0.293733	3.492179	0.432148
395.000000	0	0.161429	0.019112	0.965408	0.061167
395.000000	1	1.568854	0.242066	3.804322	0.456909
395.250000	0	0.161122	0.029704	0.997500	0.069530
395.250000	1	1.608025	0.148377	3.791842	0.481252
395.500000	0	0.163056	0.023561	1.067480	0.069512
395.500000	1	1.686204	0.275497	3.706761	0.527275
395.750000	0	0.160470	0.040698	1.183775	0.065867
395.750000	1	1.570297	0.158541	3.307863	0.452320
396.000000	0	0.163806	0.034902	1.319175	0.075981
396.000000	1	1.534755	0.325952	3.088438	0.418924
396.250000	0	0.159707	0.015957	0.770880	0.053227
396.250000	1	1.605622	0.200058	2.892640	0.451798
396.500000	0	0.163424	0.037751	0.955707	0.062817
396.500000	1	1.503648	0.587937	2.496304	0.351109
396.750000	0	0.165429	0.034412	1.169786	0.075348
396.750000	1	1.602137	0.591102	5.732878	0.584061
397.000000	0	0.162751	0.037111	0.778350	0.058278
397.000000	1	1.526949	0.479500	3.125929	0.333305
397.250000	0	0.162889	0.000462	1.171087	0.068291
397.250000	1	1.563091	0.498167	3.203316	0.353720
397.500000	0	0.161488	0.008187	1.389462	0.067894
397.500000	1	1.670868	0.340901	3.173423	0.464594
397.750000	0	0.160790	0.022322	1.302252	0.067504
397.750000	1	1.625306	0.573727	3.391168	0.431955
398.000000	0	0.160859	0.020337	1.509742	0.075646
398.000000	1	1.584148	0.179042	3.347186	0.423905
398.250000	0	0.159849	0.026330	0.854414	0.061688
398.250000	1	1.541504	0.346420	3.285890	0.393460
398.500000	0	0.162380	0.016736	0.861550	0.064517
398.500000	1	1.569825	0.750826	2.516940	0.334888
398.750000	0	0.161949	0.013264	1.159743	0.077081
398.750000	1	1.608172	0.972387	2.721658	0.326973
399.000000	0	0.159871	0.012945	1.200294	0.059368
399.000000	1	1.545465	0.339219	4.124343	0.485972
399.250000	0	0.166661	0.024238	1.471873	0.077949
399.250000	1	1.672774	0.684178	3.435292	0.527221
399.500000	0	0.162071	0.005470	0.966940	0.068573
399.500000	1	1.654765	0.224991	3.772515	0.547629
399.750000	0	0.161131	0.016807	1.212076	0.075060
399.750000	1	1.667450	0.432564	4.076173	0.545589
400.000000	0	0.161543	0.016077	1.190506	0.067656
400.000000	1	1.585313	0.503040	3.440011	0.421304
400.250000	0	0.163495	0.026104	1.207477	0.081642
400.250000	1	1.596123	0.585964	3.045830	0.415454
400.500000	0	0.164950	0.011672	1.166380	0.077843
400.500000	1	1.567094	0.308108	2.670519	0.386715
400.750000	0	0.163116	0.022000	1.077046	0.074804
400.750000	1	1.607498	0.482483	2.861906	0.389997
401.000000	0	0.159803	0.012336	1.006589	0.055366
401.000000	1	1.557510	0.686428	3.602053	0.438374
401.250000	0	0.162913	0.011297	0.978791	0.076669
401.250000	1	1.556455	0.516084	3.813024	0.428870
401.500000	0	0.169914	0.009775	0.984493	0.088748
401.500000	1	1.597449	0.236316	2.704840	0.442383
401.750000	0	0.167414	0.021155	1.290657	0.084088
401.750000	1	1.589643	0.324589	3.490162	0.456026
402.000000	0	0.166961	0.042271	1.156804	0.076557
402.000000	1	1.606064	0.610940	3.225687	0.458778
402.250000	0	0.162643	0.014123	1.207489	0.067001
402.250000	1	1.583020	0.566347	3.432346	0.426599
402.500000	0	0.163150	0.018007	1.240063	0.072068
402.500000	1	1.508681	0.357866	2.766674	0.412682
402.750000	0	0.162464	0.028494	0.771928	0.054501
402.750000	1	1.505764	0.233911	3.122448	0.415589
403.000000	0	0.161383	0.011723	1.372808	0.073103
403.000000	1	1.561781	0.332755	3.904764	0.512149
403.250000	0	0.163440	0.019810	1.017569	0.070214
403.250000	1	1.610563	0.099281	4.003375	0.524381
403.500000	0	0.165738	0.028777	1.525389	0.079748
403.500000	1	1.526850	0.367278	2.799091	0.399893
403.750000	0	0.166578	0.021677	1.496275	0.085847
403.750000	1	1.572216	0.503436	3.377938	0.365501
404.000000	0	0.167229	0.021780	0.955158	0.079493
404.000000	1	1.512487	0.155362	3.098483	0.458233
404.250000	0	0.163761	0.023501	1.305397	0.073811
404.250000	1	1.546581	0.542492	3.402223	0.436097
404.500000	0	0.162240	0.013557	0.754721	0.056793
404.500000	1	1.634630	0.378508	3.338357	0.445904
404.750000	0	0.160075	0.030493	0.545394	0.050443
404.750000	1	1.530125	0.382512	3.561908	0.467373
405.000000	0	0.160680	0.009049	1.321271	0.064958
405.000000	1	1.525957	0.260602	3.266575	0.462381
405.250000	0	0.165506	0.007836	0.946702	0.076302
405.250000	1	1.613963	0.445738	4.392803	0.495309
405.500000	0	0.160700	0.005190	1.143087	0.063780
405.500000	1	1.577019	0.241850	3.784373	0.458503
405.750000	0	0.165673	0.014297	1.642285	0.096920
405.750000	1	1.553176	0.278216	3.529693	0.494363
406.000000	0	0.161561	0.005344	0.681909	0.053807
406.000000	1	1.569441	0.520009	3.569722	0.458684
406.250000	0	0.172265	0.004070	1.345700	0.102483
406.250000	1	1.581593	0.184645	3.509695	0.479130
406.500000	0	0.164905	0.030482	0.892962	0.069913
406.500000	1	1.632413	0.565971	3.516746	0.422270
406.750000	0	0.166842	0.028028	1.057108	0.084201
406.750000	1	1.841944	0.377660	17.604077	1.933511
407.000000	0	0.166616	0.027305	0.910254	0.066333
407.000000	1	1.674442	0.306489	3.601731	0.469691
407.250000	0	0.165978	0.017934	1.698930	0.087995
407.250000	1	1.556190	0.426902	2.732243	0.367752
407.500000	0	0.164275	0.008280	1.504574	0.079300
407.500000	1	1.518942	0.243859	3.331348	0.385148
407.750000	0	0.163921	0.019232	1.007160	0.069290
407.750000	1	1.633546	0.396468	3.362599	0.491517
408.000000	0	0.161080	0.019327	0.464468	0.052167
408.000000	1	1.543883	0.559235	2.447591	0.350184
408.250000	0	0.172670	0.009101	1.682101	0.108707
408.250000	1	1.679168	0.514517	3.451310	0.480258
408.500000	0	0.164774	0.014585	1.172502	0.082927
408.500000	1	1.488112	0.462439	2.448205	0.385648
408.750000	0	0.169590	0.025433	1.917980	0.101685
408.750000	1	1.534866	0.203619	2.975528	0.449585
409.000000	0	0.161615	0.031309	0.876710	0.061794
409.000000	1	1.657209	0.295436	3.749621	0.497767
409.250000	0	0.161866	0.008958	0.785930	0.060533
409.250000	1	1.607170	0.333468	3.034714	0.418328
409.500000	0	0.161269	0.023237	1.063893	0.061861
409.500000	1	1.559604	0.213159	3.095181	0.447131
409.750000	0	0.160654	0.013230	1.252759	0.075933
409.750000	1	1.592965	0.590174	3.077004	0.397507
410.000000	0	0.167889	0.034816	1.317520	0.082788
410.000000	1	1.558007	0.501422	2.937962	0.385510
410.250000	0	0.170486	0.022358	1.553348	0.104793
410.250000	1	1.596302	0.182185	3.356003	0.445389
410.500000	0	0.164842	0.014692	1.496654	0.078908
410.500000	1	1.538604	0.568643	2.654951	0.324732
410.750000	0	0.162766	0.007716	0.892231	0.065391
410.750000	1	1.555416	0.503633	3.359593	0.415610
411.000000	0	0.161275	0.017620	1.030354	0.061591
411.000000	1	1.566855	0.309678	3.293445	0.454934
411.250000	0	0.164181	0.002589	1.319673	0.082365
411.250000	1	1.583074	0.426265	3.021156	0.445108
411.500000	0	0.163312	0.001694	0.845446	0.061198
411.500000	1	1.543682	0.804642	2.979633	0.355555
411.750000	0	0.159044	0.012889	0.611035	0.052593
411.750000	1	1.624986	0.243465	4.149524	0.543785
412.000000	0	0.164885	0.027190	1.281382	0.082581
412.000000	1	1.608484	0.560602	3.731592	0.493092
412.250000	0	0.166047	0.046425	0.963370	0.069186
412.250000	1	1.488721	0.187783	3.357737	0.406001
412.500000	0	0.161194	0.010356	0.767536	0.064585
412.500000	1	1.546328	0.635342	2.984911	0.393919
412.750000	0	0.161030	0.028112	0.959534	0.060890
412.750000	1	1.569153	0.475346	4.007347	0.497502
413.000000	0	0.164317	0.025092	0.794992	0.066442
413.000000	1	1.656964	0.731372	3.731982	0.466178
413.250000	0	0.165409	0.021192	1.313863	0.084433
413.250000	1	1.616081	0.312573	5.177580	0.575769
413.500000	0	0.161497	0.024574	0.939108	0.066536
413.500000	1	1.604256	0.368343	3.791587	0.491294
413.750000	0	0.162993	0.015970	0.942914	0.074824
413.750000	1	1.577975	0.383189	3.631067	0.512765
414.000000	0	0.161274	0.017213	1.434848	0.067416
414.000000	1	1.609491	0.605233	3.245790	0.439929
414.250000	0	0.160177	0.022780	1.228741	0.067313
414.250000	1	1.488936	0.395322	2.913756	0.403854
414.500000	0	0.163189	0.014969	1.048703	0.064372
414.500000	1	1.615574	0.438303	3.147308	0.494891
414.750000	0	0.161733	0.035536	1.230467	0.066086
414.750000	1	1.578903	0.270028	4.054696	0.491237
415.000000	0	0.163238	0.018026	0.894614	0.072345
415.000000	1	1.592597	0.319809	3.822626	0.477785
415.250000	0	0.161969	0.005729	1.097044	0.068678
415.250000	1	1.586112	0.521469	2.950886	0.388764
415.500000	0	0.164224	0.023110	1.177342	0.078342
415.500000	1	1.623450	0.531855	3.817595	0.485492
415.750000	0	0.161539	0.021363	1.234493	0.071431
415.750000	1	1.579135	0.315121	4.045625	0.485084
416.000000	0	0.159586	0.009768	0.915693	0.056498
416.000000	1	1.599965	0.518565	3.145390	0.392967
416.250000	0	0.164861	0.013557	0.800773	0.069041
416.250000	1	1.620837	0.542960	3.007772	0.430699
416.500000	0	0.165839	0.014415	0.909826	0.070731
416.500000	1	1.599830	0.411814	3.436574	0.383111
416.750000	0	0.163726	0.019499	1.100966	0.073645
416.750000	1	1.585276	0.533909	3.012009	0.341814
417.000000	0	0.163710	0.007786	0.977244	0.065880
417.000000	1	1.558557	0.354162	3.251938	0.381054
417.250000	0	0.168057	0.030831	1.529406	0.092474
417.250000	1	1.496801	0.530071	5.387931	0.533020
417.500000	0	0.163176	0.007732	0.560802	0.054132
417.500000	1	1.565832	0.400159	3.222297	0.426057
417.750000	0	0.161967	0.010976	1.156601	0.074146
417.750000	1	1.515357	0.230683	2.536038	0.355040
418.000000	0	0.165030	0.018694	1.057478	0.075754
418.000000	1	1.588248	0.383918	3.280451	0.465175
418.250000	0	0.162950	0.008136	1.111966	0.070643
418.250000	1	1.583098	0.642224	3.298940	0.448644
418.500000	0	0.162985	0.036737	0.757292	0.061898
418.500000	1	1.555735	0.423596	2.582636	0.311602
418.750000	0	0.165433	0.025067	1.118962	0.088755
418.750000	1	1.632820	0.515293	5.905858	0.705647
419.000000	0	0.168337	0.020828	2.572699	0.116986
419.000000	1	1.744219	0.343099	4.109555	0.636168
419.250000	0	0.156670	0.017863	0.614195	0.050857
419.250000	1	1.650600	0.358842	3.647756	0.594622
419.500000	0	0.162211	0.022124	0.928182	0.063657
419.500000	1	1.632428	0.444003	3.815615	0.453800
419.750000	0	0.160749	0.016341	0.769876	0.062948
419.750000	1	1.600772	0.371676	3.299226	0.490134
420.000000	0	0.165527	0.028554	1.421757	0.084696
420.000000	1	1.592676	0.421383	4.057505	0.543964
420.250000	0	0.163778	0.014434	1.266922	0.066830
420.250000	1	1.670326	0.287393	3.733509	0.488844
420.500000	0	0.164106	0.011394	1.675367	0.088548
420.500000	1	1.613833	0.454179	3.694451	0.531761
420.750000	0	0.167006	0.034631	1.434399	0.094557
420.750000	1	1.559859	0.423742	4.006488	0.490758
421.000000	0	0.164509	0.010624	1.142132	0.074357
421.000000	1	1.630294	0.250447	3.633668	0.470386
421.250000	0	0.162774	0.023867	0.517551	0.050462
421.250000	1	1.579147	0.683352	3.100771	0.380345
421.500000	0	0.163419	0.015228	0.819533	0.057935
421.500000	1	1.568304	0.934075	3.294060	0.315861
421.750000	0	0.164222	0.015900	1.132118	0.071618
421.750000	1	1.603284	0.665342	4.168925	0.462413
422.000000	0	0.164956	0.034267	1.152335	0.079470
422.000000	1	1.581293	0.659438	3.518068	0.435256
422.250000	0	0.164167	0.021352	1.054396	0.072410
422.250000	1	1.558004	0.437360	2.972105	0.394898
422.500000	0	0.163604	0.040809	1.277385	0.084009
422.500000	1	1.603382	0.501063	3.017749	0.359772
422.750000	0	0.165755	0.007959	2.112140	0.101323
422.750000	1	1.600177	0.783612	2.831403	0.357039
423.000000	0	0.169137	0.008324	1.908697	0.109456
423.000000	1	1.632487	0.551733	3.749880	0.472233
423.250000	0	0.163265	0.005732	0.984340	0.064101
423.250000	1	1.576291	0.467268	3.164536	0.450302
423.500000	0	0.165622	0.009755	1.217272	0.069406
423.500000	1	1.524672	0.003894	3.553641	0.514259
423.750000	0	0.162373	0.043301	0.867667	0.064115
423.750000	1	1.569563	0.216363	2.983654	0.468885
424.000000	0	0.167267	0.030004	0.964287	0.072580
424.000000	1	1.619883	0.364363	3.055742	0.516116
424.250000	0	0.162858	0.009822	0.933862	0.068019
424.250000	1	1.587813	0.378955	3.719579	0.490632
424.500000	0	0.161491	0.016347	1.056637	0.067973
424.500000	1	1.587498	0.419875	5.100495	0.576989
424.750000	0	0.161896	0.015429	0.870245	0.062550
424.750000	1	1.585757	0.480557	3.247296	0.420436
425.000000	0	0.164816	0.043816	0.742035	0.064843
425.000000	1	1.520293	0.543131	3.681767	0.405818
425.250000	0	0.163886	0.021004	1.105791	0.073524
425.250000	1	1.595574	0.521589	3.012295	0.430387
425.500000	0	0.161918	0.011876	0.651517	0.058257
425.500000	1	1.537603	0.477568	2.884111	0.334143
425.750000	0	0.165258	0.008297	1.010821	0.083803
425.750000	1	1.648765	0.372560	5.345676	0.607847
426.000000	0	0.165189	0.010945	1.101371	0.083177
426.000000	1	1.604895	0.249872	3.434415	0.467009
426.250000	0	0.162828	0.027079	1.598209	0.078605
426.250000	1	1.550939	0.345696	4.262912	0.475343
426.500000	0	0.162029	0.014570	0.776553	0.060214
426.500000	1	1.523157	0.465795	2.734674	0.417916
426.750000	0	0.167079	0.004354	0.890853	0.069598
426.750000	1	1.605419	0.063389	3.551886	0.550949
427.000000	0	0.167859	0.035964	0.762354	0.064790
427.000000	1	1.615558	0.271954	3.601081	0.467704
427.250000	0	0.164044	0.022908	0.853792	0.063460
427.250000	1	1.543558	0.349801	3.234367	0.433492
427.500000	0	0.164097	0.019366	1.074683	0.071408
427.500000	1	1.612024	0.476473	2.949841	0.410088
427.750000	0	0.163249	0.004957	1.048450	0.069522
427.750000	1	1.537190	0.122421	2.844816	0.402111
428.000000	0	0.167189	0.014785	2.280547	0.106610
428.000000	1	1.556752	0.517579	2.984058	0.380498
428.250000	0	0.164476	0.049112	1.305462	0.080854
428.250000	1	1.591498	0.170869	4.435188	0.531500
428.500000	0	0.165637	0.010939	1.014139	0.072118
428.500000	1	1.685436	0.544070	4.257856	0.574216
428.750000	0	0.165002	0.006029	1.701541	0.093757
428.750000	1	1.513688	0.342411	3.038759	0.369371
429.000000	0	0.166472	0.030662	1.117526	0.081970
429.000000	1	1.584084	0.329114	4.070249	0.495382
429.250000	0	0.169959	0.025740	1.113688	0.087978
429.250000	1	1.545246	0.435356	3.032874	0.442859
429.500000	0	0.168829	0.012704	0.841564	0.074548
429.500000	1	1.601258	0.216524	2.889876	0.434997
429.750000	0	0.166274	0.029607	1.215069	0.082336
429.750000	1	1.657358	0.269390	2.887663	0.407008
430.000000	0	0.165930	0.002306	1.251063	0.085650
430.000000	1	1.613324	0.109380	3.823442	0.484344
430.250000	0	0.171691	0.023932	1.167862	0.090424
430.250000	1	1.494150	0.163550	2.707259	0.410339
430.500000	0	0.167164	0.012299	1.087816	0.075650
430.500000	1	1.592775	0.410308	3.708875	0.448724
430.750000	0	0.168050	0.003808	2.038515	0.107899
430.750000	1	1.614130	0.195403	3.538818	0.508564
431.000000	0	0.168328	0.012738	0.737781	0.077640
431.000000	1	1.614259	0.701236	3.236925	0.454074
431.250000	0	0.164902	0.034358	1.113749	0.074278
431.250000	1	1.537041	0.662545	2.707353	0.352989
431.500000	0	0.165245	0.024160	1.147675	0.080248
431.500000	1	1.619500	0.456871	3.796243	0.474323
431.750000	0	0.163597	0.018340	0.801313	0.062702
431.750000	1	1.512803	0.634722	2.844640	0.341912
432.000000	0	0.164985	0.002800	0.836021	0.072203
432.000000	1	1.611884	0.149688	3.553810	0.472801
432.250000	0	0.165037	0.028308	1.178611	0.086729
432.250000	1	1.714145	0.287531	4.620742	0.609694
432.500000	0	0.163611	0.017736	0.924874	0.073808
432.500000	1	1.619404	0.527348	2.891756	0.406058
432.750000	0	0.158211	0.037893	1.096178	0.066377
432.750000	1	1.573577	0.724082	3.009272	0.350126
433.000000	0	0.161226	0.003260	1.095860	0.063524
433.000000	1	1.604302	0.307812	3.161930	0.419421
433.250000	0	0.159597	0.017799	1.181837	0.062779
433.250000	1	1.537570	0.632866	3.262196	0.422219
433.500000	0	0.167637	0.015866	0.873991	0.069747
433.500000	1	1.583864	0.480357	4.309581	0.518141
433.750000	0	0.166098	0.008621	1.118079	0.077227
433.750000	1	1.600656	0.749494	2.810745	0.356432
434.000000	0	0.166367	0.028638	0.801385	0.068529
434.000000	1	1.598786	0.700789	2.714813	0.338864
434.250000	0	0.159838	0.014121	0.550193	0.049933
434.250000	1	1.536885	0.339078	3.759675	0.409049
434.500000	0	0.160295	0.016973	0.859832	0.053150
434.500000	1	1.577996	0.317694	3.719695	0.449328
434.750000	0	0.157369	0.023351	1.133010	0.063459
434.750000	1	1.641645	0.700716	2.897489	0.381129
435.000000	0	0.165464	0.017925	1.278730	0.077435
435.000000	1	1.565321	0.239530	4.240608	0.536028
435.250000	0	0.162559	0.050916	0.905814	0.064460
435.250000	1	1.595068	0.293013	3.838881	0.499715
435.500000	0	0.160936	0.048048	1.167738	0.063458
435.500000	1	1.608909	0.181582	3.319019	0.470588
435.750000	0	0.168562	0.025594	3.761660	0.151345
435.750000	1	1.549664	0.243073	5.178093	0.528814
436.000000	0	0.160346	0.031143	0.697972	0.053769
436.000000	1	1.564276	0.079801	3.336096	0.483349
436.250000	0	0.160861	0.012509	1.297513	0.071635
436.250000	1	1.664590	0.508177	5.949176	0.724757
436.500000	0	0.166217	0.009794	1.630038	0.085411
436.500000	1	1.623308	0.354759	6.053724	0.690653
436.750000	0	0.168675	0.029363	0.890729	0.073119
436.750000	1	1.568965	0.097302	3.288285	0.530036
437.000000	0	0.164031	0.010875	0.793113	0.068663
437.000000	1	1.573436	0.579516	4.012558	0.456202
437.250000	0	0.171533	0.018195	1.478016	0.090192
437.250000	1	1.579423	0.416355	3.807428	0.454609
437.500000	0	0.169405	0.023285	1.239541	0.090756
437.500000	1	1.586247	0.430987	3.771352	0.512387
437.750000	0	0.168088	0.019156	1.353121	0.085726
437.750000	1	1.527607	0.414842	3.638683	0.425691
438.000000	0	0.165253	0.008308	1.566502	0.080610
438.000000	1	1.604421	0.255143	3.186495	0.453359
438.250000	0	0.166627	0.014080	1.437855	0.087568
438.250000	1	1.577132	0.340414	3.471258	0.446098
438.500000	0	0.163426	0.005166	1.950479	0.096311
438.500000	1	1.528257	0.564822	2.852136	0.345874
438.750000	0	0.164311	0.008057	1.653056	0.079755
438.750000	1	1.591171	0.220762	3.548666	0.487647
439.000000	0	0.161635	0.021223	1.153574	0.074055
439.000000	1	1.661135	0.620435	3.293580	0.456952
439.250000	0	0.161986	0.041179	0.644364	0.048821
439.250000	1	1.547884	0.215975	3.698337	0.444374
439.500000	0	0.169113	0.017360	1.124311	0.086558
439.500000	1	1.628120	0.242891	4.788789	0.566727
439.750000	0	0.168575	0.011517	1.241606	0.082311
439.750000	1	1.595096	0.257066	3.320469	0.440283
440.000000	0	0.162134	0.009079	0.724185	0.056794
440.000000	1	1.585037	0.511929	3.863200	0.506047
440.250000	0	0.166202	0.020968	1.058669	0.085931
440.250000	1	1.609535	0.608801	3.658133	0.452154
440.500000	0	0.159519	0.003905	1.218130	0.063138
440.500000	1	1.572922	0.383059	3.309407	0.412637
440.750000	0	0.162654	0.029321	1.426272	0.078083
440.750000	1	1.530795	0.899325	3.174957	0.317698
441.000000	0	0.160306	0.019446	1.374280	0.071082
441.000000	1	1.604028	0.463207	3.310539	0.471251
441.250000	0	0.168581	0.012703	1.165035	0.091617
441.250000	1	1.550592	0.075186	3.262877	0.460461
441.500000	0	0.168375	0.032912	1.893894	0.097923
441.500000	1	1.556288	0.277061	3.922686	0.503345
441.750000	0	0.166779	0.018313	0.775769	0.067660
441.750000	1	1.574356	0.563295	3.114913	0.360977
442.000000	0	0.164025	0.008508	0.998028	0.077139
442.000000	1	1.588522	0.844424	2.964369	0.387559
442.250000	0	0.165982	0.020738	1.396073	0.088520
442.250000	1	1.666053	0.983967	4.405741	0.474975
442.500000	0	0.164573	0.025921	1.129407	0.074555
442.500000	1	1.561633	0.418566	3.140627	0.412808
442.750000	0	0.164753	0.017525	0.959523	0.076592
442.750000	1	1.611298	0.461922	3.677463	0.496857
443.000000	0	0.168387	0.013436	1.219868	0.081093
443.000000	1	1.602166	0.140749	3.548364	0.462566
443.250000	0	0.163405	0.032558	0.914843	0.068930
443.250000	1	1.608750	0.253149	3.449165	0.468319
443.500000	0	0.166451	0.025568	1.128816	0.077089
443.500000	1	1.556083	0.158065	3.106838	0.385032
443.750000	0	0.167163	0.013064	1.358917	0.087924
443.750000	1	1.573452	0.232472	2.792494	0.437340
444.000000	0	0.166520	0.014885	1.665423	0.095628
444.000000	1	1.518048	0.303821	3.346187	0.462024
444.250000	0	0.163384	0.011463	0.878857	0.068139
444.250000	1	1.626628	0.140943	2.913539	0.472672
444.500000	0	0.164612	0.019812	1.311393	0.071986
444.500000	1	1.505559	0.201550	2.785212	0.422899
444.750000	0	0.163005	0.035426	1.047183	0.064108
444.750000	1	1.620336	0.218095	3.177504	0.464519
445.000000	0	0.161529	0.023192	0.922474	0.057751
445.000000	1	1.525736	0.417960	2.842495	0.383414
445.250000	0	0.165565	0.034945	1.258211	0.079714
445.250000	1	1.562854	0.479821	3.317339	0.486059
445.500000	0	0.165286	0.021172	1.144640	0.079119
445.500000	1	1.606563	0.178809	3.014733	0.454228
445.750000	0	0.166063	0.014650	1.171898	0.081557
445.750000	1	1.519419	0.219343	2.479311	0.356464
446.000000	0	0.164926	0.009471	0.819078	0.068456
446.000000	1	1.574655	0.566297	3.995511	0.483011
446.250000	0	0.172640	0.017687	1.290188	0.102440
446.250000	1	1.583976	0.353957	3.156753	0.437643
446.500000	0	0.169073	0.012377	1.232424	0.088026
446.500000	1	1.609801	0.541466	3.234227	0.419267
446.750000	0	0.166552	0.014009	1.558005	0.093527
446.750000	1	1.606376	0.071724	4.824400	0.552649
447.000000	0	0.161486	0.017412	0.987083	0.067867
447.000000	1	1.589740	0.390694	3.217376	0.435647
447.250000	0	0.160793	0.008710	0.555208	0.054343
447.250000	1	1.648882	0.403714	3.923414	0.512350
447.500000	0	0.161826	0.016518	1.123526	0.065516
447.500000	1	1.572720	0.325701	3.679975	0.477329
447.750000	0	0.160794	0.019856	0.707817	0.053925
447.750000	1	1.596022	0.505458	5.095841	0.561622
448.000000	0	0.170832	0.017205	2.051484	0.113615
448.000000	1	1.636459	0.232633	3.265404	0.461819
448.250000	0	0.163281	0.006525	1.316733	0.085924
448.250000	1	1.593873	0.737817	3.472436	0.472645
448.500000	0	0.161486	0.021202	0.805052	0.062094
448.500000	1	1.568922	0.216302	2.587061	0.384813
448.750000	0	0.165424	0.029347	0.857030	0.065817
448.750000	1	1.582307	0.283202	3.103421	0.492479
449.000000	0	0.163742	0.029054	0.897140	0.065329
449.000000	1	1.581424	0.331094	3.459759	0.448330
449.250000	0	0.166043	0.016888	0.942918	0.063109
449.250000	1	1.608575	0.196699	3.429208	0.561231
449.500000	0	0.162945	0.019380	0.969776	0.068463
449.500000	1	1.591983	0.556618	3.376955	0.420246
449.750000	0	0.159770	0.018940	1.470773	0.071235
449.750000	1	1.561395	0.147587	2.983590	0.435305
450.000000	0	0.160539	0.025628	0.716553	0.052349
450.000000	1	1.483283	0.051632	2.400356	0.325925
450.250000	0	0.162309	0.034175	1.076823	0.066628
450.250000	1	1.567473	0.049664	3.407354	0.408160
450.500000	0	0.159234	0.033825	0.881299	0.053015
450.500000	1	1.565860	0.609476	3.060347	0.382907
450.750000	0	0.163743	0.015150	1.180173	0.080996
450.750000	1	1.583149	0.117422	4.040545	0.470201
451.000000	0	0.164288	0.034405	0.943015	0.063168
451.000000	1	1.588134	0.709785	3.585036	0.401024
451.250000	0	0.165085	0.011857	1.084088	0.081107
451.250000	1	1.643151	0.243175	3.783482	0.455221
451.500000	0	0.166202	0.019604	1.806000	0.093082
451.500000	1	1.599110	0.396107	3.155607	0.461194
451.750000	0	0.163226	0.024797	0.934275	0.075215
451.750000	1	1.538785	0.216451	3.147693	0.426578
452.000000	0	0.161115	0.015886	0.752026	0.058808
452.000000	1	1.542124	0.365601	3.788765	0.463438
452.250000	0	0.169262	0.024140	2.149413	0.104889
452.250000	1	1.647945	0.540632	3.954301	0.504442
452.500000	0	0.164088	0.023714	0.864930	0.071256
452.500000	1	1.695093	0.225228	4.846668	0.555673
452.750000	0	0.160064	0.008413	0.744304	0.061706
452.750000	1	1.589598	0.525583	3.881918	0.395622
453.000000	0	0.160090	0.006712	0.843272	0.059898
453.000000	1	1.603085	0.506091	3.715620	0.442011
453.250000	0	0.167743	0.015219	1.232433	0.090279
453.250000	1	1.591310	0.385604	3.319992	0.440330
453.500000	0	0.164651	0.008637	0.859898	0.064479
453.500000	1	1.527210	0.293285	3.428551	0.478335
453.750000	0	0.161729	0.016672	0.931186	0.071402
453.750000	1	1.629837	0.408348	3.817028	0.536080
454.000000	0	0.163324	0.014304	0.850394	0.068043
454.000000	1	1.630855	0.351571	3.963866	0.601051
454.250000	0	0.162962	0.020236	1.600149	0.080440
454.250000	1	1.585407	0.703554	3.875270	0.481468
454.500000	0	0.162881	0.023449	1.017017	0.064446
454.500000	1	1.572812	0.510646	2.673015	0.364909
454.750000	0	0.166129	0.005066	1.011802	0.080510
454.750000	1	1.581361	0.531458	3.665237	0.427190
455.000000	0	0.162625	0.018751	1.267826	0.080988
455.000000	1	1.589211	0.831249	2.933439	0.377668
455.250000	0	0.167703	0.015261	1.534373	0.092566
455.250000	1	1.704497	0.626616	9.521865	0.991514
455.500000	0	0.164912	0.043494	1.168674	0.070913
455.500000	1	1.586345	0.543702	3.036760	0.406184
455.750000	0	0.162984	0.021471	1.629457	0.082456
455.750000	1	1.609841	0.390377	3.215767	0.445755
456.000000	0	0.168818	0.029744	1.670074	0.101560
456.000000	1	1.609310	0.164138	3.673605	0.508224
456.250000	0	0.161228	0.040369	0.960199	0.070193
456.250000	1	1.539911	0.418267	3.167117	0.396386
456.500000	0	0.163735	0.001553	1.267064	0.071579
456.500000	1	1.607064	0.477667	3.550065	0.509192
456.750000	0	0.161343	0.029706	1.104604	0.071347
456.750000	1	1.547295	0.579850	2.797655	0.341204
457.000000	0	0.164892	0.020272	0.778646	0.071085
457.000000	1	1.515965	0.413885	2.602131	0.392704
457.250000	0	0.166177	0.019953	1.197411	0.079628
457.250000	1	1.545066	0.481325	3.117736	0.406590
457.500000	0	0.164209	0.023267	1.266662	0.079406
457.500000	1	1.713903	0.518277	4.813918	0.672305
457.750000	0	0.167759	0.018822	0.867580	0.074585
457.750000	1	1.579620	0.099523	3.098405	0.426143
458.000000	0	0.163936	0.023119	1.135569	0.081168
458.000000	1	1.551367	0.526490	2.815090	0.379380
458.250000	0	0.163809	0.009964	1.017300	0.077839
458.250000	1	1.627269	0.412293	4.252281	0.565658
458.500000	0	0.164514	0.005652	0.919842	0.063263
458.500000	1	1.555287	0.204799	3.644985	0.467087
458.750000	0	0.166718	0.004926	1.568319	0.096601
458.750000	1	1.598988	0.464052	3.314835	0.506432
459.000000	0	0.164560	0.020687	1.141146	0.065041
459.000000	1	1.620614	0.111995	3.626598	0.540906
459.250000	0	0.164383	0.005237	2.267874	0.110292
459.250000	1	1.582803	0.473872	4.125599	0.503990
459.500000	0	0.166128	0.012861	1.557394	0.103232
459.500000	1	1.553640	0.387012	3.506865	0.441523
459.750000	0	0.169498	0.025292	1.318764	0.090700
459.750000	1	1.645469	0.264143	4.466105	0.558281
460.000000	0	0.162212	0.025976	1.130051	0.083224
460.000000	1	1.555874	0.091962	4.167618	0.426334
460.250000	0	0.165162	0.029269	0.835168	0.073327
460.250000	1	1.538533	0.468685	3.281178	0.429626
460.500000	0	0.166384	0.019056	1.201210	0.075990
460.500000	1	1.607967	0.333010	3.308216	0.480710
460.750000	0	0.170860	0.034502	1.056108	0.095493
460.750000	1	1.639033	0.633145	3.255034	0.443573
461.000000	0	0.165339	0.009428	1.304779	0.081741
461.000000	1	1.593497	0.598691	2.998465	0.400519
461.250000	0	0.166119	0.017190	0.909226	0.067925
461.250000	1	1.579298	0.382943	2.979809	0.404480
461.500000	0	0.164285	0.008317	1.673284	0.087676
461.500000	1	1.547631	0.323486	3.076021	0.426370
461.750000	0	0.166653	0.039156	1.166407	0.067808
461.750000	1	1.522794	0.529359	3.401307	0.342015
462.000000	0	0.170737	0.012799	1.551401	0.103854
462.000000	1	1.616672	0.599015	2.794914	0.403338
462.250000	0	0.164679	0.009682	1.013158	0.072975
462.250000	1	1.587209	0.311739	3.231548	0.424890
462.500000	0	0.168877	0.005760	1.297460	0.078308
462.500000	1	1.627854	0.505872	4.282320	0.524690
462.750000	0	0.164442	0.019501	1.719217	0.086592
462.750000	1	1.680314	0.554139	3.164582	0.494618
463.000000	0	0.163984	0.012994	1.301190	0.071439
463.000000	1	1.528089	0.400919	3.254668	0.397377
463.250000	0	0.163871	0.013735	1.344023	0.082876
463.250000	1	1.581116	0.513668	4.111846	0.416764
463.500000	0	0.171820	0.008097	1.521192	0.106485
463.500000	1	1.532251	0.427326	3.816528	0.451395
463.750000	0	0.168287	0.015066	0.831788	0.078005
463.750000	1	1.550808	0.596173	3.118178	0.423542
464.000000	0	0.163801	0.026614	0.695207	0.061261
464.000000	1	1.561647	0.439923	3.398130	0.453072
464.250000	0	0.161433	0.013920	0.650865	0.062404
464.250000	1	1.579184	0.257805	3.297822	0.482838
464.500000	0	0.164773	0.031216	1.098340	0.070863
464.500000	1	1.604589	0.099514	4.111165	0.592551
464.750000	0	0.164891	0.026645	0.775349	0.065410
464.750000	1	1.569785	0.199105	3.456261	0.431917
465.000000	0	0.166598	0.019061	1.549744	0.095395
465.000000	1	1.592953	0.133519	3.429278	0.551909
465.250000	0	0.168121	0.015081	1.350566	0.099125
465.250000	1	1.588374	0.336871	3.600626	0.452912
465.500000	0	0.161237	0.008281	0.959347	0.057415
465.500000	1	1.577882	0.094356	4.733353	0.522105
465.750000	0	0.164794	0.010503	1.197065	0.074952
465.750000	1	1.516938	0.439102	3.473168	0.378046
466.000000	0	0.170332	0.020681	1.550193	0.093251
466.000000	1	1.587692	0.280188	6.208036	0.654282
466.250000	0	0.164939	0.018258	1.286844	0.084292
466.250000	1	1.586992	0.460766	3.479905	0.444505
466.500000	0	0.163124	0.000328	1.033387	0.078508
466.500000	1	1.607210	0.579677	3.466174	0.530286
466.750000	0	0.163435	0.022381	0.645919	0.054948
466.750000	1	1.569697	0.635169	2.965144	0.402835
467.000000	0	0.167589	0.012154	1.501136	0.091383
467.000000	1	1.582232	0.582745	2.993393	0.431694
467.250000	0	0.173307	0.022957	1.073281	0.087120
467.250000	1	1.584146	0.405156	3.649765	0.442982
467.500000	0	0.165325	0.014622	1.217274	0.088632
467.500000	1	1.578024	0.346950	4.079552	0.477437
467.750000	0	0.168820	0.015331	1.284100	0.085656
467.750000	1	1.670999	0.579190	3.659513	0.487281
468.000000	0	0.165155	0.030584	0.770943	0.065115
468.000000	1	1.604563	0.650494	3.584809	0.441963
468.250000	0	0.166739	0.027478	1.327223	0.081948
468.250000	1	1.577305	0.390670	3.241109	0.442249
468.500000	0	0.169479	0.037008	1.023336	0.084078
468.500000	1	1.544579	0.356793	2.535212	0.398355
468.750000	0	0.165717	0.030085	1.040231	0.072167
468.750000	1	1.520391	0.252147	3.055110	0.464242
469.000000	0	0.167452	0.016035	1.202144	0.084233
469.000000	1	1.593146	0.149967	2.989994	0.461890
469.250000	0	0.161208	0.018925	0.863965	0.064465
469.250000	1	1.588216	0.408780	3.213438	0.441257
469.500000	0	0.162097	0.007083	0.861734	0.062217
469.500000	1	1.503631	0.705249	3.747698	0.343580
469.750000	0	0.165611	0.019430	0.984131	0.073481
469.750000	1	1.635418	0.493791	3.515142	0.457311
470.000000	0	0.167910	0.020335	1.178052	0.082507
470.000000	1	1.530905	0.387100	2.957690	0.400094
470.250000	0	0.165735	0.014099	0.935387	0.067120
470.250000	1	1.524633	0.571873	3.371294	0.357052
470.500000	0	0.170117	0.011420	1.447020	0.084893
470.500000	1	1.546666	0.741902	3.225078	0.346857
470.750000	0	0.168564	0.012356	0.897025	0.079816
470.750000	1	1.532259	0.507932	3.688133	0.453087
471.000000	0	0.169983	0.004618	1.255062	0.088053
471.000000	1	1.723011	0.363186	8.852355	0.924583
471.250000	0	0.165157	0.011713	1.049392	0.073215
471.250000	1	1.650054	0.524095	3.507359	0.489718
471.500000	0	0.165582	0.007297	1.111279	0.089649
471.500000	1	1.501857	0.289868	3.152890	0.448917
471.750000	0	0.169880	0.023339	1.088403	0.078781
471.750000	1	1.585274	0.184148	4.946225	0.506688
472.000000	0	0.167331	0.023620	1.133255	0.085783
472.000000	1	1.544318	0.441707	3.929574	0.430073
472.250000	0	0.170558	0.025333	1.118817	0.087744
472.250000	1	1.715446	0.277282	8.827054	1.066280
472.500000	0	0.172872	0.021440	2.218096	0.128881
472.500000	1	1.557642	0.574528	2.978710	0.361643
472.750000	0	0.168097	0.021532	1.390504	0.091041
472.750000	1	1.625275	0.537966	3.788881	0.452287
473.000000	0	0.170034	0.004793	0.988918	0.083343
473.000000	1	1.713192	0.395984	4.183725	0.635020
473.250000	0	0.167603	0.027640	1.136579	0.075199
473.250000	1	1.571531	0.238296	3.181037	0.448241
473.500000	0	0.166916	0.020146	1.081175	0.081014
473.500000	1	1.595112	0.755128	3.191850	0.430387
473.750000	0	0.170049	0.016811	1.290281	0.091348
473.750000	1	1.692010	0.278311	3.986163	0.564194
474.000000	0	0.166415	0.019402	1.299803	0.084533
474.000000	1	1.577793	0.606475	3.637639	0.398237
474.250000	0	0.163762	0.005577	0.910943	0.066438
474.250000	1	1.565670	0.547959	3.624785	0.437644
474.500000	0	0.165222	0.016772	1.091806	0.067369
474.500000	1	1.646943	0.676138	4.711936	0.501033
474.750000	0	0.161825	0.015521	1.575655	0.077057
474.750000	1	1.588369	0.575752	2.914318	0.384670
475.000000	0	0.170201	0.037662	1.442839	0.098411
475.000000	1	1.568073	0.722511	3.307498	0.396189
475.250000	0	0.163769	0.034287	1.071727	0.070843
475.250000	1	1.635318	0.465560	5.152297	0.591872
475.500000	0	0.166811	0.021626	1.076073	0.075590
475.500000	1	1.577313	0.469007	4.318880	0.512272
475.750000	0	0.168847	0.021716	1.120342	0.093953
475.750000	1	1.580889	0.537027	3.390086	0.466368
476.000000	0	0.165468	0.016638	1.290386	0.075655
476.000000	1	1.562992	0.050723	3.955164	0.505453
476.250000	0	0.160518	0.021281	0.677597	0.053709
476.250000	1	1.588816	0.267220	2.929840	0.446306
476.500000	0	0.167063	0.009360	1.623770	0.104305
476.500000	1	1.546632	0.044103	3.206026	0.418504
476.750000	0	0.160893	0.012408	0.897441	0.062265
476.750000	1	1.486143	0.389937	3.126692	0.366887
477.000000	0	0.169657	0.016153	1.439870	0.106139
477.000000	1	1.714981	0.540317	5.265727	0.620938
477.250000	0	0.164670	0.033815	0.858660	0.065558
477.250000	1	1.557240	0.400812	4.063086	0.523100
477.500000	0	0.166482	0.011641	0.937091	0.076752
477.500000	1	1.542345	0.569193	2.972147	0.344495
477.750000	0	0.162676	0.012709	1.244684	0.070066
477.750000	1	1.597590	0.456899	3.860065	0.470120
478.000000	0	0.160836	0.025959	1.150469	0.067112
478.000000	1	1.620173	0.038641	3.780601	0.554949
478.250000	0	0.166087	0.020801	1.318310	0.091379
478.250000	1	1.593632	0.311938	2.981484	0.452998
478.500000	0	0.168907	0.033729	1.037211	0.081684
478.500000	1	1.563342	0.551165	3.067540	0.400597
478.750000	0	0.164639	0.022163	1.424714	0.086951
478.750000	1	1.571559	0.304508	3.780134	0.463573
479.000000	0	0.166447	0.020474	0.914105	0.070789
479.000000	1	1.543435	0.457813	2.680296	0.350929
479.250000	0	0.168514	0.016881	1.027133	0.073712
479.250000	1	1.554560	0.280618	3.374652	0.478509
479.500000	0	0.168645	0.000858	1.352512	0.090966
479.500000	1	1.649566	0.683963	3.851418	0.438596
479.750000	0	0.159071	0.022739	0.624754	0.055604
479.750000	1	1.580391	0.216097	3.153510	0.414442
480.000000	0	0.168194	0.008842	1.652158	0.109317
480.000000	1	1.516642	0.204532	2.839072	0.386345
480.250000	0	0.167010	0.011726	1.045661	0.083147
480.250000	1	1.671798	0.464356	4.216313	0.506057
480.500000	0	0.164875	0.030337	1.271917	0.081646
480.500000	1	1.590897	0.373758	2.771638	0.360918
480.750000	0	0.167107	0.027202	1.505336	0.096748
480.750000	1	1.531831	0.282334	3.091268	0.471104
481.000000	0	0.171305	0.024783	3.338292	0.141935
481.000000	1	1.616366	0.603804	5.971668	0.638700
481.250000	0	0.173744	0.013636	1.718939	0.128264
481.250000	1	1.602871	0.309973	3.329026	0.492298
481.500000	0	0.171835	0.022494	1.575510	0.111366
481.500000	1	1.592312	0.622769	3.375308	0.433994
481.750000	0	0.170880	0.010368	1.677241	0.096954
481.750000	1	1.588245	0.207276	3.487032	0.504995
482.000000	0	0.168239	0.009670	1.465721	0.084363
482.000000	1	1.531347	0.240709	2.913136	0.436128
482.250000	0	0.170217	0.023207	1.304783	0.092881
482.250000	1	1.639685	0.242730	3.415831	0.510581
482.500000	0	0.168196	0.041269	1.337729	0.089456
482.500000	1	1.606095	0.263732	4.424257	0.544447
482.750000	0	0.169526	0.021531	1.389273	0.093671
482.750000	1	1.631963	0.598137	2.961180	0.455148
483.000000	0	0.166815	0.008696	1.160149	0.083461
483.000000	1	1.547362	0.124636	3.455844	0.402999
483.250000	0	0.163497	0.004184	1.001920	0.071795
483.250000	1	1.578579	0.143960	2.782640	0.372816
483.500000	0	0.164323	0.033950	0.703730	0.057049
483.500000	1	1.519500	0.402086	2.814928	0.358839
483.750000	0	0.160614	0.036129	0.763580	0.054321
483.750000	1	1.615552	0.462793	3.507287	0.443475
484.000000	0	0.163377	0.009260	1.977581	0.092289
484.000000	1	1.644189	0.401041	3.311517	0.418100
484.250000	0	0.161676	0.021832	1.372532	0.070215
484.250000	1	1.552244	0.157697	4.820357	0.486153
484.500000	0	0.168202	0.020634	1.409150	0.085102
484.500000	1	1.605893	0.341861	3.207460	0.430774
484.750000	0	0.163976	0.015393	1.283635	0.074608
484.750000	1	1.531685	0.349993	3.419599	0.358315
485.000000	0	0.167136	0.008780	1.255411	0.080933
485.000000	1	1.536677	0.471970	4.178382	0.458423
485.250000	0	0.172861	0.020180	0.987160	0.087955
485.250000	1	1.605164	0.586126	3.669546	0.434060
485.500000	0	0.163571	0.011986	0.753651	0.064583
485.500000	1	1.626810	0.481736	3.970365	0.467424
485.750000	0	0.171279	0.020436	1.557373	0.100470
485.750000	1	1.552963	0.516161	3.756720	0.411141
486.000000	0	0.167101	0.021643	1.953048	0.095392
486.000000	1	1.516976	0.384702	3.200697	0.405357
486.250000	0	0.164929	0.020655	1.170433	0.077528
486.250000	1	1.574355	0.497296	3.770748	0.432974
486.500000	0	0.163204	0.017620	0.821968	0.065314
486.500000	1	1.552685	0.501729	2.934556	0.384703
486.750000	0	0.165436	0.018256	1.061585	0.066333
486.750000	1	1.608953	0.782046	3.715006	0.448111
487.000000	0	0.166155	0.019817	0.988316	0.069513
487.000000	1	1.616957	0.186722	3.814442	0.535437
487.250000	0	0.168528	0.030332	1.068581	0.084332
487.250000	1	1.555296	0.237914	2.802530	0.382343
487.500000	0	0.168158	0.005524	1.029052	0.089022
487.500000	1	1.562105	0.654030	3.598253	0.384923
487.750000	0	0.166387	0.033071	1.090753	0.071566
487.750000	1	1.682527	0.419137	3.557836	0.514810
488.000000	0	0.161519	0.006741	0.754435	0.058752
488.000000	1	1.546692	0.756571	3.066124	0.338103
488.250000	0	0.159953	0.016091	1.293358	0.068963
488.250000	1	1.616587	0.608311	3.438981	0.404963
488.500000	0	0.163876	0.023170	1.098961	0.069985
488.500000	1	1.555334	0.636202	3.269953	0.352378
488.750000	0	0.163312	0.019461	1.238217	0.077481
488.750000	1	1.611139	0.114486	3.168342	0.520246
489.000000	0	0.161747	0.009248	0.780586	0.061145
489.000000	1	1.586465	0.326655	4.274123	0.506451
489.250000	0	0.164627	0.020599	1.017313	0.074692
489.250000	1	1.516322	0.303938	3.268897	0.399565
489.500000	0	0.164253	0.000725	1.158953	0.077079
489.500000	1	1.575829	0.497805	3.302763	0.475771
489.750000	0	0.161699	0.031410	0.669249	0.060581
489.750000	1	1.560451	0.404139	2.938569	0.432701
490.000000	0	0.168391	0.009100	2.534030	0.116720
490.000000	1	1.648448	0.382269	4.168347	0.563052
490.250000	0	0.173598	0.026146	2.274017	0.129670
490.250000	1	1.599807	0.286770	3.090533	0.496678
490.500000	0	0.165444	0.026608	1.482547	0.077541
490.500000	1	1.523340	0.123018	2.993697	0.411018
490.750000	0	0.168528	0.026610	1.554373	0.098487
490.750000	1	1.626077	0.268778	3.501000	0.495651
491.000000	0	0.165349	0.009142	1.283941	0.088334
491.000000	1	1.537555	0.134644	3.318354	0.480185
491.250000	0	0.170425	0.016094	0.991863	0.082962
491.250000	1	1.635126	0.267117	3.259743	0.482246
491.500000	0	0.161692	0.022955	1.006910	0.071077
491.500000	1	1.582721	0.223300	3.073967	0.422480
491.750000	0	0.161163	0.025519	1.480547	0.077215
491.750000	1	1.555768	0.360717	2.875015	0.364138
492.000000	0	0.168363	0.022227	1.041327	0.081794
492.000000	1	1.529840	0.208369	3.355060	0.404439
492.250000	0	0.160936	0.022580	0.809817	0.067827
492.250000	1	1.628666	0.321599	8.186507	0.908257
492.500000	0	0.164576	0.005151	0.867954	0.061203
492.500000	1	1.528065	0.361201	2.908789	0.373146
492.750000	0	0.169275	0.028358	1.620650	0.098121
492.750000	1	1.610455	0.407877	2.775068	0.410988
493.000000	0	0.168949	0.025258	1.438258	0.092955
493.000000	1	1.648085	0.580493	3.511249	0.449322
493.250000	0	0.163744	0.035517	0.675094	0.062760
493.250000	1	1.530798	0.204641	4.217792	0.459682
493.500000	0	0.169218	0.030466	1.300357	0.089062
493.500000	1	1.686358	0.520515	4.159921	0.572968
493.750000	0	0.165107	0.009287	1.057222	0.082314
493.750000	1	1.510262	0.226028	3.317791	0.423148
494.000000	0	0.170686	0.021115	1.167389	0.090160
494.000000	1	1.620931	0.460459	3.266348	0.496274
494.250000	0	0.170869	0.008217	1.131217	0.083212
494.250000	1	1.519324	0.477478	2.539864	0.408642
494.500000	0	0.166101	0.007826	1.886364	0.097104
494.500000	1	1.587887	0.381497	3.321887	0.491824
494.750000	0	0.169651	0.021110	1.339947	0.099532
494.750000	1	1.572677	0.493485	3.184523	0.421149
495.000000	0	0.167120	0.029045	1.034699	0.071326
495.000000	1	1.586242	0.928840	3.052164	0.355962
495.250000	0	0.164565	0.015127	0.949746	0.064858
495.250000	1	1.546586	0.290695	3.355011	0.405983
495.500000	0	0.168725	0.025395	1.257001	0.086599
495.500000	1	1.558047	0.998946	3.140002	0.319234
495.750000	0	0.172992	0.024135	1.379767	0.107712
495.750000	1	1.561153	0.513308	3.223659	0.377795
496.000000	0	0.170341	0.010424	1.244332	0.082160
496.000000	1	1.561508	0.080996	3.215523	0.419431
496.250000	0	0.168165	0.025664	1.274305	0.085394
496.250000	1	1.546616	0.365687	2.584814	0.404743
496.500000	0	0.171210	0.013812	0.805799	0.081301
496.500000	1	1.612793	0.513650	3.430225	0.438622
496.750000	0	0.162134	0.006538	0.820489	0.065143
496.750000	1	1.548049	0.419466	3.121297	0.427138
497.000000	0	0.163386	0.006883	1.111563	0.082065
497.000000	1	1.556798	0.606870	3.509118	0.449325
497.250000	0	0.167773	0.037057	1.417540	0.105467
497.250000	1	1.449747	0.211116	3.137073	0.409252
497.500000	0	0.171486	0.000462	1.519784	0.100898
497.500000	1	1.597773	0.098435	2.959602	0.478105
497.750000	0	0.163090	0.026469	0.879887	0.064851
497.750000	1	1.498506	0.421707	3.126929	0.416895
498.000000	0	0.169099	0.025768	1.315299	0.094127
498.000000	1	1.570344	0.519218	3.150182	0.407679
498.250000	0	0.167276	0.019883	1.647681	0.086106
498.250000	1	1.636773	0.519611	3.516203	0.500540
498.500000	0	0.164249	0.003688	1.091085	0.068466
498.500000	1	1.552862	0.327837	2.465147	0.322654
498.750000	0	0.164669	0.008199	0.928613	0.069666
498.750000	1	1.606864	0.686388	4.845003	0.493755
499.000000	0	0.167843	0.018431	1.553324	0.088367
499.000000	1	1.602737	0.245708	5.841683	0.617805
499.250000	0	0.169478	0.022223	1.091388	0.080125
499.250000	1	1.570431	0.346086	2.806761	0.416683
499.500000	0	0.163240	0.037886	1.218903	0.077040
499.500000	1	1.586716	0.544329	3.310898	0.417215
499.750000	0	0.161561	0.027140	0.916574	0.064342
499.750000	1	1.610897	0.639824	3.207323	0.413352
500.000000	0	0.163096	0.008071	0.777550	0.067282
500.000000	1	1.582898	0.374925	3.113285	0.427954
500.250000	0	0.161981	0.021847	1.097804	0.070493
500.250000	1	1.561711	0.266395	4.715052	0.552896
500.500000	0	0.167941	0.030352	1.616838	0.098963
500.500000	1	1.574211	0.437543	3.185044	0.457620
500.750000	0	0.168203	0.025081	0.798986	0.072841
500.750000	1	1.600299	0.319227	3.769287	0.447479
