Time	Cell_type	Mean	Min	Max	Std
0.250000	0	0.132381	0.015590	0.467675	0.051162
0.250000	1	1.634490	0.833219	2.847998	0.259013
0.500000	0	0.151274	0.016426	1.285522	0.120237
0.500000	1	1.631008	0.605007	2.915950	0.438723
0.750000	0	0.156933	0.009451	1.862773	0.154078
0.750000	1	1.772699	0.352365	4.519663	0.598433
1.000000	0	0.146146	0.007891	1.742529	0.108401
1.000000	1	1.658601	0.803677	3.491535	0.385764
1.250000	0	0.151065	0.011165	1.510429	0.129451
1.250000	1	1.644782	0.190795	3.490988	0.466760
1.500000	0	0.156599	0.006843	1.667273	0.135235
1.500000	1	1.632919	0.295158	3.519430	0.416783
1.750000	0	0.154091	0.013017	2.123160	0.153994
1.750000	1	1.733287	0.719350	3.378756	0.416532
2.000000	0	0.154559	0.012525	1.777271	0.132094
2.000000	1	1.640179	0.148404	3.175545	0.480742
2.250000	0	0.167406	0.015917	2.755688	0.191874
2.250000	1	1.745464	0.562762	3.699513	0.500025
2.500000	0	0.150712	0.020292	2.010969	0.124885
2.500000	1	1.654364	0.536949	4.140616	0.588764
2.750000	0	0.156494	0.006606	1.701691	0.135043
2.750000	1	1.819367	0.535198	4.332193	0.588537
3.000000	0	0.159911	0.017018	1.380842	0.146328
3.000000	1	1.631925	0.501910	3.080838	0.433337
3.250000	0	0.152040	0.010211	1.600000	0.129993
3.250000	1	1.669162	0.235780	3.525780	0.476552
3.500000	0	0.151074	0.013395	1.207732	0.112990
3.500000	1	1.612150	0.408980	2.933407	0.405841
3.750000	0	0.150787	0.021330	1.273840	0.117674
3.750000	1	1.732593	0.313225	4.009967	0.559726
4.000000	0	0.150600	0.008699	1.076023	0.108349
4.000000	1	1.692928	0.600005	3.395231	0.467314
4.250000	0	0.158876	0.011099	2.379524	0.161476
4.250000	1	1.649134	0.713072	3.194040	0.417651
4.500000	0	0.146073	0.009488	1.143575	0.091099
4.500000	1	1.631368	0.261800	3.110055	0.374713
4.750000	0	0.149504	0.015098	1.667756	0.128317
4.750000	1	1.607421	0.311258	3.618752	0.489987
5.000000	0	0.147729	0.016591	1.737069	0.108010
5.000000	1	1.696273	0.642940	3.666850	0.507982
5.250000	0	0.151573	0.008456	1.412255	0.124418
5.250000	1	1.755140	0.687299	3.189737	0.438964
5.500000	0	0.146293	0.006424	1.277206	0.107726
5.500000	1	1.778951	0.398401	4.008900	0.568987
5.750000	0	0.154439	0.015516	2.105320	0.152068
5.750000	1	1.604570	0.499512	3.324749	0.466252
6.000000	0	0.164029	0.017390	2.247600	0.173775
6.000000	1	1.771770	0.394133	3.261772	0.518579
6.250000	0	0.151243	0.003416	2.093023	0.138062
6.250000	1	1.629589	0.460095	3.080578	0.443930
6.500000	0	0.149301	0.005293	1.488505	0.123824
6.500000	1	1.696966	0.599910	3.536651	0.423259
6.750000	0	0.152225	0.013486	1.110105	0.111748
6.750000	1	1.705853	0.773406	3.632856	0.459369
7.000000	0	0.144881	0.017249	1.349562	0.105079
7.000000	1	1.684189	0.723905	3.819530	0.447010
7.250000	0	0.147291	0.014050	1.832180	0.129736
7.250000	1	1.645558	0.450383	3.227256	0.382859
7.500000	0	0.148657	0.003545	1.324305	0.113869
7.500000	1	1.700042	0.509088	3.464893	0.457290
7.750000	0	0.150557	0.007145	1.254742	0.108345
7.750000	1	1.746864	0.335793	4.631177	0.574433
8.000000	0	0.147209	0.009821	1.275572	0.107025
8.000000	1	1.711213	0.835102	3.878018	0.424202
8.250000	0	0.150777	0.005088	1.587203	0.131072
8.250000	1	1.631033	0.334461	3.217805	0.483720
8.500000	0	0.150900	0.006125	1.361950	0.121068
8.500000	1	1.687841	0.385323	3.572352	0.458256
8.750000	0	0.142789	0.006308	1.410342	0.101879
8.750000	1	1.771774	0.539209	4.918040	0.660988
9.000000	0	0.153610	0.016539	3.627825	0.177703
9.000000	1	1.733200	0.664734	5.069049	0.597880
9.250000	0	0.150675	0.008793	2.077555	0.146241
9.250000	1	1.713353	0.261678	4.485746	0.544811
9.500000	0	0.151483	0.002213	1.537566	0.116695
9.500000	1	1.696840	0.361537	4.168509	0.575153
9.750000	0	0.152197	0.008376	1.529285	0.123139
9.750000	1	1.781670	0.434730	4.671723	0.551278
10.000000	0	0.148318	0.015836	1.432804	0.119801
10.000000	1	1.701997	0.269023	4.075471	0.586983
10.250000	0	0.155007	0.013150	1.788135	0.149406
10.250000	1	1.622455	0.421886	3.135685	0.428874
10.500000	0	0.149697	0.018059	1.920246	0.132065
10.500000	1	1.697218	0.181812	4.456587	0.569150
10.750000	0	0.151373	0.012698	1.263716	0.119755
10.750000	1	1.600326	0.378180	3.539518	0.480322
11.000000	0	0.145535	0.011039	0.854520	0.091552
11.000000	1	1.739998	0.657629	3.497711	0.454779
11.250000	0	0.150619	0.009508	1.555269	0.128544
11.250000	1	1.693484	0.269930	2.973805	0.459596
11.500000	0	0.153849	0.013297	1.590402	0.132128
11.500000	1	1.776093	0.410326	3.576055	0.510720
11.750000	0	0.149830	0.014064	1.427028	0.112229
11.750000	1	1.638739	0.418168	3.447014	0.446915
12.000000	0	0.151110	0.019439	1.658409	0.129116
12.000000	1	1.719769	0.232149	3.954531	0.616944
12.250000	0	0.140900	0.011018	0.662149	0.066023
12.250000	1	1.686365	0.642826	3.332165	0.434048
12.500000	0	0.148580	0.003124	2.324162	0.133281
12.500000	1	1.702263	0.184658	3.372003	0.457823
12.750000	0	0.152698	0.012658	1.566809	0.133890
12.750000	1	1.717723	0.117811	3.933909	0.517825
13.000000	0	0.147423	0.001614	1.739982	0.125370
13.000000	1	1.691449	0.592380	3.168873	0.397642
13.250000	0	0.147476	0.002773	1.398667	0.106816
13.250000	1	1.660361	0.797470	4.507769	0.418453
13.500000	0	0.146275	0.004597	1.757518	0.121438
13.500000	1	1.739400	0.528144	3.623894	0.516792
13.750000	0	0.144337	0.004539	1.078755	0.099614
13.750000	1	1.698986	0.785664	4.019995	0.415336
14.000000	0	0.143847	0.006124	1.869377	0.098092
14.000000	1	1.698297	0.470040	3.127855	0.410355
14.250000	0	0.149133	0.016160	1.912596	0.128840
14.250000	1	1.674610	0.283679	3.927367	0.486330
14.500000	0	0.148598	0.012937	1.262926	0.107670
14.500000	1	1.678002	0.461309	2.992492	0.412252
14.750000	0	0.152971	0.015325	1.437193	0.119725
14.750000	1	1.741073	0.546784	4.291995	0.591889
15.000000	0	0.150611	0.015518	1.280654	0.120966
15.000000	1	1.635421	0.500860	3.208790	0.404042
15.250000	0	0.148568	0.011524	1.131017	0.106576
15.250000	1	1.700008	0.051279	3.645629	0.506198
15.500000	0	0.153738	0.009418	1.704599	0.147252
15.500000	1	1.717448	0.689220	3.622007	0.561219
15.750000	0	0.151429	0.018542	1.831825	0.132270
15.750000	1	1.871011	0.423541	4.251713	0.681800
16.000000	0	0.150082	0.018651	1.403427	0.119999
16.000000	1	1.654203	0.495657	3.119681	0.389263
16.250000	0	0.136289	0.016155	1.116754	0.071687
16.250000	1	1.725963	0.316721	3.867275	0.604792
16.500000	0	0.144426	0.003457	1.487135	0.114811
16.500000	1	1.708857	0.484773	3.123845	0.501934
16.750000	0	0.144527	0.002990	1.103598	0.098921
16.750000	1	1.708920	0.652775	4.948774	0.508580
17.000000	0	0.148103	0.008865	1.411075	0.113884
17.000000	1	1.678297	0.205938	3.645697	0.534827
17.250000	0	0.149120	0.012594	1.586692	0.129661
17.250000	1	1.727775	0.173150	3.243313	0.452273
17.500000	0	0.146603	0.013252	1.072172	0.103731
17.500000	1	1.676000	0.171203	4.677751	0.604568
17.750000	0	0.149253	0.011558	2.165157	0.135427
17.750000	1	1.723001	0.170859	3.423766	0.530232
18.000000	0	0.141095	0.008872	1.015200	0.076677
18.000000	1	1.613108	0.275720	4.558027	0.505130
18.250000	0	0.146766	0.005779	1.249491	0.108692
18.250000	1	1.721388	0.207273	3.745641	0.531837
18.500000	0	0.150928	0.009543	1.779469	0.140494
18.500000	1	1.692952	0.404363	3.601672	0.425045
18.750000	0	0.149423	0.012356	1.330641	0.104200
18.750000	1	1.658453	0.423786	2.940894	0.473594
19.000000	0	0.155344	0.006662	1.377015	0.143185
19.000000	1	1.734485	0.429992	3.119025	0.473690
19.250000	0	0.152382	0.012496	1.842045	0.145494
19.250000	1	1.716464	0.534078	3.550775	0.515912
19.500000	0	0.159162	0.018682	1.478876	0.142525
19.500000	1	1.804335	0.913161	3.458580	0.458517
19.750000	0	0.150315	0.013126	1.378363	0.114023
19.750000	1	1.777497	0.720998	4.330343	0.597628
20.000000	0	0.146542	0.007943	1.135312	0.099782
20.000000	1	1.746740	0.194807	4.100180	0.513468
20.250000	0	0.146248	0.005177	3.160256	0.140855
20.250000	1	1.664728	0.308873	3.492852	0.527952
20.500000	0	0.149275	0.013399	1.397967	0.128676
20.500000	1	1.687997	0.335728	3.763070	0.526836
20.750000	0	0.150013	0.003833	1.967532	0.119301
20.750000	1	1.700903	0.603823	3.315302	0.454637
21.000000	0	0.150891	0.010497	2.018712	0.132249
21.000000	1	1.785950	0.300821	3.806499	0.586241
21.250000	0	0.150965	0.005176	2.346640	0.148047
21.250000	1	1.667893	0.255129	3.448038	0.473309
21.500000	0	0.150290	0.003176	1.379218	0.117547
21.500000	1	1.732111	0.722078	4.458550	0.454227
21.750000	0	0.141385	0.002523	1.261037	0.086932
21.750000	1	1.727735	0.511216	3.604550	0.430082
22.000000	0	0.141772	0.019427	1.555406	0.098536
22.000000	1	1.619791	0.611363	2.983392	0.396717
22.250000	0	0.144126	0.018807	1.922921	0.106215
22.250000	1	1.758753	0.137842	3.758531	0.515477
22.500000	0	0.144053	0.016433	1.515057	0.104877
22.500000	1	1.592089	0.373798	3.345653	0.408312
22.750000	0	0.147574	0.029047	1.812810	0.123530
22.750000	1	1.623718	0.594788	3.057561	0.412699
23.000000	0	0.149373	0.009485	1.009670	0.108305
23.000000	1	1.828450	0.110188	5.579295	0.703005
23.250000	0	0.146564	0.003207	1.104761	0.103765
23.250000	1	1.750165	0.266526	3.742752	0.511860
23.500000	0	0.147016	0.010321	1.998390	0.124209
23.500000	1	1.616918	0.285614	3.634831	0.453072
23.750000	0	0.142060	0.023777	1.346344	0.088515
23.750000	1	1.714071	0.432553	3.022149	0.420273
24.000000	0	0.149553	0.008691	1.169160	0.102636
24.000000	1	1.721861	0.435495	3.827978	0.534555
24.250000	0	0.152301	0.016594	1.664591	0.129913
24.250000	1	1.748135	0.703665	3.497084	0.494483
24.500000	0	0.150965	0.007916	1.475906	0.129195
24.500000	1	1.786171	0.660038	3.615746	0.521352
24.750000	0	0.150452	0.008437	3.023977	0.144206
24.750000	1	1.671636	0.515568	4.303360	0.502192
25.000000	0	0.154781	0.015792	1.596450	0.140634
25.000000	1	1.701480	0.705853	3.805040	0.506888
25.250000	0	0.138236	0.012707	1.040500	0.075272
25.250000	1	1.709046	0.647471	2.899936	0.382997
25.500000	0	0.143057	0.014781	2.170383	0.124582
25.500000	1	1.614418	0.353371	2.999850	0.375315
25.750000	0	0.140798	0.013205	1.345454	0.087138
25.750000	1	1.702029	0.375141	3.307081	0.463155
26.000000	0	0.150157	0.019586	1.499979	0.117985
26.000000	1	1.660992	0.119911	3.092152	0.534135
26.250000	0	0.145951	0.009836	1.350176	0.107386
26.250000	1	1.696961	0.702110	3.771704	0.515947
26.500000	0	0.151042	0.028438	2.627148	0.141675
26.500000	1	1.723230	0.668186	4.445651	0.515513
26.750000	0	0.142703	0.007060	1.180566	0.087242
26.750000	1	1.752274	0.393843	3.437283	0.517744
27.000000	0	0.137736	0.017390	1.207574	0.091472
27.000000	1	1.683954	0.298803	3.502337	0.440006
27.250000	0	0.137035	0.003330	1.066482	0.077967
27.250000	1	1.656704	0.633609	2.762455	0.330452
27.500000	0	0.141565	0.018163	1.255212	0.087666
27.500000	1	1.723997	0.369594	3.824352	0.575172
27.750000	0	0.149397	0.003676	3.083719	0.154081
27.750000	1	1.746296	0.540426	4.817590	0.609877
28.000000	0	0.140783	0.018352	1.088714	0.082776
28.000000	1	1.615584	0.217156	4.041932	0.485504
28.250000	0	0.150138	0.003146	1.432016	0.113360
28.250000	1	1.666716	0.175342	3.530841	0.491546
28.500000	0	0.144295	0.004184	1.389822	0.102239
28.500000	1	1.670848	0.675459	2.719272	0.424295
28.750000	0	0.156894	0.008947	1.558570	0.146127
28.750000	1	1.734039	0.544997	4.072334	0.591077
29.000000	0	0.151128	0.011228	1.411243	0.116666
29.000000	1	1.719595	0.717538	3.907272	0.530926
29.250000	0	0.152245	0.008808	2.269099	0.134603
29.250000	1	1.811482	0.624535	5.552608	0.597184
29.500000	0	0.149720	0.006832	1.568593	0.133277
29.500000	1	1.678061	0.253638	2.942409	0.387648
29.750000	0	0.143428	0.027605	1.055629	0.086075
29.750000	1	1.714639	0.253939	3.569819	0.535475
30.000000	0	0.140575	0.006478	1.159168	0.089025
30.000000	1	1.630712	0.363608	3.209008	0.431001
30.250000	0	0.153530	0.011686	1.727369	0.135242
30.250000	1	1.689819	0.302749	4.945287	0.585930
30.500000	0	0.156760	0.005688	2.538224	0.153905
30.500000	1	1.681910	0.634107	3.919617	0.489862
30.750000	0	0.146643	0.004783	1.419882	0.120940
30.750000	1	1.653168	0.054262	3.466821	0.469701
31.000000	0	0.140177	0.008876	1.054648	0.076223
31.000000	1	1.733857	0.875862	3.570648	0.477272
31.250000	0	0.142046	0.009661	1.320305	0.094998
31.250000	1	1.619722	0.125821	3.453823	0.445202
31.500000	0	0.149253	0.007853	1.500361	0.119164
31.500000	1	1.774062	0.565990	3.861977	0.490701
31.750000	0	0.136541	0.010741	0.965628	0.063805
31.750000	1	1.752323	0.325276	3.207999	0.498401
32.000000	0	0.137825	0.015079	1.204096	0.083863
32.000000	1	1.685852	0.425519	3.717529	0.538257
32.250000	0	0.148924	0.009938	1.480347	0.111611
32.250000	1	1.775965	0.444908	3.552714	0.537316
32.500000	0	0.147985	0.015104	1.449330	0.109202
32.500000	1	1.727020	0.307331	3.710311	0.568142
32.750000	0	0.146716	0.008030	1.236586	0.101862
32.750000	1	1.805242	0.714807	4.212250	0.648842
33.000000	0	0.146708	0.002139	2.072384	0.150789
33.000000	1	1.731390	0.555358	3.927264	0.514813
33.250000	0	0.147181	0.010574	1.922739	0.134289
33.250000	1	1.718756	0.385947	4.012756	0.465901
33.500000	0	0.147679	0.009689	1.560430	0.131822
33.500000	1	1.753286	0.696528	4.492072	0.611349
33.750000	0	0.148307	0.004881	1.374793	0.121212
33.750000	1	1.636988	0.343176	3.117840	0.423448
34.000000	0	0.155263	0.017692	6.577873	0.259870
34.000000	1	1.693685	0.374291	6.253066	0.679278
34.250000	0	0.146362	0.008647	1.861019	0.135956
34.250000	1	1.744311	0.654849	4.126463	0.520242
34.500000	0	0.144299	0.002261	1.617569	0.114458
34.500000	1	1.695217	0.162940	4.074020	0.548844
34.750000	0	0.138108	0.022348	0.908777	0.074486
34.750000	1	1.721373	0.531023	3.841031	0.437006
35.000000	0	0.140854	0.022842	1.050149	0.078237
35.000000	1	1.638349	0.444695	2.868827	0.355025
35.250000	0	0.148404	0.010148	1.404490	0.112936
35.250000	1	1.649562	0.088348	3.557172	0.546707
35.500000	0	0.150200	0.012180	2.723631	0.146482
35.500000	1	1.667637	0.514896	3.699704	0.457797
35.750000	0	0.143291	0.021915	1.385860	0.101412
35.750000	1	1.636772	0.390682	3.334637	0.482359
36.000000	0	0.146564	0.011797	1.473414	0.110091
36.000000	1	1.705946	0.189972	3.786506	0.566522
36.250000	0	0.140626	0.026276	1.001499	0.090929
36.250000	1	1.772576	0.686030	3.964671	0.536718
36.500000	0	0.150331	0.016505	1.741842	0.143519
36.500000	1	1.768475	0.723218	4.487850	0.589727
36.750000	0	0.151932	0.017493	1.376553	0.127178
36.750000	1	1.671358	0.376965	3.464402	0.443592
37.000000	0	0.150239	0.003535	1.743756	0.139401
37.000000	1	1.698058	0.388412	3.175811	0.464977
37.250000	0	0.143540	0.017024	1.085210	0.082520
37.250000	1	1.680934	0.214971	3.270159	0.511373
37.500000	0	0.145547	0.007616	1.647008	0.107858
37.500000	1	1.731225	0.543773	3.377653	0.517854
37.750000	0	0.144863	0.009234	1.374780	0.092235
37.750000	1	1.719057	0.483026	3.738480	0.493535
38.000000	0	0.147053	0.012539	1.516387	0.112943
38.000000	1	1.652380	0.268817	3.884349	0.504206
38.250000	0	0.146033	0.005033	1.737106	0.113509
38.250000	1	1.760995	0.583525	4.558073	0.516936
38.500000	0	0.144290	0.005719	0.909228	0.086327
38.500000	1	1.644043	0.419090	3.259799	0.436505
38.750000	0	0.147973	0.014473	1.423730	0.116716
38.750000	1	1.776790	0.756750	4.428273	0.545091
39.000000	0	0.145187	0.011238	1.469718	0.114408
39.000000	1	1.690121	0.438662	3.454197	0.448464
39.250000	0	0.143050	0.005017	0.999173	0.085407
39.250000	1	1.739470	0.611355	3.214971	0.438245
39.500000	0	0.148787	0.009099	1.617009	0.125756
39.500000	1	1.684012	0.422930	2.973056	0.415064
39.750000	0	0.142643	0.004327	1.977669	0.096802
39.750000	1	1.640005	0.466216	3.745246	0.490181
40.000000	0	0.146629	0.010757	1.642747	0.108433
40.000000	1	1.787302	0.272902	4.013839	0.587181
40.250000	0	0.147260	0.010281	1.299317	0.109856
40.250000	1	1.650667	0.173807	3.614831	0.540177
40.500000	0	0.143509	0.014020	1.147499	0.096915
40.500000	1	1.706007	0.385526	3.567007	0.524197
40.750000	0	0.147476	0.003682	1.532745	0.104232
40.750000	1	1.715288	0.378580	3.645260	0.516633
41.000000	0	0.150524	0.004899	1.875006	0.125784
41.000000	1	1.652538	0.724617	3.090763	0.412782
41.250000	0	0.147595	0.012012	1.501563	0.113135
41.250000	1	1.685338	0.572698	3.562869	0.499431
41.500000	0	0.147726	0.005988	1.310691	0.110264
41.500000	1	1.702411	0.497117	3.937976	0.480162
41.750000	0	0.146532	0.020866	1.973651	0.119809
41.750000	1	1.705362	0.456018	3.351673	0.503255
42.000000	0	0.146737	0.010817	1.664483	0.113167
42.000000	1	1.785718	0.694355	3.483892	0.505601
42.250000	0	0.134835	0.013302	0.910460	0.061046
42.250000	1	1.721962	0.104779	3.585702	0.457745
42.500000	0	0.140154	0.002853	1.157856	0.077703
42.500000	1	1.713308	0.307624	2.792149	0.379658
42.750000	0	0.141836	0.011565	1.165229	0.103318
42.750000	1	1.642598	0.584933	3.669951	0.380167
43.000000	0	0.140308	0.002007	1.865028	0.110169
43.000000	1	1.757255	0.631051	3.863318	0.495017
43.250000	0	0.147658	0.004517	1.228919	0.112194
43.250000	1	1.651062	0.236921	3.670336	0.405730
43.500000	0	0.145311	0.014014	1.804389	0.121224
43.500000	1	1.705550	0.353833	3.816579	0.462417
43.750000	0	0.146350	0.014406	1.529760	0.117085
43.750000	1	1.714845	0.774106	3.959696	0.481229
44.000000	0	0.148423	0.008250	1.969356	0.136634
44.000000	1	1.842733	0.371558	5.885979	0.689032
44.250000	0	0.141356	0.001160	1.555753	0.102381
44.250000	1	1.657187	0.127621	4.541244	0.461291
44.500000	0	0.142837	0.007868	1.630137	0.111094
44.500000	1	1.686946	0.423834	3.535570	0.508456
44.750000	0	0.140872	0.019891	1.352892	0.101117
44.750000	1	1.657964	0.374844	3.800160	0.551975
45.000000	0	0.146070	0.002950	1.405673	0.107616
45.000000	1	1.705618	0.334547	3.431111	0.555954
45.250000	0	0.147403	0.010569	2.694745	0.150375
45.250000	1	1.787292	0.574313	4.042509	0.558120
45.500000	0	0.155239	0.023669	1.924493	0.162914
45.500000	1	1.761247	0.371793	4.713695	0.551568
45.750000	0	0.144466	0.013935	1.404688	0.108104
45.750000	1	1.584636	0.508093	3.080960	0.447285
46.000000	0	0.145949	0.008665	1.365584	0.116429
46.000000	1	1.689004	0.124683	5.031042	0.612020
46.250000	0	0.143355	0.018986	1.184722	0.098209
46.250000	1	1.825189	0.251960	3.971781	0.608832
46.500000	0	0.142426	0.009362	1.412822	0.107007
46.500000	1	1.639711	0.327342	3.235742	0.425817
46.750000	0	0.140100	0.013869	0.938097	0.079594
46.750000	1	1.722161	0.302349	4.122864	0.555888
47.000000	0	0.136942	0.006422	1.217340	0.072615
47.000000	1	1.677569	0.504737	3.429551	0.424976
47.250000	0	0.137485	0.011727	1.413876	0.096705
47.250000	1	1.753505	0.530024	4.502325	0.534602
47.500000	0	0.152643	0.015212	1.620920	0.146762
47.500000	1	1.561727	0.401618	2.563681	0.371575
47.750000	0	0.153357	0.023128	2.190281	0.141263
47.750000	1	1.787528	0.868544	3.489157	0.503850
48.000000	0	0.145174	0.031484	1.005368	0.088911
48.000000	1	1.721158	0.546925	3.849730	0.528823
48.250000	0	0.146744	0.015842	1.745748	0.126871
48.250000	1	1.753045	0.321482	3.510988	0.484533
48.500000	0	0.156064	0.024635	1.950137	0.149574
48.500000	1	1.611418	0.639033	3.239942	0.376728
48.750000	0	0.144576	0.012025	1.573803	0.117943
48.750000	1	1.578664	0.405946	3.053399	0.408159
49.000000	0	0.152256	0.007038	1.672732	0.145982
49.000000	1	1.769939	0.734544	3.452279	0.467836
49.250000	0	0.153629	0.005281	1.769730	0.143513
49.250000	1	1.738497	0.839623	3.920914	0.454007
49.500000	0	0.145838	0.010269	2.035957	0.113913
49.500000	1	1.697997	0.537414	3.906569	0.382802
49.750000	0	0.145700	0.012698	1.701372	0.116168
49.750000	1	1.685914	0.141711	3.171886	0.440181
50.000000	0	0.141492	0.024704	1.482359	0.090608
50.000000	1	1.659112	0.389132	3.018161	0.466746
50.250000	0	0.148817	0.011723	1.721052	0.124829
50.250000	1	1.641941	0.501546	3.377199	0.526185
50.500000	0	0.142296	0.016040	1.720543	0.097272
50.500000	1	1.801350	0.420457	3.791206	0.535055
50.750000	0	0.146797	0.014808	2.632953	0.138376
50.750000	1	1.723526	0.405637	4.294861	0.508346
51.000000	0	0.151112	0.018822	1.404297	0.124208
51.000000	1	1.741989	0.090759	3.696357	0.523468
51.250000	0	0.142571	0.014557	1.503353	0.108181
51.250000	1	1.762124	0.208244	6.066804	0.783990
51.500000	0	0.144318	0.019045	1.705098	0.100690
51.500000	1	1.778624	0.669687	3.317694	0.472254
51.750000	0	0.137443	0.013714	1.339273	0.086924
51.750000	1	1.711088	0.893230	3.313095	0.412408
52.000000	0	0.141107	0.007509	1.302601	0.102326
52.000000	1	1.669806	0.205114	3.953414	0.541768
52.250000	0	0.150058	0.008239	1.676222	0.137527
52.250000	1	1.669244	0.450510	3.478082	0.526186
52.500000	0	0.148689	0.010315	1.412953	0.105880
52.500000	1	1.746061	0.289926	3.665171	0.562755
52.750000	0	0.151877	0.001358	1.916409	0.130498
52.750000	1	1.698777	0.439071	3.363104	0.427975
53.000000	0	0.146733	0.004718	1.398187	0.117105
53.000000	1	1.697637	0.468399	3.671068	0.545293
53.250000	0	0.150113	0.006251	1.538851	0.127904
53.250000	1	1.659233	0.515294	3.987385	0.460813
53.500000	0	0.146162	0.010782	1.353483	0.105553
53.500000	1	1.704487	0.340747	3.834752	0.486919
53.750000	0	0.144966	0.026697	1.849056	0.105399
53.750000	1	1.684204	0.059475	3.361863	0.537184
54.000000	0	0.141046	0.008091	1.599545	0.100325
54.000000	1	1.602242	0.289956	3.231280	0.483036
54.250000	0	0.155024	0.007840	1.927543	0.156583
54.250000	1	1.679326	0.278299	4.201265	0.633705
54.500000	0	0.154928	0.005895	1.993134	0.146156
54.500000	1	1.707933	0.167162	3.356946	0.511054
54.750000	0	0.145431	0.001886	1.587431	0.115670
54.750000	1	1.745561	0.555985	4.561509	0.559818
55.000000	0	0.140895	0.020441	1.154476	0.083095
55.000000	1	1.654393	0.144436	3.132499	0.475181
55.250000	0	0.143877	0.022331	1.242728	0.106571
55.250000	1	1.661942	0.298599	3.195534	0.455663
55.500000	0	0.148907	0.008680	1.786764	0.134066
55.500000	1	1.627885	0.326959	3.237384	0.559510
55.750000	0	0.148335	0.014236	1.381399	0.107622
55.750000	1	1.781952	0.471866	3.435439	0.542721
56.000000	0	0.145853	0.003174	1.719197	0.114950
56.000000	1	1.660313	0.364728	3.679748	0.439969
56.250000	0	0.151139	0.008543	1.514673	0.120429
56.250000	1	1.643364	0.334563	3.323035	0.546395
56.500000	0	0.148022	0.020161	1.400727	0.116815
56.500000	1	1.732193	0.183674	3.443276	0.526510
56.750000	0	0.143604	0.002960	1.594648	0.121266
56.750000	1	1.660869	0.309380	3.317407	0.401443
57.000000	0	0.143262	0.007155	1.555259	0.111501
57.000000	1	1.617429	0.261721	3.183661	0.410809
57.250000	0	0.151037	0.020483	1.969980	0.133393
57.250000	1	1.684466	0.030909	3.594946	0.513037
57.500000	0	0.152903	0.023667	1.608663	0.123719
57.500000	1	1.654917	0.267485	2.940205	0.435108
57.750000	0	0.146737	0.002736	1.440241	0.109979
57.750000	1	1.659358	0.552643	3.736755	0.453268
58.000000	0	0.144180	0.010504	1.176741	0.081469
58.000000	1	1.707335	0.831888	4.732859	0.512319
58.250000	0	0.149316	0.005299	1.448456	0.130528
58.250000	1	1.739925	0.173723	3.746917	0.530387
58.500000	0	0.149810	0.006174	1.426258	0.111005
58.500000	1	1.691687	0.713156	3.012389	0.378555
58.750000	0	0.141198	0.014973	0.979987	0.092089
58.750000	1	1.689494	0.358573	3.778156	0.500279
59.000000	0	0.147176	0.008882	1.254204	0.100609
59.000000	1	1.672230	0.352945	3.422412	0.459507
59.250000	0	0.143435	0.011406	1.558236	0.102362
59.250000	1	1.695856	0.430609	3.837341	0.515981
59.500000	0	0.153862	0.018345	1.742937	0.137502
59.500000	1	1.688334	0.324531	3.986417	0.517246
59.750000	0	0.149633	0.021032	1.202425	0.110683
59.750000	1	1.681561	0.495809	3.089079	0.411450
60.000000	0	0.143884	0.011095	1.187035	0.090185
60.000000	1	1.710903	0.146670	3.529338	0.451026
60.250000	0	0.139469	0.023074	1.305349	0.080036
60.250000	1	1.712089	0.344994	3.904563	0.512902
60.500000	0	0.143013	0.008974	1.863901	0.103208
60.500000	1	1.681457	0.486906	3.326442	0.472315
60.750000	0	0.135933	0.002063	0.791934	0.064063
60.750000	1	1.722369	0.762525	3.571982	0.451067
61.000000	0	0.143390	0.010152	0.997611	0.081135
61.000000	1	1.681982	0.746978	3.896777	0.463840
61.250000	0	0.143276	0.016513	1.111337	0.092033
61.250000	1	1.610689	0.354404	2.652517	0.364575
61.500000	0	0.144242	0.015683	0.985030	0.097851
61.500000	1	1.688306	0.389712	3.344624	0.452768
61.750000	0	0.142754	0.009780	1.940096	0.116165
61.750000	1	1.803348	0.158371	10.873566	1.278801
62.000000	0	0.150247	0.003296	1.561185	0.126306
62.000000	1	1.734079	0.303542	3.336052	0.501301
62.250000	0	0.142497	0.010291	1.489116	0.102443
62.250000	1	1.756238	0.292988	4.047332	0.608684
62.500000	0	0.153874	0.007954	1.623845	0.147934
62.500000	1	1.632663	0.290557	3.389868	0.541115
62.750000	0	0.141402	0.006913	1.695419	0.106970
62.750000	1	1.753605	0.075292	4.093095	0.537213
63.000000	0	0.145526	0.016504	1.144792	0.089856
63.000000	1	1.738379	0.584026	4.162228	0.497840
63.250000	0	0.137883	0.011267	1.138561	0.079994
63.250000	1	1.667414	0.209275	3.683048	0.491014
63.500000	0	0.144870	0.009226	1.489314	0.108466
63.500000	1	1.707971	0.440394	3.571338	0.477355
63.750000	0	0.143657	0.015500	1.501327	0.097649
63.750000	1	1.628998	0.596357	2.966101	0.370277
64.000000	0	0.139035	0.019979	1.208570	0.087577
64.000000	1	1.727479	0.319614	4.862899	0.496508
64.250000	0	0.137079	0.021616	1.354587	0.083767
64.250000	1	1.676845	0.728817	3.413920	0.391491
64.500000	0	0.139011	0.023094	1.180002	0.081705
64.500000	1	1.668350	0.407991	4.506872	0.558457
64.750000	0	0.139206	0.006576	1.049307	0.080441
64.750000	1	1.780246	0.120552	4.666235	0.590452
65.000000	0	0.143204	0.016124	1.255628	0.097064
65.000000	1	1.621032	0.660495	3.498733	0.409588
65.250000	0	0.149129	0.015951	1.520483	0.120340
65.250000	1	1.776251	0.373017	3.240577	0.506083
65.500000	0	0.138968	0.007912	0.989716	0.080601
65.500000	1	1.747872	0.291252	4.747065	0.548898
65.750000	0	0.141339	0.014919	1.820634	0.109679
65.750000	1	1.727861	0.432944	5.112504	0.671708
66.000000	0	0.151065	0.013796	1.808365	0.130071
66.000000	1	1.726408	0.325538	3.384899	0.535674
66.250000	0	0.148764	0.018895	1.610251	0.118470
66.250000	1	1.666774	0.079246	3.890637	0.511332
66.500000	0	0.146345	0.012134	1.350045	0.099816
66.500000	1	1.655030	0.275806	3.686035	0.511297
66.750000	0	0.147543	0.017893	2.604636	0.155656
66.750000	1	1.704453	0.476874	4.121628	0.440912
67.000000	0	0.149113	0.007144	1.498250	0.104042
67.000000	1	1.660880	0.035117	3.269843	0.486614
67.250000	0	0.147416	0.020023	1.172555	0.097505
67.250000	1	1.689901	0.286278	3.272211	0.477037
67.500000	0	0.145274	0.012340	1.176798	0.104020
67.500000	1	1.648749	0.279632	3.377526	0.552146
67.750000	0	0.135403	0.009313	1.354221	0.083222
67.750000	1	1.703478	0.632196	4.690852	0.529172
68.000000	0	0.139803	0.014857	0.996935	0.079632
68.000000	1	1.734324	0.709485	4.084108	0.512368
68.250000	0	0.146208	0.007285	1.522252	0.123839
68.250000	1	1.650048	0.040524	3.759850	0.488343
68.500000	0	0.147248	0.020550	1.181647	0.104324
68.500000	1	1.685359	0.299180	3.425562	0.485707
68.750000	0	0.145039	0.010859	1.109110	0.099976
68.750000	1	1.770967	0.295602	4.711259	0.558306
69.000000	0	0.145630	0.018264	2.269771	0.121098
69.000000	1	1.704120	0.760254	3.619828	0.501663
69.250000	0	0.139400	0.008972	1.010478	0.089056
69.250000	1	1.695223	0.514193	5.476965	0.652256
69.500000	0	0.145977	0.011647	1.551868	0.112525
69.500000	1	1.631854	0.233728	3.569417	0.439047
69.750000	0	0.144628	0.020585	1.181291	0.107583
69.750000	1	1.699950	0.444470	3.582177	0.441994
70.000000	0	0.152918	0.008204	1.230654	0.120156
70.000000	1	1.709479	0.395592	3.277867	0.441651
70.250000	0	0.148922	0.001883	1.778849	0.132042
70.250000	1	1.695019	0.659842	3.320332	0.446953
70.500000	0	0.141227	0.004309	1.322728	0.097646
70.500000	1	1.643296	0.172956	3.110925	0.442456
70.750000	0	0.148880	0.015056	1.136275	0.104946
70.750000	1	1.596328	0.140473	3.393381	0.452010
71.000000	0	0.146952	0.013166	1.480748	0.112871
71.000000	1	1.677534	0.506831	2.946046	0.448455
71.250000	0	0.145831	0.003067	1.562515	0.109836
71.250000	1	1.782922	0.527077	3.555588	0.473136
71.500000	0	0.142448	0.011307	0.991459	0.083937
71.500000	1	1.695932	0.960936	4.409007	0.430296
71.750000	0	0.144553	0.008993	1.224809	0.097450
71.750000	1	1.647165	0.295954	3.176406	0.374031
72.000000	0	0.150477	0.019523	1.750202	0.133908
72.000000	1	1.643400	0.208661	3.243718	0.430727
72.250000	0	0.152039	0.014623	1.606183	0.128648
72.250000	1	1.650823	0.237775	2.962411	0.418745
72.500000	0	0.153093	0.006950	1.570885	0.142506
72.500000	1	1.646337	0.371253	3.507624	0.527459
72.750000	0	0.142918	0.016842	1.312037	0.101567
72.750000	1	1.677386	0.433575	3.604226	0.473843
73.000000	0	0.145555	0.010147	2.025079	0.117852
73.000000	1	1.608439	0.434652	3.668033	0.400270
73.250000	0	0.153060	0.015190	2.059418	0.146827
73.250000	1	1.807315	0.195491	4.112934	0.626026
73.500000	0	0.137773	0.012171	1.270297	0.081537
73.500000	1	1.658846	0.326355	4.204249	0.473338
73.750000	0	0.138929	0.010402	0.936027	0.070421
73.750000	1	1.636226	0.912952	2.551178	0.304050
74.000000	0	0.148036	0.010281	2.049380	0.139141
74.000000	1	1.662908	0.541724	3.728436	0.479365
74.250000	0	0.140440	0.016219	1.733709	0.101425
74.250000	1	1.682446	0.793428	3.280721	0.382457
74.500000	0	0.143400	0.021534	1.176440	0.085860
74.500000	1	1.696149	0.368150	3.818066	0.526895
74.750000	0	0.141410	0.009863	2.154078	0.129691
74.750000	1	1.644571	0.291557	2.821541	0.394922
75.000000	0	0.145909	0.002176	1.654560	0.110505
75.000000	1	1.867388	0.485157	3.972095	0.629027
75.250000	0	0.149157	0.015775	1.417302	0.110978
75.250000	1	1.640259	0.370965	4.291413	0.491125
75.500000	0	0.145739	0.014721	2.042580	0.108330
75.500000	1	1.719096	0.256895	3.408652	0.567779
75.750000	0	0.143190	0.009159	1.434224	0.092734
75.750000	1	1.603291	0.298449	3.413885	0.539920
76.000000	0	0.150923	0.010897	1.329945	0.117604
76.000000	1	1.683611	0.342365	3.115595	0.546520
76.250000	0	0.151902	0.008756	2.266153	0.151372
76.250000	1	1.772931	0.319842	4.007287	0.487175
76.500000	0	0.141716	0.005647	1.393523	0.099988
76.500000	1	1.699502	0.560812	3.661287	0.440176
76.750000	0	0.137968	0.005780	1.721330	0.101328
76.750000	1	1.701860	0.511036	3.226070	0.441479
77.000000	0	0.140495	0.003171	1.749456	0.094708
77.000000	1	1.681007	0.030611	3.184450	0.536405
77.250000	0	0.144348	0.018608	1.517158	0.099611
77.250000	1	1.695563	0.458536	2.802490	0.407741
77.500000	0	0.155732	0.008387	1.639944	0.150900
77.500000	1	1.668976	0.359692	3.853941	0.556198
77.750000	0	0.139362	0.005771	1.615660	0.104440
77.750000	1	1.685955	0.556858	3.066101	0.471421
78.000000	0	0.144386	0.022059	1.540743	0.109796
78.000000	1	1.650955	0.295377	3.261273	0.370628
78.250000	0	0.143494	0.026332	1.175402	0.094671
78.250000	1	1.651949	0.338149	3.439482	0.450647
78.500000	0	0.153265	0.004083	1.508616	0.132638
78.500000	1	1.705114	0.151978	3.602917	0.567665
78.750000	0	0.145766	0.002153	1.326672	0.106568
78.750000	1	1.762707	0.677656	4.130499	0.507600
79.000000	0	0.145077	0.010966	2.041565	0.127716
79.000000	1	1.733513	0.721769	5.749431	0.653440
79.250000	0	0.150301	0.017806	1.526502	0.137305
79.250000	1	1.715209	0.079411	3.519944	0.482560
79.500000	0	0.140144	0.011708	1.359358	0.101285
79.500000	1	1.687772	0.666139	2.933825	0.379532
79.750000	0	0.144894	0.027950	1.325402	0.099642
79.750000	1	1.679012	0.085783	4.415549	0.556231
80.000000	0	0.144415	0.005467	1.114478	0.108665
80.000000	1	1.755658	0.701455	3.683248	0.543681
80.250000	0	0.152015	0.007189	1.436698	0.130977
80.250000	1	1.719380	0.303351	3.391725	0.409580
80.500000	0	0.139720	0.012209	0.815323	0.076924
80.500000	1	1.694125	0.413764	3.475377	0.488201
80.750000	0	0.148360	0.010290	1.137223	0.111440
80.750000	1	1.689613	0.627118	3.234859	0.401036
81.000000	0	0.142722	0.020685	1.290311	0.102536
81.000000	1	1.676770	0.546788	3.018154	0.357541
81.250000	0	0.145198	0.009040	1.388545	0.113014
81.250000	1	1.679132	0.651958	3.157617	0.411966
81.500000	0	0.149019	0.011451	1.617681	0.127574
81.500000	1	1.752757	0.114591	5.020540	0.661837
81.750000	0	0.146241	0.005143	1.543547	0.112401
81.750000	1	1.787166	0.320629	4.096146	0.606094
82.000000	0	0.149929	0.010792	1.456294	0.118920
82.000000	1	1.744744	0.537270	3.852069	0.529199
82.250000	0	0.149836	0.008742	1.500684	0.116755
82.250000	1	1.660808	0.219504	3.022279	0.444224
82.500000	0	0.151102	0.013321	3.133508	0.151538
82.500000	1	1.759326	0.351735	4.928565	0.670792
82.750000	0	0.144911	0.005625	1.529117	0.113961
82.750000	1	1.666088	0.239188	3.074625	0.479512
83.000000	0	0.149344	0.008316	1.594701	0.120082
83.000000	1	1.695073	0.263745	3.714785	0.553140
83.250000	0	0.150645	0.016649	1.464589	0.122211
83.250000	1	1.703033	0.371115	3.348529	0.431981
83.500000	0	0.147365	0.008464	1.831729	0.121168
83.500000	1	1.692455	0.266503	3.614999	0.506418
83.750000	0	0.151259	0.007177	1.391411	0.114833
83.750000	1	1.655378	0.114125	3.228556	0.469938
84.000000	0	0.144031	0.023059	1.255146	0.095815
84.000000	1	1.726130	0.508885	3.762038	0.548362
84.250000	0	0.144557	0.006527	1.742408	0.113130
84.250000	1	1.726945	0.613554	3.940371	0.541649
84.500000	0	0.147258	0.018324	1.430263	0.110484
84.500000	1	1.743865	0.310243	3.595946	0.570820
84.750000	0	0.156417	0.012417	1.352687	0.143004
84.750000	1	1.705662	0.557015	3.639276	0.451212
85.000000	0	0.150639	0.009020	1.655853	0.149002
85.000000	1	1.706862	0.251466	4.012826	0.542117
85.250000	0	0.142104	0.020602	1.112993	0.092767
85.250000	1	1.641179	0.368516	2.877139	0.437149
85.500000	0	0.140343	0.011773	0.869784	0.081474
85.500000	1	1.703530	0.386939	3.640029	0.474840
85.750000	0	0.145938	0.016760	1.690054	0.126745
85.750000	1	1.642683	0.212184	3.683073	0.496107
86.000000	0	0.147614	0.007408	1.472784	0.112592
86.000000	1	1.744042	0.686882	3.215725	0.441438
86.250000	0	0.147048	0.020493	1.655163	0.125674
86.250000	1	1.618830	0.262200	2.966703	0.490607
86.500000	0	0.153880	0.009777	1.525485	0.129642
86.500000	1	1.686502	0.312725	4.064293	0.574485
86.750000	0	0.147330	0.021031	1.288677	0.096244
86.750000	1	1.693709	0.277823	3.227375	0.457806
87.000000	0	0.148030	0.004482	1.456086	0.109693
87.000000	1	1.575338	0.324483	2.750616	0.368145
87.250000	0	0.144199	0.007596	1.431089	0.107459
87.250000	1	1.668110	0.311821	3.472845	0.481630
87.500000	0	0.143528	0.015590	1.923865	0.120508
87.500000	1	1.834101	0.529683	4.145042	0.615378
87.750000	0	0.148001	0.005875	1.843250	0.136171
87.750000	1	1.705928	0.697363	3.646183	0.480006
88.000000	0	0.141880	0.019131	1.490109	0.097372
88.000000	1	1.633027	0.347393	3.439867	0.450430
88.250000	0	0.151906	0.005153	1.832009	0.134385
88.250000	1	1.669096	0.239268	3.999784	0.522168
88.500000	0	0.140128	0.026593	1.169492	0.085820
88.500000	1	1.616467	0.514345	2.829863	0.341249
88.750000	0	0.143113	0.021844	1.921526	0.103414
88.750000	1	1.700931	0.478585	3.306951	0.500635
89.000000	0	0.149583	0.018323	1.548500	0.127006
89.000000	1	1.773347	0.490457	3.470858	0.522168
89.250000	0	0.143603	0.024007	1.387438	0.094967
89.250000	1	1.647605	0.565571	3.358984	0.360284
89.500000	0	0.140439	0.017882	0.929330	0.077224
89.500000	1	1.676102	0.888878	3.093429	0.375032
89.750000	0	0.146544	0.006117	1.681404	0.129201
89.750000	1	1.635101	0.334066	3.374956	0.484210
90.000000	0	0.148065	0.013188	2.087283	0.124025
90.000000	1	1.660261	0.062599	3.440565	0.442770
90.250000	0	0.142860	0.019918	1.457340	0.099163
90.250000	1	1.807082	0.236702	5.263738	0.652545
90.500000	0	0.143551	0.004290	1.196418	0.101222
90.500000	1	1.788968	0.390472	4.506426	0.691214
90.750000	0	0.146153	0.011615	1.506545	0.119923
90.750000	1	1.721944	0.440415	3.414840	0.504377
91.000000	0	0.148450	0.013547	1.695013	0.132809
91.000000	1	1.669414	0.137478	3.559584	0.487886
91.250000	0	0.140779	0.001394	1.146795	0.096751
91.250000	1	1.648192	0.759014	3.025606	0.343300
91.500000	0	0.143532	0.011083	1.599528	0.111578
91.500000	1	1.721554	0.305872	3.544554	0.450679
91.750000	0	0.143774	0.014830	1.243429	0.094991
91.750000	1	1.742372	0.598655	4.053074	0.558870
92.000000	0	0.135879	0.015012	1.574223	0.087159
92.000000	1	1.702130	0.424665	3.601639	0.409153
92.250000	0	0.144814	0.020534	1.264783	0.101385
92.250000	1	1.757170	0.190357	3.520799	0.566942
92.500000	0	0.137558	0.008952	1.206230	0.072337
92.500000	1	1.613074	0.163431	3.576417	0.527632
92.750000	0	0.140212	0.024058	1.537948	0.089414
92.750000	1	1.615749	0.335620	4.103569	0.495847
93.000000	0	0.149463	0.026274	1.675159	0.135026
93.000000	1	1.741500	0.268475	4.427650	0.548712
93.250000	0	0.150878	0.008222	2.042055	0.145585
93.250000	1	1.632195	0.190817	3.783413	0.454645
93.500000	0	0.146503	0.006785	1.533885	0.106371
93.500000	1	1.738299	0.378345	4.298138	0.480737
93.750000	0	0.137069	0.009152	1.248795	0.082609
93.750000	1	1.803104	0.515399	4.242342	0.593116
94.000000	0	0.141203	0.009411	1.315619	0.103170
94.000000	1	1.697671	0.420405	3.493724	0.453806
94.250000	0	0.138985	0.016382	1.223180	0.088547
94.250000	1	1.683282	0.423471	3.008467	0.412094
94.500000	0	0.149752	0.012595	1.672492	0.122059
94.500000	1	1.771305	0.446747	3.790635	0.559409
94.750000	0	0.139591	0.028397	1.165146	0.084488
94.750000	1	1.730577	0.526914	3.476778	0.484327
95.000000	0	0.144647	0.020793	2.111948	0.129172
95.000000	1	1.662876	0.555738	3.601976	0.503506
95.250000	0	0.142015	0.008130	1.217507	0.090069
95.250000	1	1.685107	0.358795	3.355269	0.522161
95.500000	0	0.148708	0.015377	1.434263	0.112443
95.500000	1	1.628987	0.267548	3.229087	0.472983
95.750000	0	0.147148	0.006862	1.167044	0.112433
95.750000	1	1.607117	0.702704	2.714693	0.390712
96.000000	0	0.151474	0.011412	2.341922	0.138382
96.000000	1	1.736614	0.410107	3.891634	0.556622
96.250000	0	0.139073	0.007367	1.722898	0.105017
96.250000	1	1.683611	0.291523	3.742694	0.453077
96.500000	0	0.144788	0.015075	1.418738	0.097965
96.500000	1	1.724063	0.405471	3.767063	0.509728
96.750000	0	0.141493	0.013646	1.660532	0.109503
96.750000	1	1.702229	0.394703	4.086248	0.560922
97.000000	0	0.145721	0.015859	2.194670	0.130227
97.000000	1	1.646694	0.447523	3.942238	0.424479
97.250000	0	0.146371	0.003543	1.521154	0.107491
97.250000	1	1.662215	0.325738	3.023915	0.435661
97.500000	0	0.147780	0.010178	1.405119	0.118081
97.500000	1	1.716105	0.365486	4.340263	0.560017
97.750000	0	0.144566	0.009493	1.306432	0.108357
97.750000	1	1.799070	0.035862	3.476446	0.549827
98.000000	0	0.144515	0.008159	1.192521	0.104907
98.000000	1	1.672650	0.859510	3.739378	0.462390
98.250000	0	0.146088	0.008730	1.395863	0.114446
98.250000	1	1.813221	0.387987	4.633650	0.602756
98.500000	0	0.143945	0.018397	1.167072	0.103445
98.500000	1	1.671985	0.204710	3.698270	0.542718
98.750000	0	0.142024	0.012886	1.056955	0.096001
98.750000	1	1.699458	0.687722	3.186237	0.425694
99.000000	0	0.142872	0.013879	1.042539	0.086606
99.000000	1	1.803850	0.639669	3.746191	0.496494
99.250000	0	0.145697	0.024533	1.338919	0.113513
99.250000	1	1.731500	0.523917	4.582826	0.540923
99.500000	0	0.142748	0.011851	1.485663	0.105624
99.500000	1	1.670801	0.170908	3.797244	0.557329
99.750000	0	0.150832	0.019701	1.737231	0.122309
99.750000	1	1.689024	0.178059	3.507893	0.561305
100.000000	0	0.151691	0.006086	1.155172	0.124712
100.000000	1	1.673095	0.212560	3.425076	0.458173
100.250000	0	0.148831	0.007978	1.693296	0.113215
100.250000	1	1.657647	0.638872	2.854012	0.392678
100.500000	0	0.141452	0.009203	1.109978	0.081223
100.500000	1	1.719974	0.334283	3.495200	0.538680
100.750000	0	0.138597	0.013921	1.651480	0.101561
100.750000	1	1.703732	0.404975	3.533263	0.475068
101.000000	0	0.145536	0.005749	1.376294	0.115358
101.000000	1	1.660677	0.537618	3.693830	0.515009
101.250000	0	0.143378	0.023325	1.323002	0.105758
101.250000	1	1.698149	0.486986	3.720337	0.538929
101.500000	0	0.141639	0.015994	0.962627	0.088312
101.500000	1	1.840540	0.531337	9.153883	1.127142
101.750000	0	0.143738	0.005931	1.748175	0.119616
101.750000	1	1.676001	0.102870	3.609466	0.574117
102.000000	0	0.143302	0.005169	0.786720	0.082402
102.000000	1	1.682717	0.761054	4.314775	0.424235
102.250000	0	0.144944	0.004425	1.281819	0.101707
102.250000	1	1.597561	0.337562	3.334177	0.528141
102.500000	0	0.148239	0.005496	1.736211	0.121271
102.500000	1	1.764594	0.232539	3.799812	0.510921
102.750000	0	0.142261	0.010886	2.869312	0.134408
102.750000	1	1.743416	0.360909	3.914505	0.581177
103.000000	0	0.151674	0.007209	1.783168	0.137118
103.000000	1	1.719993	0.416561	3.185268	0.461629
103.250000	0	0.142702	0.022724	1.025556	0.098090
103.250000	1	1.644916	0.042752	3.156015	0.522630
103.500000	0	0.144830	0.020480	1.083107	0.089414
103.500000	1	1.678053	0.531873	3.603565	0.454999
103.750000	0	0.149323	0.008589	3.119683	0.163408
103.750000	1	1.697207	0.687317	3.712262	0.511235
104.000000	0	0.149996	0.006451	2.756137	0.158830
104.000000	1	1.713847	0.748396	3.469253	0.357514
104.250000	0	0.147035	0.007639	1.114054	0.103564
104.250000	1	1.681387	0.103055	3.057446	0.429896
104.500000	0	0.139757	0.011294	1.189449	0.079759
104.500000	1	1.650637	0.351003	3.942975	0.428795
104.750000	0	0.143160	0.009898	1.878694	0.114120
104.750000	1	1.707316	0.767996	3.489320	0.415902
105.000000	0	0.148113	0.027838	1.557859	0.116975
105.000000	1	1.618487	0.323801	3.153022	0.389746
105.250000	0	0.139909	0.010068	1.051451	0.088112
105.250000	1	1.591992	0.116987	3.001266	0.460717
105.500000	0	0.149096	0.012973	1.357222	0.116004
105.500000	1	1.690279	0.472659	3.681740	0.503364
105.750000	0	0.147748	0.004392	1.530174	0.112328
105.750000	1	1.694259	0.184024	3.814203	0.547938
106.000000	0	0.145322	0.018779	1.412558	0.106965
106.000000	1	1.716913	0.187552	3.456237	0.492158
106.250000	0	0.148294	0.018459	1.358037	0.107314
106.250000	1	1.724962	0.626322	3.859615	0.520171
106.500000	0	0.149751	0.007672	1.312968	0.109164
106.500000	1	1.651697	0.287748	3.369594	0.472628
106.750000	0	0.148508	0.006266	1.587226	0.128035
106.750000	1	1.788130	0.088116	3.782739	0.652321
107.000000	0	0.147844	0.002167	1.335827	0.108237
107.000000	1	1.645488	0.376794	3.234674	0.434272
107.250000	0	0.146004	0.012197	1.221070	0.109005
107.250000	1	1.665250	0.489147	3.185224	0.458552
107.500000	0	0.145786	0.012134	1.174698	0.101862
107.500000	1	1.700428	0.334928	3.243542	0.434545
107.750000	0	0.135592	0.014547	1.336450	0.074797
107.750000	1	1.751235	0.906277	4.075707	0.492431
108.000000	0	0.143503	0.017216	2.926516	0.132108
108.000000	1	1.638945	0.334592	3.326520	0.398459
108.250000	0	0.145950	0.002720	2.148778	0.138653
108.250000	1	1.670480	0.447574	3.274278	0.472913
108.500000	0	0.144767	0.026212	1.120577	0.098014
108.500000	1	1.778979	0.555124	4.830592	0.653995
108.750000	0	0.147542	0.006658	1.662860	0.121249
108.750000	1	1.705626	0.659181	3.117997	0.423475
109.000000	0	0.143326	0.013429	1.593970	0.101498
109.000000	1	1.752081	0.454878	4.393119	0.645376
109.250000	0	0.148763	0.014959	2.686537	0.155031
109.250000	1	1.742200	0.181141	3.477995	0.563453
109.500000	0	0.142754	0.009016	1.130400	0.095275
109.500000	1	1.632442	0.691811	3.031191	0.378481
109.750000	0	0.143251	0.005477	1.072169	0.097650
109.750000	1	1.666446	0.703465	3.350522	0.422499
110.000000	0	0.139519	0.001872	0.957057	0.077325
110.000000	1	1.715028	0.668584	4.372815	0.474003
110.250000	0	0.143846	0.014219	2.100828	0.109822
110.250000	1	1.754018	0.681613	3.510014	0.376944
110.500000	0	0.142321	0.011234	1.332120	0.098428
110.500000	1	1.669061	0.110416	2.920692	0.355611
110.750000	0	0.134297	0.022543	0.836777	0.068692
110.750000	1	1.615390	0.331651	3.553572	0.513021
111.000000	0	0.145086	0.003365	2.018656	0.133720
111.000000	1	1.740912	0.611985	3.837917	0.498407
111.250000	0	0.144141	0.015172	1.258502	0.099174
111.250000	1	1.704518	0.460533	3.641991	0.523336
111.500000	0	0.140184	0.003070	1.464989	0.092582
111.500000	1	1.657472	0.356018	4.071216	0.511658
111.750000	0	0.156132	0.005084	3.477758	0.185205
111.750000	1	1.771501	0.131843	5.418054	0.724911
112.000000	0	0.144509	0.006481	1.411368	0.096669
112.000000	1	1.702358	0.343090	4.434608	0.471460
112.250000	0	0.150192	0.016587	1.597240	0.140987
112.250000	1	1.786681	0.606473	8.120772	0.961571
112.500000	0	0.152298	0.007824	1.687868	0.134762
112.500000	1	1.692926	0.185228	3.070143	0.532728
112.750000	0	0.138396	0.004117	1.296429	0.082755
112.750000	1	1.606326	0.688051	3.659918	0.384618
113.000000	0	0.141250	0.010685	1.431004	0.110678
113.000000	1	1.686818	0.403973	3.641380	0.492361
113.250000	0	0.140186	0.008269	0.788297	0.074910
113.250000	1	1.711016	0.502809	3.457654	0.463590
113.500000	0	0.145906	0.016000	1.323008	0.098675
113.500000	1	1.830388	0.566362	5.095336	0.724296
113.750000	0	0.142939	0.017571	1.362693	0.102508
113.750000	1	1.650018	0.151094	3.507933	0.575123
114.000000	0	0.144851	0.007142	1.222300	0.105394
114.000000	1	1.665997	0.573420	3.425420	0.456649
114.250000	0	0.139950	0.009975	1.325555	0.088100
114.250000	1	1.616320	0.491209	3.970893	0.458974
114.500000	0	0.147532	0.017833	1.124265	0.090746
114.500000	1	1.665619	0.219330	3.569290	0.488994
114.750000	0	0.147885	0.013045	1.997698	0.139212
114.750000	1	1.694985	0.314475	3.654755	0.578091
115.000000	0	0.144431	0.008109	1.079898	0.088254
115.000000	1	1.673328	0.288088	3.183272	0.498875
115.250000	0	0.147821	0.010811	1.279507	0.121781
115.250000	1	1.797523	0.416048	6.143039	0.723609
115.500000	0	0.148421	0.025011	2.099681	0.124393
115.500000	1	1.703346	0.515672	4.088760	0.628009
115.750000	0	0.144338	0.008000	1.614937	0.111476
115.750000	1	1.704606	0.603907	3.340908	0.483504
116.000000	0	0.148766	0.002682	1.957677	0.137588
116.000000	1	1.651902	0.368051	3.468389	0.495232
116.250000	0	0.144029	0.013763	1.174686	0.095895
116.250000	1	1.674212	0.349254	3.570937	0.502548
116.500000	0	0.142142	0.014296	1.017836	0.086804
116.500000	1	1.702865	1.011517	3.382246	0.462057
116.750000	0	0.149832	0.014912	1.512197	0.130331
116.750000	1	1.637164	0.221011	3.271723	0.450432
117.000000	0	0.148262	0.009022	1.318222	0.110912
117.000000	1	1.668330	0.497378	3.416995	0.516112
117.250000	0	0.149077	0.011860	1.489226	0.119119
117.250000	1	1.699379	0.298704	4.012841	0.604160
117.500000	0	0.151419	0.017214	1.215991	0.112773
117.500000	1	1.647390	0.173916	2.895682	0.444323
117.750000	0	0.145435	0.006875	1.088944	0.099689
117.750000	1	1.638719	0.725346	3.190472	0.365236
118.000000	0	0.144850	0.007690	1.693870	0.110810
118.000000	1	1.733535	0.088325	3.420346	0.533190
118.250000	0	0.136329	0.015191	1.155428	0.080541
118.250000	1	1.734572	0.666554	3.892872	0.474938
118.500000	0	0.138759	0.009159	1.608497	0.089496
118.500000	1	1.639209	0.478758	3.304877	0.437821
118.750000	0	0.148696	0.011469	1.637708	0.118292
118.750000	1	1.697966	0.566275	2.863576	0.336554
119.000000	0	0.138024	0.021764	1.213233	0.079385
119.000000	1	1.693671	0.494206	3.172558	0.396796
119.250000	0	0.135337	0.020097	1.047572	0.078502
119.250000	1	1.661258	0.126678	3.219900	0.456285
119.500000	0	0.140580	0.013372	1.684090	0.111765
119.500000	1	1.739210	0.084088	3.267878	0.487356
119.750000	0	0.138325	0.015869	1.389759	0.095633
119.750000	1	1.693696	0.200683	3.424943	0.549844
120.000000	0	0.136534	0.003988	1.179365	0.082347
120.000000	1	1.669277	0.191843	3.378682	0.472661
120.250000	0	0.139273	0.023594	1.010604	0.076366
120.250000	1	1.667624	0.113021	3.027273	0.444913
120.500000	0	0.137229	0.027906	1.201105	0.084259
120.500000	1	1.780119	0.776300	3.711387	0.519252
120.750000	0	0.149116	0.013656	2.923990	0.154213
120.750000	1	1.744546	0.141536	6.852691	0.734282
121.000000	0	0.147610	0.015448	1.118268	0.112233
121.000000	1	1.694025	0.345463	4.110626	0.482658
121.250000	0	0.136560	0.015532	0.906434	0.066487
121.250000	1	1.723739	0.590039	3.740851	0.438128
121.500000	0	0.140451	0.005438	2.253126	0.110961
121.500000	1	1.706448	0.315785	3.874220	0.510942
121.750000	0	0.144085	0.013597	1.591112	0.112886
121.750000	1	1.722866	0.334390	4.155907	0.517746
122.000000	0	0.137594	0.012434	1.427197	0.092293
122.000000	1	1.648840	0.613553	3.084115	0.412001
122.250000	0	0.139388	0.007993	1.434299	0.111005
122.250000	1	1.695914	0.093307	2.829633	0.414400
122.500000	0	0.137154	0.006064	0.948010	0.072513
122.500000	1	1.670957	0.543778	3.171702	0.415095
122.750000	0	0.144737	0.014007	1.707390	0.118472
122.750000	1	1.776836	0.260570	4.052886	0.553829
123.000000	0	0.149497	0.019288	2.081424	0.135029
123.000000	1	1.603730	0.025938	4.018176	0.605012
123.250000	0	0.147810	0.018991	1.486121	0.110909
123.250000	1	1.713242	0.269456	4.488693	0.591409
123.500000	0	0.142272	0.017376	1.772000	0.108330
123.500000	1	1.686284	0.652300	3.517114	0.471911
123.750000	0	0.146308	0.021628	1.720966	0.117165
123.750000	1	1.671804	0.369462	3.796144	0.495010
124.000000	0	0.147491	0.002575	1.749527	0.124602
124.000000	1	1.678832	0.144807	3.863990	0.541732
124.250000	0	0.147990	0.016467	1.399481	0.112261
124.250000	1	1.663768	0.476316	3.326545	0.452905
124.500000	0	0.148126	0.020297	1.446722	0.124190
124.500000	1	1.662897	0.354507	3.148504	0.399262
124.750000	0	0.141795	0.018768	1.271068	0.078615
124.750000	1	1.687872	0.510770	3.559111	0.409372
125.000000	0	0.136465	0.015539	1.705727	0.096526
125.000000	1	1.691908	0.343063	4.201746	0.522189
125.250000	0	0.138799	0.014421	1.591230	0.093953
125.250000	1	1.728656	0.292648	3.812835	0.524642
125.500000	0	0.141373	0.015864	1.626926	0.101491
125.500000	1	1.638936	0.100332	3.186317	0.476001
125.750000	0	0.145500	0.008324	1.215333	0.102646
125.750000	1	1.682645	0.368544	3.312836	0.478688
126.000000	0	0.144716	0.006600	1.999324	0.124801
126.000000	1	1.724363	0.618630	3.215825	0.420533
126.250000	0	0.145678	0.006101	2.205172	0.124447
126.250000	1	1.780420	0.638279	4.284811	0.515382
126.500000	0	0.142570	0.011345	1.048510	0.084427
126.500000	1	1.695463	0.896445	3.620276	0.430571
126.750000	0	0.145983	0.012648	1.539955	0.110678
126.750000	1	1.665193	0.481224	4.005331	0.534062
127.000000	0	0.144020	0.017356	1.650113	0.108970
127.000000	1	1.756108	0.397545	3.453040	0.537340
127.250000	0	0.150630	0.011621	1.192300	0.119961
127.250000	1	1.715710	0.451073	3.995182	0.506377
127.500000	0	0.150924	0.004650	1.597670	0.124829
127.500000	1	1.737808	0.309714	3.510665	0.542624
127.750000	0	0.142686	0.006706	1.225477	0.095616
127.750000	1	1.577766	0.475494	3.053760	0.403072
128.000000	0	0.146094	0.018021	1.249596	0.101943
128.000000	1	1.688988	0.541182	3.790670	0.474410
128.250000	0	0.139652	0.004086	0.962369	0.073119
128.250000	1	1.688554	0.540961	4.943948	0.494097
128.500000	0	0.139323	0.010385	1.416659	0.097972
128.500000	1	1.630393	0.395907	3.038820	0.413767
128.750000	0	0.147687	0.017611	1.328740	0.113376
128.750000	1	1.741017	0.866208	3.645273	0.496505
129.000000	0	0.147078	0.026397	1.384591	0.113318
129.000000	1	1.688372	0.182109	4.968378	0.612927
129.250000	0	0.140540	0.004694	1.615490	0.090035
129.250000	1	1.673930	0.248960	3.074416	0.426426
129.500000	0	0.143815	0.021931	1.492722	0.106089
129.500000	1	1.691364	0.440665	3.158667	0.435364
129.750000	0	0.147724	0.008407	1.923181	0.127499
129.750000	1	1.730467	0.450990	3.502749	0.432093
130.000000	0	0.145094	0.009921	1.432960	0.110347
130.000000	1	1.724346	0.081487	4.027945	0.549956
130.250000	0	0.141510	0.010897	1.692126	0.103035
130.250000	1	1.806191	0.533938	5.014758	0.627128
130.500000	0	0.146979	0.003767	1.385638	0.106084
130.500000	1	1.789848	0.476742	3.558971	0.576336
130.750000	0	0.154336	0.008853	1.823395	0.161128
130.750000	1	1.735534	0.281020	4.128716	0.604018
131.000000	0	0.147331	0.024554	1.516369	0.115540
131.000000	1	1.653108	0.415201	2.942554	0.471770
131.250000	0	0.145526	0.020721	1.320584	0.102268
131.250000	1	1.683148	0.436108	3.705797	0.466226
131.500000	0	0.145556	0.014134	1.197097	0.105163
131.500000	1	1.637376	0.465277	3.764606	0.515690
131.750000	0	0.149457	0.014592	1.751749	0.134503
131.750000	1	1.623782	0.064952	3.848873	0.460526
132.000000	0	0.152626	0.007139	1.100375	0.103645
132.000000	1	1.715822	0.061670	3.649464	0.481673
132.250000	0	0.146099	0.012077	1.606295	0.114443
132.250000	1	1.630568	0.075436	3.336413	0.533141
132.500000	0	0.151588	0.003729	1.712765	0.133293
132.500000	1	1.752246	0.562549	4.549315	0.542820
132.750000	0	0.142779	0.019361	1.292493	0.105345
132.750000	1	1.615239	0.432016	4.247351	0.502537
133.000000	0	0.147312	0.006261	1.314745	0.116848
133.000000	1	1.852069	0.571280	3.803522	0.590620
133.250000	0	0.145598	0.008871	1.457835	0.117489
133.250000	1	1.774326	0.777675	3.730167	0.530322
133.500000	0	0.136515	0.020346	1.616832	0.097860
133.500000	1	1.651888	0.216528	4.083300	0.585282
133.750000	0	0.145265	0.008365	2.757345	0.141301
133.750000	1	1.728707	0.512266	4.007867	0.600695
134.000000	0	0.141272	0.017032	1.314314	0.083508
134.000000	1	1.697858	0.447087	4.073559	0.555104
134.250000	0	0.143073	0.011335	1.288221	0.104414
134.250000	1	1.678716	0.027834	3.347773	0.508587
134.500000	0	0.147101	0.006126	1.108234	0.102094
134.500000	1	1.728320	0.958541	3.389126	0.410587
134.750000	0	0.148095	0.008767	1.436065	0.117682
134.750000	1	1.687597	0.485146	3.613173	0.524995
135.000000	0	0.139628	0.004362	1.063021	0.084558
135.000000	1	1.735655	0.576338	3.402526	0.511566
135.250000	0	0.135648	0.018816	1.135605	0.081482
135.250000	1	1.655422	0.245009	3.618177	0.448038
135.500000	0	0.142855	0.006869	0.942580	0.092111
135.500000	1	1.689641	0.146019	3.960421	0.552020
135.750000	0	0.139363	0.012413	0.886369	0.084300
135.750000	1	1.732320	0.526189	3.625289	0.507038
136.000000	0	0.139940	0.006794	1.533144	0.086290
136.000000	1	1.642034	0.592026	2.914210	0.398526
136.250000	0	0.139725	0.015495	1.239855	0.094443
136.250000	1	1.618530	0.426072	3.316203	0.456086
136.500000	0	0.138558	0.012257	1.216570	0.078972
136.500000	1	1.587949	0.501260	3.256498	0.401104
136.750000	0	0.142707	0.006549	1.469363	0.101978
136.750000	1	1.693478	0.394353	3.833359	0.483932
137.000000	0	0.141297	0.007656	1.784742	0.103944
137.000000	1	1.751058	0.303814	3.469004	0.502783
137.250000	0	0.146867	0.021450	1.252778	0.109648
137.250000	1	1.687736	0.409166	4.110393	0.464226
137.500000	0	0.141616	0.024506	1.193690	0.094658
137.500000	1	1.750100	0.796560	3.178918	0.408020
137.750000	0	0.136781	0.005888	1.514354	0.104904
137.750000	1	1.593753	0.214313	2.852906	0.393803
138.000000	0	0.142592	0.005010	1.247119	0.100256
138.000000	1	1.712065	0.460683	4.132728	0.533041
138.250000	0	0.145369	0.002312	1.815269	0.116330
138.250000	1	1.664455	0.630810	3.004248	0.423249
138.500000	0	0.141929	0.013540	0.802078	0.081570
138.500000	1	1.684757	0.843442	3.027312	0.413538
138.750000	0	0.138546	0.005927	1.330123	0.090745
138.750000	1	1.797539	0.107500	3.967560	0.581839
139.000000	0	0.135459	0.005631	0.810627	0.071166
139.000000	1	1.692461	0.877927	2.902969	0.402825
139.250000	0	0.138756	0.015219	1.253057	0.100570
139.250000	1	1.746786	0.558733	3.544741	0.467602
139.500000	0	0.142882	0.002906	1.580910	0.113822
139.500000	1	1.692428	0.827298	3.162012	0.398740
139.750000	0	0.141271	0.024581	1.110915	0.091979
139.750000	1	1.746060	0.496101	4.180347	0.527378
140.000000	0	0.144995	0.017957	1.545803	0.120493
140.000000	1	1.603051	0.489790	2.698640	0.362886
140.250000	0	0.148673	0.025239	1.522825	0.123540
140.250000	1	1.718922	0.567136	3.173696	0.419451
140.500000	0	0.143346	0.019467	1.510386	0.109968
140.500000	1	1.702732	0.535570	4.210879	0.544303
140.750000	0	0.144815	0.009676	2.302766	0.128937
140.750000	1	1.668908	0.069768	3.415245	0.480698
141.000000	0	0.140672	0.005463	1.189152	0.090297
141.000000	1	1.680160	0.569525	3.580209	0.462754
141.250000	0	0.148590	0.011301	1.489958	0.119689
141.250000	1	1.683344	0.437929	3.833789	0.536401
141.500000	0	0.152092	0.012080	2.339135	0.147631
141.500000	1	1.684993	0.489060	3.450540	0.513964
141.750000	0	0.144476	0.003028	0.884364	0.097496
141.750000	1	1.733510	0.486163	3.779983	0.500504
142.000000	0	0.145252	0.026999	1.695642	0.103617
142.000000	1	1.734187	0.547430	3.523980	0.494240
142.250000	0	0.142723	0.013487	1.817806	0.098623
142.250000	1	1.665987	0.209024	3.529690	0.434881
142.500000	0	0.141622	0.014376	1.262688	0.088496
142.500000	1	1.718642	0.267169	3.590618	0.573161
142.750000	0	0.144285	0.011510	1.395898	0.106462
142.750000	1	1.626515	0.245911	3.249553	0.439149
143.000000	0	0.146201	0.015389	2.216509	0.123706
143.000000	1	1.632821	0.725333	4.427771	0.432168
143.250000	0	0.148526	0.026827	1.592985	0.126399
143.250000	1	1.803767	0.317904	5.875770	0.677544
143.500000	0	0.148710	0.015621	1.995321	0.125383
143.500000	1	1.743203	0.473241	3.528145	0.504054
143.750000	0	0.148304	0.008636	1.227834	0.113391
143.750000	1	1.624964	0.617209	2.815119	0.379232
144.000000	0	0.142476	0.012533	1.343369	0.092301
144.000000	1	1.716264	0.757235	3.595428	0.496671
144.250000	0	0.146573	0.010726	0.926124	0.094490
144.250000	1	1.669437	0.541045	3.496164	0.423427
144.500000	0	0.142171	0.002916	1.702439	0.103270
144.500000	1	1.745148	0.449212	3.659568	0.559137
144.750000	0	0.138948	0.005243	1.265553	0.089718
144.750000	1	1.613902	0.282751	2.790099	0.415283
145.000000	0	0.146628	0.005802	1.368941	0.110147
145.000000	1	1.668665	0.275099	3.332918	0.485007
145.250000	0	0.140166	0.010314	1.035356	0.087314
145.250000	1	1.758755	0.556163	4.325147	0.530304
145.500000	0	0.141728	0.011980	1.375449	0.096190
145.500000	1	1.681806	0.494490	3.423329	0.459307
145.750000	0	0.142785	0.013621	1.163841	0.093649
145.750000	1	1.685526	0.660362	3.097346	0.384077
146.000000	0	0.135450	0.007962	1.164423	0.076657
146.000000	1	1.762821	0.586451	4.282352	0.521388
146.250000	0	0.140794	0.020421	1.231329	0.084850
146.250000	1	1.729836	0.405550	4.060544	0.603690
146.500000	0	0.140706	0.011018	0.893306	0.078746
146.500000	1	1.659724	0.631567	3.157809	0.423910
146.750000	0	0.140720	0.014428	1.158916	0.091381
146.750000	1	1.753467	0.370756	4.014395	0.600960
147.000000	0	0.146329	0.023139	1.398412	0.110173
147.000000	1	1.747793	0.381819	4.082813	0.583179
147.250000	0	0.155651	0.024018	1.504050	0.137961
147.250000	1	1.715727	0.239784	3.124181	0.474541
147.500000	0	0.144812	0.001435	2.621420	0.139028
147.500000	1	1.790402	0.366540	4.887027	0.641022
147.750000	0	0.145390	0.034976	2.350809	0.128882
147.750000	1	1.838797	0.834277	3.810607	0.591459
148.000000	0	0.142408	0.013710	1.523526	0.098766
148.000000	1	1.667139	0.498698	2.994618	0.451084
148.250000	0	0.140899	0.008811	1.558555	0.098097
148.250000	1	1.731999	0.337190	3.316871	0.507040
148.500000	0	0.145451	0.006658	1.402263	0.108339
148.500000	1	1.739134	0.470020	4.483336	0.578619
148.750000	0	0.144161	0.020860	1.994386	0.112975
148.750000	1	1.655077	0.141820	3.549016	0.505494
149.000000	0	0.145752	0.024737	1.337693	0.124739
149.000000	1	1.682805	0.537368	2.932718	0.412536
149.250000	0	0.142706	0.008581	1.258579	0.109237
149.250000	1	1.732399	0.384370	3.594910	0.524983
149.500000	0	0.148277	0.014784	1.872710	0.124270
149.500000	1	1.628447	0.490259	3.216853	0.440593
149.750000	0	0.150430	0.011787	1.357811	0.127810
149.750000	1	1.658687	0.399157	3.928498	0.520563
150.000000	0	0.147062	0.017885	1.669213	0.120424
150.000000	1	1.709760	0.876106	4.525974	0.487305
150.250000	0	0.144496	0.019438	2.171225	0.126549
150.250000	1	1.732601	0.142377	3.809355	0.533508
150.500000	0	0.149907	0.020631	1.809210	0.137059
150.500000	1	1.755765	0.380137	3.806342	0.511276
150.750000	0	0.137677	0.010371	0.917254	0.064211
150.750000	1	1.679560	0.275670	4.005021	0.494059
151.000000	0	0.145976	0.010904	1.534371	0.118294
151.000000	1	1.735440	0.774578	3.607347	0.478364
151.250000	0	0.144864	0.006899	1.479639	0.115856
151.250000	1	1.658470	0.290155	3.322923	0.496081
151.500000	0	0.147909	0.018322	1.341458	0.115221
151.500000	1	1.731883	0.173587	4.018587	0.640021
151.750000	0	0.146319	0.012365	1.987466	0.113872
151.750000	1	1.642122	0.608225	2.995674	0.395480
152.000000	0	0.150039	0.015550	1.520902	0.123560
152.000000	1	1.662657	0.130988	3.869634	0.492764
152.250000	0	0.144217	0.020240	1.805059	0.112764
152.250000	1	1.741355	0.468155	3.443085	0.484974
152.500000	0	0.148547	0.019263	1.272262	0.106742
152.500000	1	1.692204	0.149876	3.115811	0.432618
152.750000	0	0.137155	0.008194	1.136319	0.085201
152.750000	1	1.714829	0.259843	3.800023	0.414513
153.000000	0	0.144088	0.006534	1.684089	0.106933
153.000000	1	1.754171	0.345719	4.159401	0.501983
153.250000	0	0.145580	0.012112	1.385937	0.113338
153.250000	1	1.702593	0.480286	3.416786	0.444376
153.500000	0	0.141168	0.028495	1.138528	0.089005
153.500000	1	1.692851	0.455356	4.124895	0.504204
153.750000	0	0.148824	0.015332	1.422760	0.114916
153.750000	1	1.812535	0.498817	5.059326	0.650480
154.000000	0	0.147184	0.018841	1.493159	0.114099
154.000000	1	1.700284	0.568830	3.328486	0.405212
154.250000	0	0.143645	0.011823	1.265268	0.086076
154.250000	1	1.664102	0.461477	4.268978	0.461219
154.500000	0	0.146302	0.027613	1.369343	0.107183
154.500000	1	1.611401	0.625776	2.635426	0.305920
154.750000	0	0.146668	0.004119	1.478757	0.118837
154.750000	1	1.717032	0.372808	3.923973	0.507644
155.000000	0	0.144017	0.014191	1.299849	0.104975
155.000000	1	1.795999	0.463257	4.202708	0.616917
155.250000	0	0.140788	0.016242	1.135849	0.088464
155.250000	1	1.755371	0.232917	3.545249	0.547547
155.500000	0	0.138377	0.013198	0.834220	0.067873
155.500000	1	1.642778	0.102341	4.070566	0.458656
155.750000	0	0.146512	0.013610	2.115682	0.130005
155.750000	1	1.664039	0.302542	3.610078	0.534839
156.000000	0	0.145723	0.012292	1.866394	0.112655
156.000000	1	1.599559	0.369071	3.026562	0.462285
156.250000	0	0.153514	0.023298	1.640674	0.138599
156.250000	1	1.696922	0.522890	3.276494	0.435633
156.500000	0	0.147446	0.010639	1.513666	0.127906
156.500000	1	1.650702	0.100652	3.058523	0.444383
156.750000	0	0.143002	0.020842	1.204988	0.089267
156.750000	1	1.723358	0.580653	4.683582	0.475442
157.000000	0	0.138354	0.023935	1.643489	0.096186
157.000000	1	1.693146	0.325459	3.054352	0.380010
157.250000	0	0.140580	0.009031	1.475373	0.100894
157.250000	1	1.691702	0.490024	4.223068	0.515541
157.500000	0	0.142174	0.016158	1.350317	0.105687
157.500000	1	1.683497	0.564721	3.421179	0.514093
157.750000	0	0.146406	0.011294	1.574763	0.114882
157.750000	1	1.713816	0.188549	4.252490	0.578309
158.000000	0	0.148216	0.006669	2.251859	0.148749
158.000000	1	1.607097	0.279894	3.327643	0.409895
158.250000	0	0.141455	0.012991	1.505460	0.107787
158.250000	1	1.703040	0.473089	4.203896	0.547229
158.500000	0	0.140175	0.009670	1.609664	0.099096
158.500000	1	1.739490	0.541255	5.125296	0.653249
158.750000	0	0.145134	0.003453	1.552022	0.126512
158.750000	1	1.649308	0.046324	3.718473	0.561555
159.000000	0	0.143588	0.023940	1.230361	0.092979
159.000000	1	1.728587	0.365201	3.429389	0.490308
159.250000	0	0.136340	0.008137	1.137079	0.081014
159.250000	1	1.769342	0.541639	3.626875	0.527580
159.500000	0	0.134761	0.006522	1.065724	0.071716
159.500000	1	1.663684	0.090243	3.381936	0.452647
159.750000	0	0.138321	0.006249	1.591635	0.097899
159.750000	1	1.698820	0.570106	3.383678	0.422050
160.000000	0	0.146549	0.022596	1.954833	0.131685
160.000000	1	1.648441	0.142362	3.473837	0.502460
160.250000	0	0.149515	0.011327	2.012216	0.129874
160.250000	1	1.749539	0.552987	3.301744	0.494519
160.500000	0	0.143843	0.010895	2.044782	0.120938
160.500000	1	1.722801	0.457763	3.629214	0.471043
160.750000	0	0.138784	0.022658	1.042606	0.077374
160.750000	1	1.650614	0.346075	3.165970	0.422911
161.000000	0	0.140007	0.003854	1.513554	0.100065
161.000000	1	1.693243	0.165418	3.307713	0.533628
161.250000	0	0.147810	0.009144	1.533672	0.112638
161.250000	1	1.757803	0.497290	4.137297	0.580396
161.500000	0	0.141543	0.017823	1.207693	0.095945
161.500000	1	1.626645	0.404105	4.073040	0.479596
161.750000	0	0.145553	0.012309	1.316166	0.102532
161.750000	1	1.639022	0.153944	3.521048	0.473057
162.000000	0	0.148004	0.007178	2.017353	0.139810
162.000000	1	1.670173	0.560642	3.354686	0.427316
162.250000	0	0.147172	0.018223	1.170156	0.105469
162.250000	1	1.702079	0.911516	3.571255	0.450508
162.500000	0	0.142025	0.008630	1.236456	0.098782
162.500000	1	1.690278	0.452722	3.568951	0.439336
162.750000	0	0.137588	0.011192	1.292220	0.085081
162.750000	1	1.712407	0.516932	3.501151	0.508240
163.000000	0	0.137449	0.019419	1.457425	0.111109
163.000000	1	1.640699	0.351935	3.212218	0.411101
163.250000	0	0.145088	0.008737	1.425888	0.122361
163.250000	1	1.741201	0.498355	3.697385	0.539817
163.500000	0	0.142987	0.004548	1.458390	0.109728
163.500000	1	1.658973	0.559568	3.790313	0.489224
163.750000	0	0.147592	0.009579	1.167121	0.106853
163.750000	1	1.728955	0.179367	3.485348	0.463899
164.000000	0	0.138648	0.009836	0.966625	0.074859
164.000000	1	1.724365	0.385740	4.129625	0.530181
164.250000	0	0.142072	0.013153	1.863435	0.109130
164.250000	1	1.785464	0.602755	3.697560	0.546135
164.500000	0	0.138132	0.009481	1.460023	0.084214
164.500000	1	1.620622	0.366533	3.099420	0.431019
164.750000	0	0.145165	0.016019	1.734337	0.112588
164.750000	1	1.691067	0.820908	3.515870	0.477184
165.000000	0	0.148432	0.018244	1.207393	0.109487
165.000000	1	1.800862	0.180112	4.022669	0.622183
165.250000	0	0.147972	0.022035	1.447590	0.120552
165.250000	1	1.658010	0.726910	3.765336	0.432212
165.500000	0	0.153570	0.014064	1.769743	0.150337
165.500000	1	1.748653	0.423987	3.579591	0.524131
165.750000	0	0.148815	0.006940	1.688324	0.143139
165.750000	1	1.672732	0.111438	3.824787	0.490877
166.000000	0	0.142509	0.012247	1.645104	0.108909
166.000000	1	1.635984	0.227065	2.911649	0.424398
166.250000	0	0.147199	0.005269	1.634643	0.120491
166.250000	1	1.793205	0.220415	4.525163	0.601276
166.500000	0	0.141587	0.025774	1.468162	0.096123
166.500000	1	1.668619	0.358539	4.245804	0.554331
166.750000	0	0.133371	0.005284	1.526827	0.078811
166.750000	1	1.700958	0.699168	3.434581	0.472555
167.000000	0	0.140617	0.005555	1.610238	0.103001
167.000000	1	1.696151	0.558369	3.589760	0.448736
167.250000	0	0.136770	0.006879	1.228079	0.091857
167.250000	1	1.658379	0.621603	3.935902	0.464762
167.500000	0	0.142162	0.006694	1.346579	0.103662
167.500000	1	1.675173	0.772461	3.264599	0.456743
167.750000	0	0.142489	0.006167	1.376115	0.102733
167.750000	1	1.649367	0.221976	3.280297	0.428803
168.000000	0	0.139226	0.003707	1.486956	0.088086
168.000000	1	1.715825	0.291742	4.512643	0.587371
168.250000	0	0.143072	0.019856	1.138578	0.086802
168.250000	1	1.663208	0.040031	3.258273	0.523476
168.500000	0	0.142551	0.020467	1.739944	0.110207
168.500000	1	1.766895	0.119504	4.128275	0.545134
168.750000	0	0.137326	0.025854	1.456425	0.091602
168.750000	1	1.695891	0.553856	3.038720	0.393042
169.000000	0	0.137791	0.018301	0.863263	0.077497
169.000000	1	1.697311	0.442850	4.276100	0.582597
169.250000	0	0.147706	0.019440	1.428077	0.122900
169.250000	1	1.731722	0.854589	2.979828	0.379841
169.500000	0	0.144939	0.013873	1.901011	0.112306
169.500000	1	1.662984	0.284777	4.861824	0.555200
169.750000	0	0.145699	0.009872	1.619665	0.124936
169.750000	1	1.667427	0.549509	3.665068	0.429050
170.000000	0	0.147618	0.027288	1.313295	0.106773
170.000000	1	1.645308	0.073929	3.019945	0.447570
170.250000	0	0.139601	0.012810	1.068969	0.080195
170.250000	1	1.622050	0.454169	3.418148	0.406185
170.500000	0	0.139456	0.005889	1.245482	0.091740
170.500000	1	1.757485	0.609451	5.773853	0.578336
170.750000	0	0.144780	0.017935	1.484001	0.114257
170.750000	1	1.656844	0.291913	3.897978	0.528565
171.000000	0	0.141203	0.005878	1.381572	0.098348
171.000000	1	1.688584	0.639856	3.865534	0.489591
171.250000	0	0.149116	0.010285	1.560241	0.120845
171.250000	1	1.707108	0.605004	3.698793	0.457925
171.500000	0	0.145133	0.014047	1.054221	0.098506
171.500000	1	1.635201	0.517634	3.268263	0.442727
171.750000	0	0.154806	0.015230	1.697727	0.143198
171.750000	1	1.723952	0.679489	3.390252	0.471471
172.000000	0	0.151985	0.020317	1.946096	0.135312
172.000000	1	1.574258	0.410887	3.801649	0.446814
172.250000	0	0.147401	0.010997	1.608831	0.120035
172.250000	1	1.697157	0.543495	3.434545	0.460634
172.500000	0	0.148941	0.015341	2.081441	0.128003
172.500000	1	1.741308	0.400089	3.006327	0.492139
172.750000	0	0.144675	0.002977	1.065757	0.092004
172.750000	1	1.712109	0.457600	3.428892	0.469090
173.000000	0	0.140355	0.014945	1.581945	0.091966
173.000000	1	1.731578	0.725392	3.185884	0.426063
173.250000	0	0.141814	0.010875	1.119091	0.089610
173.250000	1	1.637010	0.280289	3.337070	0.371437
173.500000	0	0.137955	0.008759	1.227616	0.087367
173.500000	1	1.829011	0.551645	4.898110	0.629497
173.750000	0	0.139970	0.012733	1.756138	0.111651
173.750000	1	1.724087	0.236558	3.874025	0.627675
174.000000	0	0.140332	0.024463	1.377760	0.085706
174.000000	1	1.656593	0.284274	3.494770	0.437869
174.250000	0	0.140077	0.007416	1.089866	0.082899
174.250000	1	1.580743	0.452828	3.668392	0.419651
174.500000	0	0.151597	0.012936	1.467389	0.129661
174.500000	1	1.721420	0.142214	4.202024	0.545231
174.750000	0	0.139873	0.015282	1.838151	0.093943
174.750000	1	1.684788	0.856690	3.671223	0.422087
175.000000	0	0.137556	0.010469	1.134511	0.078201
175.000000	1	1.740556	0.816995	4.047943	0.535040
175.250000	0	0.137705	0.013434	1.338765	0.103315
175.250000	1	1.656111	0.331994	3.364917	0.435837
175.500000	0	0.141136	0.008429	1.203546	0.086874
175.500000	1	1.648903	0.331388	3.286894	0.445500
175.750000	0	0.146864	0.023218	1.634004	0.117351
175.750000	1	1.640500	0.418770	3.418829	0.437990
176.000000	0	0.143956	0.029753	0.962933	0.084804
176.000000	1	1.711551	0.389122	3.581261	0.449404
176.250000	0	0.147343	0.017573	1.143814	0.104229
176.250000	1	1.683661	0.419896	3.224275	0.479463
176.500000	0	0.141485	0.009835	1.399032	0.104868
176.500000	1	1.720504	0.231505	4.117175	0.578042
176.750000	0	0.140753	0.007841	1.175753	0.092335
176.750000	1	1.651700	0.523803	3.460591	0.440413
177.000000	0	0.142505	0.015782	1.863187	0.114702
177.000000	1	1.623947	0.099782	3.213992	0.466289
177.250000	0	0.142222	0.001152	1.980233	0.123785
177.250000	1	1.664219	0.528257	3.922243	0.441430
177.500000	0	0.146309	0.030611	1.283435	0.114230
177.500000	1	1.759699	0.202201	3.868470	0.580343
177.750000	0	0.141861	0.013018	1.577844	0.101112
177.750000	1	1.701484	0.838572	3.098589	0.392819
178.000000	0	0.141778	0.014848	1.357289	0.099814
178.000000	1	1.648318	0.149587	3.580286	0.447967
178.250000	0	0.143950	0.007947	1.778964	0.113261
178.250000	1	1.684725	0.742661	3.819614	0.428164
178.500000	0	0.143758	0.018476	1.152810	0.095078
178.500000	1	1.693355	0.193951	3.723925	0.520077
178.750000	0	0.142751	0.008108	1.192237	0.100527
178.750000	1	1.774425	0.299570	3.769812	0.596972
179.000000	0	0.144240	0.015303	1.758115	0.115053
179.000000	1	1.660426	0.188237	4.878758	0.558331
179.250000	0	0.143322	0.020614	1.546936	0.093322
179.250000	1	1.786154	0.037081	4.071605	0.630028
179.500000	0	0.142644	0.006688	1.832544	0.117942
179.500000	1	1.647242	0.364890	4.007666	0.510429
179.750000	0	0.143612	0.005685	1.369430	0.103288
179.750000	1	1.732021	0.062484	3.381318	0.493211
180.000000	0	0.142640	0.014445	1.193210	0.096726
180.000000	1	1.783649	0.557070	4.060652	0.539499
180.250000	0	0.143030	0.016197	1.465591	0.107889
180.250000	1	1.647139	0.166630	3.628786	0.515081
180.500000	0	0.138265	0.014583	1.325314	0.081611
180.500000	1	1.719523	0.610990	4.131361	0.497121
180.750000	0	0.143571	0.014758	1.230277	0.103048
180.750000	1	1.649531	0.489788	4.108640	0.511907
181.000000	0	0.143095	0.016662	1.274387	0.101737
181.000000	1	1.740960	0.230946	3.623078	0.504609
181.250000	0	0.147035	0.018119	1.624924	0.112393
181.250000	1	1.759322	0.074334	4.820596	0.691958
181.500000	0	0.151158	0.021985	1.508044	0.121184
181.500000	1	1.713904	0.576547	5.901218	0.708352
181.750000	0	0.147126	0.009723	1.137693	0.106238
181.750000	1	1.703797	0.523055	4.009844	0.598840
182.000000	0	0.145781	0.012824	1.602430	0.112764
182.000000	1	1.688239	0.513092	3.375346	0.447527
182.250000	0	0.148963	0.008470	1.982931	0.127296
182.250000	1	1.719188	0.779960	4.858885	0.503551
182.500000	0	0.145653	0.017388	1.760537	0.131849
182.500000	1	1.632372	0.166802	3.294465	0.476271
182.750000	0	0.151834	0.012053	1.828415	0.140352
182.750000	1	1.697072	0.585071	3.625603	0.526756
183.000000	0	0.151466	0.009635	1.568783	0.134239
183.000000	1	1.719193	0.518059	3.521482	0.484378
183.250000	0	0.142856	0.003713	1.139351	0.090338
183.250000	1	1.667963	0.128484	3.325486	0.444569
183.500000	0	0.143339	0.016720	1.556808	0.104420
183.500000	1	1.658431	0.633547	3.565228	0.422573
183.750000	0	0.144195	0.022844	1.783575	0.128638
183.750000	1	1.664142	0.325980	3.558735	0.419703
184.000000	0	0.146280	0.007574	1.385460	0.114806
184.000000	1	1.765788	0.277765	4.206672	0.581903
184.250000	0	0.139827	0.014401	0.969315	0.084305
184.250000	1	1.747813	0.645054	3.266784	0.503808
184.500000	0	0.139705	0.013221	1.383270	0.081121
184.500000	1	1.691227	0.244212	3.500548	0.444635
184.750000	0	0.141074	0.018922	1.270433	0.093583
184.750000	1	1.626551	0.272778	2.854833	0.388648
185.000000	0	0.143331	0.020667	1.251670	0.095950
185.000000	1	1.705482	0.610379	3.845444	0.545282
185.250000	0	0.151157	0.006777	1.678949	0.142127
185.250000	1	1.613899	0.224158	2.971262	0.442312
185.500000	0	0.144529	0.013538	1.253965	0.106983
185.500000	1	1.670710	0.303464	3.639578	0.432729
185.750000	0	0.144238	0.004575	1.283289	0.096155
185.750000	1	1.643103	0.226075	3.206163	0.426007
186.000000	0	0.141809	0.006803	1.359050	0.106198
186.000000	1	1.687987	0.505253	3.171669	0.446542
186.250000	0	0.139941	0.004094	1.727029	0.094191
186.250000	1	1.685029	0.065059	3.759818	0.493937
186.500000	0	0.141756	0.009167	1.697477	0.106791
186.500000	1	1.632691	0.439009	2.793085	0.380086
186.750000	0	0.145909	0.006994	1.691521	0.123554
186.750000	1	1.730371	0.187445	3.329961	0.545221
187.000000	0	0.144603	0.014946	1.018080	0.093282
187.000000	1	1.682577	0.432155	2.917953	0.466492
187.250000	0	0.135495	0.023721	1.315955	0.074782
187.250000	1	1.597844	0.454976	3.600040	0.464812
187.500000	0	0.147113	0.027806	1.172304	0.105672
187.500000	1	1.736099	0.058586	3.627270	0.480068
187.750000	0	0.152147	0.019242	1.790634	0.143538
187.750000	1	1.736703	0.643503	3.874100	0.460479
188.000000	0	0.144968	0.019891	1.428984	0.106117
188.000000	1	1.726289	0.319422	3.475963	0.486806
188.250000	0	0.140011	0.011652	1.145589	0.081501
188.250000	1	1.595534	0.466897	3.435885	0.398204
188.500000	0	0.143269	0.011628	1.226960	0.107353
188.500000	1	1.692411	0.351474	4.149563	0.432923
188.750000	0	0.136919	0.019850	0.730261	0.062769
188.750000	1	1.694856	0.620814	4.258299	0.464180
189.000000	0	0.136635	0.007386	0.821094	0.069157
189.000000	1	1.559132	0.188666	2.656314	0.416334
189.250000	0	0.150383	0.015417	1.550964	0.148492
189.250000	1	1.691679	0.198081	3.746936	0.459844
189.500000	0	0.137387	0.006750	1.193139	0.077146
189.500000	1	1.669931	0.451766	3.728365	0.515448
189.750000	0	0.138930	0.009629	1.400723	0.083683
189.750000	1	1.715311	0.474623	3.236104	0.522491
190.000000	0	0.146255	0.008849	1.761927	0.111124
190.000000	1	1.682943	0.293069	4.840117	0.574442
190.250000	0	0.139855	0.013942	1.486515	0.103227
190.250000	1	1.628925	0.362318	3.778249	0.476618
190.500000	0	0.143095	0.005330	1.442065	0.108607
190.500000	1	1.742138	0.600414	3.649797	0.524914
190.750000	0	0.142569	0.001943	1.549419	0.101236
190.750000	1	1.701707	0.479012	3.319608	0.475202
191.000000	0	0.144542	0.006693	1.180307	0.106205
191.000000	1	1.639931	0.345961	2.956880	0.419667
191.250000	0	0.138288	0.019710	1.248039	0.093904
191.250000	1	1.687401	0.209467	4.051893	0.542357
191.500000	0	0.141586	0.015689	2.882668	0.126354
191.500000	1	1.757356	0.565476	3.314511	0.492096
191.750000	0	0.145036	0.015975	1.733494	0.127175
191.750000	1	1.688581	0.206367	3.338182	0.451269
192.000000	0	0.144995	0.014560	1.601279	0.120637
192.000000	1	1.690138	0.861070	3.000017	0.354054
192.250000	0	0.142650	0.012207	1.618304	0.104110
192.250000	1	1.725632	0.139892	4.260524	0.510970
192.500000	0	0.136504	0.015574	1.435218	0.085102
192.500000	1	1.625186	0.210011	3.341260	0.484124
192.750000	0	0.138414	0.003062	0.700579	0.063698
192.750000	1	1.751902	0.600411	3.528829	0.545689
193.000000	0	0.144035	0.012316	1.436038	0.120155
193.000000	1	1.701471	0.170409	2.644431	0.443320
193.250000	0	0.141628	0.009964	1.540433	0.102136
193.250000	1	1.734766	0.415456	3.986735	0.601014
193.500000	0	0.140864	0.004529	1.714525	0.098778
193.500000	1	1.733635	0.237715	5.034304	0.593366
193.750000	0	0.147974	0.020018	1.501482	0.114916
193.750000	1	1.805961	0.255531	13.513817	1.546977
194.000000	0	0.148428	0.003263	1.540531	0.123916
194.000000	1	1.722655	0.749099	3.969258	0.447092
194.250000	0	0.142716	0.010848	1.660638	0.109990
194.250000	1	1.722955	0.237658	3.583843	0.526687
194.500000	0	0.159109	0.013750	1.866180	0.175893
194.500000	1	1.785240	0.117666	5.027899	0.622642
194.750000	0	0.147795	0.019801	1.379053	0.121534
194.750000	1	1.675057	0.186052	3.263250	0.470559
195.000000	0	0.142644	0.000456	1.342760	0.094378
195.000000	1	1.682585	0.644420	4.173233	0.462135
195.250000	0	0.148400	0.032204	1.385401	0.116251
195.250000	1	1.793608	0.620394	4.269478	0.522472
195.500000	0	0.138306	0.019771	0.806353	0.073348
195.500000	1	1.734036	0.601246	3.739648	0.486893
195.750000	0	0.147232	0.008074	1.796924	0.132029
195.750000	1	1.669095	0.203643	2.993468	0.424426
196.000000	0	0.146787	0.014632	1.834008	0.128626
196.000000	1	1.648934	0.245254	3.605881	0.441982
196.250000	0	0.149143	0.014627	4.061861	0.174718
196.250000	1	1.672096	0.125233	3.771731	0.520139
196.500000	0	0.141666	0.004736	1.806383	0.105985
196.500000	1	1.729083	0.537777	3.907270	0.558453
196.750000	0	0.139748	0.017425	1.460210	0.090198
196.750000	1	1.731876	0.143476	3.803121	0.492688
197.000000	0	0.147087	0.003226	1.880837	0.133421
197.000000	1	1.633809	0.739269	3.520254	0.420809
197.250000	0	0.148334	0.017822	1.435970	0.128866
197.250000	1	1.724269	0.487024	4.013162	0.534222
197.500000	0	0.141786	0.004081	1.236922	0.095338
197.500000	1	1.677605	0.226667	3.300962	0.469089
197.750000	0	0.146511	0.012205	1.348710	0.119966
197.750000	1	1.726968	0.146620	4.299702	0.587356
198.000000	0	0.144072	0.011314	1.349084	0.096926
198.000000	1	1.633467	0.255036	2.885030	0.430766
198.250000	0	0.136838	0.041010	1.000213	0.072940
198.250000	1	1.696524	0.281573	4.721239	0.511528
198.500000	0	0.141087	0.017777	1.355278	0.092175
198.500000	1	1.725067	0.917267	3.639498	0.461563
198.750000	0	0.144390	0.010465	2.049063	0.115803
198.750000	1	1.703159	0.506658	4.227509	0.546609
199.000000	0	0.154812	0.004398	1.997632	0.152824
199.000000	1	1.785119	0.621848	6.008221	0.675161
199.250000	0	0.144395	0.008733	1.564961	0.123537
199.250000	1	1.683686	0.332800	5.328972	0.618095
199.500000	0	0.146171	0.003417	1.572538	0.125311
199.500000	1	1.720962	0.348819	3.643646	0.499724
199.750000	0	0.147426	0.015655	1.173025	0.106520
199.750000	1	1.678356	0.294996	3.220888	0.443449
200.000000	0	0.136978	0.009229	1.083097	0.078079
200.000000	1	1.684842	0.924685	4.642687	0.482993
200.250000	0	0.140490	0.007567	1.846213	0.106853
200.250000	1	1.727473	0.704037	3.434137	0.411040
200.500000	0	0.139486	0.018014	1.223879	0.096245
200.500000	1	1.619477	0.259255	3.845244	0.479712
200.750000	0	0.143725	0.016918	2.783816	0.134623
200.750000	1	1.699215	0.219390	3.525252	0.483821
201.000000	0	0.140405	0.009486	1.783117	0.097218
201.000000	1	1.765782	0.715030	3.223404	0.477061
201.250000	0	0.145683	0.015603	3.040711	0.144995
201.250000	1	1.773664	0.674925	3.880769	0.525779
201.500000	0	0.145532	0.011444	1.989259	0.140182
201.500000	1	1.668768	0.025063	3.798119	0.523118
201.750000	0	0.147250	0.008160	1.320313	0.103720
201.750000	1	1.699773	0.270189	3.083270	0.437074
202.000000	0	0.149055	0.003818	1.579520	0.130058
202.000000	1	1.658128	0.112568	4.536804	0.530640
202.250000	0	0.139895	0.008240	1.096159	0.086787
202.250000	1	1.696216	0.510688	3.549627	0.512227
202.500000	0	0.143349	0.018167	1.705183	0.100433
202.500000	1	1.648114	0.410349	2.741833	0.413837
202.750000	0	0.144316	0.014054	1.469545	0.110269
202.750000	1	1.661927	0.162192	3.189646	0.456076
203.000000	0	0.137698	0.008802	0.685131	0.066790
203.000000	1	1.617788	0.404103	3.579779	0.516984
203.250000	0	0.148456	0.015122	1.375279	0.113521
203.250000	1	1.596254	0.110993	3.494900	0.541914
203.500000	0	0.149180	0.012417	1.604818	0.129931
203.500000	1	1.664762	0.224422	2.909524	0.516479
203.750000	0	0.148204	0.013050	1.479166	0.115233
203.750000	1	1.669260	0.293804	3.526478	0.501254
204.000000	0	0.143631	0.025164	1.142531	0.099827
204.000000	1	1.699565	0.007389	4.145219	0.514586
204.250000	0	0.156292	0.005603	1.697460	0.143883
204.250000	1	1.713051	0.395569	3.473251	0.487926
204.500000	0	0.151735	0.013179	1.614498	0.133511
204.500000	1	1.667152	0.550174	3.553713	0.441695
204.750000	0	0.145384	0.015909	1.645009	0.116168
204.750000	1	1.735804	0.504325	3.788566	0.510631
205.000000	0	0.144151	0.007273	1.472873	0.101015
205.000000	1	1.680991	0.570238	3.402749	0.436515
205.250000	0	0.146017	0.012804	2.414682	0.143517
205.250000	1	1.679286	0.230499	3.591763	0.431072
205.500000	0	0.140483	0.011566	1.193230	0.080772
205.500000	1	1.645957	0.164965	2.968367	0.438696
205.750000	0	0.140859	0.007454	1.834233	0.108486
205.750000	1	1.726449	0.392237	3.855186	0.533137
206.000000	0	0.147272	0.021517	1.349000	0.123791
206.000000	1	1.767236	0.704428	3.739422	0.478720
206.250000	0	0.141962	0.009040	1.613774	0.117280
206.250000	1	1.687906	0.492019	3.863483	0.505638
206.500000	0	0.141120	0.011128	1.204496	0.096007
206.500000	1	1.687719	0.346166	3.201132	0.465650
206.750000	0	0.137623	0.006143	1.030519	0.077107
206.750000	1	1.761077	0.264624	6.391560	0.659292
207.000000	0	0.141534	0.005218	1.303044	0.090527
207.000000	1	1.724412	0.651749	3.156214	0.418683
207.250000	0	0.141957	0.008997	1.495650	0.103939
207.250000	1	1.723561	0.045225	3.344616	0.481334
207.500000	0	0.138264	0.011629	1.006431	0.077941
207.500000	1	1.670442	0.588633	4.039648	0.460019
207.750000	0	0.143271	0.000719	1.611429	0.110362
207.750000	1	1.646638	0.252574	3.811959	0.492037
208.000000	0	0.146160	0.007054	1.429710	0.128689
208.000000	1	1.670434	0.391533	3.300207	0.473769
208.250000	0	0.142598	0.005895	1.040130	0.093839
208.250000	1	1.680306	0.822290	3.158317	0.393162
208.500000	0	0.140631	0.016951	1.496763	0.093510
208.500000	1	1.673056	0.617022	3.002826	0.460602
208.750000	0	0.143649	0.001811	1.639938	0.111004
208.750000	1	1.742566	0.256222	9.551625	0.945438
209.000000	0	0.139724	0.009163	1.397809	0.099321
209.000000	1	1.712322	0.308019	3.755580	0.580510
209.250000	0	0.141458	0.027984	1.060254	0.093613
209.250000	1	1.704373	0.159469	3.504154	0.470892
209.500000	0	0.144476	0.002614	1.274235	0.114857
209.500000	1	1.635413	0.168012	3.015691	0.493190
209.750000	0	0.150179	0.010046	1.307826	0.122786
209.750000	1	1.834245	0.227050	4.158625	0.656422
210.000000	0	0.142482	0.008201	1.469980	0.106738
210.000000	1	1.700101	0.184982	3.799463	0.593800
210.250000	0	0.146638	0.028201	1.798835	0.124329
210.250000	1	1.786054	0.278543	4.125163	0.556452
210.500000	0	0.141935	0.006445	1.962325	0.116944
210.500000	1	1.688202	0.454136	4.144528	0.490482
210.750000	0	0.140757	0.005397	1.441178	0.097328
210.750000	1	1.683516	0.118834	4.395034	0.618743
211.000000	0	0.145506	0.012322	1.360574	0.100363
211.000000	1	1.723974	0.287117	3.312538	0.483144
211.250000	0	0.145657	0.004486	1.991079	0.126669
211.250000	1	1.659406	0.413170	4.365402	0.467978
211.500000	0	0.151130	0.006911	2.794344	0.162047
211.500000	1	1.687965	0.520569	3.313630	0.430564
211.750000	0	0.144353	0.015973	1.252430	0.107504
211.750000	1	1.716252	0.573791	3.659898	0.464908
212.000000	0	0.144611	0.020848	1.458065	0.109074
212.000000	1	1.671641	0.356361	3.573407	0.450340
212.250000	0	0.151344	0.015254	1.820293	0.127860
212.250000	1	1.654508	0.265534	3.450919	0.571690
212.500000	0	0.146040	0.012845	1.589687	0.124281
212.500000	1	1.904441	0.470733	7.604887	0.899128
212.750000	0	0.144394	0.012202	1.204965	0.106401
212.750000	1	1.698218	0.223502	3.860484	0.433049
213.000000	0	0.138728	0.002561	1.303873	0.097151
213.000000	1	1.589055	0.471660	2.795325	0.382568
213.250000	0	0.137484	0.009189	1.396795	0.089728
213.250000	1	1.725495	0.198556	3.292635	0.557776
213.500000	0	0.149939	0.009662	1.187295	0.113904
213.500000	1	1.742612	0.646069	4.128972	0.555354
213.750000	0	0.146301	0.017534	1.611672	0.123314
213.750000	1	1.693958	0.307787	3.503002	0.525055
214.000000	0	0.145656	0.012290	1.114137	0.104771
214.000000	1	1.688186	0.591670	3.375611	0.472975
214.250000	0	0.144723	0.006108	1.757803	0.108154
214.250000	1	1.812075	0.316796	4.530925	0.658912
214.500000	0	0.145902	0.016508	1.193746	0.110997
214.500000	1	1.701084	0.758259	4.348766	0.503843
214.750000	0	0.141789	0.004877	1.275042	0.095011
214.750000	1	1.706124	0.204183	3.328877	0.533445
215.000000	0	0.139227	0.025488	1.177324	0.089568
215.000000	1	1.705408	0.115549	3.734446	0.509314
215.250000	0	0.141103	0.031084	1.082489	0.083646
215.250000	1	1.649126	0.447992	3.799887	0.464537
215.500000	0	0.139945	0.006732	1.117939	0.084461
215.500000	1	1.686866	0.674872	3.013294	0.418763
215.750000	0	0.144760	0.014673	1.334039	0.117307
215.750000	1	1.744858	0.711743	5.302756	0.562770
216.000000	0	0.145483	0.008653	1.798614	0.119759
216.000000	1	1.711126	0.377160	3.637707	0.500805
216.250000	0	0.151526	0.024826	1.666129	0.129700
216.250000	1	1.759022	0.232275	3.678227	0.523487
216.500000	0	0.147946	0.014462	1.226759	0.111043
216.500000	1	1.640403	0.294869	3.440618	0.412259
216.750000	0	0.142198	0.017966	1.224344	0.098687
216.750000	1	1.708089	0.396225	3.979624	0.480695
217.000000	0	0.144478	0.019209	1.447489	0.103207
217.000000	1	1.754543	0.370901	3.912017	0.503469
217.250000	0	0.143793	0.017709	1.211082	0.106557
217.250000	1	1.713413	0.471165	3.564146	0.523025
217.500000	0	0.146390	0.017572	1.620195	0.126298
217.500000	1	1.596402	0.154001	3.669452	0.468773
217.750000	0	0.148388	0.016073	2.011763	0.124118
217.750000	1	1.667938	0.471555	3.097090	0.427648
218.000000	0	0.147045	0.014636	1.563318	0.118115
218.000000	1	1.710495	0.553802	4.301274	0.569620
218.250000	0	0.140620	0.009647	1.015619	0.085530
218.250000	1	1.685670	0.226026	3.552777	0.515066
218.500000	0	0.141580	0.008148	1.265952	0.105861
218.500000	1	1.754827	0.211931	3.693292	0.570730
218.750000	0	0.142659	0.007507	1.182444	0.105401
218.750000	1	1.676125	0.619536	3.089666	0.486842
219.000000	0	0.139776	0.019676	1.537488	0.099469
219.000000	1	1.681301	0.110147	3.730781	0.554386
219.250000	0	0.138996	0.003351	1.258837	0.084739
219.250000	1	1.745948	0.356404	3.377922	0.515699
219.500000	0	0.136339	0.007023	1.375813	0.083228
219.500000	1	1.726788	0.332405	3.308670	0.498266
219.750000	0	0.134054	0.026802	0.712811	0.056097
219.750000	1	1.636434	0.260723	3.491661	0.350148
220.000000	0	0.134765	0.021074	1.357494	0.079361
220.000000	1	1.679610	0.236668	3.382049	0.472705
220.250000	0	0.136206	0.012500	1.410742	0.083828
220.250000	1	1.587512	0.155148	3.346271	0.433074
220.500000	0	0.136642	0.009885	0.808339	0.068472
220.500000	1	1.642173	0.581017	2.778576	0.432615
220.750000	0	0.138032	0.017649	1.315973	0.092909
220.750000	1	1.678997	0.779674	3.111343	0.426154
221.000000	0	0.138638	0.013478	1.084378	0.084512
221.000000	1	1.766566	0.315819	3.524899	0.520762
221.250000	0	0.138776	0.026910	0.950368	0.071346
221.250000	1	1.738475	0.434128	5.001949	0.503683
221.500000	0	0.146054	0.018890	1.365350	0.121112
221.500000	1	1.652972	0.184993	3.197755	0.464239
221.750000	0	0.143577	0.015905	1.374321	0.096354
221.750000	1	1.556356	0.123296	2.850185	0.404891
222.000000	0	0.140981	0.006991	0.986541	0.086189
222.000000	1	1.694131	0.231135	3.979889	0.471353
222.250000	0	0.142909	0.007306	1.743950	0.111813
222.250000	1	1.630053	0.127017	2.807468	0.438863
222.500000	0	0.136004	0.005192	1.256313	0.082498
222.500000	1	1.641452	0.594016	3.939146	0.411015
222.750000	0	0.144500	0.006351	1.219018	0.108035
222.750000	1	1.659943	0.380347	3.800484	0.504158
223.000000	0	0.141980	0.026260	1.699462	0.110517
223.000000	1	1.687943	0.458001	3.164700	0.478095
223.250000	0	0.141308	0.006165	1.096183	0.088462
223.250000	1	1.600538	0.095975	3.317101	0.413762
223.500000	0	0.147731	0.017105	1.648081	0.127294
223.500000	1	1.684992	0.390133	3.469902	0.447252
223.750000	0	0.144322	0.018838	1.154817	0.099026
223.750000	1	1.583462	0.040953	3.778004	0.536438
224.000000	0	0.146589	0.007862	1.223252	0.108656
224.000000	1	1.667939	0.360852	5.637048	0.632937
224.250000	0	0.143569	0.016286	1.184443	0.094263
224.250000	1	1.664168	0.593433	3.254966	0.499997
224.500000	0	0.142425	0.020558	1.340483	0.094734
224.500000	1	1.684673	0.479966	3.291101	0.514510
224.750000	0	0.148579	0.015444	1.262983	0.104405
224.750000	1	1.772428	0.168476	4.570270	0.633202
225.000000	0	0.143255	0.016046	1.422100	0.108523
225.000000	1	1.731270	0.186815	3.346491	0.546515
225.250000	0	0.137563	0.009246	1.388553	0.078950
225.250000	1	1.661338	0.295821	3.659786	0.466192
225.500000	0	0.148157	0.003072	1.371940	0.123826
225.500000	1	1.734769	0.651735	4.080626	0.476253
225.750000	0	0.143644	0.027915	1.289886	0.106747
225.750000	1	1.692305	0.311405	4.301650	0.563765
226.000000	0	0.142369	0.013576	1.854180	0.108908
226.000000	1	1.751066	0.362205	3.673530	0.490309
226.250000	0	0.135775	0.014325	1.241423	0.070858
226.250000	1	1.660640	0.415890	3.100183	0.434486
226.500000	0	0.140172	0.020718	1.109747	0.091946
226.500000	1	1.634315	0.084664	3.657527	0.472987
226.750000	0	0.141396	0.008613	1.603545	0.109759
226.750000	1	1.680740	0.413745	2.625622	0.369809
227.000000	0	0.147652	0.023696	1.218558	0.104149
227.000000	1	1.711001	0.298131	2.940270	0.442661
227.250000	0	0.147432	0.015601	1.583324	0.122405
227.250000	1	1.581763	0.259165	2.789300	0.389263
227.500000	0	0.145236	0.016590	1.507637	0.105363
227.500000	1	1.669842	0.494308	3.919260	0.472291
227.750000	0	0.138289	0.004002	0.969501	0.084088
227.750000	1	1.660982	0.163892	3.557697	0.503563
228.000000	0	0.149461	0.015013	1.428011	0.130326
228.000000	1	1.742689	0.493306	4.223045	0.596187
228.250000	0	0.141259	0.010947	1.287075	0.093349
228.250000	1	1.666648	0.298695	3.637908	0.418790
228.500000	0	0.147138	0.019713	1.605939	0.117134
228.500000	1	1.730851	0.498419	3.405801	0.456501
228.750000	0	0.148043	0.017204	2.755312	0.152494
228.750000	1	1.771068	0.638027	3.116938	0.456962
229.000000	0	0.148801	0.014623	1.282210	0.122794
229.000000	1	1.738341	0.216458	3.587794	0.546676
229.250000	0	0.144673	0.009512	1.374191	0.113168
229.250000	1	1.606522	0.314319	3.164558	0.488326
229.500000	0	0.142772	0.010861	1.011624	0.089959
229.500000	1	1.746918	0.232213	4.236892	0.589296
229.750000	0	0.146264	0.016118	1.392856	0.111392
229.750000	1	1.737041	0.666709	4.595138	0.591607
230.000000	0	0.157060	0.005694	1.577907	0.137132
230.000000	1	1.800859	0.664162	5.082836	0.609633
230.250000	0	0.146201	0.014959	2.498394	0.133456
230.250000	1	1.667759	0.492280	4.830970	0.533426
230.500000	0	0.145422	0.010096	1.781494	0.113845
230.500000	1	1.661830	0.382477	3.229756	0.471581
230.750000	0	0.143799	0.020843	1.180439	0.102403
230.750000	1	1.808191	0.236455	7.563085	0.806234
231.000000	0	0.144508	0.006814	1.359543	0.103153
231.000000	1	1.727319	0.540840	4.119896	0.569812
231.250000	0	0.151792	0.019871	2.439055	0.147191
231.250000	1	1.686174	0.228588	4.256225	0.555037
231.500000	0	0.147840	0.012118	1.406034	0.113775
231.500000	1	1.662697	0.354008	4.110902	0.573623
231.750000	0	0.153297	0.030606	2.432433	0.144942
231.750000	1	1.730215	0.438400	4.133870	0.582386
232.000000	0	0.151601	0.005764	1.697331	0.128776
232.000000	1	1.702739	0.359905	4.545504	0.550658
232.250000	0	0.147836	0.011971	1.382799	0.117522
232.250000	1	1.629582	0.616990	2.978888	0.376225
232.500000	0	0.150708	0.006808	1.760365	0.131855
232.500000	1	1.678216	0.492319	3.342620	0.453693
232.750000	0	0.152020	0.011458	1.248074	0.119018
232.750000	1	1.737188	0.145178	3.525229	0.516695
233.000000	0	0.149232	0.004036	1.727843	0.139220
233.000000	1	1.609286	0.123950	3.237291	0.482919
233.250000	0	0.143688	0.007759	1.846927	0.116771
233.250000	1	1.689903	0.398532	3.140446	0.478090
233.500000	0	0.147292	0.021953	1.457714	0.118823
233.500000	1	1.780204	0.780222	3.656867	0.504293
233.750000	0	0.141760	0.007592	1.574168	0.098015
233.750000	1	1.772106	0.978558	4.551482	0.495686
234.000000	0	0.138892	0.007683	2.062975	0.102013
234.000000	1	1.694923	0.581021	3.885195	0.562075
234.250000	0	0.151261	0.003104	1.550968	0.119281
234.250000	1	1.697212	0.293103	3.513005	0.536899
234.500000	0	0.151443	0.019237	1.631766	0.129342
234.500000	1	1.725245	0.718672	3.185584	0.455583
234.750000	0	0.140812	0.012998	0.920804	0.078352
234.750000	1	1.650498	0.460055	3.242053	0.416145
235.000000	0	0.143185	0.017866	1.335593	0.102295
235.000000	1	1.569997	0.437803	3.450509	0.373297
235.250000	0	0.149920	0.003482	1.371831	0.120223
235.250000	1	1.631135	0.207894	3.382134	0.541665
235.500000	0	0.150687	0.018169	1.841417	0.125879
235.500000	1	1.721283	0.666632	4.095176	0.525592
235.750000	0	0.148567	0.005016	1.184528	0.112568
235.750000	1	1.663513	0.319703	3.311168	0.449279
236.000000	0	0.147987	0.016964	1.218573	0.103215
236.000000	1	1.653615	0.605531	2.984536	0.365821
236.250000	0	0.149704	0.010561	1.526353	0.125378
236.250000	1	1.730410	0.642265	3.736465	0.516035
236.500000	0	0.147587	0.009231	1.112116	0.106316
236.500000	1	1.700356	0.291521	3.079837	0.505795
236.750000	0	0.146720	0.006856	1.456886	0.112067
236.750000	1	1.679600	0.399119	3.340868	0.540278
237.000000	0	0.145738	0.016469	1.312860	0.106237
237.000000	1	1.690147	0.079756	3.370806	0.451331
237.250000	0	0.145832	0.003398	1.244611	0.102875
237.250000	1	1.648080	0.270245	3.231317	0.441300
237.500000	0	0.151099	0.008581	1.274577	0.115745
237.500000	1	1.787740	0.073192	4.028264	0.607459
237.750000	0	0.147812	0.012952	1.596831	0.129361
237.750000	1	1.687381	0.282790	3.249068	0.493013
238.000000	0	0.150507	0.016037	1.556787	0.129556
238.000000	1	1.693405	0.025817	3.551273	0.531305
238.250000	0	0.141229	0.018278	1.317415	0.082611
238.250000	1	1.704697	0.575692	3.733318	0.525500
238.500000	0	0.150387	0.010386	2.072032	0.133588
238.500000	1	1.721635	0.162932	6.235744	0.771697
238.750000	0	0.158656	0.009893	2.012892	0.164221
238.750000	1	1.742778	0.455108	4.034377	0.547067
239.000000	0	0.151657	0.008510	1.341934	0.123520
239.000000	1	1.805852	0.327248	3.539237	0.637723
239.250000	0	0.144659	0.005804	2.480063	0.124808
239.250000	1	1.636292	0.423019	3.116491	0.449491
239.500000	0	0.143282	0.012412	1.516817	0.105801
239.500000	1	1.757525	0.810737	3.993515	0.503344
239.750000	0	0.149309	0.009116	1.461954	0.115717
239.750000	1	1.757246	0.182165	3.548287	0.557039
240.000000	0	0.141267	0.008287	1.306927	0.089122
240.000000	1	1.724806	0.252741	3.311940	0.449901
240.250000	0	0.140799	0.015125	1.680387	0.112717
240.250000	1	1.604936	0.152856	3.102927	0.418237
240.500000	0	0.139565	0.005778	1.327029	0.084018
240.500000	1	1.588224	0.439352	2.911176	0.354360
240.750000	0	0.143520	0.016442	0.921250	0.086602
240.750000	1	1.777459	0.152671	4.367570	0.560014
241.000000	0	0.142736	0.008377	1.301355	0.107924
241.000000	1	1.639337	0.517774	3.692314	0.444709
241.250000	0	0.143043	0.014488	1.395971	0.108031
241.250000	1	1.651127	0.428696	2.583849	0.380137
241.500000	0	0.138693	0.005675	1.057627	0.080020
241.500000	1	1.719549	0.758638	4.426787	0.483094
241.750000	0	0.131900	0.009369	0.991963	0.058767
241.750000	1	1.671546	0.183450	3.282133	0.476655
242.000000	0	0.147759	0.026305	1.349120	0.109176
242.000000	1	1.681513	0.142179	3.583701	0.565011
242.250000	0	0.143773	0.010281	1.517361	0.096868
242.250000	1	1.744740	0.186641	6.134722	0.691060
242.500000	0	0.156188	0.007334	1.708699	0.158992
242.500000	1	1.729701	0.567542	4.603447	0.574058
242.750000	0	0.155041	0.007295	1.918672	0.157049
242.750000	1	1.767419	0.482853	3.577292	0.527955
243.000000	0	0.145629	0.013547	2.144123	0.124964
243.000000	1	1.678879	0.291219	4.173168	0.505307
243.250000	0	0.148519	0.007270	1.948348	0.133256
243.250000	1	1.780544	0.357919	3.961788	0.564830
243.500000	0	0.142534	0.008191	1.109134	0.083361
243.500000	1	1.644459	0.548133	3.011772	0.387973
243.750000	0	0.145111	0.007923	2.007921	0.122680
243.750000	1	1.636627	0.453632	3.926990	0.440997
244.000000	0	0.144417	0.014766	2.135016	0.119974
244.000000	1	1.699604	0.793846	3.483469	0.369775
244.250000	0	0.143344	0.007661	1.409603	0.093272
244.250000	1	1.701051	0.828767	4.059176	0.435065
244.500000	0	0.145807	0.014656	1.487931	0.121754
244.500000	1	1.629737	0.190340	3.816903	0.493603
244.750000	0	0.147820	0.004434	1.452002	0.114857
244.750000	1	1.669956	0.382748	3.430863	0.532189
245.000000	0	0.151749	0.004848	1.747724	0.136962
245.000000	1	1.796847	0.214664	3.750002	0.623772
245.250000	0	0.145666	0.014422	1.608970	0.110605
245.250000	1	1.709354	0.409525	3.231244	0.454870
245.500000	0	0.147748	0.025759	1.504464	0.119667
245.500000	1	1.617057	0.415853	4.147433	0.466893
245.750000	0	0.147988	0.019432	1.253689	0.114422
245.750000	1	1.709125	0.421765	4.191177	0.609600
246.000000	0	0.155575	0.008871	4.382985	0.198804
246.000000	1	1.751557	0.315261	5.287847	0.593189
246.250000	0	0.152028	0.016792	1.986081	0.150825
246.250000	1	1.887639	0.450746	6.146441	0.697609
246.500000	0	0.148542	0.019651	1.901282	0.128157
246.500000	1	1.728359	0.628406	3.370035	0.496146
246.750000	0	0.150747	0.019632	1.124111	0.113089
246.750000	1	1.709935	0.211255	3.598345	0.488449
247.000000	0	0.142802	0.011310	1.437282	0.095551
247.000000	1	1.662612	0.441441	3.187472	0.413359
247.250000	0	0.144272	0.009058	2.407559	0.130745
247.250000	1	1.672296	0.411772	2.796201	0.464696
247.500000	0	0.144456	0.003181	1.396617	0.104582
247.500000	1	1.738293	0.521427	3.644150	0.501591
247.750000	0	0.139892	0.012958	1.129187	0.087118
247.750000	1	1.684083	0.696375	2.992591	0.400645
248.000000	0	0.142130	0.008132	1.854222	0.108696
248.000000	1	1.699521	0.577304	4.052929	0.542742
248.250000	0	0.152841	0.010324	1.548099	0.129077
248.250000	1	1.721239	0.290443	3.564678	0.508264
248.500000	0	0.149430	0.014493	2.714107	0.150075
248.500000	1	1.653531	0.527607	3.901117	0.473770
248.750000	0	0.152349	0.009768	2.010079	0.147352
248.750000	1	1.670923	0.593085	3.655734	0.471391
249.000000	0	0.144200	0.014794	1.368125	0.098303
249.000000	1	1.670848	0.590865	2.885416	0.422278
249.250000	0	0.139618	0.011072	1.939056	0.114557
249.250000	1	1.749938	0.608628	3.315123	0.438293
249.500000	0	0.145441	0.011436	1.454504	0.105750
249.500000	1	1.640560	0.276402	2.649321	0.364069
249.750000	0	0.142483	0.015323	1.527461	0.103877
249.750000	1	1.757952	0.479876	4.488010	0.625601
250.000000	0	0.146528	0.014508	0.939834	0.099806
250.000000	1	1.672491	0.474867	3.932651	0.510245
250.250000	0	0.143838	0.017192	1.456392	0.113665
250.250000	1	1.667090	0.400000	3.105162	0.467779
250.500000	0	0.139478	0.018135	1.327272	0.105169
250.500000	1	1.688153	0.505630	4.892201	0.566427
250.750000	0	0.149439	0.010427	1.883633	0.134207
250.750000	1	1.665131	0.640396	3.067732	0.466502
251.000000	0	0.145527	0.007633	1.321863	0.115325
251.000000	1	1.714931	0.508108	4.022273	0.594679
251.250000	0	0.149095	0.012545	1.532990	0.130047
251.250000	1	1.682540	0.392538	4.318035	0.558642
251.500000	0	0.147573	0.001338	2.277568	0.132661
251.500000	1	1.671426	0.210883	3.174245	0.447367
251.750000	0	0.146831	0.013845	1.780773	0.132784
251.750000	1	1.717472	0.269240	3.549833	0.528399
252.000000	0	0.141720	0.010344	1.171242	0.092611
252.000000	1	1.699407	0.521798	3.251247	0.414002
252.250000	0	0.137243	0.008173	1.005044	0.082569
252.250000	1	1.664583	0.026484	3.553700	0.555962
252.500000	0	0.140713	0.013995	1.251085	0.101748
252.500000	1	1.764795	0.906871	4.030669	0.567722
252.750000	0	0.143830	0.000783	1.687278	0.114503
252.750000	1	1.724369	0.380513	3.497145	0.532765
253.000000	0	0.144135	0.017337	1.728795	0.105052
253.000000	1	1.735271	0.505182	3.527987	0.477735
253.250000	0	0.142268	0.013057	1.382961	0.104815
253.250000	1	1.639074	0.245966	2.875380	0.406930
253.500000	0	0.142198	0.004885	1.446064	0.116112
253.500000	1	1.640540	0.603226	3.231141	0.434393
253.750000	0	0.146621	0.011952	2.408923	0.136043
253.750000	1	1.737443	0.243577	5.600527	0.655499
254.000000	0	0.147786	0.013878	1.394833	0.118958
254.000000	1	1.692863	0.656592	3.749146	0.482062
254.250000	0	0.147756	0.008955	2.110755	0.143293
254.250000	1	1.708480	0.391647	3.286149	0.573666
254.500000	0	0.138842	0.009342	1.084533	0.082714
254.500000	1	1.609414	0.575741	3.622881	0.446952
254.750000	0	0.143591	0.004928	2.075848	0.127959
254.750000	1	1.723914	0.475431	3.993809	0.642661
255.000000	0	0.151641	0.009153	2.620265	0.158178
255.000000	1	1.700380	0.487593	3.427986	0.397367
255.250000	0	0.140036	0.004004	1.113932	0.090498
255.250000	1	1.709356	0.108428	3.473067	0.468127
255.500000	0	0.139320	0.017682	1.711214	0.095702
255.500000	1	1.725077	0.239311	3.721682	0.483416
255.750000	0	0.141013	0.013117	1.462293	0.096763
255.750000	1	1.714862	0.087825	3.919597	0.530418
256.000000	0	0.146966	0.019009	2.608485	0.135960
256.000000	1	1.729545	0.762815	3.335960	0.449355
256.250000	0	0.143653	0.010303	1.761432	0.117920
256.250000	1	1.653356	0.665055	3.548502	0.453018
256.500000	0	0.144553	0.008666	1.263516	0.094847
256.500000	1	1.732639	0.329663	5.091932	0.567851
256.750000	0	0.141675	0.007092	1.654475	0.099821
256.750000	1	1.759475	0.500256	5.162068	0.665873
257.000000	0	0.146874	0.011499	1.461532	0.114085
257.000000	1	1.663289	0.195187	3.758630	0.478720
257.250000	0	0.145680	0.004469	1.601280	0.108339
257.250000	1	1.645582	0.555250	3.212805	0.406869
257.500000	0	0.142855	0.000971	1.100943	0.098627
257.500000	1	1.742986	0.140536	3.371160	0.448300
257.750000	0	0.140776	0.026960	1.068443	0.086035
257.750000	1	1.658088	0.491014	3.545184	0.399680
258.000000	0	0.140353	0.008446	1.581763	0.094474
258.000000	1	1.675588	0.676660	3.452341	0.422562
258.250000	0	0.153228	0.008957	1.744479	0.143426
258.250000	1	1.732558	0.741793	3.233760	0.478136
258.500000	0	0.141963	0.005647	1.255939	0.100536
258.500000	1	1.670368	0.571536	3.041328	0.388195
258.750000	0	0.145094	0.016546	1.909770	0.122520
258.750000	1	1.719351	0.306739	4.105138	0.615552
259.000000	0	0.142869	0.002402	1.280653	0.093530
259.000000	1	1.709087	0.046625	3.438359	0.499387
259.250000	0	0.145585	0.005928	1.630404	0.115793
259.250000	1	1.684280	0.856552	3.063854	0.358220
259.500000	0	0.148851	0.010255	1.874134	0.144072
259.500000	1	1.744714	0.314193	3.320824	0.511162
259.750000	0	0.163131	0.023459	12.585374	0.473598
259.750000	1	1.736547	0.552880	14.003335	1.207077
260.000000	0	0.149588	0.022704	1.360116	0.124800
260.000000	1	1.740281	0.170408	3.985737	0.560320
260.250000	0	0.144143	0.016679	1.304740	0.098907
260.250000	1	1.620443	0.276918	3.274388	0.485867
260.500000	0	0.146700	0.006890	1.636930	0.120192
260.500000	1	1.789022	0.475303	3.377691	0.530137
260.750000	0	0.143323	0.008640	1.003700	0.092898
260.750000	1	1.636835	0.187565	3.141066	0.458429
261.000000	0	0.142678	0.003291	1.542936	0.113682
261.000000	1	1.768667	0.677019	3.335530	0.489496
261.250000	0	0.147137	0.025539	1.412647	0.116259
261.250000	1	1.707673	0.437734	3.001811	0.460568
261.500000	0	0.147423	0.009097	1.439417	0.118181
261.500000	1	1.718621	0.782635	3.249585	0.379491
261.750000	0	0.145250	0.027535	1.711704	0.106832
261.750000	1	1.701073	0.160120	3.480526	0.504180
262.000000	0	0.145569	0.006884	1.461272	0.101649
262.000000	1	1.671465	0.125526	3.994993	0.524600
262.250000	0	0.148019	0.009463	1.628782	0.106294
262.250000	1	1.761571	0.565632	3.093501	0.486465
262.500000	0	0.143559	0.024584	1.801892	0.121700
262.500000	1	1.657538	0.098787	3.143463	0.406517
262.750000	0	0.140982	0.019940	1.023592	0.080931
262.750000	1	1.709833	0.789009	4.237511	0.451202
263.000000	0	0.144132	0.015139	1.573518	0.108077
263.000000	1	1.631628	0.084090	3.175667	0.462744
263.250000	0	0.145408	0.017633	1.018146	0.094868
263.250000	1	1.678203	0.536980	3.833033	0.548732
263.500000	0	0.149330	0.017359	1.812820	0.128100
263.500000	1	1.671650	0.240330	3.424993	0.536341
263.750000	0	0.141027	0.025302	1.777941	0.090524
263.750000	1	1.722166	0.244875	3.670506	0.511726
264.000000	0	0.144976	0.012406	1.385963	0.102173
264.000000	1	1.682513	0.611349	2.651830	0.373399
264.250000	0	0.148298	0.016849	1.555468	0.128561
264.250000	1	1.676106	0.199610	3.668944	0.508706
264.500000	0	0.150144	0.011033	1.448887	0.125830
264.500000	1	1.684388	0.217442	3.494775	0.533863
264.750000	0	0.149374	0.009189	1.389827	0.121219
264.750000	1	1.693915	0.453565	3.087510	0.443436
265.000000	0	0.143800	0.015009	1.528688	0.100661
265.000000	1	1.751252	0.245376	3.715526	0.534371
265.250000	0	0.143296	0.003736	1.314390	0.104483
265.250000	1	1.765234	0.356479	3.547705	0.517246
265.500000	0	0.139253	0.010282	1.047079	0.082389
265.500000	1	1.713735	0.867981	3.340802	0.362899
265.750000	0	0.140005	0.022296	1.263821	0.094172
265.750000	1	1.701419	0.458554	3.669712	0.490480
266.000000	0	0.143386	0.005594	1.391673	0.114491
266.000000	1	1.717833	0.128316	3.340905	0.523421
266.250000	0	0.141756	0.004618	1.026150	0.091347
266.250000	1	1.653770	0.406890	3.904127	0.510779
266.500000	0	0.143564	0.011406	1.071508	0.088529
266.500000	1	1.727719	0.642174	3.824206	0.463792
266.750000	0	0.152315	0.006894	1.724199	0.135461
266.750000	1	1.653281	0.223545	4.266012	0.525913
267.000000	0	0.148331	0.021219	1.752323	0.117805
267.000000	1	1.715338	0.713880	3.568005	0.449739
267.250000	0	0.147876	0.004639	1.489776	0.116056
267.250000	1	1.699780	0.762589	3.247539	0.391246
267.500000	0	0.142643	0.020457	1.201648	0.095770
267.500000	1	1.625029	0.429047	2.602693	0.335020
267.750000	0	0.144316	0.014377	0.991577	0.100004
267.750000	1	1.737964	0.366798	3.839791	0.541030
268.000000	0	0.159774	0.006273	3.021972	0.190002
268.000000	1	1.754538	0.213214	3.617067	0.522536
268.250000	0	0.144097	0.004805	1.326190	0.108391
268.250000	1	1.755492	0.415087	3.740214	0.552342
268.500000	0	0.145957	0.029154	1.243623	0.103716
268.500000	1	1.720951	0.436713	3.873438	0.497877
268.750000	0	0.146509	0.015416	1.999087	0.125199
268.750000	1	1.669165	0.020101	3.585181	0.466619
269.000000	0	0.142061	0.018471	1.502592	0.107102
269.000000	1	1.655211	0.318143	3.582579	0.517791
269.250000	0	0.141489	0.020037	1.627796	0.099874
269.250000	1	1.705584	0.581248	3.302725	0.427972
269.500000	0	0.141736	0.005829	1.479638	0.106757
269.500000	1	1.734969	0.138604	4.419594	0.564425
269.750000	0	0.144188	0.014142	1.276241	0.104086
269.750000	1	1.623683	0.356036	3.117907	0.367997
270.000000	0	0.148805	0.025989	1.305097	0.118230
270.000000	1	1.603548	0.218245	3.368931	0.447246
270.250000	0	0.144073	0.017601	1.710524	0.115584
270.250000	1	1.763904	0.727567	4.146475	0.530003
270.500000	0	0.149046	0.007370	2.444108	0.140317
270.500000	1	1.735503	0.848682	3.388270	0.442679
270.750000	0	0.149168	0.007585	1.578410	0.119092
270.750000	1	1.643423	0.291322	3.242812	0.471515
271.000000	0	0.143920	0.013605	1.501334	0.107244
271.000000	1	1.706825	0.297339	4.061229	0.506457
271.250000	0	0.146577	0.013102	1.615719	0.123482
271.250000	1	1.667194	0.622257	3.595142	0.483995
271.500000	0	0.151426	0.004866	2.210175	0.139459
271.500000	1	1.641365	0.266040	3.356475	0.543545
271.750000	0	0.141668	0.005652	1.594654	0.107081
271.750000	1	1.677980	0.500232	4.188119	0.493292
272.000000	0	0.149890	0.004481	1.679678	0.127630
272.000000	1	1.738329	0.125881	5.381707	0.683540
272.250000	0	0.152727	0.012784	1.367491	0.124815
272.250000	1	1.681847	0.199669	3.614010	0.539915
272.500000	0	0.148004	0.024453	1.194335	0.101444
272.500000	1	1.660001	0.329267	3.391062	0.426610
272.750000	0	0.148987	0.011639	1.644091	0.122931
272.750000	1	1.647016	0.135928	3.484277	0.422761
273.000000	0	0.151097	0.021709	1.859146	0.127431
273.000000	1	1.690570	0.187355	5.077001	0.549420
273.250000	0	0.157141	0.012168	1.429853	0.139059
273.250000	1	1.722110	0.462254	3.853034	0.545485
273.500000	0	0.143552	0.013526	1.620800	0.103888
273.500000	1	1.670387	0.234767	3.778761	0.530862
273.750000	0	0.147478	0.016600	3.157500	0.149859
273.750000	1	1.736826	0.307314	4.145779	0.581714
274.000000	0	0.146873	0.008609	1.097515	0.111762
274.000000	1	1.775520	0.542225	4.872701	0.588362
274.250000	0	0.146301	0.013392	1.394374	0.118790
274.250000	1	1.697131	0.377233	4.226179	0.624282
274.500000	0	0.147542	0.014197	1.291399	0.103804
274.500000	1	1.736725	0.539934	3.572689	0.467061
274.750000	0	0.145924	0.007210	1.259249	0.112938
274.750000	1	1.741576	0.539588	4.256137	0.507560
275.000000	0	0.144512	0.010020	1.848997	0.108595
275.000000	1	1.612020	0.249425	3.267021	0.443971
275.250000	0	0.155109	0.018761	1.602523	0.149872
275.250000	1	1.756603	0.371733	3.916086	0.631129
275.500000	0	0.145942	0.015734	1.532905	0.111270
275.500000	1	1.590969	0.161137	3.270959	0.433367
275.750000	0	0.142608	0.007931	1.651437	0.114980
275.750000	1	1.823219	0.215994	3.979420	0.626230
276.000000	0	0.140255	0.016895	0.828941	0.083232
276.000000	1	1.674376	0.465866	3.345769	0.487079
276.250000	0	0.148024	0.009326	1.316691	0.118515
276.250000	1	1.621143	0.343607	3.236653	0.399106
276.500000	0	0.143824	0.002664	1.780788	0.112118
276.500000	1	1.698087	0.371847	4.193494	0.507313
276.750000	0	0.141256	0.011095	1.484034	0.093817
276.750000	1	1.622924	0.227903	3.238035	0.443707
277.000000	0	0.152411	0.017968	1.994470	0.143808
277.000000	1	1.712568	0.360790	4.617286	0.594215
277.250000	0	0.146118	0.007498	2.179104	0.124486
277.250000	1	1.710049	0.683792	3.298314	0.443575
277.500000	0	0.135809	0.011490	0.948740	0.073083
277.500000	1	1.614419	0.670107	3.612575	0.362529
277.750000	0	0.142973	0.007057	1.571327	0.111904
277.750000	1	1.774474	0.397210	4.546256	0.584427
278.000000	0	0.140941	0.003869	1.382154	0.096024
278.000000	1	1.630285	0.152735	3.122906	0.448563
278.250000	0	0.141104	0.018670	1.281917	0.095361
278.250000	1	1.715871	0.606329	3.361979	0.482934
278.500000	0	0.150537	0.014726	1.492868	0.116739
278.500000	1	1.653026	0.131499	3.214541	0.488372
278.750000	0	0.149209	0.003399	1.243124	0.113110
278.750000	1	1.699932	0.493643	3.376384	0.470924
279.000000	0	0.141316	0.017233	1.803568	0.100235
279.000000	1	1.720386	0.278974	4.404013	0.615166
279.250000	0	0.143911	0.002347	1.707997	0.121964
279.250000	1	1.705534	0.757353	3.864766	0.463048
279.500000	0	0.145445	0.013019	1.397675	0.104147
279.500000	1	1.706958	0.412378	3.686729	0.516125
279.750000	0	0.144413	0.014833	1.298905	0.096261
279.750000	1	1.652637	0.016007	3.640058	0.505007
280.000000	0	0.151099	0.014459	1.111662	0.115606
280.000000	1	1.728879	0.263499	3.436595	0.513091
280.250000	0	0.146789	0.012679	1.585343	0.112684
280.250000	1	1.697081	0.687538	3.585922	0.462821
280.500000	0	0.151238	0.026135	1.553612	0.121497
280.500000	1	1.629345	0.728392	2.960700	0.434527
280.750000	0	0.158083	0.013318	2.110480	0.159252
280.750000	1	1.762902	0.527011	3.853189	0.608468
281.000000	0	0.142288	0.010361	1.436390	0.088136
281.000000	1	1.704060	0.362658	3.392182	0.481984
281.250000	0	0.144750	0.016130	1.433368	0.102552
281.250000	1	1.706796	0.340940	3.366958	0.450485
281.500000	0	0.141522	0.010223	1.121813	0.084682
281.500000	1	1.637563	0.475491	3.148086	0.376078
281.750000	0	0.146221	0.003109	1.147917	0.106782
281.750000	1	1.659097	0.740249	3.012791	0.411588
282.000000	0	0.148241	0.012788	1.387866	0.103278
282.000000	1	1.697496	0.656857	4.412995	0.563578
282.250000	0	0.147404	0.014963	1.833119	0.120077
282.250000	1	1.645651	0.429446	3.406810	0.464886
282.500000	0	0.147480	0.017248	1.562068	0.127246
282.500000	1	1.766939	0.181345	3.729377	0.490372
282.750000	0	0.147105	0.010226	1.019984	0.101215
282.750000	1	1.671295	0.264874	3.448508	0.479707
283.000000	0	0.134930	0.002271	0.973148	0.070879
283.000000	1	1.688487	0.163529	3.331291	0.458287
283.250000	0	0.140726	0.001979	1.450879	0.101760
283.250000	1	1.670938	0.574444	4.987326	0.531625
283.500000	0	0.139921	0.009751	1.291562	0.097147
283.500000	1	1.721497	0.020168	4.201714	0.566226
283.750000	0	0.140893	0.007769	1.270787	0.101849
283.750000	1	1.758383	0.247640	3.651248	0.532110
284.000000	0	0.140853	0.011320	1.336696	0.095741
284.000000	1	1.751667	0.165099	6.029867	0.707173
284.250000	0	0.144827	0.016928	2.219143	0.120057
284.250000	1	1.738070	0.306035	3.841773	0.575123
284.500000	0	0.148577	0.018681	2.059488	0.133666
284.500000	1	1.709594	0.569090	4.102082	0.553475
284.750000	0	0.149760	0.011014	1.949969	0.137143
284.750000	1	1.698377	0.563435	3.978662	0.581399
285.000000	0	0.156410	0.004475	1.443962	0.140337
285.000000	1	1.730711	0.241551	4.661128	0.594448
285.250000	0	0.143473	0.005246	1.468100	0.103174
285.250000	1	1.684821	0.682106	3.105228	0.424350
285.500000	0	0.142243	0.002926	1.884015	0.110062
285.500000	1	1.720351	0.133848	3.765289	0.442359
285.750000	0	0.142426	0.009992	1.187398	0.084280
285.750000	1	1.703656	0.848402	2.908039	0.391011
286.000000	0	0.140019	0.014792	0.901952	0.073279
286.000000	1	1.688356	0.145441	3.612016	0.554379
286.250000	0	0.139110	0.016585	1.102087	0.085016
286.250000	1	1.718904	0.181813	3.148650	0.466070
286.500000	0	0.144320	0.014210	1.728249	0.120992
286.500000	1	1.692341	0.070368	3.654845	0.545781
286.750000	0	0.138357	0.015387	1.840646	0.119575
286.750000	1	1.623799	0.225323	3.269215	0.430490
287.000000	0	0.140650	0.003535	1.628590	0.118364
287.000000	1	1.739868	0.845805	3.767586	0.419949
287.250000	0	0.141121	0.016834	1.644962	0.095173
287.250000	1	1.714499	0.447353	3.104694	0.432007
287.500000	0	0.146271	0.010415	1.935398	0.120608
287.500000	1	1.679222	0.404661	4.282261	0.524587
287.750000	0	0.145012	0.021212	1.134102	0.095344
287.750000	1	1.709380	0.237019	3.989821	0.593687
288.000000	0	0.145029	0.019551	1.201201	0.099838
288.000000	1	1.659387	0.449485	3.618270	0.488907
288.250000	0	0.137710	0.015288	0.833852	0.075950
288.250000	1	1.676043	0.520545	4.270195	0.448047
288.500000	0	0.143319	0.018550	1.382828	0.104517
288.500000	1	1.726352	0.484535	3.830366	0.515706
288.750000	0	0.140671	0.006360	1.823869	0.097141
288.750000	1	1.640331	0.507093	3.666976	0.431647
289.000000	0	0.155189	0.011789	1.706023	0.147261
289.000000	1	1.698475	0.644086	3.029197	0.422786
289.250000	0	0.147656	0.017756	1.618127	0.117264
289.250000	1	1.740128	0.679731	3.599427	0.471131
289.500000	0	0.147982	0.012318	1.837431	0.126775
289.500000	1	1.676752	0.478991	4.466136	0.530812
289.750000	0	0.148414	0.007033	1.350241	0.111089
289.750000	1	1.673598	0.430286	3.357690	0.428920
290.000000	0	0.147062	0.017329	2.567443	0.126360
290.000000	1	1.667214	0.230842	3.897136	0.546819
290.250000	0	0.142890	0.005142	1.148247	0.097809
290.250000	1	1.735382	0.409666	4.019019	0.439219
290.500000	0	0.144439	0.011592	1.341247	0.109882
290.500000	1	1.773599	0.478399	4.081507	0.515155
290.750000	0	0.148421	0.017792	1.740579	0.132028
290.750000	1	1.769674	0.469154	3.871246	0.542734
291.000000	0	0.141901	0.004893	1.429987	0.099476
291.000000	1	1.650628	0.711547	3.841929	0.349888
291.250000	0	0.141522	0.010800	1.220219	0.092776
291.250000	1	1.784696	0.531632	5.061654	0.627699
291.500000	0	0.156315	0.008330	1.515236	0.137330
291.500000	1	1.737233	0.211885	4.991003	0.590563
291.750000	0	0.153247	0.020564	1.619025	0.132684
291.750000	1	1.723339	0.635064	3.958579	0.503759
292.000000	0	0.149462	0.013163	2.461474	0.140874
292.000000	1	1.737671	0.133213	3.608448	0.550066
292.250000	0	0.152632	0.016565	1.526532	0.142926
292.250000	1	1.669377	0.317895	3.493326	0.540706
292.500000	0	0.148498	0.016832	1.520472	0.118197
292.500000	1	1.683056	0.278155	3.141675	0.421509
292.750000	0	0.147752	0.009187	1.136540	0.104764
292.750000	1	1.671236	0.261025	3.476466	0.436160
293.000000	0	0.149792	0.026167	1.611901	0.124581
293.000000	1	1.704872	0.119610	3.905414	0.489299
293.250000	0	0.148835	0.008005	1.143200	0.106816
293.250000	1	1.667469	0.208149	3.500642	0.462185
293.500000	0	0.142496	0.007741	1.531379	0.102093
293.500000	1	1.748828	0.649398	3.331628	0.432024
293.750000	0	0.145776	0.006800	1.352668	0.105865
293.750000	1	1.627385	0.515485	3.147870	0.389204
294.000000	0	0.145804	0.007920	1.020114	0.113187
294.000000	1	1.690016	0.198299	3.506503	0.479903
294.250000	0	0.156112	0.002804	1.933117	0.148510
294.250000	1	1.691436	0.345880	3.905012	0.554691
294.500000	0	0.147463	0.002202	1.212813	0.108579
294.500000	1	1.691556	0.732509	3.673272	0.473804
294.750000	0	0.145926	0.018022	1.685865	0.133576
294.750000	1	1.740732	0.219605	3.417687	0.567996
295.000000	0	0.144889	0.019393	1.504361	0.099855
295.000000	1	1.714825	0.478642	4.316829	0.538220
295.250000	0	0.144473	0.004885	2.516662	0.119722
295.250000	1	1.635881	0.221935	2.679174	0.380461
295.500000	0	0.152106	0.010174	1.902032	0.135243
295.500000	1	1.655565	0.657432	3.030144	0.475920
295.750000	0	0.146737	0.019610	1.278491	0.103187
295.750000	1	1.730614	0.515373	3.713114	0.504628
296.000000	0	0.143085	0.015413	1.644036	0.095146
296.000000	1	1.655939	0.670834	3.928484	0.401947
296.250000	0	0.145792	0.019341	1.341825	0.100926
296.250000	1	1.581448	0.252328	3.345668	0.449531
296.500000	0	0.144606	0.028725	1.227110	0.092149
296.500000	1	1.665288	0.418522	2.984900	0.384153
296.750000	0	0.151786	0.027388	1.810010	0.139707
296.750000	1	1.772369	0.284639	3.421204	0.537565
297.000000	0	0.143663	0.008649	1.024617	0.090982
297.000000	1	1.724660	0.154074	4.664064	0.600181
297.250000	0	0.145150	0.006698	1.861959	0.130491
297.250000	1	1.691132	0.565498	4.618980	0.528145
297.500000	0	0.145112	0.017515	1.334046	0.118393
297.500000	1	1.698883	0.505751	3.267673	0.488089
297.750000	0	0.148958	0.013132	1.347098	0.114563
297.750000	1	1.661430	0.449308	3.048295	0.405605
298.000000	0	0.145931	0.012883	2.041203	0.126142
298.000000	1	1.726558	0.211022	3.824817	0.552061
298.250000	0	0.139010	0.018967	1.952926	0.103667
298.250000	1	1.717270	0.475136	4.121250	0.587843
298.500000	0	0.145594	0.007583	1.289486	0.101092
298.500000	1	1.772631	0.118871	5.525443	0.714726
298.750000	0	0.141520	0.019868	1.291848	0.094336
298.750000	1	1.697288	0.333777	2.864954	0.500529
299.000000	0	0.144747	0.007960	1.330632	0.114846
299.000000	1	1.690907	0.676959	3.566847	0.444548
299.250000	0	0.142738	0.019710	0.893575	0.091215
299.250000	1	1.683359	0.347655	4.061269	0.523496
299.500000	0	0.144375	0.008268	1.622343	0.116946
299.500000	1	1.731026	0.744598	4.386635	0.504645
299.750000	0	0.151677	0.002503	1.258436	0.124390
299.750000	1	1.664883	0.792909	3.537417	0.411672
300.000000	0	0.143800	0.014469	1.252999	0.102783
300.000000	1	1.686115	0.351765	3.708798	0.494199
300.250000	0	0.145378	0.007705	1.461515	0.101530
300.250000	1	1.667305	0.219590	2.963966	0.391275
300.500000	0	0.142624	0.005187	1.521699	0.103983
300.500000	1	1.680572	0.030637	3.570567	0.505326
300.750000	0	0.146581	0.011779	2.436573	0.128429
300.750000	1	1.725211	0.606148	2.731880	0.378630
301.000000	0	0.148225	0.013885	1.563962	0.119769
301.000000	1	1.686555	0.200281	3.871334	0.508273
301.250000	0	0.153383	0.009667	1.381075	0.127337
301.250000	1	1.659632	0.518952	3.617142	0.485687
301.500000	0	0.153623	0.014520	1.431088	0.125997
301.500000	1	1.817855	0.703380	4.421181	0.570379
301.750000	0	0.140510	0.009782	1.137164	0.092726
301.750000	1	1.748439	0.395687	3.425291	0.495752
302.000000	0	0.145049	0.018427	1.693159	0.104017
302.000000	1	1.669352	0.380363	2.788085	0.419680
302.250000	0	0.139315	0.007676	0.945445	0.076908
302.250000	1	1.832685	0.649886	5.517771	0.649665
302.500000	0	0.144165	0.010462	1.691028	0.109895
302.500000	1	1.669972	0.454466	3.767144	0.440238
302.750000	0	0.146539	0.012630	1.596752	0.122695
302.750000	1	1.705334	0.467778	3.881262	0.477695
303.000000	0	0.146916	0.005641	1.883008	0.132131
303.000000	1	1.766848	0.552458	3.494773	0.557104
303.250000	0	0.145276	0.002336	1.525737	0.123806
303.250000	1	1.605398	0.277100	3.773474	0.535593
303.500000	0	0.149684	0.001153	1.635774	0.115017
303.500000	1	1.741370	0.185952	3.764604	0.561060
303.750000	0	0.144290	0.007699	1.538685	0.116147
303.750000	1	1.746959	0.355221	6.619593	0.605574
304.000000	0	0.144149	0.012105	1.264046	0.105466
304.000000	1	1.634837	0.440875	3.564236	0.442245
304.250000	0	0.137038	0.010791	1.297671	0.083881
304.250000	1	1.696454	0.350121	3.326068	0.455472
304.500000	0	0.140346	0.001221	1.462660	0.096312
304.500000	1	1.710443	0.571589	3.724482	0.486048
304.750000	0	0.150964	0.019519	1.658004	0.122440
304.750000	1	1.688255	0.649257	3.357900	0.487622
305.000000	0	0.141197	0.008697	1.381171	0.100420
305.000000	1	1.671951	0.735460	3.355329	0.367957
305.250000	0	0.143212	0.016253	1.007815	0.094449
305.250000	1	1.677881	0.498998	3.672853	0.514135
305.500000	0	0.140705	0.014654	1.495065	0.088669
305.500000	1	1.714203	0.302854	3.484489	0.491529
305.750000	0	0.144602	0.015355	1.114747	0.100449
305.750000	1	1.613876	0.447956	3.284355	0.474043
306.000000	0	0.150057	0.021299	1.879056	0.117455
306.000000	1	1.675801	0.418776	3.356476	0.481391
306.250000	0	0.145867	0.011310	1.222025	0.114513
306.250000	1	1.768421	0.542831	4.069714	0.579218
306.500000	0	0.147843	0.019226	1.246896	0.118247
306.500000	1	1.680705	0.158014	2.960034	0.506078
306.750000	0	0.143389	0.008076	1.610359	0.113144
306.750000	1	1.749998	0.422621	4.458499	0.562912
307.000000	0	0.146816	0.005170	2.114227	0.122474
307.000000	1	1.738463	0.584468	2.884906	0.360020
307.250000	0	0.146176	0.009447	1.806101	0.112754
307.250000	1	1.695915	0.437979	4.586269	0.532835
307.500000	0	0.141366	0.002672	1.288630	0.087780
307.500000	1	1.734676	0.379337	3.786418	0.474732
307.750000	0	0.138654	0.010336	0.850034	0.068554
307.750000	1	1.657197	0.897016	2.779967	0.310972
308.000000	0	0.139288	0.027405	1.070014	0.076138
308.000000	1	1.676400	0.349794	2.897468	0.449954
308.250000	0	0.149176	0.014249	2.027070	0.131966
308.250000	1	1.747282	0.442238	5.923617	0.639548
308.500000	0	0.136741	0.004122	1.272552	0.084857
308.500000	1	1.673541	0.894685	2.856443	0.361653
308.750000	0	0.150250	0.012906	1.580059	0.138904
308.750000	1	1.718867	0.316550	3.011562	0.441346
309.000000	0	0.140069	0.004467	1.639184	0.105173
309.000000	1	1.734803	0.889196	3.523937	0.460454
309.250000	0	0.144839	0.017889	1.597678	0.124379
309.250000	1	1.695785	0.248050	3.634067	0.550673
309.500000	0	0.138641	0.014390	1.427065	0.092249
309.500000	1	1.773424	0.536209	4.219845	0.578256
309.750000	0	0.137130	0.016905	1.588332	0.092826
309.750000	1	1.765592	0.306951	4.208486	0.562942
310.000000	0	0.135276	0.002337	1.095839	0.075924
310.000000	1	1.720348	0.487069	3.648017	0.523174
310.250000	0	0.141541	0.016579	1.087131	0.088987
310.250000	1	1.665565	0.548285	2.576570	0.288091
310.500000	0	0.146584	0.012635	1.623568	0.120809
310.500000	1	1.583190	0.155773	2.772340	0.401039
310.750000	0	0.143533	0.012297	1.208070	0.104018
310.750000	1	1.690484	0.247394	3.875589	0.519143
311.000000	0	0.142705	0.003283	0.992956	0.096956
311.000000	1	1.712144	0.746289	3.855398	0.533667
311.250000	0	0.140501	0.008858	1.347017	0.105440
311.250000	1	1.714583	0.787120	4.155350	0.515222
311.500000	0	0.137840	0.006951	0.971344	0.073583
311.500000	1	1.707939	0.256922	3.803754	0.553610
311.750000	0	0.144807	0.009614	1.569125	0.111684
311.750000	1	1.721222	0.379267	3.635933	0.520162
312.000000	0	0.138100	0.017906	1.060601	0.079766
312.000000	1	1.740837	0.403076	3.742629	0.561375
312.250000	0	0.147089	0.019369	2.244165	0.139197
312.250000	1	1.724077	0.078742	3.771360	0.577885
312.500000	0	0.145056	0.001033	1.432496	0.117456
312.500000	1	1.673946	0.645899	2.915370	0.380264
312.750000	0	0.139624	0.011114	1.315964	0.097704
312.750000	1	1.679114	0.309497	3.280801	0.400073
313.000000	0	0.134626	0.014359	0.880570	0.062187
313.000000	1	1.662098	0.345003	3.245207	0.498039
313.250000	0	0.138746	0.013659	1.366924	0.099439
313.250000	1	1.674105	0.649028	2.911894	0.418432
313.500000	0	0.140466	0.010769	1.162415	0.101328
313.500000	1	1.732050	0.549470	3.209875	0.478909
313.750000	0	0.139322	0.007528	1.456769	0.091800
313.750000	1	1.749844	0.343563	3.583399	0.537993
314.000000	0	0.140318	0.003001	1.288311	0.104355
314.000000	1	1.697829	0.468671	3.776153	0.517451
314.250000	0	0.142108	0.019304	1.563414	0.108968
314.250000	1	1.649042	0.135336	4.024532	0.499314
314.500000	0	0.137028	0.007931	1.156925	0.073271
314.500000	1	1.718754	0.634444	4.081855	0.528321
314.750000	0	0.143164	0.001042	1.643715	0.104851
314.750000	1	1.829024	0.533439	4.601318	0.557876
315.000000	0	0.136764	0.012685	0.996210	0.074430
315.000000	1	1.724763	0.131929	3.946431	0.517780
315.250000	0	0.138161	0.009142	1.044305	0.076197
315.250000	1	1.669625	0.582354	3.327731	0.380764
315.500000	0	0.137637	0.011773	1.241779	0.072360
315.500000	1	1.705080	0.236354	3.818271	0.493539
315.750000	0	0.138609	0.005771	1.652682	0.090453
315.750000	1	1.635908	0.427802	3.188599	0.399339
316.000000	0	0.135126	0.007295	0.992632	0.067464
316.000000	1	1.633360	0.092768	2.738203	0.409702
316.250000	0	0.137728	0.005382	1.001215	0.074339
316.250000	1	1.766517	0.159011	4.124378	0.582671
316.500000	0	0.134564	0.011079	1.080316	0.074003
316.500000	1	1.680341	0.280716	2.936447	0.383212
316.750000	0	0.142232	0.010716	1.598556	0.101997
316.750000	1	1.669049	0.278117	3.469372	0.471323
317.000000	0	0.145402	0.015235	1.235882	0.108945
317.000000	1	1.686452	0.303330	3.804433	0.485465
317.250000	0	0.142532	0.014553	1.209076	0.090663
317.250000	1	1.711466	0.323520	4.055060	0.488831
317.500000	0	0.142786	0.012070	1.169290	0.092489
317.500000	1	1.692238	0.593552	3.546778	0.482097
317.750000	0	0.146913	0.014937	1.632706	0.118594
317.750000	1	1.651520	0.171172	3.352322	0.548067
318.000000	0	0.147200	0.018893	1.486432	0.122795
318.000000	1	1.833581	0.136897	4.507011	0.654220
318.250000	0	0.151755	0.002422	2.533568	0.164536
318.250000	1	1.681680	0.503148	3.655436	0.495549
318.500000	0	0.149352	0.013776	2.395031	0.152469
318.500000	1	1.700191	0.094710	3.961472	0.609360
318.750000	0	0.144718	0.005165	1.552345	0.110826
318.750000	1	1.733035	0.455308	3.840296	0.510035
319.000000	0	0.145287	0.008430	1.741429	0.116634
319.000000	1	1.672931	0.118373	3.115866	0.499212
319.250000	0	0.141033	0.012695	1.531770	0.101256
319.250000	1	1.661276	0.796898	3.526310	0.432067
319.500000	0	0.139672	0.009456	1.938004	0.098896
319.500000	1	1.652116	0.200429	3.836192	0.528095
319.750000	0	0.138551	0.002667	1.624939	0.086111
319.750000	1	1.755760	0.726270	4.375756	0.513928
320.000000	0	0.140936	0.024972	1.526994	0.107705
320.000000	1	1.637974	0.473125	3.898331	0.563183
320.250000	0	0.146301	0.010994	1.423729	0.108759
320.250000	1	1.718913	0.559154	4.330943	0.536655
320.500000	0	0.151939	0.016508	1.646103	0.140922
320.500000	1	1.687420	0.269569	3.317235	0.516706
320.750000	0	0.147504	0.003323	1.390738	0.113429
320.750000	1	1.701590	0.314708	4.083271	0.501202
321.000000	0	0.149427	0.008399	1.742654	0.135943
321.000000	1	1.711120	0.375507	4.001080	0.596353
321.250000	0	0.151292	0.022746	1.958287	0.139822
321.250000	1	1.729504	0.439149	4.075087	0.495809
321.500000	0	0.140245	0.006959	1.527600	0.106459
321.500000	1	1.725332	0.105863	3.871713	0.628288
321.750000	0	0.142309	0.008690	1.163436	0.094190
321.750000	1	1.682314	0.149885	3.292920	0.468328
322.000000	0	0.149587	0.016774	1.287975	0.117818
322.000000	1	1.733516	0.265618	3.894480	0.545099
322.250000	0	0.146139	0.019529	2.006324	0.134300
322.250000	1	1.728381	0.351091	3.440387	0.531585
322.500000	0	0.143539	0.010177	1.797022	0.103900
322.500000	1	1.756573	0.095383	3.703208	0.480529
322.750000	0	0.142887	0.002603	1.339270	0.100719
322.750000	1	1.666931	0.369210	3.483227	0.415607
323.000000	0	0.142966	0.022166	2.101040	0.106524
323.000000	1	1.722331	0.596825	3.999078	0.443380
323.250000	0	0.142263	0.008020	1.209307	0.102598
323.250000	1	1.670436	0.366968	2.863467	0.379251
323.500000	0	0.139040	0.007509	1.222915	0.080472
323.500000	1	1.599443	0.458461	3.559394	0.468389
323.750000	0	0.139455	0.008826	1.697493	0.100884
323.750000	1	1.630011	0.398724	3.609431	0.504514
324.000000	0	0.142312	0.014070	1.335922	0.096890
324.000000	1	1.805274	0.452842	10.982926	1.137504
324.250000	0	0.144025	0.016660	1.240837	0.105772
324.250000	1	1.551967	0.258757	2.866955	0.419230
324.500000	0	0.146949	0.014425	1.110468	0.099819
324.500000	1	1.769409	0.135143	3.666058	0.565094
324.750000	0	0.144369	0.027738	1.527986	0.095046
324.750000	1	1.589496	0.334657	2.994307	0.403533
325.000000	0	0.149859	0.010607	1.331765	0.104770
325.000000	1	1.710981	0.189805	4.197984	0.582945
325.250000	0	0.144314	0.008900	1.428556	0.106718
325.250000	1	1.655939	0.752980	3.008052	0.375156
325.500000	0	0.147433	0.006016	1.736111	0.131605
325.500000	1	1.700978	0.596682	3.651584	0.479496
325.750000	0	0.140142	0.009125	0.945054	0.077948
325.750000	1	1.678914	0.135735	3.585131	0.471169
326.000000	0	0.144564	0.007288	1.671716	0.105934
326.000000	1	1.691022	0.434244	3.553005	0.508141
326.250000	0	0.149647	0.020127	1.415215	0.124632
326.250000	1	1.678579	0.157536	3.928834	0.546181
326.500000	0	0.143595	0.006170	1.397369	0.093840
326.500000	1	1.670556	0.419511	4.446542	0.557802
326.750000	0	0.150949	0.005884	1.181102	0.108456
326.750000	1	1.688216	0.353564	3.099811	0.492616
327.000000	0	0.156839	0.013577	1.522320	0.151258
327.000000	1	1.722291	0.121627	3.809110	0.576728
327.250000	0	0.158009	0.007142	1.757032	0.146391
327.250000	1	1.740881	0.264844	3.712041	0.520378
327.500000	0	0.147864	0.005451	3.481885	0.164685
327.500000	1	1.712044	0.703121	4.070322	0.432855
327.750000	0	0.144561	0.014074	0.954794	0.085836
327.750000	1	1.706953	0.720992	4.572164	0.489091
328.000000	0	0.142079	0.017351	1.095165	0.083627
328.000000	1	1.722617	0.561045	3.690532	0.553432
328.250000	0	0.146920	0.016020	1.619356	0.113090
328.250000	1	1.676599	0.559725	3.335670	0.515973
328.500000	0	0.150062	0.021507	1.497031	0.134213
328.500000	1	1.762333	0.123400	3.889583	0.619311
328.750000	0	0.150576	0.012325	1.692299	0.124367
328.750000	1	1.666667	0.632574	3.286268	0.431876
329.000000	0	0.140718	0.011064	1.109707	0.083182
329.000000	1	1.625206	0.139093	4.208746	0.583670
329.250000	0	0.159788	0.023046	1.620667	0.158320
329.250000	1	1.781530	0.519866	3.722995	0.563537
329.500000	0	0.153002	0.007313	1.999853	0.136128
329.500000	1	1.661813	0.219662	5.064863	0.631755
329.750000	0	0.141792	0.016827	1.404410	0.100794
329.750000	1	1.680996	0.271514	3.075393	0.480999
330.000000	0	0.143847	0.013313	1.584377	0.100884
330.000000	1	1.625054	0.684793	2.998837	0.374368
330.250000	0	0.140456	0.027201	1.302924	0.090325
330.250000	1	1.760900	0.343699	4.327705	0.525398
330.500000	0	0.138811	0.011911	1.070037	0.081839
330.500000	1	1.712791	0.710459	3.497330	0.459706
330.750000	0	0.141333	0.009992	1.508580	0.109466
330.750000	1	1.633942	0.310497	4.496339	0.556422
331.000000	0	0.146131	0.016137	1.245023	0.099064
331.000000	1	1.654016	0.309822	3.223393	0.505631
331.250000	0	0.137292	0.015062	1.241320	0.081713
331.250000	1	1.731787	0.342699	3.628428	0.477836
331.500000	0	0.146128	0.015896	1.783422	0.113467
331.500000	1	1.756473	0.691435	5.946445	0.694696
331.750000	0	0.139467	0.016952	1.445289	0.084084
331.750000	1	1.701149	0.154822	3.977438	0.578450
332.000000	0	0.136250	0.006145	1.355859	0.089014
332.000000	1	1.765329	0.449612	3.708037	0.457487
332.250000	0	0.145967	0.009171	2.816104	0.150858
332.250000	1	1.675533	0.393499	3.743435	0.509708
332.500000	0	0.137638	0.008340	1.145920	0.084118
332.500000	1	1.677026	0.543760	3.261904	0.468583
332.750000	0	0.138564	0.012980	0.937321	0.074729
332.750000	1	1.664546	0.589809	3.710973	0.506680
333.000000	0	0.148565	0.011514	1.372576	0.122381
333.000000	1	1.664159	0.213429	3.548876	0.563616
333.250000	0	0.137262	0.007531	1.688235	0.088282
333.250000	1	1.735453	0.392570	3.666792	0.549658
333.500000	0	0.147551	0.006725	2.597321	0.149055
333.500000	1	1.699367	0.525032	3.037619	0.424910
333.750000	0	0.139841	0.013469	1.202523	0.088014
333.750000	1	1.616432	0.258335	2.999086	0.434380
334.000000	0	0.143181	0.004463	1.873347	0.116327
334.000000	1	1.811255	0.617987	4.042978	0.539710
334.250000	0	0.137589	0.013178	1.249003	0.086245
334.250000	1	1.707722	0.713677	3.211714	0.420986
334.500000	0	0.138058	0.014918	1.688245	0.091887
334.500000	1	1.678491	0.333862	3.738371	0.536340
334.750000	0	0.144392	0.014899	1.267892	0.109111
334.750000	1	1.683856	0.186663	4.018588	0.543268
335.000000	0	0.144842	0.010834	1.656027	0.117054
335.000000	1	1.666504	0.500669	2.806705	0.372827
335.250000	0	0.139041	0.004813	1.239123	0.090645
335.250000	1	1.666384	0.423136	3.600505	0.456423
335.500000	0	0.143840	0.015913	1.535903	0.102804
335.500000	1	1.713518	0.103077	3.111962	0.454369
335.750000	0	0.143694	0.006908	1.234227	0.100591
335.750000	1	1.658388	0.262122	3.580928	0.447183
336.000000	0	0.144316	0.010667	1.905948	0.118022
336.000000	1	1.683757	0.586340	3.080858	0.440050
336.250000	0	0.150059	0.012926	1.423361	0.118879
336.250000	1	1.677213	0.378900	3.375560	0.508024
336.500000	0	0.145166	0.005237	1.690226	0.106135
336.500000	1	1.631275	0.363946	3.503768	0.541371
336.750000	0	0.143276	0.003387	1.277422	0.108061
336.750000	1	1.730298	0.325521	8.343253	0.955339
337.000000	0	0.148301	0.017316	1.826219	0.129105
337.000000	1	1.738083	0.532436	4.029989	0.556816
337.250000	0	0.142838	0.011233	1.445384	0.091463
337.250000	1	1.691131	0.835452	3.207393	0.391924
337.500000	0	0.142045	0.009521	1.592468	0.100374
337.500000	1	1.669954	0.773997	3.477915	0.386613
337.750000	0	0.145103	0.021698	1.354825	0.100995
337.750000	1	1.703580	0.054209	4.043535	0.545855
338.000000	0	0.147965	0.006738	1.190075	0.115981
338.000000	1	1.770584	0.576048	3.811289	0.592240
338.250000	0	0.145502	0.010794	1.660786	0.121977
338.250000	1	1.782457	0.524246	3.573489	0.555568
338.500000	0	0.142728	0.003589	1.486833	0.104699
338.500000	1	1.687161	0.442750	3.962623	0.510366
338.750000	0	0.146526	0.011102	1.466329	0.122459
338.750000	1	1.649572	0.769897	2.963090	0.391188
339.000000	0	0.144299	0.007597	1.620598	0.105027
339.000000	1	1.638825	0.078830	3.527988	0.480281
339.250000	0	0.141052	0.005150	1.071961	0.088634
339.250000	1	1.669181	0.370259	4.905507	0.568000
339.500000	0	0.147608	0.010019	1.354199	0.107790
339.500000	1	1.708390	0.278767	3.274680	0.505491
339.750000	0	0.151810	0.010602	1.716443	0.136435
339.750000	1	1.648772	0.216574	3.527417	0.459445
340.000000	0	0.147062	0.021328	1.555637	0.114391
340.000000	1	1.725180	0.364750	3.236924	0.479020
340.250000	0	0.140989	0.010697	1.219534	0.089490
340.250000	1	1.759260	0.411759	3.548587	0.533441
340.500000	0	0.147886	0.007755	1.448083	0.120961
340.500000	1	1.718357	0.163692	3.818604	0.544629
340.750000	0	0.145697	0.014699	1.878123	0.127505
340.750000	1	1.662265	0.748230	3.131953	0.448333
341.000000	0	0.150830	0.019660	1.535719	0.124372
341.000000	1	1.817002	0.249250	6.116800	0.787148
341.250000	0	0.152481	0.005981	3.318059	0.162547
341.250000	1	1.657963	0.457159	3.150010	0.431559
341.500000	0	0.142695	0.014304	1.456309	0.095691
341.500000	1	1.744616	0.585125	3.915142	0.545327
341.750000	0	0.140573	0.019026	1.079318	0.081191
341.750000	1	1.687165	0.235940	3.196968	0.474292
342.000000	0	0.148601	0.007096	1.209650	0.123413
342.000000	1	1.778325	0.491024	3.318530	0.538065
342.250000	0	0.142005	0.017269	1.319312	0.101606
342.250000	1	1.751804	0.359262	3.433241	0.464379
342.500000	0	0.139109	0.015441	1.574741	0.096930
342.500000	1	1.663670	0.273155	3.240306	0.485151
342.750000	0	0.143583	0.014987	2.286636	0.121755
342.750000	1	1.704265	0.213104	3.205492	0.479204
343.000000	0	0.146750	0.018542	1.025692	0.099501
343.000000	1	1.778286	0.596777	4.256043	0.553690
343.250000	0	0.142554	0.016405	1.463426	0.101719
343.250000	1	1.711940	0.317796	3.621632	0.483012
343.500000	0	0.143908	0.005506	1.771213	0.106731
343.500000	1	1.731148	0.692089	4.145398	0.531038
343.750000	0	0.146990	0.008095	1.644741	0.122257
343.750000	1	1.750738	0.787780	4.712360	0.515016
344.000000	0	0.148394	0.007169	1.767762	0.114520
344.000000	1	1.705376	0.668468	2.827430	0.434989
344.250000	0	0.150464	0.019683	2.076698	0.147205
344.250000	1	1.698926	0.384339	4.218797	0.572275
344.500000	0	0.144119	0.015436	1.534278	0.107915
344.500000	1	1.725799	0.383509	4.812269	0.609716
344.750000	0	0.140768	0.009586	1.034060	0.090153
344.750000	1	1.702437	0.341941	2.796927	0.429327
345.000000	0	0.143818	0.004940	1.950239	0.124323
345.000000	1	1.711887	0.547276	3.330305	0.401946
345.250000	0	0.141373	0.013940	1.782317	0.116724
345.250000	1	1.710675	0.229630	3.440188	0.441359
345.500000	0	0.141428	0.012614	1.339725	0.101986
345.500000	1	1.744418	0.346709	3.541281	0.507085
345.750000	0	0.148489	0.013630	1.210258	0.112624
345.750000	1	1.677612	0.504315	3.626753	0.475506
346.000000	0	0.142798	0.008845	1.505864	0.110373
346.000000	1	1.688507	0.486101	3.528900	0.513228
346.250000	0	0.145127	0.015388	1.367264	0.099300
346.250000	1	1.689173	0.441963	4.388597	0.551140
346.500000	0	0.143498	0.003013	1.755149	0.112981
346.500000	1	1.738257	0.277229	3.032653	0.448100
346.750000	0	0.148724	0.019034	2.673555	0.135235
346.750000	1	1.679756	0.238811	3.061613	0.448231
347.000000	0	0.150930	0.007877	1.744614	0.143443
347.000000	1	1.728104	0.694605	3.188451	0.404098
347.250000	0	0.145137	0.009234	1.776897	0.111503
347.250000	1	1.614218	0.330607	4.162017	0.487769
347.500000	0	0.145394	0.030526	1.314013	0.096407
347.500000	1	1.707387	0.471262	3.876772	0.499934
347.750000	0	0.147421	0.011296	1.399122	0.117277
347.750000	1	1.755858	0.490022	3.878794	0.547428
348.000000	0	0.144569	0.025424	1.386755	0.107112
348.000000	1	1.712702	0.290475	5.588565	0.673707
348.250000	0	0.145722	0.006334	1.606678	0.128134
348.250000	1	1.611889	0.449139	3.064061	0.393227
348.500000	0	0.143722	0.013405	1.259169	0.096035
348.500000	1	1.653743	0.611789	4.262793	0.443673
348.750000	0	0.144790	0.013582	1.386279	0.101897
348.750000	1	1.665316	0.235918	3.594183	0.494033
349.000000	0	0.150886	0.011968	1.564996	0.125167
349.000000	1	1.805772	0.459968	4.085779	0.592194
349.250000	0	0.148674	0.006310	0.998213	0.098533
349.250000	1	1.748796	0.189660	4.381316	0.572162
349.500000	0	0.150341	0.012091	1.577548	0.128983
349.500000	1	1.789205	0.364299	4.403605	0.633865
349.750000	0	0.142527	0.011554	1.220926	0.094562
349.750000	1	1.681320	0.295272	3.708774	0.469152
350.000000	0	0.147840	0.004894	1.565332	0.113288
350.000000	1	1.733300	0.417354	3.736215	0.562785
350.250000	0	0.149504	0.011435	1.478975	0.110637
350.250000	1	1.596612	0.409185	3.718433	0.449852
350.500000	0	0.147550	0.011507	1.660416	0.116858
350.500000	1	1.699007	0.611877	3.121608	0.418157
350.750000	0	0.155544	0.002877	1.468517	0.134747
350.750000	1	1.706580	0.321432	4.187142	0.550709
351.000000	0	0.146986	0.013637	1.117710	0.107523
351.000000	1	1.658471	0.356941	3.690488	0.475745
351.250000	0	0.150207	0.017630	1.195971	0.107495
351.250000	1	1.735016	0.480433	4.079374	0.536526
351.500000	0	0.150931	0.015082	1.683468	0.136154
351.500000	1	1.754566	0.476619	3.959803	0.462897
351.750000	0	0.144091	0.010133	1.521519	0.105437
351.750000	1	1.676244	0.378223	3.113164	0.417590
352.000000	0	0.142169	0.013177	1.603139	0.106383
352.000000	1	1.731717	0.374293	3.269807	0.475675
352.250000	0	0.140360	0.020694	2.216009	0.106752
352.250000	1	1.679182	0.547787	3.734915	0.518316
352.500000	0	0.142664	0.014499	1.540084	0.096151
352.500000	1	1.708454	0.587502	3.993784	0.520412
352.750000	0	0.144872	0.017788	0.983103	0.085316
352.750000	1	1.613250	0.099624	3.380440	0.439979
353.000000	0	0.147687	0.017223	1.617543	0.125519
353.000000	1	1.672063	0.123542	3.687322	0.546706
353.250000	0	0.140546	0.013758	1.411160	0.099099
353.250000	1	1.686689	0.464753	3.643360	0.466285
353.500000	0	0.143824	0.016128	1.352263	0.110273
353.500000	1	1.703508	0.515425	3.299914	0.447620
353.750000	0	0.146792	0.005472	1.573276	0.121330
353.750000	1	1.794155	0.853171	4.792644	0.584415
354.000000	0	0.135748	0.021944	0.939851	0.071608
354.000000	1	1.695583	0.561050	3.645448	0.439114
354.250000	0	0.145839	0.003721	1.538879	0.121652
354.250000	1	1.708433	0.489621	4.486246	0.582297
354.500000	0	0.145951	0.014631	1.412512	0.113700
354.500000	1	1.652087	0.394870	3.209804	0.453704
354.750000	0	0.143049	0.008508	1.427487	0.106345
354.750000	1	1.591924	0.264433	3.125242	0.524352
355.000000	0	0.149409	0.011493	1.763648	0.126838
355.000000	1	1.622363	0.176995	3.488500	0.523057
355.250000	0	0.144169	0.018900	1.676299	0.111595
355.250000	1	1.655390	0.370906	3.527050	0.478998
355.500000	0	0.149471	0.022157	1.483422	0.104719
355.500000	1	1.601385	0.282117	2.993777	0.440341
355.750000	0	0.152502	0.007973	2.123385	0.145305
355.750000	1	1.729332	0.545401	3.134615	0.530379
356.000000	0	0.151835	0.006679	1.687534	0.139347
356.000000	1	1.704947	0.456679	3.720322	0.489444
356.250000	0	0.146689	0.013107	1.563724	0.118711
356.250000	1	1.720296	0.442249	3.866882	0.534760
356.500000	0	0.148357	0.028642	1.235492	0.116386
356.500000	1	1.655128	0.466836	3.257602	0.461448
356.750000	0	0.147402	0.016155	1.820558	0.127991
356.750000	1	1.691100	0.312598	3.461057	0.514758
357.000000	0	0.138513	0.022606	1.591695	0.087185
357.000000	1	1.650478	0.449550	3.098895	0.420009
357.250000	0	0.147211	0.018576	0.992473	0.093952
357.250000	1	1.664367	0.464463	3.348219	0.516462
357.500000	0	0.153396	0.003837	2.128520	0.152752
357.500000	1	1.774681	0.423734	4.236781	0.565012
357.750000	0	0.148134	0.018050	1.311033	0.107390
357.750000	1	1.702690	0.539489	3.718371	0.453295
358.000000	0	0.142330	0.012260	1.464245	0.097564
358.000000	1	1.688358	0.504991	3.788784	0.439096
358.250000	0	0.143814	0.011250	1.123517	0.093533
358.250000	1	1.718939	0.066826	3.515584	0.537863
358.500000	0	0.144914	0.005431	1.461995	0.110628
358.500000	1	1.678794	0.596770	3.343166	0.437373
358.750000	0	0.147554	0.012278	1.747337	0.117819
358.750000	1	1.730272	0.597958	3.131293	0.478572
359.000000	0	0.151861	0.006562	1.884236	0.145875
359.000000	1	1.697659	0.108800	4.376093	0.541060
359.250000	0	0.146774	0.024324	1.747486	0.121708
359.250000	1	1.669266	0.234207	3.477105	0.539990
359.500000	0	0.144708	0.007518	1.528593	0.114368
359.500000	1	1.721259	0.423825	4.542223	0.572026
359.750000	0	0.148121	0.008958	1.802501	0.138550
359.750000	1	1.732247	0.528556	3.553275	0.540671
360.000000	0	0.152999	0.013636	1.907320	0.130397
360.000000	1	1.712352	0.359413	2.956023	0.394594
360.250000	0	0.139048	0.005958	0.754599	0.074729
360.250000	1	1.688302	0.347016	4.580283	0.442035
360.500000	0	0.146734	0.015099	1.291619	0.108641
360.500000	1	1.663478	0.511328	3.403884	0.506419
360.750000	0	0.142580	0.015157	1.083491	0.087725
360.750000	1	1.646352	0.145964	2.986537	0.438708
361.000000	0	0.140195	0.027030	1.180817	0.086765
361.000000	1	1.671470	0.259527	3.061797	0.429582
361.250000	0	0.146108	0.015701	1.098557	0.098974
361.250000	1	1.782683	0.045658	6.824685	0.817113
361.500000	0	0.144754	0.007979	1.282851	0.117477
361.500000	1	1.695005	0.176538	3.257735	0.469832
361.750000	0	0.152790	0.020307	1.623591	0.145526
361.750000	1	1.683860	0.286370	3.694796	0.533230
362.000000	0	0.146790	0.028298	1.370004	0.107154
362.000000	1	1.647695	0.397287	3.390998	0.471378
362.250000	0	0.148374	0.008721	1.476966	0.119263
362.250000	1	1.726532	0.195329	3.938108	0.579557
362.500000	0	0.146901	0.010444	1.391082	0.101830
362.500000	1	1.643368	0.549090	3.030199	0.436729
362.750000	0	0.141433	0.006475	1.276086	0.089975
362.750000	1	1.690179	0.507574	3.140064	0.461362
363.000000	0	0.143188	0.007104	1.397127	0.093591
363.000000	1	1.691355	0.421824	3.564749	0.455531
363.250000	0	0.145471	0.002161	1.384159	0.109434
363.250000	1	1.746210	0.302572	4.190313	0.522882
363.500000	0	0.146014	0.002652	2.285578	0.133814
363.500000	1	1.698441	0.215302	3.503170	0.423643
363.750000	0	0.152674	0.011258	2.081453	0.157739
363.750000	1	1.670868	0.086347	3.596358	0.511094
364.000000	0	0.143802	0.025733	1.322222	0.108009
364.000000	1	1.723802	0.166268	3.732420	0.551678
364.250000	0	0.146604	0.001615	1.465132	0.112883
364.250000	1	1.665737	0.195546	3.248897	0.440618
364.500000	0	0.151954	0.034844	1.750227	0.120842
364.500000	1	1.735649	0.649960	3.644418	0.581137
364.750000	0	0.148888	0.008175	1.461908	0.119165
364.750000	1	1.712789	0.246666	3.032912	0.455671
365.000000	0	0.143186	0.005310	1.021612	0.090960
365.000000	1	1.684595	0.498900	3.778337	0.495493
365.250000	0	0.143340	0.008358	1.943073	0.106462
365.250000	1	1.711417	0.189213	4.233960	0.510644
365.500000	0	0.150534	0.013726	1.986562	0.125196
365.500000	1	1.667974	0.152301	3.596420	0.552876
365.750000	0	0.141842	0.007003	1.302867	0.104823
365.750000	1	1.694036	0.804636	3.266963	0.430850
366.000000	0	0.138639	0.022799	1.424486	0.092403
366.000000	1	1.627713	0.830615	3.170920	0.423344
366.250000	0	0.145471	0.006422	1.761814	0.120817
366.250000	1	1.746198	0.192639	4.228260	0.587230
366.500000	0	0.141752	0.018353	1.444793	0.096479
366.500000	1	1.651648	0.301176	3.343731	0.501820
366.750000	0	0.156005	0.001096	2.402606	0.156290
366.750000	1	1.700226	0.069559	4.402436	0.525235
367.000000	0	0.145133	0.008190	1.612105	0.112975
367.000000	1	1.649291	0.310840	3.771983	0.488061
367.250000	0	0.144080	0.006631	1.096090	0.096638
367.250000	1	1.715864	0.180182	3.921856	0.473528
367.500000	0	0.140703	0.008368	0.922638	0.083219
367.500000	1	1.840037	0.549093	4.529067	0.606055
367.750000	0	0.138037	0.015468	1.187288	0.075185
367.750000	1	1.666330	0.515303	3.925104	0.552335
368.000000	0	0.148571	0.012554	1.579642	0.116928
368.000000	1	1.740096	0.414997	3.780790	0.581257
368.250000	0	0.146774	0.006488	1.508029	0.116891
368.250000	1	1.737616	0.201533	3.782988	0.512043
368.500000	0	0.148028	0.016339	1.494170	0.115095
368.500000	1	1.736840	0.718606	3.750583	0.451860
368.750000	0	0.141498	0.013105	1.677157	0.091807
368.750000	1	1.675111	0.505914	3.975005	0.403034
369.000000	0	0.149165	0.019197	1.304115	0.118994
369.000000	1	1.706005	0.408442	3.507683	0.554792
369.250000	0	0.152176	0.010270	1.856793	0.141946
369.250000	1	1.623424	0.336611	3.226845	0.490083
369.500000	0	0.145700	0.015340	1.302456	0.104677
369.500000	1	1.693854	0.396851	3.694137	0.583403
369.750000	0	0.148681	0.014462	1.453441	0.110495
369.750000	1	1.742885	0.156670	4.264913	0.607961
370.000000	0	0.142906	0.011656	0.974098	0.085147
370.000000	1	1.695028	0.297485	3.170921	0.444020
370.250000	0	0.140732	0.015514	1.274767	0.104140
370.250000	1	1.667206	0.246711	3.334203	0.461179
370.500000	0	0.148475	0.020759	1.850686	0.116316
370.500000	1	1.711844	0.326784	5.962386	0.634625
370.750000	0	0.154064	0.021507	2.057818	0.150121
370.750000	1	1.698484	0.568382	4.005375	0.529012
371.000000	0	0.149992	0.015897	1.311444	0.105293
371.000000	1	1.630181	0.600992	3.020622	0.422313
371.250000	0	0.145101	0.018728	1.756379	0.127926
371.250000	1	1.707530	0.285552	3.461644	0.515166
371.500000	0	0.144685	0.014382	2.007626	0.129246
371.500000	1	1.651699	0.101121	3.679605	0.438642
371.750000	0	0.139967	0.009592	1.094955	0.079575
371.750000	1	1.763462	0.866696	3.823902	0.499971
372.000000	0	0.142314	0.016791	0.965343	0.079591
372.000000	1	1.710453	0.212649	3.816435	0.493345
372.250000	0	0.147455	0.006678	1.764852	0.114486
372.250000	1	1.645228	0.023307	3.680292	0.471227
372.500000	0	0.144846	0.010172	1.429224	0.095599
372.500000	1	1.700562	0.488352	3.558109	0.486560
372.750000	0	0.143600	0.030474	1.559434	0.110984
372.750000	1	1.584729	0.327009	3.011033	0.453889
373.000000	0	0.143035	0.014606	1.768807	0.107541
373.000000	1	1.683314	0.322170	3.111440	0.495014
373.250000	0	0.141364	0.015825	1.950149	0.106081
373.250000	1	1.633447	0.151684	3.529846	0.491126
373.500000	0	0.149616	0.006817	1.680142	0.132200
373.500000	1	1.746684	0.632192	4.510814	0.626395
373.750000	0	0.145822	0.009211	1.499919	0.120702
373.750000	1	1.703108	0.133464	3.230395	0.526820
374.000000	0	0.143881	0.001239	1.202535	0.104533
374.000000	1	1.700058	0.336900	4.196460	0.508156
374.250000	0	0.148573	0.009499	1.516889	0.116278
374.250000	1	1.742051	0.617615	4.526304	0.556728
374.500000	0	0.143794	0.013622	1.270906	0.107474
374.500000	1	1.664548	0.622349	4.210692	0.461391
374.750000	0	0.153964	0.012939	1.953459	0.143426
374.750000	1	1.669753	0.072154	4.004176	0.584913
375.000000	0	0.147624	0.010773	1.625188	0.096843
375.000000	1	1.723964	0.354877	3.489376	0.547907
375.250000	0	0.145506	0.009734	1.478382	0.117755
375.250000	1	1.656219	0.313292	2.856852	0.377181
375.500000	0	0.145069	0.010247	1.423257	0.117460
375.500000	1	1.742707	0.609543	3.026009	0.409618
375.750000	0	0.145329	0.016833	1.409360	0.111942
375.750000	1	1.737112	0.934620	3.781796	0.453731
376.000000	0	0.142237	0.003132	1.286959	0.093814
376.000000	1	1.698073	0.150576	3.839545	0.519096
376.250000	0	0.140443	0.014507	1.685758	0.109684
376.250000	1	1.658250	0.241822	3.538006	0.451335
376.500000	0	0.143980	0.005275	1.737159	0.115525
376.500000	1	1.717536	0.297604	4.567105	0.565419
376.750000	0	0.140725	0.011760	0.950285	0.087871
376.750000	1	1.756850	0.918553	3.735852	0.524012
377.000000	0	0.148046	0.025744	1.566542	0.121729
377.000000	1	1.574573	0.204140	3.032475	0.420332
377.250000	0	0.146862	0.015065	1.325977	0.105378
377.250000	1	1.727194	0.824412	3.767248	0.462119
377.500000	0	0.144631	0.001338	1.456704	0.119793
377.500000	1	1.667674	0.719310	3.366309	0.407977
377.750000	0	0.146597	0.012019	1.688551	0.119165
377.750000	1	1.660043	0.585308	3.423060	0.456340
378.000000	0	0.140798	0.006358	1.564106	0.098057
378.000000	1	1.714550	0.153126	3.437877	0.536945
378.250000	0	0.145297	0.003433	1.282464	0.105780
378.250000	1	1.688928	0.160971	3.569490	0.507961
378.500000	0	0.142904	0.013161	1.210068	0.093013
378.500000	1	1.704671	0.747273	3.126718	0.384341
378.750000	0	0.142528	0.016120	1.442375	0.105427
378.750000	1	1.700707	0.361735	3.217388	0.437038
379.000000	0	0.143031	0.012204	1.530658	0.101187
379.000000	1	1.734547	0.394607	3.230068	0.527310
379.250000	0	0.143148	0.007273	1.145074	0.094521
379.250000	1	1.661177	0.356031	4.013297	0.453844
379.500000	0	0.143664	0.014386	1.075132	0.093012
379.500000	1	1.715132	0.693926	3.783317	0.503040
379.750000	0	0.149542	0.008089	3.833248	0.164740
379.750000	1	1.690515	0.608453	3.489709	0.419757
380.000000	0	0.148547	0.008904	2.191895	0.147088
380.000000	1	1.732389	0.213125	3.422059	0.545044
380.250000	0	0.140017	0.004694	1.246477	0.099389
380.250000	1	1.740152	0.676961	3.791411	0.498871
380.500000	0	0.141303	0.021178	1.469762	0.102543
380.500000	1	1.847500	0.586531	9.231512	1.072653
380.750000	0	0.142884	0.011709	1.437205	0.089807
380.750000	1	1.629439	0.297753	3.191926	0.491342
381.000000	0	0.149359	0.006068	1.302908	0.121819
381.000000	1	1.704214	0.854992	3.981125	0.431578
381.250000	0	0.147914	0.011731	2.055196	0.133998
381.250000	1	1.628365	0.643631	3.799471	0.446243
381.500000	0	0.143005	0.009948	0.958532	0.087582
381.500000	1	1.678191	0.325521	3.537299	0.486134
381.750000	0	0.139924	0.013592	1.399471	0.094122
381.750000	1	1.757206	0.225558	3.724106	0.528731
382.000000	0	0.136568	0.020923	1.448451	0.088091
382.000000	1	1.647461	0.453391	3.313201	0.382467
382.250000	0	0.136070	0.009222	1.333018	0.085558
382.250000	1	1.695674	0.204540	3.405243	0.507270
382.500000	0	0.144794	0.022094	1.827990	0.107003
382.500000	1	1.677504	0.685147	3.814220	0.443682
382.750000	0	0.149657	0.008006	1.436859	0.131880
382.750000	1	1.787750	0.311651	4.215210	0.608883
383.000000	0	0.143489	0.016996	1.040993	0.082544
383.000000	1	1.699413	0.405098	3.749332	0.438556
383.250000	0	0.147946	0.021939	2.830485	0.142893
383.250000	1	1.677597	0.036147	3.374801	0.496511
383.500000	0	0.143566	0.005307	1.122699	0.107832
383.500000	1	1.673342	0.674548	3.377410	0.440931
383.750000	0	0.146580	0.003335	1.596361	0.119525
383.750000	1	1.721794	0.415816	3.182327	0.474659
384.000000	0	0.142788	0.012981	1.584047	0.108152
384.000000	1	1.647403	0.377209	3.408512	0.424302
384.250000	0	0.141192	0.009522	1.381775	0.092382
384.250000	1	1.655510	0.531152	3.534925	0.503203
384.500000	0	0.143699	0.023577	1.163576	0.095756
384.500000	1	1.723400	0.387822	4.572753	0.536505
384.750000	0	0.139702	0.015392	1.362391	0.095966
384.750000	1	1.824075	0.786149	8.113389	0.883931
385.000000	0	0.140670	0.009570	1.867840	0.104884
385.000000	1	1.737746	0.493788	4.250882	0.566619
385.250000	0	0.145161	0.011672	1.485018	0.113650
385.250000	1	1.707936	0.171548	3.694205	0.496102
385.500000	0	0.139218	0.021405	1.559825	0.102857
385.500000	1	1.716787	0.398332	3.389149	0.441676
385.750000	0	0.139857	0.015998	1.225364	0.093564
385.750000	1	1.725374	0.076623	3.547248	0.496562
386.000000	0	0.143776	0.014694	1.542502	0.106601
386.000000	1	1.748392	0.845072	3.535437	0.485669
386.250000	0	0.147094	0.014653	1.660042	0.121933
386.250000	1	1.620024	0.356370	3.096026	0.408021
386.500000	0	0.140007	0.010300	1.206500	0.093060
386.500000	1	1.778045	0.646397	4.241489	0.523863
386.750000	0	0.141452	0.009004	1.502258	0.112567
386.750000	1	1.702547	0.277689	4.842878	0.615261
387.000000	0	0.143206	0.013340	1.414871	0.100851
387.000000	1	1.638605	0.421009	3.241952	0.419939
387.250000	0	0.145968	0.013977	1.459011	0.109621
387.250000	1	1.882341	0.682312	11.064764	1.261131
387.500000	0	0.148640	0.018883	1.344039	0.115092
387.500000	1	1.637259	0.528279	3.117611	0.434988
387.750000	0	0.139332	0.008773	1.238514	0.085963
387.750000	1	1.616636	0.253161	3.037715	0.384194
388.000000	0	0.140590	0.003523	1.290151	0.089598
388.000000	1	1.733177	0.363178	3.342016	0.521600
388.250000	0	0.141204	0.015876	2.146664	0.110421
388.250000	1	1.654031	0.446300	3.262869	0.430442
388.500000	0	0.141091	0.022912	1.504107	0.095460
388.500000	1	1.653835	0.469906	4.077651	0.505247
388.750000	0	0.143884	0.014559	1.506309	0.109811
388.750000	1	1.579167	0.317154	3.277523	0.480385
389.000000	0	0.140649	0.015299	1.139867	0.091800
389.000000	1	1.690791	0.283225	3.894235	0.621265
389.250000	0	0.149225	0.007470	1.275479	0.125895
389.250000	1	1.660129	0.237131	3.947336	0.454956
389.500000	0	0.152765	0.015641	1.729957	0.133756
389.500000	1	1.722287	0.308317	3.545037	0.479974
389.750000	0	0.147939	0.017636	2.201629	0.132042
389.750000	1	1.628617	0.319326	3.844931	0.445529
390.000000	0	0.136361	0.012428	1.164140	0.077176
390.000000	1	1.701626	0.312351	3.650470	0.511574
390.250000	0	0.148188	0.017542	1.351089	0.117200
390.250000	1	1.724033	0.297366	3.607449	0.555215
390.500000	0	0.140354	0.012869	1.355698	0.087733
390.500000	1	1.610170	0.333947	3.408275	0.443545
390.750000	0	0.139699	0.003144	2.220738	0.109638
390.750000	1	1.762741	0.180486	3.977670	0.525863
391.000000	0	0.141914	0.005682	1.190396	0.093575
391.000000	1	1.672366	0.386517	4.908541	0.580754
391.250000	0	0.143778	0.012813	1.122662	0.100322
391.250000	1	1.752483	0.562806	3.704330	0.614105
391.500000	0	0.149366	0.019742	1.625183	0.119214
391.500000	1	1.657786	0.727707	3.066076	0.391067
391.750000	0	0.140710	0.008789	1.146512	0.086985
391.750000	1	1.705220	0.441493	3.416719	0.457020
392.000000	0	0.138277	0.007912	1.024211	0.077852
392.000000	1	1.642091	0.423427	2.897377	0.410845
392.250000	0	0.135692	0.013636	1.059105	0.074068
392.250000	1	1.732096	0.409454	4.544346	0.526854
392.500000	0	0.145607	0.026265	1.871127	0.132127
392.500000	1	1.662224	0.392530	3.719333	0.505071
392.750000	0	0.140135	0.004965	1.441528	0.091617
392.750000	1	1.680057	0.585649	4.199107	0.449800
393.000000	0	0.142119	0.007457	1.344710	0.102428
393.000000	1	1.630979	0.612087	3.516827	0.453600
393.250000	0	0.145068	0.018464	1.322665	0.110731
393.250000	1	1.802848	0.352495	4.084094	0.689856
393.500000	0	0.142610	0.000955	1.279390	0.088765
393.500000	1	1.681000	0.274469	3.597122	0.551170
393.750000	0	0.145647	0.023649	3.069708	0.144100
393.750000	1	1.738419	0.073716	4.417652	0.619307
394.000000	0	0.142998	0.000975	1.582034	0.103107
394.000000	1	1.703186	0.446091	3.648910	0.502493
394.250000	0	0.144216	0.006726	1.845590	0.125750
394.250000	1	1.631636	0.512924	3.098692	0.429124
394.500000	0	0.139945	0.005995	1.024651	0.086162
394.500000	1	1.673925	0.510694	3.679136	0.496265
394.750000	0	0.138150	0.006094	1.036586	0.077958
394.750000	1	1.735702	0.225911	4.967057	0.612371
395.000000	0	0.148843	0.012631	1.612937	0.116413
395.000000	1	1.701399	0.313777	3.442372	0.459622
395.250000	0	0.136433	0.005493	1.629973	0.088112
395.250000	1	1.677378	0.762195	2.928242	0.345521
395.500000	0	0.144454	0.009401	1.424593	0.091912
395.500000	1	1.699841	0.463998	3.328196	0.445924
395.750000	0	0.140428	0.008560	1.112394	0.081750
395.750000	1	1.695233	0.099974	3.225567	0.487497
396.000000	0	0.140076	0.007601	1.590765	0.110505
396.000000	1	1.842416	0.514360	9.767216	1.156979
396.250000	0	0.145324	0.005919	1.111833	0.103292
396.250000	1	1.679854	0.051682	3.299907	0.505540
396.500000	0	0.137856	0.005874	0.942581	0.077256
396.500000	1	1.737070	0.781467	3.288420	0.419133
396.750000	0	0.148448	0.002181	2.060484	0.130666
396.750000	1	1.630930	0.327101	3.570945	0.486620
397.000000	0	0.148214	0.024963	1.298606	0.104628
397.000000	1	1.743524	0.632650	3.283985	0.431980
397.250000	0	0.141735	0.006775	1.576582	0.095782
397.250000	1	1.674799	0.167810	3.973548	0.547736
397.500000	0	0.146595	0.005555	1.222175	0.109639
397.500000	1	1.684776	0.476465	3.965607	0.514273
397.750000	0	0.138267	0.004561	1.159168	0.077304
397.750000	1	1.648953	0.143646	3.194482	0.437027
398.000000	0	0.135643	0.006455	0.686193	0.058982
398.000000	1	1.692405	0.330106	4.240996	0.638429
398.250000	0	0.144095	0.013242	1.198745	0.099650
398.250000	1	1.758572	0.429764	4.488296	0.561868
398.500000	0	0.140935	0.011987	1.314493	0.093437
398.500000	1	1.726853	0.505527	3.751937	0.483601
398.750000	0	0.138526	0.015904	1.360109	0.084801
398.750000	1	1.657198	0.230777	3.708998	0.445085
399.000000	0	0.138939	0.013457	1.547092	0.099536
399.000000	1	1.659553	0.511868	3.984374	0.492461
399.250000	0	0.138728	0.013033	1.102429	0.078854
399.250000	1	1.793039	0.156490	4.113612	0.554056
399.500000	0	0.139266	0.021776	1.070723	0.089066
399.500000	1	1.743089	0.269740	4.298069	0.681327
399.750000	0	0.139502	0.009517	1.193957	0.079245
399.750000	1	1.728970	0.471699	7.581596	0.712863
400.000000	0	0.136784	0.022331	1.471698	0.082315
400.000000	1	1.666850	0.183755	3.602017	0.426123
400.250000	0	0.144073	0.004634	1.234948	0.104184
400.250000	1	1.678396	0.157395	4.136126	0.548486
400.500000	0	0.141915	0.015286	1.288424	0.099412
400.500000	1	1.683298	0.407218	2.679345	0.411569
400.750000	0	0.144928	0.015236	1.398163	0.118247
400.750000	1	1.617013	0.058245	2.999466	0.506185
401.000000	0	0.147668	0.036224	2.017651	0.121810
401.000000	1	1.622689	0.201822	2.853922	0.441457
401.250000	0	0.150767	0.012437	1.963405	0.139010
401.250000	1	1.622179	0.164886	3.397440	0.513126
401.500000	0	0.146861	0.022229	1.296550	0.108946
401.500000	1	1.619790	0.423278	3.082126	0.452124
401.750000	0	0.145070	0.019597	1.636989	0.126033
401.750000	1	1.646559	0.468209	2.740761	0.436638
402.000000	0	0.144074	0.017893	1.728111	0.109934
402.000000	1	1.731251	0.417309	4.094088	0.511484
402.250000	0	0.139457	0.007457	1.546913	0.101623
402.250000	1	1.693385	0.244768	4.042438	0.568885
402.500000	0	0.138258	0.021313	1.073177	0.075829
402.500000	1	1.687952	0.232678	3.889995	0.596646
402.750000	0	0.138617	0.011809	1.688525	0.101507
402.750000	1	1.645538	0.568499	3.174717	0.440935
403.000000	0	0.145551	0.018483	1.560512	0.120951
403.000000	1	1.644304	0.157014	3.799252	0.557035
403.250000	0	0.143636	0.006639	1.638187	0.103308
403.250000	1	1.710889	0.341142	3.664758	0.475966
403.500000	0	0.150524	0.019324	1.883311	0.135797
403.500000	1	1.803334	0.583917	3.939052	0.598424
403.750000	0	0.145875	0.010725	1.374165	0.109960
403.750000	1	1.696926	0.150460	3.743172	0.524909
404.000000	0	0.150480	0.007521	1.713110	0.126316
404.000000	1	1.751111	0.399600	3.586396	0.544970
404.250000	0	0.153601	0.024395	1.941468	0.165835
404.250000	1	1.663830	0.076217	4.234329	0.608548
404.500000	0	0.155918	0.011270	2.408014	0.155242
404.500000	1	1.778738	0.666134	4.142600	0.585879
404.750000	0	0.145459	0.011269	1.016978	0.093194
404.750000	1	1.738172	0.497022	3.799106	0.523530
405.000000	0	0.143533	0.005694	1.689672	0.117297
405.000000	1	1.693534	0.348830	3.307663	0.537404
405.250000	0	0.144677	0.006231	1.427074	0.108619
405.250000	1	1.682053	0.344689	3.483968	0.459308
405.500000	0	0.145757	0.024768	1.623648	0.107932
405.500000	1	1.747495	0.209548	4.054144	0.555393
405.750000	0	0.143340	0.015680	1.889724	0.110320
405.750000	1	1.667602	0.592716	3.390120	0.465579
406.000000	0	0.144046	0.013464	1.292836	0.091291
406.000000	1	1.633269	0.104027	3.223935	0.466609
406.250000	0	0.146606	0.020612	1.694217	0.125769
406.250000	1	1.781845	0.754370	5.630544	0.609546
406.500000	0	0.143306	0.013353	1.418439	0.102009
406.500000	1	1.663897	0.348881	3.539220	0.425390
406.750000	0	0.146140	0.024836	1.337583	0.110624
406.750000	1	1.715237	0.245423	8.366165	0.834747
407.000000	0	0.145157	0.004771	1.330440	0.110357
407.000000	1	1.710611	0.447450	3.219273	0.411523
407.250000	0	0.146021	0.003667	1.338871	0.100656
407.250000	1	1.721640	0.393507	3.114258	0.442531
407.500000	0	0.144235	0.000968	1.581025	0.119456
407.500000	1	1.653371	0.380692	3.604330	0.527751
407.750000	0	0.143543	0.015789	0.988413	0.084330
407.750000	1	1.746368	0.797739	3.701584	0.517905
408.000000	0	0.148808	0.009908	1.659634	0.128531
408.000000	1	1.658829	0.256571	3.278673	0.551963
408.250000	0	0.143241	0.008535	1.615356	0.110723
408.250000	1	1.717723	0.422764	2.911518	0.438475
408.500000	0	0.139866	0.006376	1.049114	0.087366
408.500000	1	1.625594	0.520215	3.229068	0.433398
408.750000	0	0.139541	0.010258	1.570978	0.088406
408.750000	1	1.745372	0.396580	3.666410	0.450606
409.000000	0	0.138335	0.004307	1.238424	0.079966
409.000000	1	1.626948	0.413864	3.186551	0.414427
409.250000	0	0.139013	0.014141	1.053688	0.083806
409.250000	1	1.649891	0.692566	3.159969	0.309248
409.500000	0	0.142582	0.007521	1.327482	0.107663
409.500000	1	1.719215	0.477312	3.977519	0.563220
409.750000	0	0.143185	0.014687	0.960045	0.084659
409.750000	1	1.645469	0.280843	3.162202	0.465394
410.000000	0	0.146317	0.018764	1.650718	0.103879
410.000000	1	1.647994	0.478458	2.628609	0.380921
410.250000	0	0.138700	0.004161	1.530897	0.095412
410.250000	1	1.744542	0.352351	3.335311	0.477580
410.500000	0	0.137700	0.013792	1.366493	0.088422
410.500000	1	1.743514	0.651581	3.298886	0.474104
410.750000	0	0.147817	0.018647	1.617484	0.125132
410.750000	1	1.749051	0.636720	3.144248	0.491972
411.000000	0	0.147311	0.000911	1.254229	0.119929
411.000000	1	1.721207	0.576839	6.246701	0.705551
411.250000	0	0.146448	0.012869	1.293679	0.113098
411.250000	1	1.699460	0.059509	3.746822	0.605692
411.500000	0	0.144340	0.016060	1.250758	0.108539
411.500000	1	1.659167	0.710199	4.101940	0.509671
411.750000	0	0.139657	0.022451	1.963419	0.098609
411.750000	1	1.618498	0.203368	2.742741	0.421856
412.000000	0	0.145479	0.010214	1.411552	0.112840
412.000000	1	1.700049	0.577767	3.051410	0.482180
412.250000	0	0.154996	0.002660	1.726638	0.140484
412.250000	1	1.672216	0.620316	3.480757	0.456567
412.500000	0	0.142887	0.023835	1.205143	0.090141
412.500000	1	1.690765	0.558806	5.377609	0.571880
412.750000	0	0.146569	0.014510	1.499572	0.116692
412.750000	1	1.689902	0.489003	3.710563	0.476811
413.000000	0	0.152303	0.014989	1.766894	0.140509
413.000000	1	1.668481	0.289447	3.885119	0.521060
413.250000	0	0.142139	0.007319	1.536308	0.097287
413.250000	1	1.671421	0.395513	3.401951	0.437860
413.500000	0	0.144173	0.005115	1.142550	0.095130
413.500000	1	1.750617	0.298788	3.436438	0.474277
413.750000	0	0.141193	0.002540	1.325189	0.086928
413.750000	1	1.651767	0.062260	3.827940	0.536010
414.000000	0	0.135445	0.003647	1.095326	0.078292
414.000000	1	1.724130	0.647957	3.739994	0.494036
414.250000	0	0.137860	0.017028	1.711363	0.081385
414.250000	1	1.669186	0.427368	3.114574	0.391709
414.500000	0	0.139628	0.006978	1.530422	0.093298
414.500000	1	1.768653	0.478297	4.479158	0.668317
414.750000	0	0.144390	0.006889	1.467449	0.106676
414.750000	1	1.657408	0.604039	2.737222	0.400483
415.000000	0	0.141371	0.020002	1.384772	0.090048
415.000000	1	1.671223	0.198165	3.101770	0.492937
415.250000	0	0.139760	0.017795	1.490651	0.097409
415.250000	1	1.653481	0.420455	3.372356	0.493857
415.500000	0	0.142413	0.007949	1.404092	0.108629
415.500000	1	1.713535	0.120945	3.793776	0.552155
415.750000	0	0.146171	0.003433	1.271006	0.108092
415.750000	1	1.724829	0.323652	3.440775	0.503510
416.000000	0	0.146262	0.016049	1.451542	0.110386
416.000000	1	1.776242	0.168773	3.971063	0.548321
416.250000	0	0.147312	0.006055	1.435697	0.120216
416.250000	1	1.719862	0.071068	4.847781	0.570306
416.500000	0	0.140462	0.009819	1.558068	0.100444
416.500000	1	1.766250	0.536480	4.184101	0.593316
416.750000	0	0.143922	0.001283	1.987962	0.122750
416.750000	1	1.687859	0.367730	3.099951	0.407814
417.000000	0	0.137550	0.019140	1.152665	0.089271
417.000000	1	1.744123	0.376023	5.084107	0.594825
417.250000	0	0.135758	0.023187	1.137584	0.073721
417.250000	1	1.644416	0.217386	3.344537	0.476879
417.500000	0	0.140639	0.008137	1.515778	0.093077
417.500000	1	1.700420	0.456932	3.252114	0.493208
417.750000	0	0.144911	0.020515	1.769731	0.117193
417.750000	1	1.615647	0.462911	3.015281	0.422924
418.000000	0	0.146426	0.013584	1.226350	0.110122
418.000000	1	1.748654	0.200459	3.846328	0.505916
418.250000	0	0.137839	0.009103	1.280512	0.085755
418.250000	1	1.694951	0.452594	4.475925	0.569818
418.500000	0	0.140829	0.016743	1.620790	0.095307
418.500000	1	1.677893	0.537763	3.440862	0.496164
418.750000	0	0.139391	0.004531	1.424842	0.094317
418.750000	1	1.684038	0.200476	3.819632	0.475182
419.000000	0	0.145814	0.012586	1.670462	0.122765
419.000000	1	1.759952	0.378920	3.315811	0.488522
419.250000	0	0.140816	0.009219	1.644028	0.100594
419.250000	1	1.675758	0.217451	3.817263	0.495349
419.500000	0	0.141442	0.011170	1.706382	0.117947
419.500000	1	1.716942	0.287058	3.501588	0.516581
419.750000	0	0.140634	0.029572	1.605982	0.088688
419.750000	1	1.683841	0.469998	3.072267	0.427287
420.000000	0	0.137512	0.007955	1.220665	0.070779
420.000000	1	1.638729	0.309619	3.474816	0.456363
420.250000	0	0.140862	0.033744	1.638481	0.116033
420.250000	1	1.699856	0.339868	3.960727	0.557132
420.500000	0	0.149587	0.016236	2.476694	0.145557
420.500000	1	1.642734	0.447629	3.606766	0.570332
420.750000	0	0.140301	0.033380	0.975286	0.087722
420.750000	1	1.710376	0.267102	4.056815	0.512909
421.000000	0	0.145818	0.005174	1.570886	0.118202
421.000000	1	1.685302	0.414526	3.308321	0.467688
421.250000	0	0.139754	0.010393	1.667915	0.103365
421.250000	1	1.786773	0.708668	4.986892	0.612320
421.500000	0	0.144886	0.009337	1.470398	0.113196
421.500000	1	1.769432	0.104648	5.952073	0.725421
421.750000	0	0.146738	0.008908	2.204480	0.127330
421.750000	1	1.678959	0.241687	3.031163	0.425022
422.000000	0	0.146687	0.016242	1.377745	0.111624
422.000000	1	1.667965	0.375917	3.656087	0.494620
422.250000	0	0.144954	0.009873	1.301136	0.114573
422.250000	1	1.776457	0.046307	4.392313	0.619154
422.500000	0	0.143760	0.005653	1.455154	0.109642
422.500000	1	1.700476	0.339327	4.699159	0.566101
422.750000	0	0.136817	0.014366	1.289175	0.080634
422.750000	1	1.661322	0.373073	4.470406	0.485918
423.000000	0	0.142607	0.018229	1.235928	0.096817
423.000000	1	1.676543	0.131517	3.748663	0.532434
423.250000	0	0.150829	0.011378	1.978858	0.142275
423.250000	1	1.732174	0.077202	3.849907	0.615942
423.500000	0	0.149716	0.020949	1.564603	0.123240
423.500000	1	1.746236	0.507181	5.035811	0.590288
423.750000	0	0.141958	0.026960	1.730155	0.106753
423.750000	1	1.692374	0.496763	3.600592	0.469373
424.000000	0	0.149793	0.020595	1.325636	0.116821
424.000000	1	1.655681	0.513112	2.896620	0.440691
424.250000	0	0.143823	0.019841	1.608296	0.117185
424.250000	1	1.731520	0.287125	3.280103	0.465418
424.500000	0	0.141566	0.025580	1.460505	0.109981
424.500000	1	1.690939	0.294885	3.294701	0.487475
424.750000	0	0.144127	0.007132	2.101818	0.129908
424.750000	1	1.660730	0.231776	3.750885	0.531465
425.000000	0	0.148291	0.008805	1.729624	0.120077
425.000000	1	1.719913	0.117906	3.448374	0.458851
425.250000	0	0.144853	0.010748	1.664823	0.128625
425.250000	1	1.660392	0.132606	2.911117	0.436630
425.500000	0	0.146912	0.014219	2.160473	0.124164
425.500000	1	1.717904	0.441676	3.431883	0.505150
425.750000	0	0.139292	0.018656	1.754110	0.090300
425.750000	1	1.718698	0.276547	4.791658	0.526309
426.000000	0	0.143289	0.009492	1.812888	0.113247
426.000000	1	1.658058	0.575372	4.055620	0.517447
426.250000	0	0.146446	0.003823	1.473284	0.105601
426.250000	1	1.642846	0.713379	3.392171	0.437622
426.500000	0	0.152628	0.004596	1.783751	0.150629
426.500000	1	1.715229	0.310551	3.096579	0.503874
426.750000	0	0.147830	0.010222	1.693842	0.111598
426.750000	1	1.623204	0.361129	2.656046	0.426860
427.000000	0	0.140849	0.019942	1.612813	0.096756
427.000000	1	1.723157	0.788432	3.480908	0.445001
427.250000	0	0.144360	0.008491	1.388983	0.103531
427.250000	1	1.659287	0.182160	3.845849	0.500995
427.500000	0	0.143367	0.017428	1.656171	0.106227
427.500000	1	1.690375	0.277027	2.907058	0.448063
427.750000	0	0.140886	0.004357	1.366771	0.098036
427.750000	1	1.631162	0.426087	3.029625	0.412578
428.000000	0	0.146127	0.015324	1.052358	0.090913
428.000000	1	1.856322	0.543760	14.520591	1.559756
428.250000	0	0.145111	0.017487	2.144785	0.124777
428.250000	1	1.726383	0.165350	4.012110	0.517391
428.500000	0	0.150727	0.003111	1.691980	0.123403
428.500000	1	1.660331	0.477625	3.332365	0.469347
428.750000	0	0.144744	0.013469	1.040585	0.099246
428.750000	1	1.671060	0.185833	3.192883	0.457153
429.000000	0	0.148722	0.010527	1.471677	0.104583
429.000000	1	1.667748	0.425473	3.662412	0.530142
429.250000	0	0.152025	0.026447	1.270541	0.125937
429.250000	1	1.740273	0.518781	3.342706	0.485060
429.500000	0	0.157092	0.009556	5.711756	0.235673
429.500000	1	1.837438	0.118765	5.983029	0.686661
429.750000	0	0.144107	0.006006	1.320631	0.095747
429.750000	1	1.675569	0.332147	2.916493	0.370803
430.000000	0	0.135759	0.002168	1.944441	0.105108
430.000000	1	1.765996	0.758643	4.947153	0.606616
430.250000	0	0.138898	0.006401	1.535151	0.082717
430.250000	1	1.694683	0.174638	4.720031	0.581996
430.500000	0	0.137990	0.004962	1.405494	0.087616
430.500000	1	1.713770	0.749136	4.256570	0.530725
430.750000	0	0.145860	0.015722	1.464007	0.121347
430.750000	1	1.722244	0.465010	3.675027	0.578907
431.000000	0	0.151082	0.015955	1.579128	0.122686
431.000000	1	1.738837	0.225127	3.568740	0.564148
431.250000	0	0.143376	0.007092	1.254929	0.100497
431.250000	1	1.722907	0.416554	3.319936	0.476772
431.500000	0	0.146422	0.007121	1.099828	0.112009
431.500000	1	1.669495	0.409244	4.048440	0.453334
431.750000	0	0.142383	0.003126	1.258782	0.090189
431.750000	1	1.664942	0.150195	4.211489	0.532273
432.000000	0	0.146198	0.002660	1.491118	0.116567
432.000000	1	1.769796	0.661022	3.957460	0.544646
432.250000	0	0.138461	0.017099	1.815900	0.105522
432.250000	1	1.683749	0.550539	3.838328	0.460893
432.500000	0	0.140925	0.034253	1.623260	0.094446
432.500000	1	1.649818	0.278066	3.474265	0.504069
432.750000	0	0.141105	0.009293	1.615277	0.105235
432.750000	1	1.698745	0.264934	4.122453	0.564700
433.000000	0	0.138797	0.017690	1.850215	0.094765
433.000000	1	1.688841	0.567871	3.447072	0.441812
433.250000	0	0.138915	0.013527	1.057437	0.078987
433.250000	1	1.667487	0.379141	3.672400	0.423493
433.500000	0	0.146918	0.015144	1.816424	0.119560
433.500000	1	1.779488	0.147088	3.574396	0.595491
433.750000	0	0.147517	0.009873	1.672691	0.130491
433.750000	1	1.668107	0.201671	3.385583	0.508016
434.000000	0	0.149428	0.017307	1.348946	0.124086
434.000000	1	1.870962	0.510104	3.871516	0.565420
434.250000	0	0.142241	0.002780	1.252008	0.095982
434.250000	1	1.725798	0.329830	4.349322	0.484993
434.500000	0	0.137524	0.005077	1.097449	0.084655
434.500000	1	1.678536	0.590462	3.492989	0.411825
434.750000	0	0.142083	0.015050	1.644458	0.105835
434.750000	1	1.709198	0.626580	3.039037	0.415613
435.000000	0	0.141474	0.010157	0.981356	0.084683
435.000000	1	1.701953	0.553776	4.273650	0.521998
435.250000	0	0.139433	0.011115	1.283359	0.105810
435.250000	1	1.652500	0.335234	3.023850	0.489078
435.500000	0	0.145340	0.012246	1.612041	0.100544
435.500000	1	1.798873	0.182469	4.177949	0.573631
435.750000	0	0.137508	0.015681	1.647479	0.091042
435.750000	1	1.691730	0.060662	3.422271	0.469886
436.000000	0	0.141816	0.018697	1.417553	0.101213
436.000000	1	1.695507	0.401572	3.452282	0.459421
436.250000	0	0.145195	0.010954	1.606137	0.104000
436.250000	1	1.713916	0.223549	3.369978	0.474980
436.500000	0	0.149549	0.025197	1.860217	0.142454
436.500000	1	1.625334	0.149163	3.577087	0.502271
436.750000	0	0.148273	0.018214	1.647927	0.120028
436.750000	1	1.701319	0.245146	4.279089	0.576592
437.000000	0	0.144686	0.011998	1.304184	0.098579
437.000000	1	1.659022	0.289852	4.263024	0.517748
437.250000	0	0.145411	0.016978	1.564120	0.107381
437.250000	1	1.791135	0.721023	4.382340	0.569720
437.500000	0	0.148892	0.009525	1.624956	0.120874
437.500000	1	1.694349	0.872985	3.453615	0.450278
437.750000	0	0.139680	0.022549	1.297553	0.085328
437.750000	1	1.768898	0.423272	3.896837	0.559476
438.000000	0	0.150296	0.005446	1.593365	0.127659
438.000000	1	1.798300	0.425199	3.856732	0.520366
438.250000	0	0.142654	0.020416	1.272411	0.096482
438.250000	1	1.766588	0.551495	4.066052	0.582413
438.500000	0	0.142901	0.014845	1.345186	0.101635
438.500000	1	1.690350	0.531930	3.103079	0.432433
438.750000	0	0.144817	0.016322	1.818050	0.119825
438.750000	1	1.689046	0.296024	4.066945	0.482386
439.000000	0	0.141018	0.012419	1.082140	0.090465
439.000000	1	1.640959	0.305096	3.617227	0.464010
439.250000	0	0.136247	0.010131	0.992199	0.072091
439.250000	1	1.694336	0.292855	4.191566	0.480121
439.500000	0	0.142045	0.017479	1.294414	0.093242
439.500000	1	1.746657	0.201201	3.603463	0.537656
439.750000	0	0.146036	0.024240	1.126133	0.090761
439.750000	1	1.728019	0.464291	3.784032	0.538700
440.000000	0	0.141628	0.017619	0.941687	0.080648
440.000000	1	1.721285	0.489348	4.230108	0.515647
440.250000	0	0.142235	0.001942	1.044976	0.091847
440.250000	1	1.674478	0.355238	3.983024	0.469625
440.500000	0	0.138454	0.006848	1.039801	0.088522
440.500000	1	1.763629	0.854495	3.546405	0.518067
440.750000	0	0.145725	0.015343	1.266594	0.111764
440.750000	1	1.722269	0.184203	4.068846	0.589225
441.000000	0	0.144228	0.013058	1.258285	0.111332
441.000000	1	1.696990	0.079941	3.263796	0.520270
441.250000	0	0.142238	0.005495	1.638799	0.106803
441.250000	1	1.818844	0.405121	4.519251	0.619800
441.500000	0	0.147665	0.010524	1.970525	0.126366
441.500000	1	1.692081	0.609085	3.338754	0.467768
441.750000	0	0.142408	0.012406	1.109254	0.087715
441.750000	1	1.668442	0.204496	4.119949	0.466707
442.000000	0	0.145526	0.003536	1.800298	0.125328
442.000000	1	1.707454	0.308773	3.734329	0.495991
442.250000	0	0.141654	0.007377	1.317750	0.101888
442.250000	1	1.684967	0.754799	2.617661	0.366680
442.500000	0	0.141730	0.007476	1.200394	0.088843
442.500000	1	1.651742	0.359837	3.307304	0.410120
442.750000	0	0.150296	0.006505	1.759544	0.121000
442.750000	1	1.741887	0.132704	3.622704	0.658603
443.000000	0	0.142882	0.007373	1.237829	0.099855
443.000000	1	1.727568	0.500450	3.990199	0.536926
443.250000	0	0.143657	0.011682	1.059052	0.097593
443.250000	1	1.681974	0.536377	3.691394	0.488652
443.500000	0	0.138413	0.011813	1.071014	0.088240
443.500000	1	1.645919	0.392303	3.586235	0.476417
443.750000	0	0.154239	0.004550	1.839652	0.145748
443.750000	1	1.695119	0.267192	3.558973	0.481658
444.000000	0	0.140284	0.013775	1.021978	0.081672
444.000000	1	1.658837	0.109984	3.022053	0.439403
444.250000	0	0.144077	0.013949	1.724098	0.123511
444.250000	1	1.789637	0.261264	4.013779	0.621711
444.500000	0	0.150655	0.010085	1.683702	0.135773
444.500000	1	1.666490	0.489630	3.235450	0.490430
444.750000	0	0.147136	0.000974	1.234273	0.107859
444.750000	1	1.680324	0.381058	3.344448	0.424709
445.000000	0	0.142359	0.002888	1.177019	0.087121
445.000000	1	1.609923	0.037276	4.052463	0.529889
445.250000	0	0.140763	0.006941	1.549895	0.096575
445.250000	1	1.694333	0.631248	3.430317	0.486873
445.500000	0	0.141693	0.010811	1.977986	0.121721
445.500000	1	1.701541	0.396382	3.206181	0.515644
445.750000	0	0.144796	0.016120	1.148348	0.101223
445.750000	1	1.627287	0.598156	3.125983	0.414840
446.000000	0	0.144741	0.009663	1.287273	0.096073
446.000000	1	1.669968	0.814103	3.673961	0.479536
446.250000	0	0.149651	0.013452	1.561166	0.125048
446.250000	1	1.643793	0.020624	3.536366	0.497103
446.500000	0	0.142616	0.010267	1.342813	0.095175
446.500000	1	1.594037	0.414136	3.068058	0.454209
446.750000	0	0.151207	0.011602	1.541487	0.145199
446.750000	1	1.737675	0.112861	3.390354	0.598653
447.000000	0	0.139557	0.013779	1.693550	0.096429
447.000000	1	1.758948	0.586274	3.775075	0.559771
447.250000	0	0.136248	0.011977	1.087336	0.074064
447.250000	1	1.586636	0.211625	2.750245	0.446797
447.500000	0	0.144911	0.020498	0.936286	0.085158
447.500000	1	1.727371	0.259484	3.462533	0.469357
447.750000	0	0.140678	0.019279	1.255981	0.095283
447.750000	1	1.746197	0.739199	4.700392	0.528861
448.000000	0	0.146288	0.026103	1.954557	0.133262
448.000000	1	1.604956	0.200802	3.259403	0.466169
448.250000	0	0.143482	0.015454	2.020075	0.110262
448.250000	1	1.679716	0.774695	3.114169	0.434593
448.500000	0	0.148358	0.009149	1.876853	0.133354
448.500000	1	1.694432	0.329081	4.322282	0.538377
448.750000	0	0.141022	0.023807	1.106606	0.087678
448.750000	1	1.812169	0.324029	3.491857	0.554932
449.000000	0	0.142653	0.007976	2.066864	0.104065
449.000000	1	1.662613	0.213817	3.325465	0.453260
449.250000	0	0.139587	0.003582	1.063715	0.080645
449.250000	1	1.661164	0.460503	3.318424	0.410539
449.500000	0	0.135640	0.004072	1.485229	0.092695
449.500000	1	1.725832	0.607837	3.743774	0.475391
449.750000	0	0.137585	0.007817	1.380132	0.079032
449.750000	1	1.772497	0.656632	3.808338	0.469035
450.000000	0	0.137724	0.011289	1.416027	0.089476
450.000000	1	1.751592	0.241079	3.525767	0.563013
450.250000	0	0.137554	0.030609	1.007537	0.079094
450.250000	1	1.663244	0.787431	3.695689	0.458964
450.500000	0	0.141276	0.012565	1.659533	0.108865
450.500000	1	1.737688	0.473488	3.574975	0.505902
450.750000	0	0.142649	0.008224	1.507172	0.098316
450.750000	1	1.765904	0.144465	3.982819	0.620807
451.000000	0	0.135364	0.013850	1.263707	0.077439
451.000000	1	1.718161	0.679538	3.263332	0.463750
451.250000	0	0.140668	0.006934	1.553900	0.100427
451.250000	1	1.662899	0.102337	3.204334	0.456927
451.500000	0	0.145217	0.016249	1.361060	0.099713
451.500000	1	1.731012	0.749495	4.047268	0.550049
451.750000	0	0.138772	0.005745	1.483649	0.092111
451.750000	1	1.645186	0.518062	3.053724	0.437679
452.000000	0	0.143468	0.004635	1.385786	0.107284
452.000000	1	1.683790	0.237441	3.451747	0.514691
452.250000	0	0.144094	0.001508	1.887368	0.114411
452.250000	1	1.684206	0.266866	3.271183	0.491237
452.500000	0	0.142073	0.017016	1.457580	0.105813
452.500000	1	1.701139	0.517487	3.921382	0.494101
452.750000	0	0.139083	0.015248	1.514409	0.100500
452.750000	1	1.659301	0.256935	3.612808	0.506452
453.000000	0	0.149303	0.009765	1.359300	0.127726
453.000000	1	1.684994	0.167514	3.224186	0.511031
453.250000	0	0.144615	0.006282	1.627616	0.106877
453.250000	1	1.795925	0.936947	3.841737	0.496126
453.500000	0	0.147095	0.021294	1.408740	0.110010
453.500000	1	1.671616	0.351406	3.351161	0.477174
453.750000	0	0.141966	0.012448	2.478529	0.119467
453.750000	1	1.796470	0.476241	4.500393	0.678067
454.000000	0	0.144156	0.017240	1.637869	0.107398
454.000000	1	1.707626	0.558743	3.299149	0.478871
454.250000	0	0.145319	0.012471	2.257116	0.127776
454.250000	1	1.704427	0.425649	4.122191	0.569351
454.500000	0	0.140252	0.004175	1.374895	0.085360
454.500000	1	1.763563	0.287767	3.611721	0.534516
454.750000	0	0.140151	0.010367	1.319743	0.094464
454.750000	1	1.782849	0.381793	3.421157	0.521719
455.000000	0	0.142921	0.021200	1.168089	0.103291
455.000000	1	1.693839	0.276146	3.160545	0.437755
455.250000	0	0.140457	0.011596	0.874142	0.079836
455.250000	1	1.725667	0.488716	4.011560	0.465624
455.500000	0	0.139424	0.011296	1.346115	0.098781
455.500000	1	1.666723	0.648816	3.280497	0.405475
455.750000	0	0.145381	0.014089	2.756846	0.142316
455.750000	1	1.660916	0.454655	3.067983	0.449422
456.000000	0	0.143414	0.017675	1.409371	0.106259
456.000000	1	1.706980	0.762763	3.841010	0.510864
456.250000	0	0.144126	0.011070	1.381362	0.111448
456.250000	1	1.690617	0.537516	4.131334	0.517592
456.500000	0	0.147272	0.023458	1.131709	0.107856
456.500000	1	1.635291	0.250086	2.833174	0.367980
456.750000	0	0.152118	0.027690	1.603556	0.124002
456.750000	1	1.776000	0.319306	9.283069	0.953088
457.000000	0	0.143209	0.018425	1.074506	0.092505
457.000000	1	1.726001	0.555106	3.546680	0.514177
457.250000	0	0.145525	0.012868	1.216729	0.108169
457.250000	1	1.740022	0.354727	3.469636	0.550236
457.500000	0	0.140840	0.006059	1.580356	0.100278
457.500000	1	1.671495	0.284366	3.356411	0.482634
457.750000	0	0.139638	0.008660	1.211497	0.080850
457.750000	1	1.712246	0.575943	4.778625	0.566778
458.000000	0	0.144433	0.014760	1.710867	0.117552
458.000000	1	1.683026	0.336913	3.984576	0.499071
458.250000	0	0.147542	0.006133	1.740809	0.121910
458.250000	1	1.755202	0.490618	3.565753	0.561540
458.500000	0	0.145220	0.014359	1.475664	0.101644
458.500000	1	1.698430	0.485821	4.214378	0.584784
458.750000	0	0.147712	0.010477	1.130698	0.106703
458.750000	1	1.740508	0.367526	3.005615	0.403937
459.000000	0	0.145023	0.012236	1.502844	0.107525
459.000000	1	1.681885	0.469643	2.868881	0.423003
459.250000	0	0.143481	0.009237	1.216091	0.100219
459.250000	1	1.661106	0.420550	3.154982	0.423272
459.500000	0	0.142424	0.005943	1.370254	0.089520
459.500000	1	1.677846	0.534880	3.381851	0.458088
459.750000	0	0.139621	0.003043	0.912946	0.081979
459.750000	1	1.768896	0.603209	3.412346	0.460784
460.000000	0	0.143231	0.016807	1.508228	0.103596
460.000000	1	1.711158	0.317995	3.462526	0.460212
460.250000	0	0.141416	0.019218	1.584402	0.119117
460.250000	1	1.724832	0.560543	4.632938	0.551102
460.500000	0	0.150646	0.003933	2.097290	0.140680
460.500000	1	1.690879	0.524606	4.060306	0.558545
460.750000	0	0.154969	0.020760	2.129968	0.151427
460.750000	1	1.712125	0.372948	3.388367	0.482776
461.000000	0	0.147106	0.018561	1.529321	0.117162
461.000000	1	1.696882	0.460703	3.937368	0.568030
461.250000	0	0.146619	0.023775	1.475679	0.109962
461.250000	1	1.791338	0.356767	3.687166	0.587270
461.500000	0	0.147572	0.007320	2.351977	0.132051
461.500000	1	1.846810	0.520093	8.159259	0.864756
461.750000	0	0.143917	0.025291	1.387703	0.109240
461.750000	1	1.721298	0.622402	3.160534	0.456786
462.000000	0	0.141817	0.009418	1.730218	0.106415
462.000000	1	1.799604	0.566450	4.053770	0.577138
462.250000	0	0.142347	0.016180	1.383843	0.097918
462.250000	1	1.772600	0.417518	4.667465	0.558050
462.500000	0	0.141555	0.023807	1.910849	0.113434
462.500000	1	1.708903	0.222110	4.598205	0.600693
462.750000	0	0.139994	0.007658	1.432037	0.097482
462.750000	1	1.603156	0.195860	3.046471	0.412864
463.000000	0	0.146077	0.008258	1.721129	0.128396
463.000000	1	1.692199	0.731437	4.354556	0.481373
463.250000	0	0.150168	0.002378	1.222214	0.120820
463.250000	1	1.675251	0.500221	4.371696	0.578118
463.500000	0	0.154685	0.015144	1.441440	0.137676
463.500000	1	1.736072	0.536438	3.158106	0.466547
463.750000	0	0.141929	0.011545	2.748510	0.132729
463.750000	1	1.750184	0.536198	4.235598	0.605858
464.000000	0	0.150136	0.014284	1.546783	0.131445
464.000000	1	1.735515	0.480399	4.064836	0.550575
464.250000	0	0.141868	0.012273	0.857992	0.091068
464.250000	1	1.665179	0.355908	3.700095	0.454760
464.500000	0	0.147847	0.022100	1.848967	0.117516
464.500000	1	1.708587	0.717695	4.321193	0.506424
464.750000	0	0.144081	0.009719	1.266603	0.091794
464.750000	1	1.712701	0.864199	3.437678	0.462448
465.000000	0	0.151169	0.007089	1.774865	0.134679
465.000000	1	1.735236	0.502572	3.546040	0.536449
465.250000	0	0.147876	0.006034	1.529028	0.129969
465.250000	1	1.694266	0.691757	3.203986	0.433678
465.500000	0	0.145265	0.023516	1.897571	0.117249
465.500000	1	1.603674	0.145943	3.289209	0.431668
465.750000	0	0.152143	0.006062	1.429241	0.124215
465.750000	1	1.752887	0.286337	3.662112	0.492106
466.000000	0	0.145909	0.010949	1.130246	0.102355
466.000000	1	1.742488	0.465082	4.105140	0.634448
466.250000	0	0.146026	0.013145	1.533613	0.105367
466.250000	1	1.696877	0.309536	3.653557	0.567604
466.500000	0	0.146443	0.004779	1.509718	0.114055
466.500000	1	1.793206	0.410138	4.039009	0.537709
466.750000	0	0.152616	0.018235	2.202517	0.142761
466.750000	1	1.633377	0.227010	3.661951	0.492528
467.000000	0	0.143692	0.007270	1.775172	0.117598
467.000000	1	1.651336	0.271668	3.989796	0.513562
467.250000	0	0.143605	0.005889	1.484946	0.094970
467.250000	1	1.750500	0.144214	4.629518	0.562048
467.500000	0	0.148888	0.024461	1.713625	0.131759
467.500000	1	1.700276	0.386300	3.818872	0.556109
467.750000	0	0.151778	0.019257	2.369461	0.143050
467.750000	1	1.797368	0.719138	4.205475	0.497190
468.000000	0	0.154129	0.013989	4.544080	0.197172
468.000000	1	1.647363	0.630132	3.457990	0.439500
468.250000	0	0.149772	0.011117	2.017466	0.128488
468.250000	1	1.710309	0.691810	4.595885	0.553531
468.500000	0	0.141496	0.020032	0.981676	0.080767
468.500000	1	1.601992	0.294116	2.939118	0.453390
468.750000	0	0.149796	0.005761	1.503654	0.126500
468.750000	1	1.688208	0.281276	3.271970	0.461879
469.000000	0	0.147841	0.017598	1.072596	0.097310
469.000000	1	1.710003	0.366603	3.416420	0.444848
469.250000	0	0.147108	0.003803	1.372027	0.110490
469.250000	1	1.704142	0.477073	3.807610	0.501085
469.500000	0	0.149378	0.014835	1.657631	0.121734
469.500000	1	1.739499	0.250752	3.972245	0.547762
469.750000	0	0.155721	0.004272	1.913857	0.156734
469.750000	1	1.756248	0.188210	3.621492	0.597616
470.000000	0	0.151001	0.022606	1.416442	0.122749
470.000000	1	1.732907	0.776875	4.674632	0.500336
470.250000	0	0.139482	0.010532	1.502450	0.095218
470.250000	1	1.773081	0.218097	4.118831	0.559697
470.500000	0	0.149191	0.015521	1.964519	0.134529
470.500000	1	1.722935	0.603319	3.482577	0.385172
470.750000	0	0.149702	0.021621	1.484505	0.126135
470.750000	1	1.574572	0.433954	3.558794	0.468658
471.000000	0	0.148588	0.018864	1.335468	0.108202
471.000000	1	1.730448	0.614665	3.619722	0.579800
471.250000	0	0.148528	0.007096	1.328920	0.112607
471.250000	1	1.679995	0.681286	3.473332	0.447805
471.500000	0	0.145431	0.010579	1.557269	0.110984
471.500000	1	1.637854	0.159983	3.740461	0.440812
471.750000	0	0.144204	0.013867	1.707665	0.116171
471.750000	1	1.747479	0.410554	4.480317	0.568625
472.000000	0	0.148929	0.007485	1.285389	0.116171
472.000000	1	1.718865	0.470905	4.134327	0.516754
472.250000	0	0.142870	0.009089	1.647918	0.103531
472.250000	1	1.656160	0.430523	3.125947	0.411312
472.500000	0	0.145095	0.002375	4.066399	0.167663
472.500000	1	1.682705	0.637925	3.245459	0.431892
472.750000	0	0.149857	0.010840	1.527589	0.136219
472.750000	1	1.673684	0.417752	3.452663	0.539275
473.000000	0	0.149413	0.007784	1.498832	0.114667
473.000000	1	1.674849	0.096824	4.681025	0.644379
473.250000	0	0.148610	0.017689	1.658100	0.119247
473.250000	1	1.735803	0.376927	5.656500	0.648628
473.500000	0	0.153113	0.006127	3.577909	0.164628
473.500000	1	1.752284	0.620698	4.597649	0.446717
473.750000	0	0.152913	0.011507	1.720737	0.145826
473.750000	1	1.694752	0.144729	2.830279	0.400091
474.000000	0	0.146787	0.010247	1.212752	0.111161
474.000000	1	1.710852	0.286752	4.797685	0.548164
474.250000	0	0.145031	0.014961	1.347869	0.102057
474.250000	1	1.706779	0.260712	5.287832	0.592459
474.500000	0	0.153156	0.008722	2.192003	0.157801
474.500000	1	1.710511	0.635644	3.327133	0.457850
474.750000	0	0.142470	0.014969	1.704018	0.103298
474.750000	1	1.609673	0.314715	2.932780	0.423259
475.000000	0	0.149249	0.013187	1.671941	0.131395
475.000000	1	1.712642	0.504760	3.673890	0.529398
475.250000	0	0.155267	0.013879	1.511018	0.134841
475.250000	1	1.731808	0.364992	4.364702	0.576019
475.500000	0	0.149046	0.010134	1.104215	0.111283
475.500000	1	1.681583	0.231470	3.171367	0.439858
475.750000	0	0.144388	0.012351	1.692292	0.109151
475.750000	1	1.684309	0.975537	3.169726	0.346327
476.000000	0	0.145238	0.011271	1.282298	0.102932
476.000000	1	1.647473	0.502083	2.866028	0.376795
476.250000	0	0.142511	0.010875	1.230428	0.100118
476.250000	1	1.706443	0.633005	3.795213	0.523715
476.500000	0	0.145191	0.012819	1.510405	0.122934
476.500000	1	1.647904	0.338283	4.801090	0.489987
476.750000	0	0.148140	0.016269	1.512606	0.114358
476.750000	1	1.630765	0.264310	3.993122	0.482740
477.000000	0	0.148799	0.011765	1.494746	0.127428
477.000000	1	1.813140	0.084026	7.286957	0.878649
477.250000	0	0.149775	0.011573	1.545852	0.124012
477.250000	1	1.675326	0.065113	3.606185	0.478254
477.500000	0	0.145240	0.002754	1.405616	0.112860
477.500000	1	1.711157	0.585357	3.167167	0.445291
477.750000	0	0.146785	0.008458	1.719649	0.112704
477.750000	1	1.733714	0.521405	3.650161	0.513964
478.000000	0	0.140485	0.002570	1.241918	0.092672
478.000000	1	1.731746	0.702529	4.903417	0.598501
478.250000	0	0.147548	0.005413	1.385340	0.113963
478.250000	1	1.686754	0.259985	3.411352	0.513743
478.500000	0	0.140314	0.009207	1.020545	0.087419
478.500000	1	1.710356	0.123037	5.038979	0.567025
478.750000	0	0.143398	0.020449	1.386334	0.109963
478.750000	1	1.677765	0.338301	4.911179	0.551977
479.000000	0	0.152282	0.010526	1.425198	0.127843
479.000000	1	1.661284	0.206209	3.465021	0.469059
479.250000	0	0.143654	0.011018	1.196708	0.096034
479.250000	1	1.654349	0.561419	3.904953	0.492387
479.500000	0	0.150970	0.015032	1.363050	0.120951
479.500000	1	1.722840	0.432693	3.070423	0.462518
479.750000	0	0.139832	0.009092	0.839950	0.081361
479.750000	1	1.724131	0.636912	3.527288	0.477491
480.000000	0	0.142663	0.003493	1.798172	0.120929
480.000000	1	1.745356	0.626869	4.376925	0.575790
480.250000	0	0.150783	0.016657	1.910425	0.129444
480.250000	1	1.635382	0.616969	3.050127	0.358449
480.500000	0	0.143413	0.010567	0.952568	0.092791
480.500000	1	1.738973	0.758942	3.457570	0.480565
480.750000	0	0.155498	0.005843	1.624264	0.138253
480.750000	1	1.724708	0.027800	3.190566	0.507450
481.000000	0	0.146022	0.008565	1.360501	0.107995
481.000000	1	1.621978	0.234195	3.365980	0.469852
481.250000	0	0.155598	0.021684	1.467863	0.143981
481.250000	1	1.641649	0.336159	3.692283	0.512469
481.500000	0	0.151926	0.012175	1.723645	0.117014
481.500000	1	1.752697	0.241849	3.738568	0.598022
481.750000	0	0.146807	0.012513	1.407972	0.102762
481.750000	1	1.680753	0.400706	3.737699	0.494630
482.000000	0	0.145140	0.011325	1.533652	0.107336
482.000000	1	1.701220	0.454351	3.339827	0.478600
482.250000	0	0.156896	0.023786	2.217627	0.168102
482.250000	1	1.740176	0.570240	3.207986	0.445193
482.500000	0	0.139638	0.003694	1.231965	0.083906
482.500000	1	1.717372	0.834718	3.806523	0.457891
482.750000	0	0.143814	0.005472	1.814261	0.123764
482.750000	1	1.739080	0.210217	3.110547	0.450724
483.000000	0	0.141017	0.008478	0.968194	0.082281
483.000000	1	1.764120	0.840713	3.450098	0.472453
483.250000	0	0.138677	0.028668	1.360367	0.082097
483.250000	1	1.742928	0.078604	4.195732	0.594975
483.500000	0	0.139829	0.022292	1.428606	0.080728
483.500000	1	1.624992	0.715155	3.318380	0.380213
483.750000	0	0.138010	0.012705	0.742459	0.066975
483.750000	1	1.624461	0.495544	3.234729	0.364114
484.000000	0	0.143643	0.008230	1.740649	0.121370
484.000000	1	1.851269	0.299441	3.639642	0.572020
484.250000	0	0.139019	0.009436	1.004009	0.081502
484.250000	1	1.690086	0.442249	4.752483	0.470734
484.500000	0	0.135021	0.016174	0.944269	0.065209
484.500000	1	1.763076	0.197800	4.061390	0.485045
484.750000	0	0.142983	0.019622	1.134448	0.091628
484.750000	1	1.648649	0.410882	3.364869	0.450825
485.000000	0	0.138095	0.011044	1.584761	0.098810
485.000000	1	1.667991	0.320559	3.406753	0.550832
485.250000	0	0.141463	0.006763	1.291129	0.092082
485.250000	1	1.661110	0.267021	3.876934	0.532051
485.500000	0	0.142480	0.012695	1.375052	0.112596
485.500000	1	1.685503	0.266963	3.869639	0.497941
485.750000	0	0.146818	0.012538	1.488980	0.111619
485.750000	1	1.719249	0.574734	4.015978	0.495789
486.000000	0	0.145341	0.017714	1.577301	0.112190
486.000000	1	1.823269	0.528516	5.733215	0.749768
486.250000	0	0.147766	0.005682	1.494480	0.120804
486.250000	1	1.703734	0.267462	3.879195	0.604987
486.500000	0	0.158283	0.003056	1.328601	0.141001
486.500000	1	1.701445	0.179405	3.835417	0.633125
486.750000	0	0.141418	0.019529	1.179159	0.081653
486.750000	1	1.657688	0.241746	3.192351	0.532888
487.000000	0	0.147645	0.010073	1.427638	0.109357
487.000000	1	1.728487	0.644913	3.899033	0.502896
487.250000	0	0.145612	0.006469	1.344021	0.111276
487.250000	1	1.605522	0.313936	3.692706	0.494548
487.500000	0	0.146723	0.010448	1.906031	0.125915
487.500000	1	1.741854	0.255275	3.226892	0.535829
487.750000	0	0.149934	0.006762	1.389281	0.110333
487.750000	1	1.705453	0.192014	3.160069	0.488434
488.000000	0	0.143783	0.011832	1.445678	0.106733
488.000000	1	1.675686	0.348229	3.587617	0.529353
488.250000	0	0.146187	0.022859	1.195880	0.099292
488.250000	1	1.670734	0.174990	3.126188	0.393980
488.500000	0	0.142344	0.012055	1.379441	0.086187
488.500000	1	1.751933	0.393447	4.320891	0.496055
488.750000	0	0.153713	0.010313	1.664800	0.151211
488.750000	1	1.680927	0.548309	3.569248	0.426097
489.000000	0	0.151127	0.010555	1.879385	0.134388
489.000000	1	1.734329	0.235261	3.922708	0.460738
489.250000	0	0.145441	0.002687	1.273180	0.110553
489.250000	1	1.690823	0.626858	3.439699	0.400440
489.500000	0	0.143030	0.010173	1.136932	0.091728
489.500000	1	1.687614	0.412693	3.298825	0.472252
489.750000	0	0.141010	0.014054	1.561738	0.094811
489.750000	1	1.646589	0.439815	3.715397	0.419372
490.000000	0	0.143732	0.019995	1.462531	0.102443
490.000000	1	1.677217	0.230873	2.899371	0.401006
490.250000	0	0.148671	0.008107	1.599736	0.112917
490.250000	1	1.641586	0.218209	2.988989	0.448362
490.500000	0	0.146832	0.016726	1.391000	0.102945
490.500000	1	1.634350	0.176559	3.182079	0.466606
490.750000	0	0.141148	0.009628	1.146334	0.092932
490.750000	1	1.684914	0.222304	3.002413	0.443558
491.000000	0	0.141467	0.008676	1.612260	0.093766
491.000000	1	1.651266	0.107682	3.480821	0.580389
491.250000	0	0.150865	0.007175	2.915024	0.149254
491.250000	1	1.665610	0.124536	3.914411	0.587827
491.500000	0	0.153435	0.006623	1.697747	0.133902
491.500000	1	1.685991	0.154768	3.101254	0.484907
491.750000	0	0.142196	0.008994	1.256531	0.089743
491.750000	1	1.692454	0.495834	2.813355	0.344552
492.000000	0	0.145441	0.008564	1.422970	0.095326
492.000000	1	1.873092	0.933650	8.780413	0.858888
492.250000	0	0.143376	0.010662	2.258708	0.129553
492.250000	1	1.712434	0.356750	3.647259	0.459611
492.500000	0	0.144475	0.006483	1.345858	0.105725
492.500000	1	1.701500	0.266307	3.600833	0.459687
492.750000	0	0.144148	0.003661	1.265073	0.092187
492.750000	1	1.721685	0.496101	4.258766	0.533886
493.000000	0	0.147647	0.008455	1.228034	0.112189
493.000000	1	1.733818	0.109683	3.936484	0.516048
493.250000	0	0.144257	0.015003	1.206752	0.104622
493.250000	1	1.676017	0.448385	3.692398	0.445375
493.500000	0	0.148609	0.021487	1.461467	0.118116
493.500000	1	1.753629	0.384717	3.646215	0.554413
493.750000	0	0.146963	0.011175	1.451742	0.122877
493.750000	1	1.671123	0.282778	3.303689	0.450268
494.000000	0	0.155579	0.015225	1.750172	0.143308
494.000000	1	1.679920	0.130967	6.601084	0.728830
494.250000	0	0.147889	0.018068	1.147366	0.104864
494.250000	1	1.746990	0.583096	4.044333	0.604090
494.500000	0	0.145800	0.002211	1.313142	0.099978
494.500000	1	1.673775	0.063887	3.572776	0.498308
494.750000	0	0.142501	0.013097	1.738226	0.116156
494.750000	1	1.643459	0.724666	3.181937	0.422095
495.000000	0	0.146991	0.003913	1.475124	0.112009
495.000000	1	1.726668	0.641124	3.431265	0.483477
495.250000	0	0.148360	0.004407	1.937496	0.132192
495.250000	1	1.660726	0.347668	3.744476	0.432439
495.500000	0	0.143415	0.016191	0.797037	0.079815
495.500000	1	1.648248	0.564859	2.825174	0.399122
495.750000	0	0.150253	0.018612	1.656456	0.118287
495.750000	1	1.656299	0.304457	3.032237	0.531695
496.000000	0	0.146743	0.012702	1.654400	0.111074
496.000000	1	1.747466	0.496235	3.985635	0.519298
496.250000	0	0.150808	0.013783	2.197161	0.153076
496.250000	1	1.743966	0.125086	4.123418	0.635578
496.500000	0	0.144826	0.009918	1.501471	0.107607
496.500000	1	1.745595	0.562998	3.701800	0.481597
496.750000	0	0.143879	0.004565	1.103520	0.101435
496.750000	1	1.620687	0.358222	3.375055	0.491619
497.000000	0	0.142115	0.016469	1.475180	0.116598
497.000000	1	1.689418	0.572132	3.051972	0.421334
497.250000	0	0.139227	0.004679	1.374675	0.094545
497.250000	1	1.630034	0.329346	3.186668	0.394685
497.500000	0	0.149241	0.025931	2.114085	0.128395
497.500000	1	1.789229	0.829461	3.967388	0.498973
497.750000	0	0.143747	0.013644	1.213481	0.100404
497.750000	1	1.639464	0.214604	4.259950	0.470579
498.000000	0	0.144437	0.012745	1.180204	0.099757
498.000000	1	1.704917	0.542696	4.348583	0.502890
498.250000	0	0.144977	0.011935	1.120139	0.099922
498.250000	1	1.716850	0.395076	3.982696	0.512150
498.500000	0	0.143408	0.002152	1.466660	0.099430
498.500000	1	1.678742	0.148458	3.408013	0.434128
498.750000	0	0.144908	0.004639	1.255272	0.091004
498.750000	1	1.731918	0.252919	3.012111	0.423841
499.000000	0	0.140336	0.001783	1.380193	0.095981
499.000000	1	1.682287	0.420175	3.381059	0.456221
499.250000	0	0.136576	0.008742	1.007569	0.076073
499.250000	1	1.672737	0.352910	3.518177	0.436787
499.500000	0	0.137788	0.008567	1.070736	0.069730
499.500000	1	1.669610	0.274156	3.890514	0.472132
499.750000	0	0.145681	0.006393	1.156777	0.102545
499.750000	1	1.692015	0.770934	3.494959	0.411641
500.000000	0	0.149620	0.007904	1.379091	0.114923
500.000000	1	1.726559	0.110745	3.421345	0.539302
500.250000	0	0.144578	0.003127	1.189949	0.098990
500.250000	1	1.707434	0.198809	2.842920	0.468874
500.500000	0	0.142787	0.012142	1.497220	0.101022
500.500000	1	1.628744	0.523326	4.124306	0.428786
500.750000	0	0.149594	0.010879	1.492891	0.117951
500.750000	1	1.683103	0.283304	3.323630	0.471196
