Time	Cell_type	Mean	Min	Max	Std
0.250000	0	0.156569	0.009739	0.548723	0.058877
0.250000	1	1.420118	0.980964	1.832564	0.170820
0.500000	0	0.165503	0.028326	1.690469	0.111908
0.500000	1	1.443009	0.469348	3.017606	0.357257
0.750000	0	0.165964	0.011058	1.531230	0.098514
0.750000	1	1.499158	0.366007	2.496701	0.354119
1.000000	0	0.160190	0.005259	1.174435	0.085789
1.000000	1	1.431914	0.519323	2.635341	0.318983
1.250000	0	0.162283	0.021266	1.171994	0.090757
1.250000	1	1.426285	0.598870	3.139880	0.326634
1.500000	0	0.174818	0.008214	2.145662	0.131903
1.500000	1	1.476211	0.464898	3.129284	0.456698
1.750000	0	0.167075	0.004826	1.244213	0.095985
1.750000	1	1.526594	0.382318	4.465243	0.541522
2.000000	0	0.163562	0.022949	0.908325	0.085534
2.000000	1	1.424037	0.678899	2.315934	0.271928
2.250000	0	0.161048	0.006507	0.817448	0.082452
2.250000	1	1.446343	0.307774	2.627550	0.337739
2.500000	0	0.157830	0.030658	0.952748	0.078450
2.500000	1	1.393486	0.494188	2.765959	0.353072
2.750000	0	0.161232	0.010802	0.938503	0.081846
2.750000	1	1.370088	0.373613	2.855026	0.380545
3.000000	0	0.164723	0.007246	1.658471	0.102846
3.000000	1	1.454048	0.209984	3.684764	0.461781
3.250000	0	0.163777	0.004333	0.808233	0.081763
3.250000	1	1.578501	0.452252	6.070531	0.574194
3.500000	0	0.155033	0.019799	0.741548	0.062970
3.500000	1	1.477573	0.188874	3.492287	0.466213
3.750000	0	0.165850	0.013186	1.037136	0.080764
3.750000	1	1.466852	0.558366	2.808438	0.422056
4.000000	0	0.162266	0.008382	1.185274	0.086808
4.000000	1	1.462568	0.455865	2.829750	0.359962
4.250000	0	0.161901	0.013585	1.077907	0.079815
4.250000	1	1.445734	0.420750	3.058400	0.309846
4.500000	0	0.157782	0.025855	0.879433	0.070260
4.500000	1	1.465494	0.332180	2.868963	0.369066
4.750000	0	0.162264	0.021726	0.868025	0.075741
4.750000	1	1.398338	0.084847	2.698051	0.369782
5.000000	0	0.156407	0.011425	0.733220	0.068042
5.000000	1	1.426898	0.330222	2.452864	0.348278
5.250000	0	0.160222	0.012685	0.700310	0.075473
5.250000	1	1.482889	0.546529	3.749128	0.410806
5.500000	0	0.160804	0.026697	1.339068	0.081330
5.500000	1	1.414237	0.498948	3.515027	0.345969
5.750000	0	0.158909	0.006939	1.106108	0.074961
5.750000	1	1.519250	0.386622	4.725510	0.473005
6.000000	0	0.158850	0.008702	1.269517	0.075515
6.000000	1	1.495916	0.337626	3.066113	0.385116
6.250000	0	0.155402	0.025389	0.845094	0.061565
6.250000	1	1.475469	0.381887	2.765092	0.365363
6.500000	0	0.156015	0.024624	0.810512	0.061759
6.500000	1	1.512426	0.592688	2.964427	0.415725
6.750000	0	0.159890	0.005642	1.378306	0.084572
6.750000	1	1.471029	0.273596	2.681382	0.351477
7.000000	0	0.157675	0.007400	1.351387	0.086417
7.000000	1	1.467320	0.537049	3.734259	0.395982
7.250000	0	0.154999	0.013650	1.661807	0.083432
7.250000	1	1.425632	0.548178	2.723550	0.320483
7.500000	0	0.158698	0.018712	0.807483	0.068302
7.500000	1	1.412904	0.276685	3.192427	0.381900
7.750000	0	0.159795	0.022550	1.633184	0.092362
7.750000	1	1.406509	0.195750	3.139731	0.400605
8.000000	0	0.160671	0.011390	1.274270	0.086055
8.000000	1	1.492101	0.122029	3.366492	0.469094
8.250000	0	0.160151	0.019306	1.239117	0.081959
8.250000	1	1.426556	0.660428	2.819497	0.344060
8.500000	0	0.159557	0.004299	1.392717	0.086474
8.500000	1	1.528120	0.779673	3.030001	0.419573
8.750000	0	0.155969	0.034105	0.641635	0.067976
8.750000	1	1.454892	0.240360	2.843343	0.319747
9.000000	0	0.156604	0.027180	0.925365	0.070442
9.000000	1	1.481888	0.380051	3.352751	0.407593
9.250000	0	0.158192	0.004930	1.071282	0.074409
9.250000	1	1.445045	0.242955	2.616712	0.400709
9.500000	0	0.159989	0.014116	1.250942	0.089988
9.500000	1	1.391183	0.084485	2.886215	0.400183
9.750000	0	0.156635	0.013477	0.798055	0.064333
9.750000	1	1.498469	0.336591	2.857852	0.471220
10.000000	0	0.169088	0.008423	1.297843	0.099218
10.000000	1	1.440750	0.194384	3.108996	0.384942
10.250000	0	0.159876	0.013658	1.204929	0.080818
10.250000	1	1.459846	0.278052	3.306853	0.446371
10.500000	0	0.160487	0.016118	0.810669	0.072368
10.500000	1	1.445474	0.414092	2.766606	0.388489
10.750000	0	0.161634	0.014964	0.902559	0.077191
10.750000	1	1.447452	0.264142	4.146456	0.449947
11.000000	0	0.156394	0.007359	0.975031	0.068590
11.000000	1	1.432559	0.345689	2.604487	0.310909
11.250000	0	0.161289	0.017009	0.881837	0.078033
11.250000	1	1.441689	0.323173	2.401044	0.317603
11.500000	0	0.152834	0.015738	0.680132	0.061777
11.500000	1	1.454378	0.036327	2.423168	0.345279
11.750000	0	0.155005	0.014206	0.856186	0.064978
11.750000	1	1.507103	0.332718	10.318171	1.123390
12.000000	0	0.157098	0.023381	0.998963	0.075516
12.000000	1	1.409713	0.457295	2.341103	0.316779
12.250000	0	0.159195	0.010257	2.269162	0.105521
12.250000	1	1.433993	0.581975	2.891240	0.381457
12.500000	0	0.154432	0.030432	0.477653	0.055612
12.500000	1	1.416432	0.185024	2.798599	0.352830
12.750000	0	0.152085	0.025910	0.636377	0.055832
12.750000	1	1.463872	0.486595	3.264127	0.370318
13.000000	0	0.155836	0.005578	1.460082	0.080755
13.000000	1	1.468994	0.692553	2.509909	0.304028
13.250000	0	0.161229	0.016424	0.837849	0.070285
13.250000	1	1.477606	0.301645	3.172659	0.368042
13.500000	0	0.158623	0.010113	1.551788	0.086671
13.500000	1	1.385220	0.364442	2.826944	0.362587
13.750000	0	0.159202	0.012677	1.975070	0.104092
13.750000	1	1.518829	0.587545	6.091492	0.665172
14.000000	0	0.159314	0.020217	0.923469	0.076677
14.000000	1	1.474724	0.359217	2.665953	0.401658
14.250000	0	0.156033	0.014477	0.835313	0.067937
14.250000	1	1.443153	0.113446	3.433146	0.411805
14.500000	0	0.162810	0.025403	1.139231	0.089083
14.500000	1	1.488080	0.214156	3.310573	0.401630
14.750000	0	0.159956	0.017137	1.004658	0.074740
14.750000	1	1.444345	0.225334	3.659708	0.443688
15.000000	0	0.158126	0.021385	0.874081	0.077018
15.000000	1	1.448308	0.257958	3.177602	0.389446
15.250000	0	0.159098	0.028442	1.301492	0.090555
15.250000	1	1.497821	0.272322	2.824589	0.379087
15.500000	0	0.158970	0.025398	1.185663	0.074691
15.500000	1	1.479701	0.431494	3.799518	0.423813
15.750000	0	0.151821	0.016240	0.927090	0.073570
15.750000	1	1.491635	0.639596	2.732060	0.387322
16.000000	0	0.157102	0.011166	0.990443	0.071965
16.000000	1	1.511296	0.364461	3.654446	0.434507
16.250000	0	0.155823	0.010961	1.273537	0.076415
16.250000	1	1.438426	0.177617	3.348585	0.447374
16.500000	0	0.161065	0.003227	1.903114	0.104043
16.500000	1	1.423885	0.552735	2.285260	0.267468
16.750000	0	0.159221	0.018576	1.449718	0.083904
16.750000	1	1.398334	0.179599	2.632923	0.401225
17.000000	0	0.155231	0.016128	0.678047	0.056697
17.000000	1	1.423838	0.144127	2.658201	0.354942
17.250000	0	0.152718	0.017939	0.800453	0.057653
17.250000	1	1.408981	0.211394	2.249798	0.315268
17.500000	0	0.155510	0.011448	0.948097	0.072790
17.500000	1	1.476922	0.562670	2.731039	0.361622
17.750000	0	0.157037	0.014466	1.041869	0.071105
17.750000	1	1.447979	0.151406	2.978424	0.382518
18.000000	0	0.151485	0.010251	0.641389	0.053349
18.000000	1	1.396650	0.456168	2.349612	0.295502
18.250000	0	0.157065	0.014433	1.010876	0.076249
18.250000	1	1.458086	0.335960	2.804586	0.350067
18.500000	0	0.155039	0.017317	0.838349	0.060941
18.500000	1	1.411816	0.430812	2.463272	0.353691
18.750000	0	0.152751	0.011745	0.443772	0.053160
18.750000	1	1.452282	0.486748	2.873382	0.332816
19.000000	0	0.158090	0.009747	0.959916	0.074628
19.000000	1	1.477652	0.300195	2.464987	0.354552
19.250000	0	0.150747	0.035335	0.881391	0.059574
19.250000	1	1.434596	0.189772	3.179623	0.376220
19.500000	0	0.154297	0.010670	1.371869	0.073663
19.500000	1	1.463479	0.769928	3.093681	0.360535
19.750000	0	0.157918	0.011434	0.943947	0.073454
19.750000	1	1.430909	0.093379	2.608828	0.394561
20.000000	0	0.155691	0.031474	0.720102	0.063929
20.000000	1	1.419667	0.375036	2.593566	0.358100
20.250000	0	0.157213	0.014855	0.927292	0.071561
20.250000	1	1.423680	0.105661	3.175685	0.390554
20.500000	0	0.151685	0.013988	0.634639	0.057824
20.500000	1	1.511931	0.560050	3.627096	0.412576
20.750000	0	0.157098	0.015103	1.051944	0.071121
20.750000	1	1.479931	0.427980	2.598023	0.330295
21.000000	0	0.152640	0.014980	0.948372	0.058485
21.000000	1	1.389460	0.392137	2.777878	0.365944
21.250000	0	0.147661	0.014728	0.646387	0.054589
21.250000	1	1.442863	0.536023	2.540525	0.374877
21.500000	0	0.156271	0.026762	0.912547	0.065505
21.500000	1	1.502668	0.423292	2.667421	0.383544
21.750000	0	0.154395	0.009093	0.461839	0.052275
21.750000	1	1.530088	0.467192	3.267806	0.409162
22.000000	0	0.152744	0.022955	1.106999	0.065464
22.000000	1	1.484546	0.259520	2.749017	0.359670
22.250000	0	0.150571	0.011607	0.551754	0.050846
22.250000	1	1.440559	0.246653	2.661013	0.344879
22.500000	0	0.149479	0.008384	0.598009	0.054876
22.500000	1	1.442971	0.545256	2.576256	0.338988
22.750000	0	0.153089	0.019934	0.670678	0.060608
22.750000	1	1.431672	0.190493	3.212822	0.428266
23.000000	0	0.157047	0.020668	1.336363	0.077253
23.000000	1	1.497790	0.586819	3.313890	0.465080
23.250000	0	0.155608	0.010658	0.751280	0.066199
23.250000	1	1.430123	0.081165	2.668784	0.423932
23.500000	0	0.154891	0.027881	0.687106	0.063044
23.500000	1	1.429854	0.376630	2.907431	0.341112
23.750000	0	0.156174	0.001663	0.851874	0.068844
23.750000	1	1.420381	0.302623	2.447184	0.288223
24.000000	0	0.155198	0.010275	0.950342	0.070815
24.000000	1	1.438029	0.333803	2.726664	0.414438
24.250000	0	0.151753	0.014325	0.775675	0.061920
24.250000	1	1.518015	0.305847	3.832194	0.516050
24.500000	0	0.158492	0.016508	0.789126	0.070804
24.500000	1	1.499276	0.270821	2.710253	0.383711
24.750000	0	0.158472	0.033350	0.908689	0.065299
24.750000	1	1.444640	0.491446	2.533238	0.316850
25.000000	0	0.156633	0.018354	1.182877	0.085647
25.000000	1	1.511512	0.301439	2.749813	0.387012
25.250000	0	0.152795	0.025423	1.004474	0.060790
25.250000	1	1.382104	0.303384	2.328071	0.324326
25.500000	0	0.155925	0.017218	0.708217	0.061595
25.500000	1	1.456876	0.247850	2.648012	0.398223
25.750000	0	0.160005	0.019569	0.931584	0.080631
25.750000	1	1.407438	0.360321	3.143823	0.363329
26.000000	0	0.160872	0.004416	1.275587	0.087528
26.000000	1	1.379222	0.062910	2.809728	0.331172
26.250000	0	0.157257	0.025069	1.039922	0.069111
26.250000	1	1.445144	0.656952	2.895459	0.353433
26.500000	0	0.155442	0.016454	0.735198	0.064034
26.500000	1	1.446350	0.233436	3.056651	0.442270
26.750000	0	0.154532	0.008411	0.804675	0.065106
26.750000	1	1.465037	0.367958	3.239061	0.431675
27.000000	0	0.159280	0.008148	1.496096	0.087591
27.000000	1	1.465991	0.278305	2.711362	0.349533
27.250000	0	0.155624	0.017297	0.756857	0.064167
27.250000	1	1.414232	0.390463	2.454011	0.284769
27.500000	0	0.155104	0.012865	1.176784	0.071328
27.500000	1	1.464485	0.566478	2.783266	0.362013
27.750000	0	0.155220	0.031851	0.796749	0.057757
27.750000	1	1.485640	0.250911	3.015805	0.459059
28.000000	0	0.149724	0.030073	0.503136	0.049664
28.000000	1	1.429582	0.295362	2.348269	0.295904
28.250000	0	0.155169	0.012984	1.096974	0.068044
28.250000	1	1.457910	0.488429	3.247774	0.385550
28.500000	0	0.155237	0.033839	0.984035	0.066063
28.500000	1	1.408132	0.082094	3.019760	0.374625
28.750000	0	0.158274	0.006613	1.060202	0.083513
28.750000	1	1.511660	0.359952	4.047539	0.466080
29.000000	0	0.160378	0.032981	1.725491	0.087731
29.000000	1	1.429316	0.289339	3.249009	0.433106
29.250000	0	0.158354	0.035100	0.727022	0.069611
29.250000	1	1.436573	0.380540	2.898288	0.395531
29.500000	0	0.155841	0.001832	1.305142	0.088738
29.500000	1	1.434579	0.408882	2.757036	0.397295
29.750000	0	0.156265	0.007118	1.060034	0.077270
29.750000	1	1.511653	0.573635	3.177193	0.427307
30.000000	0	0.158486	0.014496	0.991513	0.070713
30.000000	1	1.494282	0.484425	2.700639	0.356087
30.250000	0	0.152555	0.003719	0.843375	0.067072
30.250000	1	1.446353	0.828978	3.120556	0.342039
30.500000	0	0.155208	0.017229	1.365535	0.072962
30.500000	1	1.470969	0.655884	2.682878	0.331639
30.750000	0	0.156315	0.023085	0.948545	0.073140
30.750000	1	1.522761	0.458379	3.796992	0.481321
31.000000	0	0.151587	0.014873	0.547557	0.056682
31.000000	1	1.458264	0.247006	3.289696	0.416600
31.250000	0	0.158268	0.013175	1.020475	0.076483
31.250000	1	1.457051	0.541843	3.137645	0.379034
31.500000	0	0.154934	0.023061	0.653324	0.057758
31.500000	1	1.513912	0.313779	2.928728	0.373827
31.750000	0	0.153122	0.016952	0.697429	0.058275
31.750000	1	1.418194	0.239831	3.185493	0.433766
32.000000	0	0.149296	0.002485	0.543373	0.048115
32.000000	1	1.449637	0.411481	3.219081	0.389880
32.250000	0	0.152214	0.029154	0.535304	0.053342
32.250000	1	1.484742	0.331044	3.886627	0.462183
32.500000	0	0.154100	0.017304	0.742139	0.057278
32.500000	1	1.497102	0.183228	3.772988	0.492763
32.750000	0	0.152892	0.007157	0.577216	0.052770
32.750000	1	1.452419	0.269757	2.471751	0.331486
33.000000	0	0.154401	0.022137	0.616904	0.058243
33.000000	1	1.505833	0.440167	3.924728	0.437995
33.250000	0	0.152178	0.008827	0.675139	0.053499
33.250000	1	1.489095	0.554309	3.401183	0.434636
33.500000	0	0.151186	0.004354	0.606110	0.054707
33.500000	1	1.475012	0.294913	2.634492	0.340385
33.750000	0	0.155963	0.010029	0.869239	0.068008
33.750000	1	1.434888	0.556467	2.629477	0.307920
34.000000	0	0.154290	0.011316	0.589793	0.059756
34.000000	1	1.413962	0.297765	2.419947	0.298664
34.250000	0	0.154708	0.015448	1.172120	0.071377
34.250000	1	1.464041	0.505863	2.709430	0.317126
34.500000	0	0.153852	0.011817	0.742572	0.055369
34.500000	1	1.460747	0.107608	3.613677	0.514923
34.750000	0	0.153706	0.017549	0.499616	0.053946
34.750000	1	1.486463	0.593307	2.907159	0.388976
35.000000	0	0.154465	0.032104	0.759296	0.060058
35.000000	1	1.505300	0.610099	2.657404	0.376691
35.250000	0	0.151081	0.015504	0.709195	0.059510
35.250000	1	1.470473	0.674926	2.557768	0.314632
35.500000	0	0.153973	0.031644	0.632007	0.055138
35.500000	1	1.415393	0.568882	3.235818	0.319400
35.750000	0	0.153270	0.019621	0.901692	0.057329
35.750000	1	1.484408	0.147124	3.012157	0.393050
36.000000	0	0.152532	0.020642	0.678197	0.052931
36.000000	1	1.490912	0.423833	3.735725	0.439168
36.250000	0	0.151464	0.015066	0.819798	0.063025
36.250000	1	1.478858	0.719830	2.905694	0.382236
36.500000	0	0.151631	0.012963	0.667293	0.051334
36.500000	1	1.405312	0.390049	2.453569	0.312135
36.750000	0	0.158544	0.031801	1.019251	0.075415
36.750000	1	1.529439	0.101802	2.816967	0.439671
37.000000	0	0.153069	0.016485	0.865964	0.069776
37.000000	1	1.423313	0.670617	3.034086	0.322861
37.250000	0	0.155161	0.024359	1.422527	0.076717
37.250000	1	1.501744	0.604188	3.656976	0.412560
37.500000	0	0.155345	0.005931	0.725014	0.059325
37.500000	1	1.492490	0.177910	4.179941	0.540538
37.750000	0	0.154978	0.005031	1.793393	0.084298
37.750000	1	1.545969	0.157579	4.125659	0.536905
38.000000	0	0.153558	0.026314	0.924745	0.064795
38.000000	1	1.544642	0.456202	3.144537	0.465319
38.250000	0	0.154820	0.016003	1.102719	0.070759
38.250000	1	1.400780	0.504094	2.693462	0.345939
38.500000	0	0.160845	0.009647	1.158137	0.097284
38.500000	1	1.415228	0.246537	2.924558	0.396522
38.750000	0	0.155386	0.020008	0.739189	0.066175
38.750000	1	1.526267	0.509309	3.284345	0.502895
39.000000	0	0.159778	0.035886	0.916388	0.073014
39.000000	1	1.527734	0.258506	4.130427	0.433974
39.250000	0	0.154622	0.012659	0.747019	0.059299
39.250000	1	1.400980	0.183943	2.963010	0.377892
39.500000	0	0.154227	0.021520	0.725754	0.054563
39.500000	1	1.507359	0.444556	3.117887	0.415064
39.750000	0	0.156876	0.019126	1.602156	0.083243
39.750000	1	1.439163	0.341532	3.153274	0.360060
40.000000	0	0.155069	0.016128	0.512341	0.055795
40.000000	1	1.536043	0.045328	3.616039	0.494063
40.250000	0	0.156476	0.025786	1.041175	0.066166
40.250000	1	1.516417	0.462186	4.244816	0.485721
40.500000	0	0.151106	0.010617	0.952542	0.066584
40.500000	1	1.500631	0.401099	3.578418	0.454813
40.750000	0	0.151394	0.020921	0.951449	0.060812
40.750000	1	1.484861	0.152982	4.620047	0.479653
41.000000	0	0.153308	0.015198	0.577108	0.051793
41.000000	1	1.512169	0.653036	3.424193	0.435873
41.250000	0	0.150561	0.002574	0.803731	0.063786
41.250000	1	1.436676	0.434770	3.195292	0.318937
41.500000	0	0.149983	0.005383	0.737771	0.055874
41.500000	1	1.432677	0.105785	2.968879	0.451416
41.750000	0	0.156971	0.015151	0.840807	0.063871
41.750000	1	1.470665	0.239037	3.283369	0.462073
42.000000	0	0.150716	0.021827	0.606048	0.052391
42.000000	1	1.490915	0.175956	3.277436	0.442802
42.250000	0	0.146780	0.008744	0.932615	0.054955
42.250000	1	1.486558	0.522194	2.913431	0.345918
42.500000	0	0.147283	0.030159	0.436680	0.045559
42.500000	1	1.463831	0.582248	3.285203	0.347932
42.750000	0	0.151089	0.022302	1.465265	0.072542
42.750000	1	1.453811	0.586055	3.431065	0.351108
43.000000	0	0.149291	0.021893	0.569863	0.050708
43.000000	1	1.454813	0.400812	2.882135	0.329303
43.250000	0	0.152660	0.003673	0.732098	0.052951
43.250000	1	1.453683	0.130148	3.002328	0.404043
43.500000	0	0.152860	0.022247	0.750226	0.057486
43.500000	1	1.423486	0.272070	2.774685	0.378866
43.750000	0	0.156222	0.004384	0.897528	0.069642
43.750000	1	1.485268	0.422182	2.512757	0.331618
44.000000	0	0.148739	0.025051	0.475776	0.046924
44.000000	1	1.473298	0.846489	4.206205	0.396796
44.250000	0	0.148715	0.027356	0.421580	0.049329
44.250000	1	1.432415	0.308188	2.502040	0.346773
44.500000	0	0.153650	0.010653	0.900064	0.062879
44.500000	1	1.475095	0.252276	2.874344	0.392355
44.750000	0	0.152728	0.021222	0.809700	0.062006
44.750000	1	1.417504	0.249493	2.584386	0.361387
45.000000	0	0.153039	0.020023	0.708747	0.057723
45.000000	1	1.479619	0.613502	2.845401	0.316990
45.250000	0	0.153004	0.036572	0.789978	0.058395
45.250000	1	1.436094	0.309159	4.255801	0.437343
45.500000	0	0.155006	0.014314	0.532281	0.052679
45.500000	1	1.414762	0.351754	2.386633	0.294600
45.750000	0	0.152205	0.012125	0.719093	0.060858
45.750000	1	1.428550	0.153414	3.564490	0.403106
46.000000	0	0.158919	0.010188	1.187264	0.078827
46.000000	1	1.464529	0.218273	3.207417	0.449787
46.250000	0	0.154808	0.022156	1.148038	0.066926
46.250000	1	1.480633	0.326849	3.567845	0.485851
46.500000	0	0.150357	0.010901	0.539523	0.055211
46.500000	1	1.488386	0.613208	3.319481	0.380796
46.750000	0	0.152760	0.023515	0.723874	0.056361
46.750000	1	1.467037	0.248740	3.039113	0.359588
47.000000	0	0.157151	0.016627	1.099288	0.073011
47.000000	1	1.431760	0.432730	2.745327	0.362859
47.250000	0	0.152431	0.002643	0.996157	0.064951
47.250000	1	1.458669	0.337059	2.633035	0.364363
47.500000	0	0.149223	0.014180	1.082064	0.062001
47.500000	1	1.406131	0.373526	2.406793	0.344342
47.750000	0	0.154472	0.007857	0.810059	0.055912
47.750000	1	1.487918	0.542016	2.730518	0.353817
48.000000	0	0.155290	0.013050	0.993636	0.066528
48.000000	1	1.498036	0.574677	2.800619	0.332891
48.250000	0	0.152434	0.008961	0.678800	0.055313
48.250000	1	1.480893	0.445826	2.613858	0.311841
48.500000	0	0.151580	0.016287	0.979835	0.057890
48.500000	1	1.422301	0.412127	2.683936	0.335624
48.750000	0	0.155018	0.007564	0.699412	0.058035
48.750000	1	1.457780	0.383712	2.938352	0.374826
49.000000	0	0.156669	0.019490	1.233882	0.075556
49.000000	1	1.499446	0.542400	3.564384	0.399489
49.250000	0	0.157624	0.034340	0.948623	0.074313
49.250000	1	1.463944	0.669471	3.425144	0.358980
49.500000	0	0.149908	0.008917	0.791937	0.058287
49.500000	1	1.526792	0.314209	4.252794	0.500008
49.750000	0	0.152367	0.009477	0.632576	0.055821
49.750000	1	1.450074	0.474157	2.342700	0.295393
50.000000	0	0.149890	0.004615	1.001596	0.064381
50.000000	1	1.441365	0.372892	2.546195	0.335568
50.250000	0	0.150559	0.003053	0.547645	0.054115
50.250000	1	1.541949	0.276096	3.692970	0.473923
50.500000	0	0.154437	0.011058	1.222780	0.069824
50.500000	1	1.536569	0.667488	3.193758	0.436172
50.750000	0	0.151111	0.023034	0.747674	0.056176
50.750000	1	1.441623	0.277025	3.257919	0.366737
51.000000	0	0.155010	0.017662	0.740004	0.066065
51.000000	1	1.515908	0.226960	3.234251	0.456956
51.250000	0	0.155386	0.021788	0.917627	0.064290
51.250000	1	1.436912	0.150457	2.598783	0.346401
51.500000	0	0.152304	0.015542	0.644469	0.053114
51.500000	1	1.489046	0.557642	2.494324	0.330976
51.750000	0	0.146642	0.008694	0.582862	0.045724
51.750000	1	1.460139	0.607511	2.693652	0.358937
52.000000	0	0.149103	0.031502	0.721178	0.052044
52.000000	1	1.523999	0.385655	4.004619	0.436621
52.250000	0	0.158175	0.008110	0.965156	0.070953
52.250000	1	1.448524	0.750236	2.439613	0.300546
52.500000	0	0.151240	0.008529	0.928511	0.055421
52.500000	1	1.452390	0.608034	3.246429	0.397100
52.750000	0	0.153301	0.001652	1.138627	0.073517
52.750000	1	1.437962	0.215518	4.748655	0.531161
53.000000	0	0.156015	0.019099	0.890770	0.067328
53.000000	1	1.420118	0.091471	3.032153	0.364103
53.250000	0	0.154299	0.014204	0.768481	0.062379
53.250000	1	1.480959	0.427951	3.001330	0.373129
53.500000	0	0.149245	0.023792	0.468301	0.048470
53.500000	1	1.590676	0.419161	3.363707	0.454185
53.750000	0	0.151325	0.006651	0.624615	0.056030
53.750000	1	1.461243	0.568761	3.039910	0.329681
54.000000	0	0.150093	0.018505	0.615590	0.052676
54.000000	1	1.447450	0.426045	2.491035	0.335973
54.250000	0	0.152891	0.013470	0.601690	0.057716
54.250000	1	1.501062	0.437727	2.791801	0.409631
54.500000	0	0.153325	0.016693	0.808334	0.055147
54.500000	1	1.383837	0.412133	2.672378	0.327159
54.750000	0	0.151974	0.009597	1.178693	0.067070
54.750000	1	1.551011	0.659597	3.377579	0.407727
55.000000	0	0.152808	0.014681	0.596363	0.055106
55.000000	1	1.513148	0.238192	5.419801	0.656364
55.250000	0	0.151357	0.004280	0.523814	0.054175
55.250000	1	1.406334	0.096918	2.794155	0.387594
55.500000	0	0.153257	0.040234	0.625334	0.050797
55.500000	1	1.492188	0.617972	3.135180	0.391686
55.750000	0	0.150764	0.004799	0.716362	0.053800
55.750000	1	1.479209	0.167793	3.946198	0.503073
56.000000	0	0.152021	0.023551	0.531067	0.053163
56.000000	1	1.500586	0.309070	6.234044	0.686530
56.250000	0	0.158704	0.014125	1.253195	0.079109
56.250000	1	1.462518	0.763049	3.147497	0.347103
56.500000	0	0.153369	0.019789	0.748817	0.059698
56.500000	1	1.461928	0.187581	2.510860	0.333386
56.750000	0	0.153205	0.015557	0.568733	0.054720
56.750000	1	1.402186	0.353948	2.132382	0.315598
57.000000	0	0.157189	0.012463	0.729031	0.068375
57.000000	1	1.529902	0.337801	3.053589	0.417196
57.250000	0	0.151476	0.023772	0.732008	0.054423
57.250000	1	1.423504	0.252190	3.065668	0.436513
57.500000	0	0.155819	0.010377	0.872198	0.062688
57.500000	1	1.508999	0.918679	3.240342	0.347099
57.750000	0	0.151156	0.011516	0.777877	0.058247
57.750000	1	1.432932	0.361873	2.551671	0.370441
58.000000	0	0.156361	0.015456	0.881745	0.073257
58.000000	1	1.505680	0.307827	2.627701	0.386737
58.250000	0	0.152177	0.020731	0.494625	0.050491
58.250000	1	1.480648	0.267055	2.848052	0.392807
58.500000	0	0.151181	0.016903	0.600699	0.054757
58.500000	1	1.422213	0.039075	2.743095	0.372297
58.750000	0	0.153460	0.020486	0.748979	0.059523
58.750000	1	1.492888	0.497532	2.825988	0.356360
59.000000	0	0.154121	0.015159	0.786656	0.059625
59.000000	1	1.498370	0.325522	2.750929	0.386944
59.250000	0	0.154226	0.003192	0.936515	0.066832
59.250000	1	1.363652	0.602167	2.166856	0.288405
59.500000	0	0.153173	0.006859	0.710462	0.058902
59.500000	1	1.485582	0.557890	3.440127	0.428089
59.750000	0	0.154781	0.013679	0.659265	0.055016
59.750000	1	1.457675	0.287970	2.854552	0.407551
60.000000	0	0.150476	0.014189	1.139502	0.070444
60.000000	1	1.481585	0.473200	2.863154	0.368688
60.250000	0	0.151916	0.025782	0.837247	0.060607
60.250000	1	1.425872	0.143515	3.006386	0.418900
60.500000	0	0.155694	0.016378	0.562320	0.057611
60.500000	1	1.554592	0.137436	4.322303	0.529305
60.750000	0	0.153404	0.008849	0.753010	0.056657
60.750000	1	1.537457	0.529446	3.128813	0.385538
61.000000	0	0.152642	0.006205	0.676214	0.051668
61.000000	1	1.512272	0.258269	3.484639	0.391733
61.250000	0	0.150196	0.032075	0.568080	0.050337
61.250000	1	1.454943	0.470811	2.879848	0.345663
61.500000	0	0.152887	0.009642	0.810793	0.059091
61.500000	1	1.481964	0.559550	3.039814	0.389429
61.750000	0	0.153501	0.022362	0.709052	0.054445
61.750000	1	1.471500	0.413384	5.050903	0.580216
62.000000	0	0.154059	0.016269	0.882352	0.072815
62.000000	1	1.442867	0.321271	2.739509	0.354106
62.250000	0	0.152688	0.012143	0.612341	0.057475
62.250000	1	1.464368	0.258266	3.024685	0.397589
62.500000	0	0.151892	0.009376	0.785694	0.058293
62.500000	1	1.412445	0.449448	2.658231	0.290670
62.750000	0	0.161066	0.016394	1.536941	0.106021
62.750000	1	1.500885	0.297813	3.136820	0.446132
63.000000	0	0.153566	0.011151	0.843136	0.060256
63.000000	1	1.443227	0.538409	2.986455	0.337422
63.250000	0	0.156378	0.021010	1.281338	0.075402
63.250000	1	1.445026	0.036071	2.819128	0.377055
63.500000	0	0.152093	0.023139	0.446629	0.048362
63.500000	1	1.559081	0.313657	3.472723	0.426280
63.750000	0	0.151242	0.011355	1.389952	0.072005
63.750000	1	1.476256	0.737860	3.128126	0.371120
64.000000	0	0.152029	0.014270	1.049295	0.063617
64.000000	1	1.493680	0.237342	3.111210	0.403349
64.250000	0	0.149789	0.012651	0.956079	0.053164
64.250000	1	1.430784	0.360597	2.590867	0.300677
64.500000	0	0.149885	0.020541	0.808340	0.056368
64.500000	1	1.409249	0.311682	2.383402	0.315083
64.750000	0	0.151465	0.015205	0.652537	0.050553
64.750000	1	1.448210	0.210411	2.633306	0.350700
65.000000	0	0.153403	0.021588	1.147482	0.061991
65.000000	1	1.449642	0.278640	4.514932	0.463470
65.250000	0	0.152789	0.008350	1.240536	0.065669
65.250000	1	1.478938	0.698190	2.616782	0.353116
65.500000	0	0.151759	0.004756	0.982467	0.061727
65.500000	1	1.409355	0.284922	3.325594	0.359900
65.750000	0	0.149926	0.011398	0.964256	0.056005
65.750000	1	1.420806	0.235668	2.728059	0.378697
66.000000	0	0.152467	0.020380	0.842899	0.057763
66.000000	1	1.468130	0.536923	2.519087	0.329058
66.250000	0	0.153629	0.006631	2.035746	0.088988
66.250000	1	1.491209	0.318635	3.673589	0.470283
66.500000	0	0.154537	0.009994	0.949641	0.064350
66.500000	1	1.434209	0.650916	2.635557	0.355019
66.750000	0	0.152949	0.039704	1.046783	0.063631
66.750000	1	1.462703	0.122490	2.771133	0.432157
67.000000	0	0.154478	0.015026	0.697364	0.054241
67.000000	1	1.451631	0.078666	2.889974	0.346718
67.250000	0	0.156251	0.018971	0.637750	0.052012
67.250000	1	1.421491	0.474464	3.316784	0.391796
67.500000	0	0.155554	0.012808	0.819318	0.071598
67.500000	1	1.481499	0.535749	3.463387	0.488518
67.750000	0	0.151564	0.017178	0.931361	0.061950
67.750000	1	1.384423	0.307795	2.602534	0.359216
68.000000	0	0.150559	0.012154	0.809371	0.063283
68.000000	1	1.516762	0.429333	2.826105	0.349823
68.250000	0	0.149901	0.029224	0.632307	0.057782
68.250000	1	1.427697	0.649010	2.377719	0.305477
68.500000	0	0.154133	0.010573	0.829514	0.064786
68.500000	1	1.494617	0.123114	3.230132	0.467049
68.750000	0	0.154683	0.018236	1.017077	0.066387
68.750000	1	1.477963	0.881000	2.557645	0.328435
69.000000	0	0.148724	0.005318	0.526749	0.049394
69.000000	1	1.486372	0.685611	3.256626	0.394300
69.250000	0	0.149192	0.006726	0.591278	0.050114
69.250000	1	1.422159	0.244715	2.682518	0.359353
69.500000	0	0.154785	0.017613	0.638410	0.058732
69.500000	1	1.513576	0.406663	2.696212	0.365482
69.750000	0	0.153120	0.014859	1.341174	0.067677
69.750000	1	1.445252	0.311922	2.694687	0.332292
70.000000	0	0.155902	0.021034	0.671272	0.059652
70.000000	1	1.458997	0.718138	2.355595	0.299880
70.250000	0	0.150588	0.017114	0.676555	0.051790
70.250000	1	1.478787	0.800889	2.476121	0.280572
70.500000	0	0.154179	0.008788	1.083681	0.058529
70.500000	1	1.446281	0.592664	2.563018	0.314462
70.750000	0	0.149567	0.007899	0.645763	0.052682
70.750000	1	1.444524	0.718197	2.624627	0.310376
71.000000	0	0.151438	0.025786	0.892206	0.060254
71.000000	1	1.561496	0.389491	3.601202	0.558545
71.250000	0	0.154465	0.031336	1.369548	0.071653
71.250000	1	1.523195	0.335628	3.022414	0.402197
71.500000	0	0.149769	0.012713	1.038963	0.060908
71.500000	1	1.502986	0.360060	3.188803	0.382663
71.750000	0	0.150017	0.018539	0.638210	0.053342
71.750000	1	1.446481	0.379085	2.592737	0.396181
72.000000	0	0.155291	0.026888	1.152306	0.068810
72.000000	1	1.497813	0.513782	4.234737	0.458038
72.250000	0	0.150970	0.003313	1.011317	0.063210
72.250000	1	1.484696	0.248227	2.941468	0.401442
72.500000	0	0.152844	0.022858	0.883373	0.058260
72.500000	1	1.392339	0.323802	2.764581	0.330608
72.750000	0	0.149364	0.025373	0.688920	0.053951
72.750000	1	1.449370	0.472586	3.045850	0.402315
73.000000	0	0.163323	0.019812	3.071230	0.136064
73.000000	1	1.418622	0.428771	3.017802	0.353731
73.250000	0	0.154276	0.013917	0.634334	0.055281
73.250000	1	1.470528	0.492991	3.064098	0.416169
73.500000	0	0.147956	0.015161	1.245914	0.064901
73.500000	1	1.489351	0.224825	3.300435	0.427265
73.750000	0	0.153148	0.005422	0.764622	0.058218
73.750000	1	1.376008	0.464170	2.582925	0.346598
74.000000	0	0.154165	0.010096	0.567088	0.057922
74.000000	1	1.497159	0.425186	2.708999	0.352113
74.250000	0	0.148254	0.027869	0.497675	0.051510
74.250000	1	1.411272	0.415467	3.201487	0.350030
74.500000	0	0.154809	0.003675	1.120515	0.074270
74.500000	1	1.562800	0.268475	3.337272	0.487329
74.750000	0	0.151038	0.004383	0.911233	0.059714
74.750000	1	1.461753	0.438901	3.009887	0.376921
75.000000	0	0.152796	0.023446	1.102335	0.071156
75.000000	1	1.464260	0.725977	2.801333	0.356335
75.250000	0	0.153565	0.007557	0.656560	0.052635
75.250000	1	1.418272	0.438664	2.634840	0.323869
75.500000	0	0.154121	0.008905	0.612190	0.061625
75.500000	1	1.497774	0.372813	4.017083	0.459819
75.750000	0	0.155235	0.012800	0.991099	0.069200
75.750000	1	1.473998	0.297394	2.474385	0.314045
76.000000	0	0.154542	0.008547	0.888182	0.064578
76.000000	1	1.454955	0.337480	2.861047	0.368113
76.250000	0	0.151121	0.009642	0.771079	0.057454
76.250000	1	1.435234	0.414197	2.268009	0.318470
76.500000	0	0.150731	0.023335	0.492679	0.048254
76.500000	1	1.587681	0.563898	6.851129	0.642687
76.750000	0	0.146534	0.019689	0.409206	0.045503
76.750000	1	1.450486	0.471990	3.188251	0.359836
77.000000	0	0.149906	0.017984	0.604310	0.047197
77.000000	1	1.446919	0.773272	2.661945	0.281265
77.250000	0	0.152448	0.029215	1.061313	0.059634
77.250000	1	1.484374	0.221856	3.337022	0.467477
77.500000	0	0.150692	0.031800	0.877962	0.054260
77.500000	1	1.472006	0.087496	3.589684	0.409217
77.750000	0	0.153334	0.011817	1.193579	0.067565
77.750000	1	1.519174	0.408765	3.401194	0.424858
78.000000	0	0.147926	0.015114	0.756172	0.051231
78.000000	1	1.452298	0.530669	2.552454	0.300938
78.250000	0	0.147708	0.015235	0.572767	0.049628
78.250000	1	1.469224	0.340957	4.128060	0.456193
78.500000	0	0.152794	0.007857	1.038121	0.061566
78.500000	1	1.481058	0.412815	3.048210	0.431967
78.750000	0	0.149468	0.012831	0.593826	0.052366
78.750000	1	1.494642	0.615803	3.897617	0.401839
79.000000	0	0.151491	0.012176	0.938210	0.054631
79.000000	1	1.447911	0.776782	2.462188	0.289433
79.250000	0	0.152331	0.040587	0.728044	0.058955
79.250000	1	1.460056	0.276683	2.989315	0.407038
79.500000	0	0.156236	0.017134	1.022820	0.067678
79.500000	1	1.472172	0.323649	3.207055	0.355877
79.750000	0	0.152429	0.025242	0.942840	0.058597
79.750000	1	1.429531	0.809224	2.882716	0.297657
80.000000	0	0.153780	0.016954	0.608452	0.059186
80.000000	1	1.472414	0.252400	2.791705	0.372457
80.250000	0	0.151319	0.009210	1.070430	0.063576
80.250000	1	1.463614	0.650786	3.347129	0.435380
80.500000	0	0.157818	0.006235	1.085849	0.082785
80.500000	1	1.442131	0.137163	2.575224	0.371269
80.750000	0	0.152253	0.032260	0.522945	0.048981
80.750000	1	1.546623	0.363955	6.612103	0.730629
81.000000	0	0.154037	0.006490	0.864644	0.067995
81.000000	1	1.485439	0.117898	3.349459	0.366636
81.250000	0	0.153999	0.029242	0.583296	0.057271
81.250000	1	1.424346	0.485636	2.594770	0.360469
81.500000	0	0.154044	0.013410	0.543629	0.055620
81.500000	1	1.492428	0.175608	2.677813	0.358000
81.750000	0	0.150083	0.000627	0.845079	0.056826
81.750000	1	1.464596	0.082703	3.181133	0.384112
82.000000	0	0.155184	0.011676	1.063156	0.064280
82.000000	1	1.409305	0.386124	2.552131	0.318915
82.250000	0	0.154880	0.021711	0.684397	0.056193
82.250000	1	1.461873	0.320872	3.035482	0.427551
82.500000	0	0.152702	0.010962	0.831606	0.065117
82.500000	1	1.470118	0.123290	3.070635	0.445729
82.750000	0	0.151806	0.020284	0.668435	0.061661
82.750000	1	1.520847	0.356818	4.130714	0.471281
83.000000	0	0.157794	0.020856	1.036962	0.075464
83.000000	1	1.409795	0.222748	2.899359	0.378339
83.250000	0	0.155534	0.021585	1.189224	0.072368
83.250000	1	1.452864	0.078013	3.188184	0.425831
83.500000	0	0.156424	0.012750	1.335272	0.080687
83.500000	1	1.521449	0.643952	4.018893	0.485816
83.750000	0	0.157790	0.013676	0.884682	0.066527
83.750000	1	1.488193	0.217917	2.640561	0.342148
84.000000	0	0.152265	0.029305	0.772326	0.052524
84.000000	1	1.446503	0.301207	2.911417	0.373033
84.250000	0	0.154287	0.007118	1.094728	0.064563
84.250000	1	1.413205	0.502175	2.861412	0.366280
84.500000	0	0.157714	0.011803	0.731831	0.062765
84.500000	1	1.494166	0.195577	3.448946	0.422321
84.750000	0	0.156218	0.015503	1.979025	0.095004
84.750000	1	1.439670	0.238469	2.906055	0.402883
85.000000	0	0.155216	0.008987	0.995016	0.066903
85.000000	1	1.434020	0.346441	2.435946	0.325438
85.250000	0	0.150419	0.014752	0.631664	0.049671
85.250000	1	1.458518	0.536913	3.785941	0.372546
85.500000	0	0.153656	0.019000	0.676755	0.058254
85.500000	1	1.448296	0.516914	2.743295	0.315522
85.750000	0	0.151535	0.014376	1.328423	0.066915
85.750000	1	1.461763	0.676877	2.995120	0.320163
86.000000	0	0.158009	0.029217	1.147478	0.076059
86.000000	1	1.643802	0.837696	7.753477	0.825737
86.250000	0	0.151299	0.014739	1.009509	0.065092
86.250000	1	1.520297	0.648525	3.639416	0.481377
86.500000	0	0.149869	0.014060	0.644374	0.052761
86.500000	1	1.462125	0.259501	3.742609	0.386454
86.750000	0	0.156105	0.021615	1.898553	0.095837
86.750000	1	1.519052	0.782829	3.300665	0.404998
87.000000	0	0.152989	0.042406	0.995176	0.057148
87.000000	1	1.460672	0.363987	2.942477	0.371268
87.250000	0	0.151645	0.017121	0.582118	0.050459
87.250000	1	1.533211	0.105248	3.235486	0.449090
87.500000	0	0.150004	0.008846	0.649160	0.050089
87.500000	1	1.514998	0.606393	2.691878	0.353322
87.750000	0	0.147341	0.015143	0.441497	0.047212
87.750000	1	1.431609	0.748109	2.470927	0.259502
88.000000	0	0.151444	0.014229	0.944445	0.062593
88.000000	1	1.480651	0.487601	3.031565	0.368582
88.250000	0	0.151250	0.019973	0.466253	0.046025
88.250000	1	1.448117	0.478161	3.605201	0.402997
88.500000	0	0.157248	0.020597	0.985957	0.068136
88.500000	1	1.464579	0.341751	2.819115	0.393828
88.750000	0	0.155676	0.015192	0.908539	0.072981
88.750000	1	1.450038	0.291902	4.447269	0.524280
89.000000	0	0.153018	0.023843	0.751220	0.057652
89.000000	1	1.495092	0.486824	2.643824	0.342103
89.250000	0	0.151859	0.023008	0.560699	0.051970
89.250000	1	1.519949	0.500140	3.216864	0.445152
89.500000	0	0.152196	0.004573	0.689684	0.057102
89.500000	1	1.475540	0.231280	3.692506	0.442233
89.750000	0	0.153814	0.017481	0.804192	0.060142
89.750000	1	1.444799	0.185886	3.036998	0.361381
90.000000	0	0.152010	0.008139	1.159255	0.066600
90.000000	1	1.488413	0.431672	2.777580	0.354239
90.250000	0	0.152414	0.013404	0.949070	0.066662
90.250000	1	1.418484	0.341702	2.915346	0.361171
90.500000	0	0.153925	0.009938	0.649639	0.058254
90.500000	1	1.467859	0.353057	3.369599	0.364953
90.750000	0	0.155325	0.014428	0.961443	0.070122
90.750000	1	1.500087	0.584478	3.302549	0.419512
91.000000	0	0.153707	0.024981	0.597884	0.054424
91.000000	1	1.379001	0.432194	2.444543	0.282648
91.250000	0	0.152968	0.018868	1.066534	0.063841
91.250000	1	1.441253	0.467929	2.521387	0.349398
91.500000	0	0.152855	0.023356	0.804983	0.060296
91.500000	1	1.539566	0.360456	3.810265	0.512628
91.750000	0	0.153577	0.005547	0.996994	0.067403
91.750000	1	1.514013	0.640408	3.190039	0.397437
92.000000	0	0.151619	0.007212	0.517493	0.058047
92.000000	1	1.432753	0.151122	3.076894	0.410617
92.250000	0	0.154390	0.019130	0.555465	0.060643
92.250000	1	1.482325	0.519177	3.498961	0.377960
92.500000	0	0.154948	0.021316	1.214826	0.075289
92.500000	1	1.417932	0.049444	2.421485	0.369694
92.750000	0	0.149058	0.007685	0.670270	0.050673
92.750000	1	1.411525	0.461709	2.516160	0.358390
93.000000	0	0.153332	0.010295	0.543848	0.056949
93.000000	1	1.472352	0.084824	2.796960	0.357909
93.250000	0	0.153445	0.012724	0.935432	0.058803
93.250000	1	1.470518	0.381711	2.684406	0.387423
93.500000	0	0.153238	0.013786	1.227603	0.075271
93.500000	1	1.508543	0.295891	2.922870	0.366880
93.750000	0	0.154265	0.008209	0.655529	0.056231
93.750000	1	1.470429	0.399711	3.669665	0.454022
94.000000	0	0.156885	0.018983	2.277651	0.098287
94.000000	1	1.470490	0.368491	3.367135	0.484345
94.250000	0	0.153436	0.023566	0.880991	0.069125
94.250000	1	1.579743	0.520238	3.091955	0.492448
94.500000	0	0.155798	0.017468	0.772254	0.060602
94.500000	1	1.498064	0.024633	3.496402	0.438485
94.750000	0	0.151704	0.024776	0.897538	0.057144
94.750000	1	1.455537	0.052152	3.135076	0.417181
95.000000	0	0.151899	0.013569	0.577563	0.056361
95.000000	1	1.495796	0.915375	2.835058	0.361285
95.250000	0	0.148344	0.010023	0.692682	0.051684
95.250000	1	1.410347	0.201619	2.311443	0.318857
95.500000	0	0.152064	0.006669	0.517820	0.052822
95.500000	1	1.377882	0.261817	2.530781	0.344175
95.750000	0	0.155299	0.016093	1.165080	0.071812
95.750000	1	1.440442	0.320249	4.577802	0.470597
96.000000	0	0.157448	0.022811	1.169981	0.075831
96.000000	1	1.461522	0.271079	2.954513	0.433084
96.250000	0	0.152552	0.017492	0.767529	0.058257
96.250000	1	1.521030	0.599136	3.821646	0.461355
96.500000	0	0.151787	0.012846	0.785064	0.055737
96.500000	1	1.531233	0.175813	2.978553	0.423436
96.750000	0	0.151473	0.012340	0.696146	0.050456
96.750000	1	1.453234	0.660677	2.155442	0.262526
97.000000	0	0.150221	0.010981	0.630955	0.050974
97.000000	1	1.455697	0.226708	2.311102	0.312926
97.250000	0	0.151033	0.019204	0.791728	0.056794
97.250000	1	1.464619	0.577928	3.182250	0.439745
97.500000	0	0.157599	0.012817	1.206909	0.082914
97.500000	1	1.471368	0.252463	3.494103	0.405021
97.750000	0	0.148177	0.020646	0.772335	0.054958
97.750000	1	1.426682	0.506439	2.637854	0.348973
98.000000	0	0.153077	0.032067	0.962089	0.059439
98.000000	1	1.456519	0.159215	4.097263	0.496132
98.250000	0	0.152880	0.026669	1.160296	0.062370
98.250000	1	1.462368	0.276564	2.617656	0.375708
98.500000	0	0.150613	0.010191	0.618540	0.048622
98.500000	1	1.498335	0.141650	3.227604	0.397481
98.750000	0	0.151642	0.021206	0.945541	0.054662
98.750000	1	1.446284	0.203829	3.218003	0.444116
99.000000	0	0.152938	0.014856	0.691510	0.051448
99.000000	1	1.527390	0.336914	2.972750	0.368722
99.250000	0	0.146384	0.018361	0.573294	0.045255
99.250000	1	1.378571	0.088050	2.029567	0.267981
99.500000	0	0.152849	0.003987	0.772623	0.060357
99.500000	1	1.460098	0.341581	3.702707	0.410307
99.750000	0	0.155000	0.015618	0.891967	0.068310
99.750000	1	1.453658	0.756419	2.510509	0.323572
100.000000	0	0.153471	0.015845	0.552718	0.057666
100.000000	1	1.421879	0.469875	2.776745	0.385836
100.250000	0	0.155247	0.012298	0.961523	0.072892
100.250000	1	1.462879	0.630588	2.567808	0.310217
100.500000	0	0.153335	0.013845	1.088529	0.071924
100.500000	1	1.489713	0.062671	2.909191	0.466442
100.750000	0	0.153926	0.017908	0.729619	0.059747
100.750000	1	1.538279	0.487964	3.334549	0.440357
101.000000	0	0.152049	0.008585	0.768511	0.059280
101.000000	1	1.430830	0.535681	2.841498	0.307457
101.250000	0	0.150451	0.010319	1.529576	0.068959
101.250000	1	1.521279	0.209909	3.137120	0.487164
101.500000	0	0.148213	0.009914	0.666244	0.056121
101.500000	1	1.403461	0.285282	2.750808	0.389468
101.750000	0	0.155177	0.016301	1.005219	0.064666
101.750000	1	1.414952	0.349994	2.697559	0.399106
102.000000	0	0.155290	0.017904	1.074734	0.068645
102.000000	1	1.451500	0.319637	3.686339	0.390052
102.250000	0	0.158461	0.017457	1.158136	0.076182
102.250000	1	1.475051	0.446328	3.059611	0.362521
102.500000	0	0.150903	0.016396	0.670831	0.055537
102.500000	1	1.514658	0.672789	4.352350	0.520623
102.750000	0	0.151380	0.020195	0.879120	0.061146
102.750000	1	1.405685	0.239630	2.871524	0.381544
103.000000	0	0.152584	0.026422	1.062133	0.064012
103.000000	1	1.464737	0.474799	3.299277	0.401869
103.250000	0	0.154571	0.023236	2.260376	0.100516
103.250000	1	1.438406	0.207365	3.188426	0.392386
103.500000	0	0.154189	0.025965	0.637641	0.059899
103.500000	1	1.444426	0.523045	2.805703	0.342930
103.750000	0	0.154101	0.018624	1.069049	0.074410
103.750000	1	1.480490	0.230914	3.037955	0.443475
104.000000	0	0.155561	0.014915	1.145475	0.070803
104.000000	1	1.497294	0.637729	4.106251	0.451029
104.250000	0	0.153789	0.017790	0.894971	0.062759
104.250000	1	1.473492	0.295758	2.710759	0.410589
104.500000	0	0.150395	0.013124	0.638172	0.053679
104.500000	1	1.501573	0.271062	2.798521	0.385133
104.750000	0	0.150118	0.013406	0.728327	0.049750
104.750000	1	1.578028	0.278083	3.443251	0.422975
105.000000	0	0.150508	0.017276	0.820302	0.062198
105.000000	1	1.421624	0.406769	2.481943	0.367783
105.250000	0	0.152561	0.011863	1.110583	0.065879
105.250000	1	1.490859	0.327296	3.618615	0.417420
105.500000	0	0.147541	0.014993	0.587678	0.043644
105.500000	1	1.415718	0.264652	2.529414	0.284759
105.750000	0	0.151197	0.017400	1.103078	0.060337
105.750000	1	1.518122	0.561773	3.888975	0.456543
106.000000	0	0.151421	0.017708	0.858627	0.058006
106.000000	1	1.413400	0.438678	3.119980	0.392768
106.250000	0	0.154726	0.010898	1.167875	0.075742
106.250000	1	1.370395	0.288545	2.500949	0.310031
106.500000	0	0.153311	0.002901	0.653929	0.060342
106.500000	1	2.070770	0.350955	36.403335	4.453824
106.750000	0	0.156336	0.026654	1.071698	0.066670
106.750000	1	1.383053	0.259651	3.266250	0.394035
107.000000	0	0.157436	0.009659	1.240208	0.075664
107.000000	1	1.470216	0.201504	2.540428	0.388259
107.250000	0	0.157453	0.017680	1.139851	0.066324
107.250000	1	1.432173	0.284683	3.486866	0.387978
107.500000	0	0.152247	0.015862	1.086322	0.061628
107.500000	1	1.447082	0.130410	4.399336	0.468144
107.750000	0	0.158377	0.013963	1.541198	0.085761
107.750000	1	1.521326	0.492064	3.068587	0.380440
108.000000	0	0.153518	0.024915	1.072538	0.068298
108.000000	1	1.448100	0.232649	3.162761	0.444145
108.250000	0	0.153714	0.014581	1.273236	0.074161
108.250000	1	1.485138	0.594466	2.658503	0.329024
108.500000	0	0.154792	0.015644	1.018193	0.061652
108.500000	1	1.443821	0.510975	2.822093	0.389236
108.750000	0	0.154817	0.013553	0.785254	0.064825
108.750000	1	1.468831	0.552594	2.926010	0.378509
109.000000	0	0.153249	0.005376	0.686701	0.057608
109.000000	1	1.448534	0.089789	3.442837	0.500492
109.250000	0	0.153234	0.016557	1.408855	0.087459
109.250000	1	1.621381	0.455638	13.463154	1.341742
109.500000	0	0.152224	0.017806	0.711220	0.056726
109.500000	1	1.491037	0.405221	3.513949	0.443087
109.750000	0	0.155271	0.012270	1.246356	0.079134
109.750000	1	1.468248	0.206412	3.071757	0.423616
110.000000	0	0.151553	0.005714	1.038088	0.063148
110.000000	1	1.480016	0.170234	3.885359	0.499560
110.250000	0	0.153454	0.021188	0.924568	0.059860
110.250000	1	1.509204	0.658244	3.717060	0.397228
110.500000	0	0.148764	0.008808	0.423744	0.048370
110.500000	1	1.522129	0.536088	2.944324	0.381220
110.750000	0	0.155376	0.015604	1.394015	0.079523
110.750000	1	1.446267	0.311481	2.693189	0.360185
111.000000	0	0.149592	0.013283	0.674747	0.051324
111.000000	1	1.462311	0.409471	2.727920	0.401486
111.250000	0	0.158043	0.025459	1.290703	0.085034
111.250000	1	1.440170	0.469079	3.196834	0.374232
111.500000	0	0.156242	0.009248	0.984141	0.076157
111.500000	1	1.478396	0.664572	2.954360	0.401315
111.750000	0	0.153876	0.020784	1.399543	0.073446
111.750000	1	1.401450	0.360083	2.432151	0.375523
112.000000	0	0.152554	0.007588	0.636556	0.056461
112.000000	1	1.461641	0.568961	2.946138	0.353759
112.250000	0	0.154289	0.020022	0.717416	0.061971
112.250000	1	1.432384	0.376581	2.523656	0.364024
112.500000	0	0.152158	0.025632	0.689580	0.060629
112.500000	1	1.534433	0.237602	2.884428	0.406159
112.750000	0	0.155070	0.010211	0.798598	0.054718
112.750000	1	1.448316	0.123554	2.838775	0.356630
113.000000	0	0.151918	0.016895	0.692224	0.049822
113.000000	1	1.481895	0.394850	3.043701	0.353750
113.250000	0	0.151064	0.016834	0.435856	0.044893
113.250000	1	1.427197	0.119693	3.222181	0.459075
113.500000	0	0.151815	0.022315	1.031574	0.057877
113.500000	1	1.441321	0.157918	3.107151	0.423496
113.750000	0	0.150909	0.009513	0.481634	0.052905
113.750000	1	1.458440	0.443866	3.466477	0.378678
114.000000	0	0.148122	0.019422	0.670421	0.048171
114.000000	1	1.509365	0.606054	3.122458	0.442322
114.250000	0	0.151310	0.016056	0.796667	0.056465
114.250000	1	1.459855	0.223377	3.379986	0.351028
114.500000	0	0.150636	0.004628	0.773512	0.056814
114.500000	1	1.492470	0.392724	3.006052	0.443107
114.750000	0	0.155194	0.004815	0.858366	0.066958
114.750000	1	1.485284	0.406455	3.386389	0.404375
115.000000	0	0.147788	0.007530	0.603818	0.051555
115.000000	1	1.468617	0.464703	2.624018	0.350326
115.250000	0	0.151542	0.028881	0.929542	0.055328
115.250000	1	1.467330	0.712578	3.542201	0.353745
115.500000	0	0.151006	0.002148	1.164130	0.072690
115.500000	1	1.414409	0.240636	3.033489	0.385813
115.750000	0	0.151982	0.016642	0.985827	0.063065
115.750000	1	1.457891	0.316163	2.702168	0.425261
116.000000	0	0.152607	0.020434	0.716088	0.060903
116.000000	1	1.388793	0.086748	2.331243	0.335488
116.250000	0	0.153018	0.030018	0.945098	0.066449
116.250000	1	1.428756	0.332585	2.449968	0.354535
116.500000	0	0.155253	0.014704	0.993045	0.071532
116.500000	1	1.478465	0.317402	3.486064	0.461439
116.750000	0	0.153755	0.023304	0.826571	0.059126
116.750000	1	1.439166	0.353080	2.484283	0.359837
117.000000	0	0.158707	0.005878	1.168773	0.082557
117.000000	1	1.464291	0.361764	3.922322	0.442697
117.250000	0	0.153944	0.013883	0.900700	0.074493
117.250000	1	1.486906	0.628783	3.094858	0.361468
117.500000	0	0.157687	0.026414	0.936603	0.069616
117.500000	1	1.448330	0.581098	2.413382	0.270394
117.750000	0	0.151944	0.024612	0.618466	0.050725
117.750000	1	1.492471	0.608817	3.200042	0.349495
118.000000	0	0.152451	0.017765	0.556553	0.054927
118.000000	1	1.456770	0.557395	2.552957	0.343062
118.250000	0	0.149702	0.020051	0.449410	0.047505
118.250000	1	1.470600	0.552772	2.730346	0.346879
118.500000	0	0.150151	0.024868	0.403950	0.046140
118.500000	1	1.409989	0.850394	2.223863	0.249011
118.750000	0	0.147588	0.003203	0.408221	0.045175
118.750000	1	1.436366	0.381774	2.613649	0.317791
119.000000	0	0.148467	0.013187	0.901085	0.055194
119.000000	1	1.488910	0.317663	2.870651	0.381457
119.250000	0	0.147919	0.016090	0.447083	0.046064
119.250000	1	1.452618	0.424234	2.864162	0.320558
119.500000	0	0.149015	0.019121	0.576590	0.046174
119.500000	1	1.450769	0.265948	2.764205	0.377976
119.750000	0	0.151857	0.006082	1.246472	0.070627
119.750000	1	1.498741	0.254668	2.989860	0.375827
120.000000	0	0.152868	0.015160	0.746140	0.059438
120.000000	1	1.489600	0.422832	3.079895	0.438874
120.250000	0	0.150716	0.015804	0.425790	0.047686
120.250000	1	1.488302	0.113829	4.291612	0.550053
120.500000	0	0.148970	0.029894	0.984969	0.057249
120.500000	1	1.496097	0.803238	3.172684	0.361058
120.750000	0	0.151198	0.030835	0.813696	0.057233
120.750000	1	1.409755	0.206630	2.655889	0.346451
121.000000	0	0.158961	0.033429	1.123230	0.073301
121.000000	1	1.490946	0.347620	3.434506	0.391262
121.250000	0	0.151514	0.009896	0.676410	0.054436
121.250000	1	1.432843	0.392100	2.622804	0.381133
121.500000	0	0.154938	0.025553	1.186288	0.078439
121.500000	1	1.492328	0.487234	3.192393	0.353353
121.750000	0	0.153927	0.007688	0.816097	0.064061
121.750000	1	1.429688	0.441659	2.634753	0.340879
122.000000	0	0.152062	0.030267	0.622686	0.055006
122.000000	1	1.452669	0.124678	3.267066	0.416948
122.250000	0	0.154880	0.004448	0.860531	0.066734
122.250000	1	1.456494	0.357089	3.423348	0.395360
122.500000	0	0.152458	0.004416	0.612703	0.056362
122.500000	1	1.434544	0.205223	2.346733	0.310284
122.750000	0	0.152532	0.008086	0.973767	0.071895
122.750000	1	1.481406	0.424532	4.152472	0.463701
123.000000	0	0.149211	0.013811	0.411969	0.047393
123.000000	1	1.435307	0.512970	2.948641	0.403037
123.250000	0	0.153546	0.010340	0.911214	0.058721
123.250000	1	1.483808	0.767617	3.018580	0.408335
123.500000	0	0.158169	0.031975	1.087484	0.071281
123.500000	1	1.472332	0.179380	2.625654	0.383486
123.750000	0	0.154581	0.021568	0.919070	0.069935
123.750000	1	1.500153	0.521031	3.270421	0.427871
124.000000	0	0.153094	0.000434	0.669824	0.056388
124.000000	1	1.402088	0.226946	2.703548	0.416084
124.250000	0	0.154472	0.013323	1.086741	0.073770
124.250000	1	1.438104	0.388236	2.623279	0.358719
124.500000	0	0.149464	0.018677	0.882940	0.065487
124.500000	1	1.479953	0.363977	3.066066	0.388881
124.750000	0	0.153721	0.012901	0.991699	0.063479
124.750000	1	1.462991	0.163190	3.411319	0.410851
125.000000	0	0.148986	0.019794	0.420384	0.046329
125.000000	1	1.543038	0.462468	3.750531	0.504426
125.250000	0	0.154133	0.028022	0.777811	0.060505
125.250000	1	1.423525	0.487777	3.027180	0.379265
125.500000	0	0.156130	0.029234	1.352791	0.084680
125.500000	1	1.513489	0.228772	3.101112	0.464247
125.750000	0	0.151118	0.007460	0.713961	0.060931
125.750000	1	1.525049	0.688627	4.024489	0.429482
126.000000	0	0.148545	0.012259	0.955772	0.056780
126.000000	1	1.412343	0.473167	2.570519	0.338867
126.250000	0	0.154343	0.008528	0.970044	0.068466
126.250000	1	1.413264	0.652129	2.184071	0.290260
126.500000	0	0.151317	0.028842	0.613635	0.058380
126.500000	1	1.457050	0.408520	3.354183	0.407368
126.750000	0	0.153765	0.015741	0.811622	0.063478
126.750000	1	1.443140	0.058577	2.699627	0.390910
127.000000	0	0.154318	0.014239	1.190691	0.071201
127.000000	1	1.459743	0.398150	3.497391	0.410423
127.250000	0	0.148718	0.013812	0.452387	0.046725
127.250000	1	1.457787	0.117694	3.047583	0.447948
127.500000	0	0.156004	0.033211	0.979168	0.064312
127.500000	1	1.505427	0.280987	2.858625	0.425774
127.750000	0	0.147673	0.018597	0.431429	0.046866
127.750000	1	1.489383	0.755933	3.545651	0.432798
128.000000	0	0.152480	0.004648	1.066078	0.070677
128.000000	1	1.443299	0.582729	2.890861	0.352369
128.250000	0	0.150571	0.011261	0.823175	0.054554
128.250000	1	1.475149	0.121030	3.056412	0.397851
128.500000	0	0.151556	0.026541	0.534405	0.051839
128.500000	1	1.437983	0.464377	2.853927	0.343555
128.750000	0	0.153165	0.038369	0.826043	0.056853
128.750000	1	1.487915	0.686372	2.697086	0.363425
129.000000	0	0.152764	0.006333	0.885175	0.060988
129.000000	1	1.447346	0.528437	2.980644	0.356340
129.250000	0	0.149923	0.015659	1.317829	0.064302
129.250000	1	1.536222	0.372481	2.902486	0.434627
129.500000	0	0.152549	0.012793	1.095745	0.060115
129.500000	1	1.471921	0.229947	2.832695	0.367776
129.750000	0	0.151037	0.021472	1.090810	0.061788
129.750000	1	1.438865	0.600585	3.012591	0.381037
130.000000	0	0.152596	0.026385	1.107249	0.063159
130.000000	1	1.446301	0.200919	2.501301	0.352125
130.250000	0	0.148864	0.021124	0.683455	0.051984
130.250000	1	1.480931	0.306871	3.783352	0.389217
130.500000	0	0.150736	0.014345	0.590769	0.053346
130.500000	1	1.476855	0.377865	2.848218	0.341351
130.750000	0	0.152139	0.016346	0.892566	0.060796
130.750000	1	1.426567	0.886738	2.254087	0.222389
131.000000	0	0.152024	0.013000	0.531238	0.054856
131.000000	1	1.535153	0.365059	3.910621	0.416719
131.250000	0	0.152137	0.010099	0.703744	0.052563
131.250000	1	1.492678	0.329437	3.221510	0.388763
131.500000	0	0.153983	0.009297	1.230077	0.075468
131.500000	1	1.418755	0.338432	2.751506	0.377941
131.750000	0	0.158080	0.021619	1.040373	0.083271
131.750000	1	1.534179	0.476791	2.917143	0.469136
132.000000	0	0.151933	0.015838	1.024683	0.060313
132.000000	1	1.435639	0.330983	3.791546	0.394783
132.250000	0	0.154871	0.007953	0.723759	0.058606
132.250000	1	1.406910	0.393725	3.022190	0.320278
132.500000	0	0.149810	0.013822	0.638903	0.054552
132.500000	1	1.421102	0.562087	2.306364	0.297459
132.750000	0	0.152183	0.008844	1.176188	0.072313
132.750000	1	1.437829	0.200686	2.859065	0.398560
133.000000	0	0.151234	0.014822	0.787953	0.057317
133.000000	1	1.459922	0.285115	2.745356	0.383460
133.250000	0	0.153769	0.007255	0.766390	0.069843
133.250000	1	1.495386	0.356824	3.110543	0.362805
133.500000	0	0.152688	0.021349	0.828612	0.059241
133.500000	1	1.484564	0.798645	4.661746	0.478812
133.750000	0	0.153779	0.010262	0.981337	0.066917
133.750000	1	1.492043	0.610903	2.988717	0.400316
134.000000	0	0.155144	0.017642	1.000476	0.058061
134.000000	1	1.526591	0.572376	4.441468	0.487564
134.250000	0	0.160990	0.009323	2.931684	0.126200
134.250000	1	1.450751	0.592285	2.400780	0.296764
134.500000	0	0.154378	0.029422	0.842839	0.065218
134.500000	1	1.466458	0.105385	2.924389	0.381579
134.750000	0	0.153803	0.010264	0.905432	0.063845
134.750000	1	1.425737	0.197346	2.953988	0.440131
135.000000	0	0.150794	0.038372	0.909469	0.058378
135.000000	1	1.477404	0.535296	3.637741	0.445781
135.250000	0	0.151359	0.008056	1.752617	0.090241
135.250000	1	1.423695	0.086412	3.434742	0.413680
135.500000	0	0.152413	0.023998	0.403180	0.050482
135.500000	1	1.413425	0.336623	2.807099	0.378669
135.750000	0	0.151852	0.011869	1.293229	0.071067
135.750000	1	1.425721	0.524301	2.401331	0.343730
136.000000	0	0.152640	0.006888	0.496355	0.051017
136.000000	1	1.438093	0.441721	4.232365	0.445815
136.250000	0	0.154178	0.010593	0.714682	0.059169
136.250000	1	1.490898	0.605298	2.644184	0.330781
136.500000	0	0.156216	0.010263	1.036407	0.067944
136.500000	1	1.445121	0.421841	3.094468	0.329472
136.750000	0	0.156807	0.015847	0.905643	0.073006
136.750000	1	1.435574	0.227594	3.335486	0.452878
137.000000	0	0.152640	0.030384	0.526588	0.052758
137.000000	1	1.489845	0.237056	4.116837	0.455068
137.250000	0	0.154187	0.011660	0.657771	0.056434
137.250000	1	1.474388	0.494500	2.714876	0.390460
137.500000	0	0.158292	0.030830	1.731250	0.090586
137.500000	1	1.481087	0.245150	2.484175	0.370995
137.750000	0	0.153579	0.012098	1.290652	0.072712
137.750000	1	1.453068	0.176928	2.719407	0.370400
138.000000	0	0.149785	0.022029	0.926548	0.057845
138.000000	1	1.527513	0.662372	3.167673	0.422944
138.250000	0	0.149401	0.010368	0.909471	0.054406
138.250000	1	1.491043	0.331242	3.495141	0.432028
138.500000	0	0.151076	0.012837	0.824503	0.058440
138.500000	1	1.439995	0.250495	3.207778	0.431439
138.750000	0	0.147995	0.014003	0.895304	0.059355
138.750000	1	1.460107	0.353153	3.222698	0.379522
139.000000	0	0.156278	0.016164	0.778041	0.064675
139.000000	1	1.429070	0.383822	2.899672	0.381382
139.250000	0	0.155205	0.030240	0.815486	0.065408
139.250000	1	1.459036	0.155496	2.893160	0.414842
139.500000	0	0.154446	0.013570	0.708199	0.059939
139.500000	1	1.484707	0.341486	3.169368	0.422199
139.750000	0	0.155814	0.026982	0.709623	0.061582
139.750000	1	1.498719	0.578334	3.043542	0.385400
140.000000	0	0.154452	0.026302	0.734314	0.060030
140.000000	1	1.405674	0.673294	2.602131	0.323667
140.250000	0	0.155950	0.006922	0.759169	0.060597
140.250000	1	1.426098	0.660415	2.292549	0.279338
140.500000	0	0.150862	0.013252	0.462548	0.048242
140.500000	1	1.447236	0.128415	3.189750	0.409774
140.750000	0	0.151312	0.027475	0.798106	0.056811
140.750000	1	1.552575	0.743874	6.964371	0.677272
141.000000	0	0.151679	0.027476	0.542984	0.054351
141.000000	1	1.452008	0.683890	2.309963	0.261655
141.250000	0	0.153150	0.014325	0.629141	0.056509
141.250000	1	1.401874	0.062522	2.729539	0.377533
141.500000	0	0.151600	0.024116	0.754994	0.054258
141.500000	1	1.546518	0.426725	3.105999	0.456825
141.750000	0	0.156366	0.012077	1.193132	0.066988
141.750000	1	1.511102	0.511269	3.568131	0.473748
142.000000	0	0.153057	0.003913	0.627981	0.055470
142.000000	1	1.423537	0.282545	2.617696	0.310755
142.250000	0	0.154670	0.027188	0.981905	0.068868
142.250000	1	1.442154	0.258963	2.907282	0.355492
142.500000	0	0.153367	0.025252	0.617779	0.053282
142.500000	1	1.429647	0.520063	2.756897	0.343679
142.750000	0	0.153086	0.011079	0.800123	0.056274
142.750000	1	1.471533	0.425547	3.259604	0.431952
143.000000	0	0.152698	0.002953	0.893992	0.065271
143.000000	1	1.364726	0.129041	2.655994	0.384990
143.250000	0	0.151002	0.003703	0.671623	0.054012
143.250000	1	1.414712	0.427287	2.477988	0.368365
143.500000	0	0.151970	0.007908	0.723225	0.056832
143.500000	1	1.467356	0.225203	3.394222	0.430120
143.750000	0	0.152159	0.011091	0.926387	0.057618
143.750000	1	1.490015	0.224578	3.140725	0.409005
144.000000	0	0.154782	0.018759	1.104911	0.072194
144.000000	1	1.520071	0.473043	3.270802	0.438657
144.250000	0	0.149360	0.012230	0.547351	0.048126
144.250000	1	1.449635	0.193970	2.925874	0.378335
144.500000	0	0.148997	0.012739	0.493391	0.046883
144.500000	1	1.532777	0.649459	3.669270	0.466963
144.750000	0	0.151570	0.012468	0.991708	0.057343
144.750000	1	1.508392	0.771952	3.707776	0.405453
145.000000	0	0.154575	0.014866	0.861014	0.062664
145.000000	1	1.405183	0.323232	2.737380	0.375775
145.250000	0	0.149596	0.005900	0.804061	0.058261
145.250000	1	1.410316	0.286221	2.795397	0.377657
145.500000	0	0.153101	0.039303	0.659838	0.054598
145.500000	1	1.456315	0.563997	4.042868	0.395875
145.750000	0	0.151973	0.003711	0.474502	0.048958
145.750000	1	1.536263	0.544975	3.299748	0.423682
146.000000	0	0.149507	0.017302	0.653328	0.049903
146.000000	1	1.438496	0.571791	2.582959	0.326796
146.250000	0	0.155723	0.031381	0.778351	0.057508
146.250000	1	1.441936	0.360342	2.944636	0.395606
146.500000	0	0.154069	0.010301	1.235399	0.064014
146.500000	1	1.573265	0.420943	3.438075	0.505459
146.750000	0	0.156404	0.023675	0.908385	0.070467
146.750000	1	1.372464	0.155349	2.429223	0.363269
147.000000	0	0.149655	0.015804	0.615910	0.051957
147.000000	1	1.457504	0.151584	3.124472	0.387400
147.250000	0	0.148794	0.031562	0.463590	0.048827
147.250000	1	1.426238	0.426484	3.153465	0.376957
147.500000	0	0.150312	0.017645	0.712533	0.051467
147.500000	1	1.523978	0.365477	5.081067	0.555149
147.750000	0	0.153468	0.011505	0.920768	0.061669
147.750000	1	1.519478	0.234469	3.154181	0.484573
148.000000	0	0.151313	0.019605	0.568888	0.051207
148.000000	1	1.498493	0.552136	3.293043	0.376365
148.250000	0	0.146517	0.013919	0.341907	0.044279
148.250000	1	1.470480	0.350439	2.809080	0.387525
148.500000	0	0.154959	0.026844	1.025838	0.069200
148.500000	1	1.483172	0.119424	2.676145	0.411187
148.750000	0	0.154680	0.013839	0.811763	0.055931
148.750000	1	1.416717	0.292586	2.841498	0.314458
149.000000	0	0.149605	0.007934	0.948094	0.061420
149.000000	1	1.461835	0.559444	2.937148	0.348755
149.250000	0	0.156167	0.032430	0.900789	0.059926
149.250000	1	1.552866	0.249855	3.600996	0.538101
149.500000	0	0.153782	0.011370	1.052540	0.067150
149.500000	1	1.397250	0.269377	3.234343	0.388186
149.750000	0	0.154596	0.029425	0.889985	0.067778
149.750000	1	1.504431	0.439799	3.097500	0.439607
150.000000	0	0.154074	0.020281	1.449885	0.084796
150.000000	1	1.510807	0.503576	3.129619	0.439687
150.250000	0	0.149335	0.031321	0.808719	0.050179
150.250000	1	1.482140	0.135525	3.408798	0.430725
150.500000	0	0.150960	0.019220	1.122420	0.060513
150.500000	1	1.545172	0.600031	2.761054	0.391482
150.750000	0	0.152444	0.013316	0.907271	0.059072
150.750000	1	1.426508	0.447678	2.383271	0.284130
151.000000	0	0.152889	0.015756	1.028323	0.060651
151.000000	1	1.434834	0.217356	2.885274	0.410067
151.250000	0	0.147526	0.002571	0.495322	0.048747
151.250000	1	1.511449	0.611660	2.918685	0.352984
151.500000	0	0.149845	0.038081	0.842595	0.052243
151.500000	1	1.436749	0.265154	2.869230	0.393378
151.750000	0	0.150627	0.020619	0.576957	0.051778
151.750000	1	1.444557	0.420236	3.384917	0.369409
152.000000	0	0.150623	0.026805	0.442140	0.044406
152.000000	1	1.449392	0.589158	2.479686	0.357572
152.250000	0	0.149793	0.020277	0.596290	0.050268
152.250000	1	1.460388	0.259809	2.963932	0.341454
152.500000	0	0.151829	0.015282	1.122518	0.059381
152.500000	1	1.591060	0.490811	5.043863	0.646527
152.750000	0	0.151233	0.010841	0.542713	0.050505
152.750000	1	1.500831	0.433695	2.571954	0.359665
153.000000	0	0.153441	0.005812	0.944485	0.064876
153.000000	1	1.488958	0.674938	3.117504	0.436934
153.250000	0	0.152895	0.006840	1.030016	0.064184
153.250000	1	1.461356	0.211582	2.736613	0.410739
153.500000	0	0.151336	0.013917	0.846293	0.054031
153.500000	1	1.447869	0.465318	2.658920	0.422774
153.750000	0	0.151865	0.017001	1.292504	0.067306
153.750000	1	1.504334	0.397580	3.498721	0.394863
154.000000	0	0.149978	0.021359	0.494165	0.049771
154.000000	1	1.463792	0.415470	2.722997	0.358931
154.250000	0	0.153677	0.009587	0.750699	0.062884
154.250000	1	1.414299	0.226193	2.474582	0.378649
154.500000	0	0.150935	0.026428	0.911305	0.058592
154.500000	1	1.504431	0.438196	2.735483	0.362006
154.750000	0	0.149062	0.019016	0.961164	0.055630
154.750000	1	1.489281	0.166534	2.815999	0.407107
155.000000	0	0.155007	0.017175	0.718123	0.062196
155.000000	1	1.515693	0.509450	2.835474	0.399138
155.250000	0	0.150596	0.011771	0.695813	0.056950
155.250000	1	1.408835	0.494111	2.668120	0.351520
155.500000	0	0.149864	0.027196	0.652099	0.054736
155.500000	1	1.472602	0.308589	2.782168	0.348506
155.750000	0	0.148439	0.024252	0.460247	0.045750
155.750000	1	1.512530	0.360291	2.981538	0.424239
156.000000	0	0.152008	0.018757	0.868408	0.055257
156.000000	1	1.485419	0.727042	3.448847	0.385495
156.250000	0	0.152028	0.015050	1.055131	0.057896
156.250000	1	1.472032	0.324476	4.872390	0.575731
156.500000	0	0.152451	0.009839	0.642318	0.059636
156.500000	1	1.526182	0.353205	4.441629	0.510898
156.750000	0	0.150331	0.021199	1.006415	0.054977
156.750000	1	1.484139	0.494632	6.118070	0.569761
157.000000	0	0.152553	0.015395	0.661887	0.058606
157.000000	1	1.464575	0.390819	3.016078	0.405256
157.250000	0	0.150403	0.010488	0.717209	0.050148
157.250000	1	1.470135	0.419624	3.308592	0.395006
157.500000	0	0.152087	0.016477	0.965127	0.058758
157.500000	1	1.485607	0.533185	3.384420	0.408030
157.750000	0	0.152608	0.013687	0.739658	0.055235
157.750000	1	1.520818	0.694806	3.076345	0.366368
158.000000	0	0.151950	0.008498	0.759198	0.054388
158.000000	1	1.483170	0.685845	3.609300	0.391589
158.250000	0	0.153038	0.017667	0.912949	0.056604
158.250000	1	1.468516	0.362560	2.921613	0.367206
158.500000	0	0.148676	0.004234	0.510198	0.049496
158.500000	1	1.430196	0.302158	2.509677	0.356260
158.750000	0	0.151618	0.024015	0.776276	0.052975
158.750000	1	1.464086	0.555053	3.126314	0.351611
159.000000	0	0.151884	0.013646	0.920703	0.073157
159.000000	1	1.443290	0.213781	2.821644	0.351665
159.250000	0	0.148079	0.016064	0.412700	0.044323
159.250000	1	1.509129	0.092108	3.570283	0.519734
159.500000	0	0.150796	0.022944	1.157278	0.069091
159.500000	1	1.420037	0.124365	2.795784	0.362158
159.750000	0	0.150831	0.012351	0.855413	0.058221
159.750000	1	1.497970	0.522542	3.437383	0.400879
160.000000	0	0.155483	0.009909	0.788370	0.064617
160.000000	1	1.499377	0.141456	2.662773	0.362007
160.250000	0	0.152000	0.002156	0.897837	0.065011
160.250000	1	1.518949	0.142040	4.568367	0.495009
160.500000	0	0.153298	0.024523	0.775241	0.055423
160.500000	1	1.485461	0.295223	3.342172	0.417871
160.750000	0	0.152826	0.006112	0.597683	0.053289
160.750000	1	1.456032	0.016595	3.613409	0.407069
161.000000	0	0.152280	0.021715	0.749641	0.054838
161.000000	1	1.408839	0.064337	3.160990	0.422680
161.250000	0	0.151291	0.008998	0.786783	0.052012
161.250000	1	1.524865	0.626754	3.086100	0.439632
161.500000	0	0.152809	0.026953	0.772199	0.059489
161.500000	1	1.448328	0.302812	3.420216	0.472197
161.750000	0	0.154760	0.029881	1.132088	0.074079
161.750000	1	1.488781	0.172576	2.465842	0.366296
162.000000	0	0.151668	0.007388	0.693029	0.054599
162.000000	1	1.486430	0.723001	2.617207	0.312543
162.250000	0	0.149480	0.029720	0.549659	0.051411
162.250000	1	1.456045	0.523780	2.946032	0.383341
162.500000	0	0.157230	0.012681	1.231850	0.082276
162.500000	1	1.522598	0.655117	3.692160	0.430522
162.750000	0	0.151017	0.016350	0.400294	0.044742
162.750000	1	1.470286	0.510972	3.161199	0.397070
163.000000	0	0.153109	0.006571	1.086778	0.071414
163.000000	1	1.464758	0.107244	3.262539	0.474885
163.250000	0	0.151399	0.012396	0.684219	0.056062
163.250000	1	1.497593	0.360275	2.729870	0.404608
163.500000	0	0.149211	0.011665	0.654937	0.053097
163.500000	1	1.485624	0.391294	2.866076	0.402757
163.750000	0	0.153797	0.029065	0.762273	0.059749
163.750000	1	1.453189	0.901656	2.624155	0.275239
164.000000	0	0.151045	0.008048	0.636479	0.052502
164.000000	1	1.582506	0.358722	6.533580	0.671290
164.250000	0	0.152743	0.015309	0.651638	0.055271
164.250000	1	1.496144	0.459316	4.691898	0.523299
164.500000	0	0.150262	0.030344	0.694059	0.050813
164.500000	1	1.457707	0.368204	3.071595	0.418933
164.750000	0	0.150256	0.009052	0.450193	0.045885
164.750000	1	1.470897	0.594594	2.757868	0.341735
165.000000	0	0.154855	0.016502	0.994477	0.066793
165.000000	1	1.438379	0.311680	3.243079	0.380591
165.250000	0	0.149518	0.011793	0.622203	0.053796
165.250000	1	1.456701	0.294769	3.411319	0.434249
165.500000	0	0.151919	0.017450	0.860369	0.055912
165.500000	1	1.457873	0.494442	3.108718	0.419993
165.750000	0	0.155057	0.040993	0.800678	0.068005
165.750000	1	1.529040	0.568091	3.599355	0.500581
166.000000	0	0.155656	0.024440	1.822668	0.088549
166.000000	1	1.525624	0.097275	3.469325	0.504907
166.250000	0	0.153452	0.022167	1.638167	0.078142
166.250000	1	1.505672	0.438333	3.431236	0.445616
166.500000	0	0.149897	0.018762	0.983591	0.059778
166.500000	1	1.544632	0.413304	3.165060	0.436661
166.750000	0	0.149815	0.008372	0.437342	0.044842
166.750000	1	1.497074	0.798832	3.084721	0.334795
167.000000	0	0.146794	0.032930	0.548357	0.047064
167.000000	1	1.457078	0.489421	3.023182	0.381480
167.250000	0	0.151786	0.021376	0.662266	0.054669
167.250000	1	1.444973	0.266031	2.507037	0.361523
167.500000	0	0.151139	0.029093	0.470937	0.045664
167.500000	1	1.411910	0.496583	2.656762	0.370613
167.750000	0	0.151370	0.019871	0.819304	0.060399
167.750000	1	1.497308	0.515900	3.346282	0.496076
168.000000	0	0.152973	0.015372	0.677862	0.056604
168.000000	1	1.516490	0.353591	3.210204	0.432343
168.250000	0	0.151659	0.002985	1.060841	0.063908
168.250000	1	1.461623	0.300569	2.500708	0.325457
168.500000	0	0.149730	0.002372	0.851193	0.058879
168.500000	1	1.520921	0.518537	2.945162	0.356175
168.750000	0	0.148588	0.023971	0.826311	0.053043
168.750000	1	1.481388	0.568716	4.216670	0.456904
169.000000	0	0.151677	0.023282	0.731771	0.060121
169.000000	1	1.400291	0.291235	2.519696	0.344080
169.250000	0	0.152390	0.018925	0.793116	0.061206
169.250000	1	1.487802	0.576646	2.796974	0.416289
169.500000	0	0.150944	0.036418	0.918750	0.056538
169.500000	1	1.511322	0.296842	5.870044	0.685286
169.750000	0	0.153247	0.023928	0.979702	0.065390
169.750000	1	1.514984	0.253919	6.993709	0.691367
170.000000	0	0.157008	0.012439	0.982419	0.072578
170.000000	1	1.476174	0.600460	3.027297	0.377561
170.250000	0	0.153231	0.025905	0.914652	0.058571
170.250000	1	1.424793	0.349900	2.812115	0.369243
170.500000	0	0.152623	0.010555	0.619931	0.056601
170.500000	1	1.471519	0.405215	3.964253	0.426384
170.750000	0	0.150147	0.019508	0.510271	0.048277
170.750000	1	1.475083	0.545801	2.791818	0.360275
171.000000	0	0.155897	0.033248	0.676341	0.060103
171.000000	1	1.474578	0.728955	2.748521	0.393647
171.250000	0	0.154849	0.034813	0.888226	0.060640
171.250000	1	1.447064	0.418908	3.548153	0.431152
171.500000	0	0.151296	0.010614	0.995283	0.063612
171.500000	1	1.503721	0.429521	4.114845	0.486846
171.750000	0	0.156386	0.015622	1.148265	0.076048
171.750000	1	1.486955	0.182380	3.217574	0.465066
172.000000	0	0.156048	0.017152	1.071160	0.069259
172.000000	1	1.459481	0.725393	2.650933	0.334328
172.250000	0	0.153151	0.022308	0.833500	0.054242
172.250000	1	1.468162	0.199618	2.722159	0.360936
172.500000	0	0.150937	0.011214	0.988882	0.055488
172.500000	1	1.495447	0.503969	2.985203	0.388927
172.750000	0	0.149832	0.012833	0.495759	0.049233
172.750000	1	1.454746	0.217339	3.157740	0.397825
173.000000	0	0.155283	0.017115	1.030580	0.067383
173.000000	1	1.486134	0.190597	3.130080	0.461881
173.250000	0	0.155822	0.024679	1.181871	0.067062
173.250000	1	1.518357	0.341676	2.956257	0.436315
173.500000	0	0.148247	0.037593	0.405484	0.044277
173.500000	1	1.478614	0.088157	2.940060	0.332424
173.750000	0	0.152648	0.012078	0.789431	0.059644
173.750000	1	1.466918	0.569015	3.312731	0.345374
174.000000	0	0.150095	0.028479	0.448497	0.043793
174.000000	1	1.510291	0.356742	2.959950	0.395813
174.250000	0	0.153382	0.042244	1.055491	0.060712
174.250000	1	1.419405	0.927013	2.622607	0.272802
174.500000	0	0.152254	0.015821	0.661841	0.057385
174.500000	1	1.467350	0.410809	3.338882	0.385452
174.750000	0	0.152469	0.009255	0.951783	0.058200
174.750000	1	1.350865	0.124607	3.330989	0.366710
175.000000	0	0.152704	0.018722	0.792851	0.057889
175.000000	1	1.451142	0.139671	2.786770	0.405421
175.250000	0	0.151935	0.022507	0.755830	0.057047
175.250000	1	1.517298	0.159327	3.209703	0.446093
175.500000	0	0.153499	0.006259	0.982329	0.068257
175.500000	1	1.419800	0.325639	2.733054	0.385086
175.750000	0	0.151938	0.024104	0.627078	0.056355
175.750000	1	1.466733	0.652296	3.406923	0.395300
176.000000	0	0.150498	0.002176	1.034419	0.060131
176.000000	1	1.635631	0.523389	10.513893	1.232205
176.250000	0	0.153533	0.018518	0.573390	0.055300
176.250000	1	1.495506	0.773735	2.625868	0.312788
176.500000	0	0.149985	0.018291	0.885151	0.055534
176.500000	1	1.442681	0.473956	2.857566	0.345550
176.750000	0	0.150082	0.025653	0.613393	0.055920
176.750000	1	1.421910	0.252653	2.620754	0.368953
177.000000	0	0.151558	0.006429	0.787756	0.055100
177.000000	1	1.443045	0.287437	2.709621	0.352718
177.250000	0	0.149486	0.014675	0.932364	0.059435
177.250000	1	1.489825	0.472972	3.076733	0.436637
177.500000	0	0.154239	0.019797	0.688929	0.057945
177.500000	1	1.466701	0.745363	2.507592	0.303921
177.750000	0	0.152632	0.012721	0.915824	0.063184
177.750000	1	1.867725	0.416843	41.881664	3.707994
178.000000	0	0.152964	0.027770	0.737841	0.058442
178.000000	1	1.474028	0.228457	2.688924	0.352676
178.250000	0	0.151197	0.025597	0.917394	0.064147
178.250000	1	1.479755	0.079900	3.108219	0.357223
178.500000	0	0.149043	0.010974	0.776582	0.053313
178.500000	1	1.432854	0.610876	3.112043	0.355495
178.750000	0	0.151145	0.013064	0.991055	0.069925
178.750000	1	1.454529	0.532244	2.856652	0.359472
179.000000	0	0.153404	0.015189	0.596000	0.055828
179.000000	1	1.484135	0.133509	4.231372	0.422928
179.250000	0	0.150993	0.010113	0.572531	0.050058
179.250000	1	1.421563	0.079364	2.684460	0.370790
179.500000	0	0.149689	0.016266	0.596759	0.051005
179.500000	1	1.454785	0.572867	2.786050	0.340677
179.750000	0	0.152985	0.010188	0.881181	0.062468
179.750000	1	1.438516	0.143861	2.312259	0.348154
180.000000	0	0.152343	0.013041	0.863936	0.056044
180.000000	1	1.475674	0.153884	2.662097	0.358675
180.250000	0	0.152586	0.011757	0.615794	0.054664
180.250000	1	1.445847	0.231883	3.421466	0.446117
180.500000	0	0.147960	0.032327	0.638622	0.047777
180.500000	1	1.448961	0.376027	2.767931	0.337528
180.750000	0	0.150759	0.005190	0.530973	0.047920
180.750000	1	1.455014	0.254946	2.615822	0.358122
181.000000	0	0.155549	0.023437	0.986644	0.070295
181.000000	1	1.462128	0.412415	4.192579	0.476207
181.250000	0	0.155437	0.022039	1.152692	0.066905
181.250000	1	1.480698	0.341789	3.123165	0.357091
181.500000	0	0.150390	0.014794	0.916727	0.059939
181.500000	1	1.455444	0.129280	3.382814	0.407764
181.750000	0	0.148900	0.003757	0.671457	0.053954
181.750000	1	1.441177	0.317603	3.259120	0.418493
182.000000	0	0.152151	0.019530	0.547675	0.055349
182.000000	1	1.469054	0.445943	2.770845	0.408435
182.250000	0	0.151028	0.008492	0.633890	0.057099
182.250000	1	1.499521	0.552876	2.581672	0.336625
182.500000	0	0.150301	0.005235	1.305200	0.066530
182.500000	1	1.645713	0.457481	10.244099	1.029036
182.750000	0	0.150896	0.001579	0.696542	0.052912
182.750000	1	1.418520	0.813637	2.517566	0.296731
183.000000	0	0.150099	0.020684	0.863228	0.054456
183.000000	1	1.429030	0.545086	3.081871	0.330678
183.250000	0	0.151459	0.013391	0.787248	0.059320
183.250000	1	1.476681	0.341425	3.149313	0.403268
183.500000	0	0.158012	0.025806	1.008777	0.077008
183.500000	1	1.462817	0.642270	2.891297	0.323135
183.750000	0	0.154345	0.030358	0.979953	0.065945
183.750000	1	1.476964	0.170891	2.513056	0.351652
184.000000	0	0.151404	0.031168	0.741627	0.058472
184.000000	1	1.500194	0.178579	3.022801	0.368626
184.250000	0	0.155589	0.025749	0.998862	0.071925
184.250000	1	1.457296	0.593256	2.886194	0.309592
184.500000	0	0.151569	0.009253	0.586903	0.052385
184.500000	1	1.443318	0.393910	2.880311	0.370626
184.750000	0	0.154129	0.035639	1.093843	0.071213
184.750000	1	1.430836	0.456680	3.023200	0.401408
185.000000	0	0.151156	0.032819	0.756989	0.057694
185.000000	1	1.403076	0.351270	2.799650	0.385228
185.250000	0	0.151514	0.006148	0.771286	0.060306
185.250000	1	1.464380	0.102209	2.777652	0.432922
185.500000	0	0.152573	0.014900	1.053242	0.067855
185.500000	1	1.499862	0.124526	4.015609	0.473310
185.750000	0	0.155373	0.007670	1.034372	0.077012
185.750000	1	1.424988	0.268841	3.492978	0.390258
186.000000	0	0.153630	0.012985	1.102572	0.076995
186.000000	1	1.502327	0.787555	2.396252	0.309641
186.250000	0	0.153005	0.033083	0.670672	0.059596
186.250000	1	1.428105	0.526967	3.016500	0.336932
186.500000	0	0.152810	0.018134	1.326510	0.072931
186.500000	1	1.419815	0.230914	4.084988	0.419874
186.750000	0	0.157951	0.007213	1.596302	0.079858
186.750000	1	1.520543	0.441274	2.893153	0.401766
187.000000	0	0.154911	0.013781	0.793867	0.064264
187.000000	1	1.461563	0.715279	2.771285	0.285331
187.250000	0	0.152654	0.011962	0.923836	0.065512
187.250000	1	1.368943	0.483199	2.964829	0.358627
187.500000	0	0.150754	0.013773	0.839041	0.052516
187.500000	1	1.481020	0.341906	3.164581	0.478418
187.750000	0	0.150316	0.003078	1.531469	0.070088
187.750000	1	1.494244	0.674443	2.507104	0.313180
188.000000	0	0.149433	0.016979	0.553459	0.050062
188.000000	1	1.449328	0.534859	3.114424	0.368824
188.250000	0	0.153354	0.016761	0.671914	0.053748
188.250000	1	1.474055	0.633828	4.375644	0.475549
188.500000	0	0.152204	0.007734	0.752123	0.056474
188.500000	1	1.454499	0.311147	2.694690	0.371920
188.750000	0	0.155742	0.013286	0.765734	0.063365
188.750000	1	1.574338	0.604164	4.171456	0.514908
189.000000	0	0.152523	0.026406	0.609503	0.049493
189.000000	1	1.432419	0.651246	3.426238	0.342432
189.250000	0	0.152155	0.016585	0.686544	0.058140
189.250000	1	1.435036	0.391047	2.703067	0.362293
189.500000	0	0.149235	0.013717	0.612842	0.048196
189.500000	1	1.520087	0.402682	4.591535	0.508034
189.750000	0	0.151492	0.019566	0.758369	0.052808
189.750000	1	1.458258	0.460299	3.114164	0.401370
190.000000	0	0.154776	0.018443	0.986381	0.060945
190.000000	1	1.502470	0.307339	3.831320	0.474782
190.250000	0	0.152317	0.012193	0.955325	0.065216
190.250000	1	1.459583	0.054504	2.958447	0.434145
190.500000	0	0.155130	0.018602	1.256182	0.075829
190.500000	1	1.407521	0.165609	2.574469	0.345120
190.750000	0	0.153348	0.031046	1.100004	0.065906
190.750000	1	1.455024	0.246972	6.694821	0.677748
191.000000	0	0.153031	0.028812	0.779819	0.053676
191.000000	1	1.466033	0.208979	2.708975	0.402874
191.250000	0	0.152850	0.031086	0.653520	0.056106
191.250000	1	1.453765	0.215991	3.354383	0.456312
191.500000	0	0.154222	0.022330	0.915125	0.065814
191.500000	1	1.446723	0.303108	2.810399	0.404824
191.750000	0	0.159603	0.019015	1.121100	0.085123
191.750000	1	1.428679	0.522978	2.608393	0.356685
192.000000	0	0.154914	0.021489	0.744742	0.061241
192.000000	1	1.487477	0.631486	3.285060	0.373242
192.250000	0	0.151006	0.040367	0.738307	0.054090
192.250000	1	1.440815	0.463576	2.747574	0.410851
192.500000	0	0.152318	0.024518	0.922678	0.057675
192.500000	1	1.461713	0.483651	2.597828	0.316188
192.750000	0	0.156394	0.013301	1.104785	0.074310
192.750000	1	1.461175	0.397307	3.464117	0.400522
193.000000	0	0.156956	0.019233	1.166501	0.072420
193.000000	1	1.474539	0.413316	3.179922	0.394191
193.250000	0	0.155291	0.018404	1.449063	0.097784
193.250000	1	1.516000	0.188585	5.380519	0.586533
193.500000	0	0.152960	0.010772	0.655425	0.054390
193.500000	1	1.443473	0.150212	2.818300	0.446825
193.750000	0	0.156073	0.022944	0.876090	0.074296
193.750000	1	1.462637	0.285903	2.851401	0.402995
194.000000	0	0.151330	0.026497	0.811565	0.061455
194.000000	1	1.487413	0.605884	2.792076	0.371747
194.250000	0	0.152364	0.024723	0.701324	0.058347
194.250000	1	1.455982	0.332069	2.754185	0.393318
194.500000	0	0.152423	0.020848	0.569215	0.056770
194.500000	1	1.551755	0.693498	4.620271	0.502006
194.750000	0	0.151067	0.048518	0.606522	0.050442
194.750000	1	1.422680	0.419973	2.671450	0.323221
195.000000	0	0.154574	0.019756	1.025528	0.070118
195.000000	1	1.459831	0.073210	3.111529	0.441311
195.250000	0	0.147786	0.002361	0.454752	0.044272
195.250000	1	1.522601	0.340010	3.840464	0.436063
195.500000	0	0.149508	0.021913	0.441520	0.046260
195.500000	1	1.437418	0.611114	3.405244	0.371619
195.750000	0	0.151118	0.018654	0.833794	0.052881
195.750000	1	1.403712	0.465109	3.643024	0.389083
196.000000	0	0.154644	0.029564	1.136082	0.077921
196.000000	1	1.461909	0.649049	2.721357	0.317489
196.250000	0	0.154352	0.008234	1.207246	0.068826
196.250000	1	1.524512	0.673015	2.604342	0.331080
196.500000	0	0.152181	0.024701	0.716610	0.055109
196.500000	1	1.412104	0.659015	3.615254	0.336362
196.750000	0	0.149573	0.023995	0.796661	0.058297
196.750000	1	1.459138	0.573061	2.823834	0.317529
197.000000	0	0.148591	0.006664	0.862624	0.052552
197.000000	1	1.488704	0.592150	3.087300	0.391108
197.250000	0	0.150670	0.027903	0.541873	0.051476
197.250000	1	1.534452	0.150768	4.304440	0.514950
197.500000	0	0.151728	0.025397	0.973091	0.066668
197.500000	1	1.376899	0.440537	2.354050	0.292627
197.750000	0	0.156153	0.018860	0.828363	0.063323
197.750000	1	1.497333	0.595270	3.286751	0.456196
198.000000	0	0.149814	0.014360	0.710947	0.056467
198.000000	1	1.439293	0.182528	3.012047	0.421564
198.250000	0	0.150982	0.011161	0.701718	0.058576
198.250000	1	1.520092	0.566861	3.346172	0.477631
198.500000	0	0.152057	0.025275	0.978325	0.056178
198.500000	1	1.477624	0.205158	4.543824	0.517441
198.750000	0	0.150537	0.021206	0.689294	0.050910
198.750000	1	1.448706	0.267306	3.298099	0.405303
199.000000	0	0.152461	0.001578	1.008133	0.058868
199.000000	1	1.470053	0.283710	2.477934	0.351290
199.250000	0	0.150550	0.020698	0.529392	0.049656
199.250000	1	1.435100	0.476407	2.413920	0.283978
199.500000	0	0.149701	0.010619	0.381149	0.047179
199.500000	1	1.484717	0.257334	3.456345	0.489876
199.750000	0	0.152027	0.009859	0.953888	0.056884
199.750000	1	1.439569	0.322966	2.529282	0.341954
200.000000	0	0.152390	0.022531	1.263639	0.066818
200.000000	1	1.499158	0.300599	3.751693	0.442409
200.250000	0	0.153027	0.014764	0.825478	0.061547
200.250000	1	1.460649	0.492854	2.986350	0.403014
200.500000	0	0.147477	0.007086	0.459282	0.041606
200.500000	1	1.412109	0.200312	2.842464	0.372819
200.750000	0	0.151263	0.024435	0.833785	0.051046
200.750000	1	1.544130	0.351786	6.378639	0.680047
201.000000	0	0.148246	0.014672	0.588836	0.048517
201.000000	1	1.471251	0.967320	2.782984	0.336677
201.250000	0	0.149098	0.018641	0.527633	0.049112
201.250000	1	1.478564	0.156823	3.839856	0.419187
201.500000	0	0.148274	0.006917	0.529015	0.046658
201.500000	1	1.449315	0.230651	3.037908	0.368397
201.750000	0	0.149292	0.011262	0.459275	0.045490
201.750000	1	1.425376	0.160839	2.578984	0.354559
202.000000	0	0.148481	0.003398	0.857737	0.052351
202.000000	1	1.401013	0.631342	2.400477	0.294286
202.250000	0	0.151433	0.024306	0.479098	0.052153
202.250000	1	1.413808	0.061460	2.558506	0.354866
202.500000	0	0.151520	0.030594	0.614627	0.052054
202.500000	1	1.472201	0.362583	2.511109	0.375361
202.750000	0	0.150757	0.012104	0.447561	0.049363
202.750000	1	1.459940	0.672032	2.623889	0.343121
203.000000	0	0.152414	0.029328	0.689257	0.049222
203.000000	1	1.469375	0.514488	3.093218	0.408258
203.250000	0	0.152550	0.015994	0.556819	0.054039
203.250000	1	1.458011	0.706248	2.741799	0.350107
203.500000	0	0.153998	0.021498	0.750848	0.059275
203.500000	1	1.487190	0.293002	2.882822	0.393685
203.750000	0	0.151633	0.009221	0.408130	0.045039
203.750000	1	1.482341	0.604544	2.932015	0.391808
204.000000	0	0.151409	0.023150	0.837020	0.057517
204.000000	1	1.465048	0.343114	3.356092	0.447896
204.250000	0	0.152456	0.021762	0.907010	0.063564
204.250000	1	1.481526	0.588221	3.447402	0.393268
204.500000	0	0.152050	0.012511	0.673907	0.057829
204.500000	1	1.478217	0.238759	3.582260	0.433688
204.750000	0	0.151840	0.020963	1.095023	0.063247
204.750000	1	1.468442	0.583146	3.193762	0.408626
205.000000	0	0.151259	0.022370	0.769917	0.057010
205.000000	1	1.529720	0.733260	2.678964	0.357823
205.250000	0	0.151547	0.016013	1.133214	0.066190
205.250000	1	1.425392	0.073581	3.698871	0.443454
205.500000	0	0.149111	0.019630	0.597499	0.047543
205.500000	1	1.358703	0.291819	3.034743	0.370600
205.750000	0	0.156600	0.011999	1.193347	0.077658
205.750000	1	1.551939	0.188425	3.889023	0.526513
206.000000	0	0.149814	0.013524	0.667714	0.052309
206.000000	1	1.393623	0.404919	2.344380	0.318067
206.250000	0	0.149674	0.007834	0.435182	0.047955
206.250000	1	1.506482	0.530137	3.128642	0.431074
206.500000	0	0.150561	0.011163	0.863699	0.059774
206.500000	1	1.471405	0.430011	3.457095	0.392218
206.750000	0	0.151907	0.033052	0.913133	0.060818
206.750000	1	1.456722	0.588935	2.588074	0.366437
207.000000	0	0.150078	0.017170	0.737169	0.053938
207.000000	1	1.453808	0.174450	3.232018	0.475537
207.250000	0	0.149063	0.013879	0.553222	0.050580
207.250000	1	1.450628	0.485784	3.433517	0.377141
207.500000	0	0.149702	0.010076	0.873279	0.058453
207.500000	1	1.536386	0.651958	3.359661	0.429498
207.750000	0	0.148034	0.005398	0.610115	0.051975
207.750000	1	1.452566	0.433970	2.389453	0.285534
208.000000	0	0.147879	0.015598	0.548355	0.045239
208.000000	1	1.460290	0.771218	3.224541	0.399528
208.250000	0	0.154213	0.051149	0.621521	0.058146
208.250000	1	1.455398	0.251356	2.526865	0.379585
208.500000	0	0.150473	0.023555	0.648175	0.053916
208.500000	1	1.431055	0.393841	3.269660	0.418168
208.750000	0	0.147951	0.013879	0.524064	0.050219
208.750000	1	1.432057	0.418139	2.943781	0.373814
209.000000	0	0.148150	0.009388	0.969973	0.063441
209.000000	1	1.447922	0.328332	2.736902	0.348267
209.250000	0	0.152302	0.022127	0.849783	0.059920
209.250000	1	1.446884	0.236692	3.391351	0.410447
209.500000	0	0.151874	0.013468	0.562960	0.053449
209.500000	1	1.438810	0.338472	3.010572	0.385310
209.750000	0	0.151440	0.015166	0.503884	0.049233
209.750000	1	1.476342	0.661801	3.318962	0.389541
210.000000	0	0.153520	0.013213	0.706763	0.062975
210.000000	1	1.472196	0.143173	3.032761	0.469094
210.250000	0	0.150515	0.007905	0.696307	0.055965
210.250000	1	1.558094	0.309733	3.501160	0.463459
210.500000	0	0.152420	0.026396	1.138281	0.071137
210.500000	1	1.465997	0.170559	3.188841	0.379388
210.750000	0	0.151898	0.006902	0.648136	0.056890
210.750000	1	1.431566	0.685221	2.648314	0.324009
211.000000	0	0.154138	0.006062	0.748287	0.060250
211.000000	1	1.525767	0.344385	3.482120	0.427592
211.250000	0	0.152341	0.017826	0.595754	0.049546
211.250000	1	1.399455	0.212160	3.178798	0.395782
211.500000	0	0.150774	0.014252	0.608423	0.054741
211.500000	1	1.467479	0.516678	3.048529	0.360213
211.750000	0	0.149782	0.041482	1.187902	0.059172
211.750000	1	1.514079	0.403943	2.975440	0.386075
212.000000	0	0.148376	0.013320	0.429961	0.046840
212.000000	1	1.443957	0.542908	2.799019	0.400027
212.250000	0	0.151167	0.016303	0.693657	0.054891
212.250000	1	1.448838	0.347507	3.643189	0.444986
212.500000	0	0.152370	0.028854	1.003740	0.064488
212.500000	1	1.543673	0.169482	3.181827	0.430885
212.750000	0	0.151679	0.025936	0.547713	0.046951
212.750000	1	1.513431	0.349141	3.442451	0.447564
213.000000	0	0.147427	0.022926	0.441732	0.044147
213.000000	1	1.481396	0.871634	2.535417	0.290897
213.250000	0	0.147774	0.005891	0.489716	0.047538
213.250000	1	1.428700	0.514563	2.689169	0.254582
213.500000	0	0.148723	0.025358	0.426576	0.043981
213.500000	1	1.372863	0.149175	2.947096	0.332801
213.750000	0	0.153273	0.028765	1.120416	0.058695
213.750000	1	1.497954	0.500446	3.511669	0.433716
214.000000	0	0.154369	0.024800	0.759277	0.056447
214.000000	1	1.451964	0.379121	2.926546	0.378165
214.250000	0	0.155485	0.018328	0.943319	0.069339
214.250000	1	1.496315	0.729158	2.684191	0.348259
214.500000	0	0.152708	0.010727	0.409931	0.047322
214.500000	1	1.408908	0.387784	2.344414	0.348445
214.750000	0	0.149250	0.005860	0.843587	0.057532
214.750000	1	1.399655	0.115797	2.734016	0.381071
215.000000	0	0.150758	0.009512	0.726314	0.053243
215.000000	1	1.488856	0.260631	3.236693	0.427050
215.250000	0	0.148353	0.016929	0.470779	0.050492
215.250000	1	1.414268	0.386202	3.024416	0.325154
215.500000	0	0.150529	0.033384	1.087356	0.059688
215.500000	1	1.472481	0.568502	3.113789	0.366916
215.750000	0	0.150887	0.010320	0.794947	0.058983
215.750000	1	1.468625	0.194056	3.865868	0.418825
216.000000	0	0.152415	0.009858	0.522296	0.051754
216.000000	1	1.412342	0.341484	2.886928	0.362528
216.250000	0	0.156809	0.018411	0.847415	0.068184
216.250000	1	1.522958	0.172708	3.709137	0.525832
216.500000	0	0.149210	0.019816	0.711560	0.050793
216.500000	1	1.486744	0.622789	2.929864	0.422910
216.750000	0	0.151604	0.011292	0.633632	0.052968
216.750000	1	1.422601	0.291046	3.100425	0.401763
217.000000	0	0.149517	0.009020	0.628346	0.053781
217.000000	1	1.507505	0.447949	3.780630	0.496924
217.250000	0	0.149994	0.005528	0.767215	0.058865
217.250000	1	1.431397	0.755900	2.913473	0.327295
217.500000	0	0.152339	0.010199	0.526089	0.051363
217.500000	1	1.479608	0.246001	4.024729	0.482954
217.750000	0	0.152186	0.013234	0.924270	0.059696
217.750000	1	1.528140	0.303099	3.164289	0.467474
218.000000	0	0.151920	0.009437	0.771273	0.056433
218.000000	1	1.465598	0.196136	3.075950	0.413904
218.250000	0	0.153016	0.023782	0.932284	0.064805
218.250000	1	1.418335	0.206909	2.447103	0.336043
218.500000	0	0.151459	0.013070	0.475695	0.050742
218.500000	1	1.494313	0.633467	3.177343	0.381514
218.750000	0	0.151198	0.017824	0.866732	0.056470
218.750000	1	1.439922	0.304684	3.306261	0.441618
219.000000	0	0.149861	0.007756	0.515706	0.044603
219.000000	1	1.546627	0.638445	3.797409	0.435411
219.250000	0	0.150996	0.014063	0.523914	0.048084
219.250000	1	1.457414	0.332977	3.090599	0.396766
219.500000	0	0.151566	0.011743	0.728194	0.057589
219.500000	1	1.438996	0.106869	3.183186	0.385437
219.750000	0	0.151740	0.021176	0.703721	0.053240
219.750000	1	1.484286	0.619035	2.854990	0.393561
220.000000	0	0.148084	0.006513	0.769898	0.056255
220.000000	1	1.474180	0.447899	2.881869	0.397831
220.250000	0	0.149405	0.017230	0.847008	0.061542
220.250000	1	1.433660	0.652464	2.428345	0.302510
220.500000	0	0.153238	0.013961	0.947639	0.060864
220.500000	1	1.470063	0.296012	2.679550	0.332160
220.750000	0	0.148422	0.021797	0.601403	0.049948
220.750000	1	1.627266	0.674822	6.554533	0.760702
221.000000	0	0.152814	0.021860	0.471092	0.048380
221.000000	1	1.464884	0.501409	3.063671	0.363393
221.250000	0	0.155366	0.018341	0.830196	0.061992
221.250000	1	1.551345	0.535205	3.941188	0.450616
221.500000	0	0.150201	0.028429	0.644527	0.050637
221.500000	1	1.513828	0.673827	5.652699	0.561772
221.750000	0	0.150023	0.002207	0.659386	0.053779
221.750000	1	1.432169	0.463288	2.182645	0.268424
222.000000	0	0.154210	0.016992	2.580099	0.103463
222.000000	1	1.416976	0.114334	4.005662	0.414030
222.250000	0	0.155171	0.023041	0.952735	0.069236
222.250000	1	1.468065	0.693875	2.961391	0.405631
222.500000	0	0.153387	0.024006	0.973454	0.066023
222.500000	1	1.486202	0.545635	2.976409	0.399384
222.750000	0	0.156495	0.025261	0.973165	0.073149
222.750000	1	1.414894	0.206242	2.794750	0.385279
223.000000	0	0.149631	0.012382	1.117133	0.060688
223.000000	1	1.495246	0.428108	3.008849	0.388564
223.250000	0	0.152121	0.010836	0.596953	0.051683
223.250000	1	1.523518	0.300497	3.005557	0.379487
223.500000	0	0.153208	0.022866	0.663003	0.054508
223.500000	1	1.471578	0.503254	2.944067	0.365846
223.750000	0	0.151091	0.006311	0.775194	0.053648
223.750000	1	1.485964	0.436116	2.887825	0.321387
224.000000	0	0.150221	0.017293	0.901385	0.056978
224.000000	1	1.401430	0.673290	2.114441	0.247875
224.250000	0	0.151224	0.015177	0.686981	0.051926
224.250000	1	1.483077	0.643432	4.194097	0.406408
224.500000	0	0.153014	0.033183	1.051177	0.060453
224.500000	1	1.486425	0.451580	2.858175	0.396291
224.750000	0	0.155554	0.013014	1.486767	0.081488
224.750000	1	1.464738	0.270495	3.890102	0.427587
225.000000	0	0.153831	0.012464	0.685461	0.057455
225.000000	1	1.428386	0.397044	2.518691	0.360430
225.250000	0	0.151893	0.007552	0.840524	0.054973
225.250000	1	1.468617	0.417304	2.693542	0.360232
225.500000	0	0.150726	0.011424	1.339027	0.065098
225.500000	1	1.464831	0.261711	3.162707	0.372957
225.750000	0	0.150897	0.025396	0.557993	0.053773
225.750000	1	1.465153	0.283448	2.851433	0.379452
226.000000	0	0.157139	0.011076	1.310750	0.078785
226.000000	1	1.528108	0.339925	2.869000	0.395632
226.250000	0	0.148637	0.015628	0.362875	0.040718
226.250000	1	1.504471	0.582441	2.982639	0.382559
226.500000	0	0.148968	0.013936	0.629226	0.050077
226.500000	1	1.485589	0.134113	2.888860	0.413185
226.750000	0	0.147357	0.013612	0.410221	0.045907
226.750000	1	1.495481	0.774299	3.499279	0.367871
227.000000	0	0.153891	0.024208	1.405494	0.069714
227.000000	1	1.476268	0.607915	3.350043	0.426057
227.250000	0	0.148548	0.009776	0.481765	0.047689
227.250000	1	1.491135	0.632155	2.858738	0.387343
227.500000	0	0.149835	0.008767	1.270256	0.062554
227.500000	1	1.499536	0.183782	4.615382	0.530566
227.750000	0	0.153949	0.008281	0.877990	0.062599
227.750000	1	1.413728	0.356746	3.031094	0.376134
228.000000	0	0.151293	0.023426	1.107018	0.066149
228.000000	1	1.387041	0.089863	2.725393	0.365534
228.250000	0	0.147701	0.035833	0.612406	0.051027
228.250000	1	1.463961	0.643090	2.430822	0.359510
228.500000	0	0.152740	0.033091	0.580281	0.052635
228.500000	1	1.593023	0.664485	3.443283	0.504814
228.750000	0	0.151214	0.027238	0.525920	0.050252
228.750000	1	1.411946	0.537878	2.615607	0.319549
229.000000	0	0.152803	0.020283	0.846031	0.059823
229.000000	1	1.417584	0.378390	2.996844	0.388849
229.250000	0	0.154316	0.020731	1.438557	0.070397
229.250000	1	1.484101	0.299024	3.097116	0.381463
229.500000	0	0.150405	0.019035	0.427196	0.046241
229.500000	1	1.508267	0.116051	3.677757	0.450884
229.750000	0	0.149024	0.013665	0.491925	0.046934
229.750000	1	1.438036	0.475358	2.399417	0.312850
230.000000	0	0.148427	0.025881	0.426654	0.047169
230.000000	1	1.415358	0.472785	2.541203	0.342041
230.250000	0	0.153237	0.015527	0.802233	0.060355
230.250000	1	1.459404	0.393045	3.575531	0.437954
230.500000	0	0.151325	0.010626	0.966573	0.063263
230.500000	1	1.445573	0.251027	2.799933	0.358174
230.750000	0	0.149358	0.013704	0.635376	0.054671
230.750000	1	1.457974	0.360865	3.621790	0.434159
231.000000	0	0.154242	0.021761	0.826262	0.060464
231.000000	1	1.506228	0.647185	3.291321	0.396538
231.250000	0	0.152705	0.020330	0.820865	0.059753
231.250000	1	1.476938	0.515564	2.774256	0.327532
231.500000	0	0.150982	0.031906	0.566313	0.047475
231.500000	1	1.438716	0.202899	3.259138	0.383202
231.750000	0	0.147432	0.001883	0.714618	0.049798
231.750000	1	1.496120	0.542327	2.652919	0.369757
232.000000	0	0.152972	0.028409	1.086407	0.058272
232.000000	1	1.477516	0.278173	2.546420	0.340509
232.250000	0	0.153038	0.025569	0.696993	0.056956
232.250000	1	1.438633	0.330575	2.879271	0.356911
232.500000	0	0.151502	0.014302	0.944555	0.065138
232.500000	1	1.503928	0.400499	5.429069	0.607884
232.750000	0	0.154239	0.020428	0.889372	0.061051
232.750000	1	1.486487	0.769017	3.144464	0.389857
233.000000	0	0.151441	0.024183	0.813717	0.049939
233.000000	1	1.495169	0.458467	3.116395	0.438712
233.250000	0	0.150287	0.012358	0.665939	0.050239
233.250000	1	1.467875	0.435861	2.849310	0.415796
233.500000	0	0.150026	0.021311	0.433895	0.045878
233.500000	1	1.467443	0.775391	3.578960	0.355116
233.750000	0	0.151577	0.012986	1.480881	0.073775
233.750000	1	1.496316	0.559517	3.244392	0.363272
234.000000	0	0.150403	0.013197	0.557081	0.050068
234.000000	1	1.437720	0.781279	2.906971	0.339050
234.250000	0	0.150522	0.019336	0.583274	0.053185
234.250000	1	1.482900	0.190445	3.109516	0.442256
234.500000	0	0.152038	0.007311	1.247683	0.070565
234.500000	1	1.570016	0.392736	4.040565	0.518685
234.750000	0	0.154786	0.024454	1.064239	0.066080
234.750000	1	1.492024	0.282930	2.776950	0.412260
235.000000	0	0.156678	0.033621	0.721505	0.061483
235.000000	1	1.424489	0.336492	2.520728	0.305580
235.250000	0	0.151422	0.010360	1.024883	0.060139
235.250000	1	1.534494	0.492524	3.412003	0.471893
235.500000	0	0.151997	0.005372	0.668747	0.058524
235.500000	1	1.458663	0.235895	3.112678	0.437850
235.750000	0	0.150308	0.022634	0.697904	0.046915
235.750000	1	1.443501	0.371899	3.331939	0.382284
236.000000	0	0.149233	0.014489	0.561428	0.051013
236.000000	1	1.494632	0.449140	2.849436	0.384805
236.250000	0	0.152871	0.010440	1.123390	0.080017
236.250000	1	1.417684	0.620457	2.797248	0.321870
236.500000	0	0.154622	0.013404	0.613767	0.055770
236.500000	1	1.481313	0.414849	3.594923	0.424868
236.750000	0	0.148919	0.002572	0.577334	0.048658
236.750000	1	1.470339	0.356231	3.689968	0.393968
237.000000	0	0.151005	0.027259	0.692735	0.050410
237.000000	1	1.458944	0.145403	3.240116	0.485573
237.250000	0	0.152420	0.007640	1.297489	0.063589
237.250000	1	1.497842	0.366642	3.596726	0.503858
237.500000	0	0.152984	0.020885	0.552879	0.054758
237.500000	1	1.450885	0.158670	3.480865	0.412714
237.750000	0	0.149951	0.018315	0.433727	0.046517
237.750000	1	1.506544	0.249274	2.771386	0.371186
238.000000	0	0.152900	0.001025	0.656431	0.053506
238.000000	1	1.431276	0.282372	3.562927	0.469228
238.250000	0	0.156031	0.024367	1.028196	0.074819
238.250000	1	1.407098	0.384322	2.544437	0.345216
238.500000	0	0.151448	0.021013	0.630527	0.054032
238.500000	1	1.456501	0.440343	2.787282	0.367961
238.750000	0	0.151658	0.017680	1.133358	0.069268
238.750000	1	1.454699	0.040996	2.656097	0.414751
239.000000	0	0.153911	0.007584	0.830675	0.069408
239.000000	1	1.473813	0.303351	3.054907	0.387083
239.250000	0	0.151836	0.018825	1.036651	0.065597
239.250000	1	1.491957	0.366684	2.662720	0.398238
239.500000	0	0.152466	0.016705	0.448814	0.046489
239.500000	1	1.395063	0.377968	2.738867	0.331971
239.750000	0	0.153001	0.024994	0.905069	0.060933
239.750000	1	1.469608	0.536098	3.573637	0.397525
240.000000	0	0.149679	0.019523	0.595523	0.047563
240.000000	1	1.503366	0.347085	2.907599	0.363391
240.250000	0	0.147763	0.004379	0.614799	0.046775
240.250000	1	1.405741	0.396024	2.881168	0.335979
240.500000	0	0.151511	0.020600	0.666452	0.055949
240.500000	1	1.509193	0.337547	3.168188	0.432780
240.750000	0	0.150228	0.016406	0.623265	0.047374
240.750000	1	1.463848	0.223434	2.568464	0.302407
241.000000	0	0.147586	0.019148	0.496266	0.046114
241.000000	1	1.542026	0.597269	4.372969	0.446518
241.250000	0	0.151188	0.010389	0.528087	0.052362
241.250000	1	1.470503	0.392489	3.398664	0.427238
241.500000	0	0.149254	0.021573	0.770068	0.054933
241.500000	1	1.515521	0.342248	2.933505	0.365977
241.750000	0	0.152225	0.004775	0.775349	0.050809
241.750000	1	1.452733	0.572112	2.737705	0.340591
242.000000	0	0.156665	0.011271	1.029569	0.083529
242.000000	1	1.445911	0.296992	2.842514	0.438392
242.250000	0	0.155507	0.018221	1.053884	0.071946
242.250000	1	1.408428	0.520493	2.831523	0.364776
242.500000	0	0.152545	0.012109	0.828178	0.065151
242.500000	1	1.467425	0.335342	2.763997	0.388132
242.750000	0	0.154063	0.021106	1.288668	0.069708
242.750000	1	1.417036	0.361203	2.744680	0.361375
243.000000	0	0.148911	0.016575	1.004291	0.057912
243.000000	1	1.552259	0.179380	10.890758	1.103040
243.250000	0	0.152360	0.012406	0.752277	0.053498
243.250000	1	1.500615	0.361587	3.853923	0.454738
243.500000	0	0.151140	0.036276	0.833385	0.057139
243.500000	1	1.513647	0.447812	3.344924	0.439883
243.750000	0	0.153880	0.023165	0.862852	0.072241
243.750000	1	1.457022	0.120251	2.959193	0.399489
244.000000	0	0.153582	0.021718	0.981853	0.065439
244.000000	1	1.400699	0.470546	3.112097	0.372994
244.250000	0	0.152903	0.014253	0.705485	0.058142
244.250000	1	1.506829	0.677823	4.246612	0.511781
244.500000	0	0.149528	0.007151	0.795773	0.052794
244.500000	1	1.394224	0.181421	3.240617	0.445560
244.750000	0	0.154205	0.005250	1.405445	0.078962
244.750000	1	1.463320	0.137346	2.623959	0.413271
245.000000	0	0.154384	0.008975	1.079758	0.067188
245.000000	1	1.508687	0.420293	3.017658	0.405062
245.250000	0	0.148384	0.012680	0.568333	0.048129
245.250000	1	1.482344	0.426335	3.711354	0.381104
245.500000	0	0.149830	0.032267	0.576353	0.047556
245.500000	1	1.477463	0.120689	2.971974	0.447455
245.750000	0	0.153149	0.005576	0.960085	0.063060
245.750000	1	1.483214	0.697601	2.690430	0.314184
246.000000	0	0.152190	0.013165	0.873545	0.059879
246.000000	1	1.454934	0.669996	2.772471	0.374360
246.250000	0	0.151749	0.024639	1.490390	0.076254
246.250000	1	1.477349	0.491944	3.009919	0.379426
246.500000	0	0.151286	0.007499	1.259282	0.061173
246.500000	1	1.477500	0.653108	3.108463	0.337303
246.750000	0	0.148745	0.029996	0.452941	0.045844
246.750000	1	1.479936	0.454081	2.658678	0.341629
247.000000	0	0.148377	0.015410	0.784327	0.055062
247.000000	1	1.396742	0.275003	2.499276	0.323593
247.250000	0	0.148782	0.004158	0.653916	0.050590
247.250000	1	1.430553	0.527467	2.528189	0.313834
247.500000	0	0.155322	0.018398	1.288326	0.066899
247.500000	1	1.547070	0.222539	3.247079	0.488790
247.750000	0	0.152005	0.016999	0.522920	0.057124
247.750000	1	1.462107	0.468971	2.731507	0.379766
248.000000	0	0.157230	0.046387	1.007421	0.071586
248.000000	1	1.443840	0.150004	3.105421	0.457676
248.250000	0	0.155002	0.021454	0.977114	0.069942
248.250000	1	1.487920	0.475219	3.523964	0.400656
248.500000	0	0.152429	0.023743	0.981000	0.061554
248.500000	1	1.448721	0.333441	2.481951	0.319445
248.750000	0	0.151961	0.020370	0.704780	0.051146
248.750000	1	1.443830	0.176097	2.567308	0.380302
249.000000	0	0.151778	0.030061	0.895192	0.058142
249.000000	1	1.443106	0.253828	3.127969	0.436404
249.250000	0	0.149830	0.011608	0.453941	0.047193
249.250000	1	1.532665	0.142471	3.216474	0.408753
249.500000	0	0.149453	0.024928	0.713016	0.050362
249.500000	1	1.449508	0.523819	2.539427	0.286558
249.750000	0	0.149905	0.009895	0.631865	0.053640
249.750000	1	1.403169	0.307363	2.157989	0.267511
250.000000	0	0.153128	0.028159	1.008114	0.062798
250.000000	1	1.512554	0.390533	2.893862	0.352937
250.250000	0	0.153787	0.025967	0.837643	0.062844
250.250000	1	1.483868	0.098105	3.606665	0.419743
250.500000	0	0.149592	0.012393	1.228804	0.063657
250.500000	1	1.479698	0.541175	2.862101	0.382098
250.750000	0	0.147825	0.006801	1.042658	0.059582
250.750000	1	1.409616	0.027930	3.376451	0.379413
251.000000	0	0.150161	0.010906	0.675989	0.050400
251.000000	1	1.493354	0.317516	2.914079	0.404564
251.250000	0	0.147250	0.013367	0.935474	0.059859
251.250000	1	1.505007	0.377659	2.675689	0.388694
251.500000	0	0.150061	0.011340	0.685152	0.055102
251.500000	1	1.547529	0.494114	4.119453	0.451952
251.750000	0	0.153322	0.003171	0.930556	0.068025
251.750000	1	1.399318	0.285973	2.751619	0.388976
252.000000	0	0.149879	0.002299	0.941196	0.061946
252.000000	1	1.470204	0.364410	3.584025	0.440196
252.250000	0	0.151044	0.034051	0.824878	0.060127
252.250000	1	1.460194	0.386683	2.736490	0.392574
252.500000	0	0.153129	0.014458	0.609714	0.052598
252.500000	1	1.502455	0.313225	3.517328	0.473510
252.750000	0	0.149602	0.004016	0.594355	0.052081
252.750000	1	1.458714	0.367575	2.907836	0.436966
253.000000	0	0.151153	0.021309	0.420903	0.044853
253.000000	1	1.441025	0.435408	3.183997	0.342804
253.250000	0	0.149717	0.003734	1.182712	0.073870
253.250000	1	1.429182	0.223681	3.209660	0.364940
253.500000	0	0.151270	0.010800	0.744232	0.054795
253.500000	1	1.478742	0.257268	2.797436	0.393566
253.750000	0	0.154901	0.002771	0.779047	0.064591
253.750000	1	1.441134	0.145170	2.835707	0.345337
254.000000	0	0.156728	0.014103	1.262518	0.078871
254.000000	1	1.509473	0.372074	2.912269	0.425155
254.250000	0	0.150806	0.003611	1.248597	0.066782
254.250000	1	1.475924	0.204583	3.650694	0.434852
254.500000	0	0.150257	0.008930	0.576333	0.046925
254.500000	1	1.434025	0.009960	3.184473	0.388583
254.750000	0	0.152548	0.015308	1.051522	0.063547
254.750000	1	1.541434	0.245499	4.089906	0.541787
255.000000	0	0.151030	0.005912	0.440171	0.050506
255.000000	1	1.439572	0.652177	2.868301	0.377242
255.250000	0	0.153995	0.007776	0.981310	0.069661
255.250000	1	1.491280	0.157165	2.909256	0.372145
255.500000	0	0.153941	0.022841	0.827236	0.058602
255.500000	1	1.402874	0.455798	2.625742	0.362711
255.750000	0	0.150616	0.024589	0.689329	0.050928
255.750000	1	1.479154	0.187082	3.356285	0.426294
256.000000	0	0.152459	0.020510	1.008602	0.062430
256.000000	1	1.426170	0.513208	3.010818	0.341084
256.250000	0	0.152348	0.010095	0.759577	0.051716
256.250000	1	1.482525	0.239549	3.310082	0.421987
256.500000	0	0.151519	0.013255	0.685979	0.052343
256.500000	1	1.493906	0.311921	3.105267	0.358781
256.750000	0	0.153058	0.030267	0.685139	0.062598
256.750000	1	1.432958	0.632210	2.583135	0.297685
257.000000	0	0.152088	0.026004	0.954181	0.067777
257.000000	1	1.486787	0.695270	2.558108	0.342361
257.250000	0	0.153295	0.028954	1.170346	0.064852
257.250000	1	1.471491	0.740245	2.611092	0.317852
257.500000	0	0.152656	0.019855	0.981108	0.067763
257.500000	1	1.467893	0.100750	2.756541	0.332917
257.750000	0	0.149594	0.016288	0.511151	0.047382
257.750000	1	1.384163	0.716397	2.655991	0.267634
258.000000	0	0.154694	0.007446	0.986459	0.063082
258.000000	1	1.466728	0.645052	3.182178	0.398484
258.250000	0	0.151958	0.021944	1.033796	0.064675
258.250000	1	1.425860	0.284852	3.221030	0.405482
258.500000	0	0.148689	0.012307	0.675896	0.055695
258.500000	1	1.450670	0.015927	2.726917	0.378233
258.750000	0	0.150149	0.004350	0.906665	0.053044
258.750000	1	1.548162	0.613488	4.399408	0.443171
259.000000	0	0.149465	0.004722	0.825664	0.052892
259.000000	1	1.452918	0.647327	3.952460	0.348524
259.250000	0	0.152441	0.020233	0.874572	0.063892
259.250000	1	1.425838	0.337422	3.121210	0.351103
259.500000	0	0.152714	0.010228	0.799048	0.059231
259.500000	1	1.455145	0.317979	2.861090	0.350119
259.750000	0	0.152644	0.025042	1.143976	0.058236
259.750000	1	1.509460	0.500548	2.928430	0.319616
260.000000	0	0.153055	0.018549	0.769451	0.054837
260.000000	1	1.503375	0.191070	3.380708	0.386877
260.250000	0	0.149843	0.024555	0.703379	0.052105
260.250000	1	1.477397	0.345037	3.104771	0.384582
260.500000	0	0.151471	0.019714	0.763697	0.057286
260.500000	1	1.438555	0.514643	3.477677	0.380487
260.750000	0	0.152359	0.013060	0.754461	0.056030
260.750000	1	1.449977	0.197356	2.622145	0.398674
261.000000	0	0.150858	0.020159	0.575161	0.047011
261.000000	1	1.390748	0.304919	3.198603	0.365774
261.250000	0	0.149051	0.009580	0.977613	0.057094
261.250000	1	1.448226	0.367465	3.094222	0.402876
261.500000	0	0.152554	0.020071	1.027362	0.067570
261.500000	1	1.427778	0.147128	2.777401	0.384685
261.750000	0	0.151207	0.010426	0.595799	0.052921
261.750000	1	1.558998	0.281092	7.477369	0.751849
262.000000	0	0.150297	0.018343	0.644959	0.049796
262.000000	1	1.505677	0.425180	3.343224	0.443288
262.250000	0	0.149368	0.022086	1.232147	0.065876
262.250000	1	1.559834	0.893341	3.662009	0.393777
262.500000	0	0.151619	0.013161	0.955328	0.066079
262.500000	1	1.501586	0.872853	4.179544	0.433729
262.750000	0	0.150556	0.011438	0.609968	0.051112
262.750000	1	1.542908	0.819371	5.912227	0.610509
263.000000	0	0.150861	0.029268	0.857271	0.053509
263.000000	1	1.439889	0.671420	2.527620	0.290126
263.250000	0	0.152052	0.015790	0.745213	0.051027
263.250000	1	1.391266	0.384841	2.593222	0.294470
263.500000	0	0.149424	0.021122	0.718847	0.054245
263.500000	1	1.423516	0.333785	2.975880	0.356903
263.750000	0	0.152069	0.020864	0.677886	0.058512
263.750000	1	1.513558	0.856108	3.933502	0.391300
264.000000	0	0.151515	0.021455	0.815396	0.058416
264.000000	1	1.452393	0.282571	2.951899	0.373932
264.250000	0	0.149645	0.039133	0.672402	0.052760
264.250000	1	1.343256	0.315560	2.067291	0.323277
264.500000	0	0.155765	0.027468	1.359029	0.071843
264.500000	1	1.409726	0.585141	2.857872	0.327764
264.750000	0	0.155752	0.009291	1.196362	0.078490
264.750000	1	1.490916	0.606792	2.468126	0.352495
265.000000	0	0.149533	0.017604	0.718636	0.054506
265.000000	1	1.402784	0.215246	2.506136	0.341800
265.250000	0	0.152373	0.013497	1.408184	0.077658
265.250000	1	1.501134	0.587820	2.582078	0.419759
265.500000	0	0.148443	0.029669	0.410103	0.042279
265.500000	1	1.432197	0.426387	3.667515	0.439632
265.750000	0	0.149588	0.006130	1.043100	0.064958
265.750000	1	1.503479	0.525035	2.943164	0.374647
266.000000	0	0.152607	0.017540	0.560730	0.053536
266.000000	1	1.458028	0.202021	3.046989	0.413589
266.250000	0	0.150955	0.016061	0.565609	0.051826
266.250000	1	1.506518	0.502933	4.674865	0.504119
266.500000	0	0.155649	0.016119	1.057392	0.075976
266.500000	1	1.455670	0.480430	3.292008	0.384639
266.750000	0	0.157283	0.017951	1.669574	0.081688
266.750000	1	1.395902	0.223900	2.664349	0.404166
267.000000	0	0.155877	0.013634	1.169124	0.078436
267.000000	1	1.514095	0.681575	3.641646	0.413475
267.250000	0	0.152149	0.025413	0.704826	0.057032
267.250000	1	1.360666	0.354035	2.155258	0.301561
267.500000	0	0.153332	0.021345	1.055042	0.063456
267.500000	1	1.445880	0.067626	3.908331	0.492574
267.750000	0	0.150303	0.007932	0.596984	0.048418
267.750000	1	1.493286	0.361155	3.327094	0.387024
268.000000	0	0.151464	0.022884	1.370646	0.063402
268.000000	1	1.496062	0.244542	3.355647	0.493763
268.250000	0	0.149245	0.019503	0.659638	0.053429
268.250000	1	1.524506	0.601831	2.971875	0.405798
268.500000	0	0.154174	0.013981	1.026342	0.067387
268.500000	1	1.524355	0.793938	3.894483	0.468352
268.750000	0	0.151293	0.002711	1.349975	0.069680
268.750000	1	1.510254	0.341956	2.898466	0.346509
269.000000	0	0.149558	0.018654	0.855480	0.053444
269.000000	1	1.434098	0.245234	2.816583	0.372522
269.250000	0	0.150862	0.008237	1.105126	0.060891
269.250000	1	1.467984	0.437238	2.310619	0.267040
269.500000	0	0.152845	0.020791	0.564256	0.053071
269.500000	1	1.450854	0.163966	3.274086	0.410237
269.750000	0	0.149884	0.023180	0.957240	0.055400
269.750000	1	1.475039	0.659549	3.046762	0.334786
270.000000	0	0.149195	0.001718	0.462763	0.048744
270.000000	1	1.488108	0.476310	3.279765	0.392169
270.250000	0	0.151802	0.018784	1.368947	0.067928
270.250000	1	1.438248	0.612236	2.405413	0.283494
270.500000	0	0.153225	0.014237	0.583280	0.055728
270.500000	1	1.533601	0.692137	3.159215	0.334939
270.750000	0	0.149910	0.016097	0.898769	0.053545
270.750000	1	1.431795	0.134696	2.863694	0.413266
271.000000	0	0.149630	0.015706	0.877274	0.059221
271.000000	1	1.476618	0.435080	3.243773	0.469429
271.250000	0	0.148098	0.027836	0.394326	0.043108
271.250000	1	1.428637	0.387316	3.188075	0.362111
271.500000	0	0.148939	0.029519	0.556451	0.045770
271.500000	1	1.573960	0.378357	5.240428	0.615166
271.750000	0	0.151530	0.006777	0.762001	0.058340
271.750000	1	1.451755	0.316927	3.268623	0.404266
272.000000	0	0.154645	0.025877	0.809578	0.067697
272.000000	1	1.481169	0.495754	2.724510	0.359263
272.250000	0	0.157810	0.034631	0.996611	0.070345
272.250000	1	1.475749	0.367752	3.954358	0.459669
272.500000	0	0.152019	0.009848	1.018691	0.065522
272.500000	1	1.479726	0.025414	3.205853	0.450958
272.750000	0	0.154401	0.011585	0.883128	0.062260
272.750000	1	1.509310	0.388438	3.177139	0.445285
273.000000	0	0.152664	0.020952	1.418064	0.069612
273.000000	1	1.452896	0.216874	3.115280	0.396421
273.250000	0	0.152499	0.029079	1.260984	0.077700
273.250000	1	1.436135	0.345130	3.227588	0.409145
273.500000	0	0.152270	0.011417	0.640785	0.053581
273.500000	1	1.470067	0.349863	3.052801	0.410729
273.750000	0	0.151300	0.015312	0.837057	0.061220
273.750000	1	1.525648	0.316855	2.954566	0.429160
274.000000	0	0.153547	0.005986	0.645094	0.058170
274.000000	1	1.478756	0.253871	3.141261	0.462983
274.250000	0	0.150994	0.017604	1.771662	0.076989
274.250000	1	1.489055	0.027596	3.342123	0.473322
274.500000	0	0.147279	0.021679	0.467058	0.044752
274.500000	1	1.437678	0.352761	2.762726	0.347322
274.750000	0	0.150998	0.012411	0.643237	0.052164
274.750000	1	1.505603	0.052603	3.573164	0.475818
275.000000	0	0.152321	0.010223	0.935307	0.057968
275.000000	1	1.438324	0.495958	3.003541	0.399046
275.250000	0	0.155907	0.009976	1.144725	0.073853
275.250000	1	1.407397	0.610728	3.666816	0.419385
275.500000	0	0.151754	0.005861	0.627275	0.048701
275.500000	1	1.499500	0.090219	2.948562	0.419882
275.750000	0	0.150556	0.001837	1.041236	0.060652
275.750000	1	1.483229	0.363954	2.937850	0.412811
276.000000	0	0.150127	0.003777	1.187587	0.068056
276.000000	1	1.468743	0.075995	2.535636	0.317881
276.250000	0	0.150045	0.019757	0.603233	0.044747
276.250000	1	1.447298	0.462133	3.200830	0.385398
276.500000	0	0.151401	0.006930	0.802570	0.054466
276.500000	1	1.515075	0.436951	2.845364	0.420121
276.750000	0	0.152629	0.014551	0.985797	0.061279
276.750000	1	1.457115	0.287738	3.402495	0.456605
277.000000	0	0.154126	0.012067	1.149194	0.064017
277.000000	1	1.528439	0.634729	3.010885	0.383063
277.250000	0	0.156423	0.004590	1.154392	0.071651
277.250000	1	1.442998	0.155820	2.820269	0.414161
277.500000	0	0.151544	0.018019	1.010090	0.056902
277.500000	1	1.409858	0.629640	2.663148	0.315429
277.750000	0	0.155362	0.032659	0.983898	0.069788
277.750000	1	1.421059	0.146554	2.720227	0.360500
278.000000	0	0.151525	0.026800	0.761976	0.054403
278.000000	1	1.416372	0.362419	4.928669	0.504958
278.250000	0	0.153978	0.021079	2.102645	0.090771
278.250000	1	1.463025	0.570764	3.027632	0.385810
278.500000	0	0.152484	0.002405	0.724392	0.057496
278.500000	1	1.563783	0.612761	4.322311	0.593390
278.750000	0	0.153787	0.008891	0.723264	0.057731
278.750000	1	1.491180	0.437285	3.719576	0.396581
279.000000	0	0.155619	0.014557	1.036657	0.081633
279.000000	1	1.456246	0.760599	3.057013	0.324751
279.250000	0	0.153077	0.021774	1.834869	0.081415
279.250000	1	1.422352	0.554472	2.629208	0.304650
279.500000	0	0.154871	0.037392	1.556163	0.082485
279.500000	1	1.472478	0.395104	2.900327	0.433838
279.750000	0	0.151028	0.007090	0.849886	0.055472
279.750000	1	1.469389	0.342515	2.837607	0.379472
280.000000	0	0.150591	0.006392	0.455451	0.046956
280.000000	1	1.509323	0.409228	3.030534	0.444770
280.250000	0	0.148894	0.022919	0.528160	0.047380
280.250000	1	1.440155	0.624940	2.788663	0.327370
280.500000	0	0.151561	0.018001	0.589672	0.049937
280.500000	1	1.488047	0.539566	2.629349	0.327921
280.750000	0	0.148685	0.017762	0.445468	0.043950
280.750000	1	1.481933	0.723216	4.007668	0.417725
281.000000	0	0.150805	0.009742	0.621063	0.053057
281.000000	1	1.486266	0.285268	8.753958	0.946084
281.250000	0	0.149603	0.013260	0.710003	0.051879
281.250000	1	1.462284	0.516147	2.778936	0.411107
281.500000	0	0.146705	0.032565	0.375673	0.041164
281.500000	1	1.418053	0.540492	3.046167	0.347865
281.750000	0	0.152721	0.007551	0.616721	0.052661
281.750000	1	1.474027	0.715819	2.704734	0.345162
282.000000	0	0.150864	0.010575	0.766257	0.052749
282.000000	1	1.397259	0.426298	2.929139	0.364832
282.250000	0	0.149517	0.012269	0.699466	0.053774
282.250000	1	1.466315	0.393904	4.175240	0.433424
282.500000	0	0.152890	0.008120	0.990117	0.058281
282.500000	1	1.401449	0.235107	2.410492	0.349995
282.750000	0	0.150076	0.008136	1.119955	0.060884
282.750000	1	1.445320	0.436903	2.502820	0.398102
283.000000	0	0.151831	0.016704	0.647087	0.056729
283.000000	1	1.430156	0.206523	3.022897	0.444385
283.250000	0	0.152853	0.037809	0.679022	0.054028
283.250000	1	1.416796	0.253639	3.026558	0.403963
283.500000	0	0.152384	0.038980	0.759928	0.059497
283.500000	1	1.511636	0.441091	3.891067	0.465870
283.750000	0	0.151497	0.006101	0.604982	0.052904
283.750000	1	1.452591	0.601918	2.487939	0.296779
284.000000	0	0.152136	0.022206	0.949337	0.064398
284.000000	1	1.437405	0.501146	3.377102	0.382617
284.250000	0	0.150181	0.010608	0.572161	0.050278
284.250000	1	1.424902	0.479687	2.642340	0.324105
284.500000	0	0.148292	0.014700	0.423028	0.044739
284.500000	1	1.498139	0.183619	3.342439	0.457216
284.750000	0	0.152889	0.012506	0.936995	0.058998
284.750000	1	1.446270	0.705397	2.696494	0.335158
285.000000	0	0.151406	0.022892	0.978538	0.065563
285.000000	1	1.422368	0.421485	2.578186	0.345419
285.250000	0	0.150169	0.019418	1.978220	0.083362
285.250000	1	1.447395	0.390728	2.621581	0.270066
285.500000	0	0.151871	0.009225	0.829585	0.059713
285.500000	1	1.478729	0.375926	3.719072	0.414165
285.750000	0	0.148542	0.007290	0.423332	0.042994
285.750000	1	1.471347	0.436028	3.331439	0.404872
286.000000	0	0.153915	0.033393	1.106996	0.064341
286.000000	1	1.549850	0.546806	4.634825	0.543547
286.250000	0	0.146918	0.009787	0.764798	0.051301
286.250000	1	1.408060	0.594447	2.678076	0.321124
286.500000	0	0.150007	0.027494	0.831117	0.052968
286.500000	1	1.493565	0.386050	3.740238	0.534423
286.750000	0	0.151558	0.013006	0.932422	0.060757
286.750000	1	1.524353	0.795953	3.537657	0.455395
287.000000	0	0.148525	0.026791	0.728906	0.050794
287.000000	1	1.475992	0.573086	2.590709	0.292369
287.250000	0	0.156485	0.017543	1.447074	0.072327
287.250000	1	1.501873	0.565098	3.296295	0.376472
287.500000	0	0.147533	0.002872	0.405348	0.041776
287.500000	1	1.447939	0.580146	3.377501	0.359258
287.750000	0	0.147595	0.018388	0.878042	0.054641
287.750000	1	1.456941	0.536025	3.421382	0.337069
288.000000	0	0.152855	0.035013	1.102022	0.058075
288.000000	1	1.444863	0.234516	2.923666	0.396020
288.250000	0	0.150061	0.034770	0.665567	0.053880
288.250000	1	1.422958	0.293027	2.711693	0.392627
288.500000	0	0.148476	0.006101	0.509471	0.048079
288.500000	1	1.487873	0.596777	3.633487	0.425709
288.750000	0	0.153633	0.003929	0.994325	0.066219
288.750000	1	1.523561	0.608627	3.382246	0.443963
289.000000	0	0.150953	0.001837	0.578782	0.051549
289.000000	1	1.576239	0.432699	6.352398	0.641129
289.250000	0	0.151155	0.018871	0.832333	0.059034
289.250000	1	1.445918	0.516690	2.794370	0.345019
289.500000	0	0.150772	0.017103	0.620443	0.051305
289.500000	1	1.488206	0.253998	3.285501	0.415032
289.750000	0	0.149815	0.013846	0.722347	0.054313
289.750000	1	1.505159	0.730086	3.308779	0.390593
290.000000	0	0.150401	0.020099	1.334369	0.072488
290.000000	1	1.475814	0.146721	3.518786	0.458215
290.250000	0	0.150322	0.029315	0.545334	0.044763
290.250000	1	1.506383	0.222443	3.382074	0.433044
290.500000	0	0.150033	0.017974	0.729607	0.051422
290.500000	1	1.509540	0.456492	2.870376	0.413178
290.750000	0	0.150465	0.014649	0.487084	0.044054
290.750000	1	1.540967	0.910852	3.056728	0.398171
291.000000	0	0.148746	0.012530	0.945610	0.054545
291.000000	1	1.418544	0.211523	2.966728	0.347963
291.250000	0	0.146089	0.007940	0.413390	0.042127
291.250000	1	1.460029	0.278037	2.708070	0.394902
291.500000	0	0.151462	0.028271	0.943114	0.057605
291.500000	1	1.510932	0.121031	3.424794	0.435912
291.750000	0	0.147736	0.012581	0.362646	0.041070
291.750000	1	1.455219	0.660196	3.462844	0.394763
292.000000	0	0.150661	0.016893	0.810943	0.050637
292.000000	1	1.465196	0.218659	3.286645	0.440316
292.250000	0	0.150337	0.023784	0.778557	0.057755
292.250000	1	1.495885	0.295016	2.937228	0.388818
292.500000	0	0.147750	0.013681	0.910294	0.053426
292.500000	1	1.499626	0.414319	3.229126	0.408401
292.750000	0	0.149614	0.013153	0.589036	0.049198
292.750000	1	1.438535	0.438772	3.146555	0.389680
293.000000	0	0.152587	0.013355	0.867439	0.059219
293.000000	1	1.509038	0.231211	3.501633	0.446527
293.250000	0	0.150529	0.008607	0.746841	0.054711
293.250000	1	1.461854	0.276289	2.768221	0.391043
293.500000	0	0.149620	0.016948	0.603172	0.049432
293.500000	1	1.388520	0.275550	2.442676	0.298952
293.750000	0	0.153624	0.024121	1.207112	0.066178
293.750000	1	1.501431	0.174598	3.136568	0.463677
294.000000	0	0.148598	0.003577	0.679890	0.051971
294.000000	1	1.457559	0.408511	3.087422	0.439719
294.250000	0	0.148227	0.005816	0.612458	0.045884
294.250000	1	1.445968	0.243992	3.198335	0.426433
294.500000	0	0.150838	0.016985	0.450689	0.051637
294.500000	1	1.440381	0.176699	2.664010	0.433721
294.750000	0	0.151859	0.011691	0.810146	0.056344
294.750000	1	1.473573	0.324716	2.839123	0.421196
295.000000	0	0.150636	0.036958	0.823693	0.058541
295.000000	1	1.461060	0.324494	2.826249	0.440062
295.250000	0	0.152488	0.011762	0.777952	0.056650
295.250000	1	1.430011	0.330500	2.391238	0.330986
295.500000	0	0.151502	0.037199	0.608835	0.051841
295.500000	1	1.493457	0.411436	3.097077	0.466665
295.750000	0	0.150129	0.011370	0.934044	0.061333
295.750000	1	1.511044	0.759358	3.475838	0.393887
296.000000	0	0.149065	0.003960	0.656241	0.050519
296.000000	1	1.526540	0.572236	3.522350	0.407115
296.250000	0	0.153714	0.044703	0.772371	0.057034
296.250000	1	1.472049	0.397719	3.174438	0.417642
296.500000	0	0.153329	0.025581	1.088765	0.064654
296.500000	1	1.419754	0.610975	2.534401	0.294614
296.750000	0	0.153579	0.022800	1.369396	0.068146
296.750000	1	1.494763	0.439843	3.182145	0.419083
297.000000	0	0.153690	0.030854	0.998833	0.070505
297.000000	1	1.555058	0.256155	3.401656	0.451577
297.250000	0	0.151555	0.027826	0.676868	0.056825
297.250000	1	1.507442	0.768966	3.996423	0.395439
297.500000	0	0.151397	0.021197	0.757767	0.051450
297.500000	1	1.446021	0.192356	2.661004	0.363569
297.750000	0	0.152426	0.020532	0.626021	0.053656
297.750000	1	1.424002	0.241600	3.123261	0.416211
298.000000	0	0.148702	0.006942	0.782701	0.053197
298.000000	1	1.486634	0.064512	3.734486	0.458137
298.250000	0	0.151387	0.024405	1.792821	0.079874
298.250000	1	1.532726	0.536125	3.950311	0.501874
298.500000	0	0.154075	0.026866	0.840452	0.063630
298.500000	1	1.466952	0.514165	3.414274	0.400540
298.750000	0	0.149956	0.017940	0.595114	0.050118
298.750000	1	1.463551	0.373947	3.126804	0.347016
299.000000	0	0.148001	0.008676	0.455231	0.045033
299.000000	1	1.487245	0.731880	3.066967	0.347552
299.250000	0	0.151086	0.005171	0.637816	0.050555
299.250000	1	1.520781	0.764669	3.152332	0.393773
299.500000	0	0.148943	0.012658	0.507059	0.047383
299.500000	1	1.437558	0.019664	2.388481	0.340810
299.750000	0	0.147981	0.024428	0.686802	0.052097
299.750000	1	1.451230	0.817199	3.101378	0.325762
300.000000	0	0.148513	0.013555	0.823682	0.052576
300.000000	1	1.424203	0.033080	3.236645	0.341974
300.250000	0	0.152953	0.024763	0.926298	0.068677
300.250000	1	1.425643	0.269952	2.918519	0.386295
300.500000	0	0.152509	0.024071	0.773004	0.059193
300.500000	1	1.464675	0.560668	3.123226	0.385346
300.750000	0	0.151861	0.018651	0.754026	0.058372
300.750000	1	1.506890	0.371244	2.986875	0.384040
301.000000	0	0.151195	0.011086	0.866846	0.054816
301.000000	1	1.437486	0.333819	2.980593	0.389731
301.250000	0	0.150143	0.039537	0.755611	0.051494
301.250000	1	1.408232	0.457101	3.150840	0.443080
301.500000	0	0.151074	0.009858	0.528138	0.053751
301.500000	1	1.479500	0.513236	3.014409	0.421257
301.750000	0	0.154347	0.018408	2.944473	0.122525
301.750000	1	1.461569	0.118709	5.288478	0.556117
302.000000	0	0.151568	0.022656	0.662818	0.058024
302.000000	1	1.459620	0.650694	3.603707	0.350661
302.250000	0	0.151293	0.017302	1.252464	0.076118
302.250000	1	1.466074	0.496603	2.671211	0.305616
302.500000	0	0.152833	0.010066	1.013904	0.068383
302.500000	1	1.431657	0.528056	2.831476	0.329633
302.750000	0	0.149387	0.014063	0.560149	0.052588
302.750000	1	1.472254	0.534129	2.878516	0.344946
303.000000	0	0.150175	0.025472	1.176115	0.060972
303.000000	1	1.487440	0.627580	2.714313	0.391335
303.250000	0	0.155819	0.009084	0.777549	0.066441
303.250000	1	1.409309	0.176711	3.782379	0.443278
303.500000	0	0.152571	0.014654	0.554616	0.053056
303.500000	1	1.442721	0.317595	2.364989	0.346406
303.750000	0	0.150951	0.012691	0.714738	0.056978
303.750000	1	1.472039	0.453669	2.868348	0.321571
304.000000	0	0.149733	0.014000	0.728931	0.047711
304.000000	1	1.441302	0.910394	2.860736	0.297174
304.250000	0	0.149916	0.017190	0.395328	0.042693
304.250000	1	1.473041	0.436193	3.193100	0.401122
304.500000	0	0.154901	0.001974	1.253201	0.069995
304.500000	1	1.452929	0.251891	2.918674	0.409939
304.750000	0	0.152189	0.014393	1.067513	0.068561
304.750000	1	1.479819	0.516865	2.892873	0.368516
305.000000	0	0.151902	0.004732	0.600028	0.051253
305.000000	1	1.438940	0.029353	3.543157	0.417903
305.250000	0	0.153039	0.009507	1.103540	0.070377
305.250000	1	1.506821	0.136987	2.644720	0.363993
305.500000	0	0.153711	0.034807	0.599801	0.046040
305.500000	1	1.416264	0.393117	2.678246	0.341909
305.750000	0	0.150126	0.013173	0.781494	0.058877
305.750000	1	1.468665	0.470780	3.816166	0.424051
306.000000	0	0.150794	0.011976	1.034884	0.059061
306.000000	1	1.453617	0.277680	3.019722	0.422598
306.250000	0	0.150342	0.018458	0.566212	0.050051
306.250000	1	1.491704	0.574427	3.183551	0.379041
306.500000	0	0.153378	0.032142	0.850055	0.057256
306.500000	1	1.502885	0.419572	2.918060	0.385177
306.750000	0	0.148723	0.006666	0.601025	0.042279
306.750000	1	1.475718	0.367869	3.327683	0.392281
307.000000	0	0.150621	0.027234	0.598891	0.043992
307.000000	1	1.473541	0.429576	3.119593	0.378967
307.250000	0	0.150052	0.005053	2.481606	0.098099
307.250000	1	1.488587	0.262305	3.768406	0.532522
307.500000	0	0.151392	0.013043	0.780950	0.055696
307.500000	1	1.500631	0.566486	3.222889	0.440113
307.750000	0	0.149711	0.011761	0.644246	0.044904
307.750000	1	1.460758	0.638246	3.148975	0.374133
308.000000	0	0.147290	0.016591	0.644729	0.042115
308.000000	1	1.530867	0.370964	7.162431	0.724926
308.250000	0	0.153356	0.019278	0.897552	0.058552
308.250000	1	1.513681	0.611319	3.819509	0.498926
308.500000	0	0.151072	0.022923	0.966605	0.071116
308.500000	1	1.418406	0.662988	3.296334	0.391454
308.750000	0	0.151094	0.013149	0.517250	0.054891
308.750000	1	1.457489	0.662941	2.883193	0.356170
309.000000	0	0.151011	0.010002	1.000894	0.062052
309.000000	1	1.447758	0.364631	2.918375	0.381025
309.250000	0	0.151567	0.038110	0.807130	0.058985
309.250000	1	1.439885	0.471538	3.165903	0.388649
309.500000	0	0.153630	0.009624	0.677871	0.062775
309.500000	1	1.433801	0.468016	3.286335	0.462601
309.750000	0	0.152042	0.013526	0.790161	0.066102
309.750000	1	1.463410	0.376326	3.039382	0.394999
310.000000	0	0.150869	0.016698	0.650940	0.051392
310.000000	1	1.471327	0.732290	2.604895	0.315598
310.250000	0	0.150881	0.009911	0.571376	0.052717
310.250000	1	1.417219	0.421658	2.836651	0.378006
310.500000	0	0.151287	0.008851	0.529566	0.054915
310.500000	1	1.448045	0.636165	4.222714	0.438105
310.750000	0	0.150601	0.014066	0.723143	0.061458
310.750000	1	1.529566	0.415231	3.660222	0.475663
311.000000	0	0.150861	0.009843	0.646944	0.049178
311.000000	1	1.471931	0.438275	3.929595	0.467183
311.250000	0	0.151546	0.005054	0.551373	0.053229
311.250000	1	1.489833	0.571924	2.602937	0.318299
311.500000	0	0.148220	0.018683	0.933023	0.056159
311.500000	1	1.381186	0.239854	2.527127	0.361726
311.750000	0	0.154083	0.001213	0.850342	0.058930
311.750000	1	1.500438	0.327480	2.846122	0.433199
312.000000	0	0.152096	0.010441	0.900736	0.059461
312.000000	1	1.561407	0.480276	3.074484	0.404441
312.250000	0	0.146036	0.004645	0.426137	0.046555
312.250000	1	1.476984	0.391953	2.709926	0.380839
312.500000	0	0.151122	0.015496	1.022924	0.064914
312.500000	1	1.447213	0.106147	2.491030	0.337367
312.750000	0	0.151292	0.018242	0.590151	0.050698
312.750000	1	1.399565	0.263229	2.902473	0.400413
313.000000	0	0.152235	0.013742	1.042932	0.063511
313.000000	1	1.524581	0.681422	3.946961	0.477347
313.250000	0	0.152858	0.014524	1.002474	0.055797
313.250000	1	1.525314	0.337672	3.303910	0.409213
313.500000	0	0.148321	0.006772	0.517839	0.047319
313.500000	1	1.482465	0.610040	3.708528	0.389554
313.750000	0	0.150449	0.024166	0.866788	0.058924
313.750000	1	1.377272	0.371767	2.846445	0.322708
314.000000	0	0.149754	0.014705	1.117078	0.061220
314.000000	1	1.491367	0.162740	3.905923	0.457992
314.250000	0	0.150644	0.004563	0.969687	0.060852
314.250000	1	1.459749	0.295888	3.075880	0.389948
314.500000	0	0.152500	0.019671	0.612004	0.057114
314.500000	1	1.486218	0.392828	2.876244	0.394807
314.750000	0	0.157482	0.016109	1.079460	0.075012
314.750000	1	1.527993	0.327432	2.911775	0.413118
315.000000	0	0.149860	0.014011	0.566085	0.054067
315.000000	1	1.435515	0.366228	2.261447	0.291469
315.250000	0	0.151825	0.024069	0.649426	0.054811
315.250000	1	1.460673	0.132124	3.467742	0.412506
315.500000	0	0.152119	0.032360	1.303747	0.064900
315.500000	1	1.460281	0.402059	2.986729	0.366341
315.750000	0	0.151314	0.007840	1.196311	0.060857
315.750000	1	1.495349	0.104540	3.034093	0.427376
316.000000	0	0.149345	0.030651	0.532190	0.049057
316.000000	1	1.407231	0.657984	2.339426	0.249773
316.250000	0	0.146542	0.021017	0.438018	0.044436
316.250000	1	1.454826	0.236768	2.797654	0.432439
316.500000	0	0.146996	0.022370	0.504235	0.044368
316.500000	1	1.535154	0.422642	3.305070	0.437123
316.750000	0	0.150380	0.030224	0.708577	0.054363
316.750000	1	1.446581	0.432880	2.873363	0.421418
317.000000	0	0.149403	0.018796	1.075837	0.059130
317.000000	1	1.451827	0.455552	2.642458	0.343568
317.250000	0	0.148599	0.012276	0.624238	0.052177
317.250000	1	1.491360	0.326884	3.210760	0.408671
317.500000	0	0.153905	0.013684	1.115456	0.071017
317.500000	1	1.484576	0.739620	2.622682	0.331990
317.750000	0	0.154162	0.011501	0.987047	0.075961
317.750000	1	1.521796	0.419748	4.453525	0.552205
318.000000	0	0.150680	0.019174	0.803238	0.054677
318.000000	1	1.525860	0.153144	2.877381	0.447128
318.250000	0	0.152780	0.012050	0.821406	0.057394
318.250000	1	1.528908	0.133167	3.430300	0.503124
318.500000	0	0.147290	0.019188	0.807024	0.050849
318.500000	1	1.428097	0.186878	2.475201	0.355536
318.750000	0	0.154630	0.011107	0.779039	0.058867
318.750000	1	1.499440	0.139867	3.303206	0.448329
319.000000	0	0.148516	0.005367	0.941655	0.050463
319.000000	1	1.437747	0.337935	3.213441	0.395099
319.250000	0	0.149432	0.014866	0.596848	0.052958
319.250000	1	1.396035	0.282163	2.296788	0.308476
319.500000	0	0.152567	0.027498	0.896734	0.060201
319.500000	1	1.470414	0.140938	6.313134	0.618628
319.750000	0	0.153431	0.012944	0.946430	0.063464
319.750000	1	1.476179	0.467067	3.077036	0.451155
320.000000	0	0.150291	0.016388	0.804967	0.059316
320.000000	1	1.451397	0.309288	3.011047	0.407266
320.250000	0	0.151210	0.003357	0.708239	0.057285
320.250000	1	1.473951	0.421328	3.525932	0.402185
320.500000	0	0.150531	0.023257	0.731161	0.053372
320.500000	1	1.446922	0.276959	2.873126	0.355156
320.750000	0	0.157161	0.000450	1.009326	0.066751
320.750000	1	1.401028	0.146428	3.565828	0.402783
321.000000	0	0.152745	0.007769	0.949746	0.068084
321.000000	1	1.474760	0.631465	3.095053	0.377483
321.250000	0	0.151930	0.004683	0.559355	0.053178
321.250000	1	1.452885	0.451894	3.449067	0.419732
321.500000	0	0.151172	0.020545	0.633009	0.054876
321.500000	1	1.444326	0.563554	2.403264	0.334202
321.750000	0	0.149441	0.008312	0.707273	0.049988
321.750000	1	1.409347	0.180017	2.705858	0.385198
322.000000	0	0.150566	0.000841	0.649228	0.052242
322.000000	1	1.448537	0.461141	2.757228	0.369093
322.250000	0	0.149681	0.010022	0.825412	0.049469
322.250000	1	1.426411	0.337154	4.532751	0.487464
322.500000	0	0.153481	0.003670	1.709190	0.077591
322.500000	1	1.648614	0.626260	11.495903	1.262505
322.750000	0	0.153193	0.020655	0.649518	0.054585
322.750000	1	1.499174	0.473438	2.737383	0.330906
323.000000	0	0.153793	0.029975	0.913854	0.058190
323.000000	1	1.473071	0.716985	3.194586	0.360280
323.250000	0	0.153599	0.020845	0.848129	0.060188
323.250000	1	1.434812	0.099201	2.235708	0.314165
323.500000	0	0.150493	0.011551	0.700458	0.049768
323.500000	1	1.476311	0.449196	3.062917	0.397945
323.750000	0	0.152658	0.007108	0.611001	0.058325
323.750000	1	1.543214	0.826996	5.128414	0.516142
324.000000	0	0.153196	0.006037	0.621898	0.052767
324.000000	1	1.517334	0.215115	2.870279	0.389505
324.250000	0	0.150144	0.018066	0.578872	0.053017
324.250000	1	1.476034	0.550285	3.201449	0.399292
324.500000	0	0.149805	0.006815	0.992475	0.056097
324.500000	1	1.446475	0.635424	2.974921	0.330333
324.750000	0	0.152191	0.004891	1.044813	0.065175
324.750000	1	1.453510	0.554744	2.726832	0.350025
325.000000	0	0.154260	0.016635	1.419115	0.077137
325.000000	1	1.460747	0.417175	2.959969	0.387451
325.250000	0	0.151735	0.003003	1.192898	0.072853
325.250000	1	1.465782	0.546324	2.736107	0.350416
325.500000	0	0.148826	0.022152	1.112427	0.067300
325.500000	1	1.432397	0.316227	2.513285	0.415166
325.750000	0	0.151590	0.020398	0.778819	0.052801
325.750000	1	1.421172	0.182248	2.730861	0.392124
326.000000	0	0.158070	0.011360	1.200042	0.078443
326.000000	1	1.453750	0.331714	3.287876	0.376480
326.250000	0	0.149423	0.011385	0.844880	0.055586
326.250000	1	1.521617	0.394000	3.560225	0.474798
326.500000	0	0.153130	0.015849	0.685362	0.056391
326.500000	1	1.412119	0.316176	2.741412	0.351473
326.750000	0	0.153677	0.007021	0.469505	0.051916
326.750000	1	1.463679	0.278461	2.784688	0.417653
327.000000	0	0.151584	0.006629	0.831789	0.058804
327.000000	1	1.466515	0.212472	3.102001	0.392825
327.250000	0	0.152047	0.020578	1.053561	0.065860
327.250000	1	1.464245	0.354668	3.196250	0.360540
327.500000	0	0.150811	0.011231	0.694441	0.050660
327.500000	1	1.495965	0.540949	3.959993	0.413825
327.750000	0	0.149942	0.003979	0.683609	0.053951
327.750000	1	1.442465	0.070174	2.637660	0.334276
328.000000	0	0.148705	0.031649	0.435106	0.043970
328.000000	1	1.430373	0.477320	3.210953	0.360917
328.250000	0	0.147601	0.033303	0.476779	0.045775
328.250000	1	1.482915	0.300525	2.751969	0.402729
328.500000	0	0.150925	0.017062	0.914723	0.056587
328.500000	1	1.549544	0.475949	5.055642	0.611172
328.750000	0	0.151854	0.013404	0.802675	0.061303
328.750000	1	1.391899	0.339964	2.298182	0.296529
329.000000	0	0.149478	0.012186	0.732780	0.049619
329.000000	1	1.486112	0.487450	2.868788	0.420101
329.250000	0	0.149284	0.013573	0.551474	0.048563
329.250000	1	1.538496	0.640923	3.387791	0.433335
329.500000	0	0.148925	0.010025	0.634802	0.049754
329.500000	1	1.410648	0.061275	3.231789	0.413643
329.750000	0	0.151107	0.018514	0.679619	0.049273
329.750000	1	1.492225	0.310391	3.708860	0.433175
330.000000	0	0.146565	0.008595	0.411721	0.042506
330.000000	1	1.444019	0.143195	3.198987	0.410699
330.250000	0	0.152399	0.010920	0.913770	0.055255
330.250000	1	1.522914	0.361951	3.945379	0.513996
330.500000	0	0.146315	0.016604	0.332192	0.040153
330.500000	1	1.470248	0.209214	2.745509	0.376250
330.750000	0	0.152454	0.021448	0.939328	0.062156
330.750000	1	1.507019	0.844825	3.181485	0.396922
331.000000	0	0.153397	0.012195	0.959360	0.063453
331.000000	1	1.470810	0.245555	2.682059	0.399149
331.250000	0	0.149963	0.010069	0.715801	0.056133
331.250000	1	1.546711	0.308067	4.203428	0.482951
331.500000	0	0.150102	0.022118	1.017704	0.053255
331.500000	1	1.482013	0.559037	3.386656	0.427797
331.750000	0	0.154244	0.026064	1.019838	0.064740
331.750000	1	1.473874	0.666537	2.657049	0.314225
332.000000	0	0.149509	0.014790	1.004728	0.052542
332.000000	1	1.495444	0.391828	2.893861	0.443576
332.250000	0	0.150872	0.005030	0.893127	0.059844
332.250000	1	1.395358	0.313806	2.961489	0.381675
332.500000	0	0.149667	0.023585	0.904852	0.057607
332.500000	1	1.490327	0.161565	3.215437	0.418013
332.750000	0	0.153783	0.032265	0.602415	0.051918
332.750000	1	1.426344	0.565877	2.574163	0.305628
333.000000	0	0.150073	0.013174	0.918140	0.058392
333.000000	1	1.460814	0.343659	3.377071	0.389077
333.250000	0	0.156316	0.002804	0.664198	0.056030
333.250000	1	1.456039	0.324409	2.971481	0.401409
333.500000	0	0.154169	0.033810	0.838946	0.060167
333.500000	1	1.473199	0.531534	2.761686	0.356578
333.750000	0	0.154691	0.018031	0.670222	0.058435
333.750000	1	1.479481	0.297508	2.697933	0.360631
334.000000	0	0.148422	0.020195	0.632990	0.052028
334.000000	1	1.492186	0.171957	2.987634	0.399978
334.250000	0	0.148331	0.021499	0.937912	0.061058
334.250000	1	1.445294	0.812067	2.608686	0.274305
334.500000	0	0.149556	0.006545	0.554682	0.048966
334.500000	1	1.453453	0.074332	3.220372	0.432161
334.750000	0	0.150506	0.030236	0.820972	0.051825
334.750000	1	1.415870	0.369194	3.308517	0.369309
335.000000	0	0.150104	0.006507	0.698160	0.053211
335.000000	1	1.477113	0.609154	2.755411	0.358553
335.250000	0	0.153114	0.007838	0.702828	0.056088
335.250000	1	1.481875	0.577881	2.672493	0.348961
335.500000	0	0.152383	0.000849	1.379058	0.071128
335.500000	1	1.438562	0.295579	2.586577	0.307980
335.750000	0	0.153406	0.022336	0.916153	0.060814
335.750000	1	1.515533	0.507022	3.362690	0.409626
336.000000	0	0.151212	0.019379	0.630490	0.050737
336.000000	1	1.462102	0.654278	3.198082	0.352755
336.250000	0	0.150562	0.006355	0.588579	0.051688
336.250000	1	1.396270	0.675346	2.090599	0.258954
336.500000	0	0.150942	0.011911	0.585410	0.052222
336.500000	1	1.493123	0.065910	3.118218	0.482493
336.750000	0	0.151439	0.008432	0.477880	0.051501
336.750000	1	1.473126	0.291413	3.334910	0.436159
337.000000	0	0.150383	0.019932	0.548538	0.051244
337.000000	1	1.420567	0.282789	3.229780	0.371180
337.250000	0	0.149543	0.019292	0.544996	0.045762
337.250000	1	1.477138	0.554431	2.647607	0.350542
337.500000	0	0.148845	0.011742	0.498914	0.045794
337.500000	1	1.437076	0.160269	3.199703	0.373136
337.750000	0	0.148417	0.017243	0.856248	0.052623
337.750000	1	1.445932	0.092629	2.844557	0.368817
338.000000	0	0.147073	0.003188	0.586091	0.046914
338.000000	1	1.438728	0.008438	2.735999	0.293915
338.250000	0	0.150374	0.019173	0.690326	0.053988
338.250000	1	1.450898	0.474782	2.838751	0.330908
338.500000	0	0.148260	0.011482	0.580395	0.050820
338.500000	1	1.484188	0.479987	2.998333	0.394513
338.750000	0	0.149810	0.014089	0.473797	0.046178
338.750000	1	1.507644	0.713104	3.104148	0.370170
339.000000	0	0.152388	0.014675	0.829709	0.058071
339.000000	1	1.465004	0.554437	3.747941	0.354728
339.250000	0	0.153119	0.009200	1.068333	0.063830
339.250000	1	1.411863	0.212205	2.807035	0.369220
339.500000	0	0.150732	0.010321	0.882415	0.064588
339.500000	1	1.547564	0.551756	3.133153	0.454755
339.750000	0	0.153487	0.019129	1.099923	0.063259
339.750000	1	1.417320	0.421348	2.305871	0.329049
340.000000	0	0.154654	0.027624	0.950478	0.061671
340.000000	1	1.397358	0.050394	3.225825	0.390519
340.250000	0	0.156605	0.028036	1.287628	0.075267
340.250000	1	1.469548	0.461351	2.839854	0.377009
340.500000	0	0.155027	0.002178	1.102455	0.071589
340.500000	1	1.446239	0.490056	3.108891	0.391400
340.750000	0	0.152362	0.009649	0.790844	0.054932
340.750000	1	1.449130	0.182161	2.625767	0.357450
341.000000	0	0.149916	0.015971	0.826163	0.058990
341.000000	1	1.453771	0.493236	3.280683	0.411921
341.250000	0	0.154284	0.009560	0.774475	0.059189
341.250000	1	1.440300	0.361065	3.569490	0.380050
341.500000	0	0.155955	0.017497	0.873874	0.066092
341.500000	1	1.475080	0.545580	2.621504	0.355984
341.750000	0	0.152372	0.011919	0.845300	0.057972
341.750000	1	1.471360	0.248967	2.510876	0.332214
342.000000	0	0.149655	0.009446	0.750416	0.053171
342.000000	1	1.454469	0.597749	2.419404	0.312116
342.250000	0	0.147915	0.019573	0.837873	0.051945
342.250000	1	1.487867	0.723743	2.715034	0.338917
342.500000	0	0.151306	0.021889	0.626132	0.056010
342.500000	1	1.477310	0.312094	2.992500	0.401203
342.750000	0	0.153580	0.018232	0.783541	0.057723
342.750000	1	1.485124	0.511223	2.419394	0.346296
343.000000	0	0.153247	0.024646	0.507358	0.052443
343.000000	1	1.542744	0.587477	3.874279	0.486028
343.250000	0	0.151389	0.018705	0.677093	0.049869
343.250000	1	1.450714	0.706638	3.177342	0.299812
343.500000	0	0.149491	0.015109	0.584501	0.051126
343.500000	1	1.458053	0.341696	3.329379	0.402770
343.750000	0	0.152766	0.004588	0.751303	0.053578
343.750000	1	1.461587	0.406838	2.320097	0.310788
344.000000	0	0.151510	0.014640	0.928000	0.055391
344.000000	1	1.461060	0.530479	3.037093	0.346870
344.250000	0	0.149746	0.005880	0.515217	0.046527
344.250000	1	1.404235	0.121675	2.517794	0.367014
344.500000	0	0.150151	0.017200	0.611101	0.046196
344.500000	1	1.550421	0.262823	5.354711	0.610859
344.750000	0	0.147375	0.013809	0.839890	0.050079
344.750000	1	1.545718	0.663419	7.879875	0.810201
345.000000	0	0.155632	0.033511	1.433249	0.076868
345.000000	1	1.390615	0.192956	2.362435	0.314995
345.250000	0	0.151345	0.022375	0.811271	0.056570
345.250000	1	1.506158	0.582958	2.844805	0.357207
345.500000	0	0.152669	0.022995	0.985082	0.064694
345.500000	1	1.485289	0.660407	2.951173	0.398054
345.750000	0	0.153541	0.016803	0.884145	0.064926
345.750000	1	1.465544	0.804937	3.207525	0.386611
346.000000	0	0.151531	0.009409	0.923295	0.054056
346.000000	1	1.462249	0.568783	2.755421	0.363022
346.250000	0	0.151903	0.021012	0.444711	0.046932
346.250000	1	1.418144	0.390199	2.781394	0.331664
346.500000	0	0.153899	0.018598	0.960620	0.067013
346.500000	1	1.493588	0.488797	2.679517	0.415831
346.750000	0	0.152010	0.016609	0.779115	0.058214
346.750000	1	1.439077	0.313739	2.604748	0.344640
347.000000	0	0.153096	0.026389	0.940310	0.062332
347.000000	1	1.442748	0.280037	2.651169	0.348737
347.250000	0	0.151751	0.016955	0.738175	0.050735
347.250000	1	1.432863	0.113986	2.498884	0.365225
347.500000	0	0.151393	0.018604	1.202035	0.063776
347.500000	1	1.456834	0.220500	2.774323	0.420560
347.750000	0	0.148707	0.011956	0.761515	0.056788
347.750000	1	1.490970	0.481111	3.631717	0.466605
348.000000	0	0.149399	0.014533	0.472423	0.046617
348.000000	1	1.511799	0.580815	4.196448	0.487095
348.250000	0	0.144976	0.012121	0.807525	0.049982
348.250000	1	1.457506	0.425766	3.372488	0.349093
348.500000	0	0.149888	0.008827	0.869636	0.055364
348.500000	1	1.478911	0.575425	3.271594	0.338945
348.750000	0	0.149301	0.014206	0.372857	0.043840
348.750000	1	1.498931	0.337720	3.574081	0.406935
349.000000	0	0.153636	0.014559	1.326010	0.081826
349.000000	1	1.365885	0.066989	2.639931	0.369842
349.250000	0	0.154781	0.017977	0.873572	0.060596
349.250000	1	1.489660	0.090986	3.451767	0.477080
349.500000	0	0.150010	0.012381	0.538299	0.051946
349.500000	1	1.555932	0.089248	7.653612	0.825395
349.750000	0	0.154578	0.007107	0.876379	0.065752
349.750000	1	1.468087	0.270257	4.638993	0.548745
350.000000	0	0.153683	0.026362	0.691109	0.055319
350.000000	1	1.445483	0.306877	2.983974	0.345313
350.250000	0	0.157555	0.017212	1.190673	0.077119
350.250000	1	1.377204	0.381557	2.711776	0.362544
350.500000	0	0.154112	0.020818	0.726174	0.065081
350.500000	1	1.485941	0.471691	3.259376	0.373553
350.750000	0	0.151153	0.021662	0.535802	0.051006
350.750000	1	1.445038	0.347976	2.825270	0.395668
351.000000	0	0.149928	0.016437	0.668439	0.049877
351.000000	1	1.436696	0.087892	2.858985	0.419085
351.250000	0	0.154188	0.020526	1.316520	0.074909
351.250000	1	1.443118	0.358773	2.798467	0.422293
351.500000	0	0.154753	0.005703	1.093934	0.069510
351.500000	1	1.464285	0.112991	2.661345	0.391736
351.750000	0	0.156591	0.038233	0.934454	0.070077
351.750000	1	1.445430	0.524157	3.080786	0.421980
352.000000	0	0.150835	0.012976	0.850342	0.059413
352.000000	1	1.454577	0.669943	3.464990	0.354931
352.250000	0	0.155488	0.010385	0.727879	0.058829
352.250000	1	1.396296	0.273622	2.745889	0.404373
352.500000	0	0.156232	0.012233	1.059684	0.068319
352.500000	1	1.545620	0.252739	3.024915	0.455614
352.750000	0	0.152505	0.022615	1.553178	0.080989
352.750000	1	1.504724	0.442289	3.289172	0.416231
353.000000	0	0.152480	0.009571	1.155373	0.061704
353.000000	1	1.475881	0.050479	3.530839	0.448384
353.250000	0	0.155109	0.005607	1.631196	0.087639
353.250000	1	1.418758	0.446000	2.799302	0.345616
353.500000	0	0.154760	0.021611	0.986214	0.065408
353.500000	1	1.461407	0.275896	2.752035	0.391469
353.750000	0	0.151159	0.022648	0.828493	0.061111
353.750000	1	1.522126	0.484063	2.912194	0.372950
354.000000	0	0.152919	0.020110	1.074568	0.064759
354.000000	1	1.459459	0.314502	2.428229	0.311995
354.250000	0	0.149088	0.030912	0.530374	0.050200
354.250000	1	1.414522	0.423302	2.648306	0.384220
354.500000	0	0.154680	0.020370	0.934154	0.071539
354.500000	1	1.502645	0.250234	3.025130	0.406375
354.750000	0	0.151418	0.016829	0.771811	0.057985
354.750000	1	1.472689	0.693982	3.418684	0.378313
355.000000	0	0.152634	0.024637	0.669262	0.056026
355.000000	1	1.481832	0.228823	2.824973	0.415612
355.250000	0	0.149946	0.024350	0.654738	0.047110
355.250000	1	1.426474	0.257799	4.200928	0.426857
355.500000	0	0.150217	0.027529	0.612516	0.047750
355.500000	1	1.488278	0.618130	3.318607	0.396391
355.750000	0	0.153422	0.023514	0.889716	0.059669
355.750000	1	1.443340	0.343554	2.794071	0.333627
356.000000	0	0.150790	0.013242	1.077172	0.065614
356.000000	1	1.379982	0.488499	2.394107	0.345673
356.250000	0	0.149739	0.022604	0.449470	0.044255
356.250000	1	1.525889	0.189886	3.309121	0.450401
356.500000	0	0.148874	0.013955	0.544958	0.051252
356.500000	1	1.579798	0.762070	7.624318	0.850996
356.750000	0	0.151104	0.005410	0.821520	0.053955
356.750000	1	1.591307	0.594952	10.387117	1.121783
357.000000	0	0.155461	0.022442	1.242442	0.080509
357.000000	1	1.493799	0.177453	3.785399	0.520950
357.250000	0	0.148243	0.009672	0.411001	0.044907
357.250000	1	1.508653	0.301080	2.908832	0.403629
357.500000	0	0.154192	0.006904	1.266012	0.072773
357.500000	1	1.557786	0.078313	4.346492	0.647427
357.750000	0	0.154495	0.006447	0.951807	0.069885
357.750000	1	1.531217	0.391461	4.774973	0.571906
358.000000	0	0.152559	0.019752	1.216438	0.064658
358.000000	1	1.541211	0.743810	2.734057	0.365798
358.250000	0	0.151846	0.020546	0.956550	0.058114
358.250000	1	1.452979	0.380850	2.691011	0.357600
358.500000	0	0.153854	0.032013	0.871322	0.059682
358.500000	1	1.460906	0.459096	3.361827	0.449963
358.750000	0	0.158230	0.015603	0.852009	0.079557
358.750000	1	1.466507	0.344959	2.966806	0.403238
359.000000	0	0.155028	0.009316	0.877962	0.065923
359.000000	1	1.400538	0.172483	2.621958	0.402065
359.250000	0	0.150219	0.012737	0.576194	0.052483
359.250000	1	1.489987	0.422629	6.272005	0.695135
359.500000	0	0.149934	0.008129	0.431160	0.047866
359.500000	1	1.482068	0.706349	3.123063	0.360673
359.750000	0	0.151484	0.004865	0.637768	0.060218
359.750000	1	1.436959	0.529467	2.259359	0.325642
360.000000	0	0.150773	0.002279	1.082206	0.064599
360.000000	1	1.539478	0.353325	5.163683	0.538476
360.250000	0	0.152832	0.021181	0.889783	0.062788
360.250000	1	1.495332	0.876660	3.267297	0.361637
360.500000	0	0.149991	0.022219	0.536683	0.047488
360.500000	1	1.410987	0.578524	2.248716	0.310003
360.750000	0	0.154670	0.011032	1.194103	0.072887
360.750000	1	1.411621	0.278272	2.715952	0.402338
361.000000	0	0.149920	0.015892	1.207842	0.058623
361.000000	1	1.422655	0.235761	3.254749	0.464701
361.250000	0	0.153449	0.003152	0.926288	0.073510
361.250000	1	1.484126	0.513507	3.022566	0.417975
361.500000	0	0.153652	0.001485	0.668799	0.057732
361.500000	1	1.460817	0.467929	3.109498	0.416233
361.750000	0	0.155352	0.004080	0.898739	0.063014
361.750000	1	1.458157	0.536791	3.523034	0.450764
362.000000	0	0.151842	0.020107	0.651284	0.058170
362.000000	1	1.409100	0.305778	2.694313	0.428668
362.250000	0	0.153464	0.004525	0.526531	0.059759
362.250000	1	1.550702	0.533460	3.681977	0.430140
362.500000	0	0.150875	0.019659	1.083283	0.057291
362.500000	1	1.502586	0.348590	2.768901	0.423579
362.750000	0	0.151907	0.024262	1.059163	0.057838
362.750000	1	1.500607	0.516209	2.854220	0.365760
363.000000	0	0.149456	0.007009	0.710663	0.056823
363.000000	1	1.458969	0.251612	3.037154	0.442661
363.250000	0	0.152629	0.015453	0.730562	0.053282
363.250000	1	1.471083	0.294762	4.712307	0.495682
363.500000	0	0.153682	0.020827	1.096754	0.067274
363.500000	1	1.475826	0.238471	3.179884	0.420191
363.750000	0	0.150761	0.003790	0.668582	0.054978
363.750000	1	1.492334	0.176118	2.618192	0.373398
364.000000	0	0.152486	0.031397	1.003571	0.064742
364.000000	1	1.502640	0.421482	3.030000	0.439278
364.250000	0	0.153544	0.032461	0.590820	0.055491
364.250000	1	1.460221	0.510884	3.453810	0.405432
364.500000	0	0.152176	0.042506	0.893139	0.057451
364.500000	1	1.486597	0.117865	3.000120	0.412333
364.750000	0	0.155292	0.036812	0.864277	0.059423
364.750000	1	1.462248	0.700254	3.167880	0.349354
365.000000	0	0.155291	0.023965	1.253718	0.067857
365.000000	1	1.428630	0.330668	2.943437	0.354261
365.250000	0	0.153413	0.020863	1.032088	0.071892
365.250000	1	1.457856	0.274734	3.509463	0.417746
365.500000	0	0.152158	0.015184	0.659681	0.054376
365.500000	1	1.481104	0.497653	5.461809	0.505825
365.750000	0	0.151683	0.010583	0.844670	0.064895
365.750000	1	1.416418	0.415009	2.626109	0.301392
366.000000	0	0.155484	0.006732	1.082088	0.071196
366.000000	1	1.430129	0.235231	3.140900	0.388365
366.250000	0	0.153429	0.017020	1.052110	0.071222
366.250000	1	1.417819	0.515428	2.856507	0.330121
366.500000	0	0.153285	0.014940	0.955670	0.067005
366.500000	1	1.462567	0.297061	3.334031	0.436771
366.750000	0	0.152603	0.016976	0.609134	0.051402
366.750000	1	1.487764	0.399475	3.227957	0.469629
367.000000	0	0.152819	0.033559	0.654768	0.054621
367.000000	1	1.487324	0.206314	3.819228	0.536711
367.250000	0	0.152131	0.025660	0.638253	0.056105
367.250000	1	1.536907	0.397952	3.797528	0.478859
367.500000	0	0.150868	0.014450	0.663125	0.056594
367.500000	1	1.500120	0.222925	2.653941	0.368425
367.750000	0	0.149735	0.017874	0.819401	0.051590
367.750000	1	1.361766	0.248942	3.124459	0.396089
368.000000	0	0.154177	0.015321	0.712423	0.064679
368.000000	1	1.535384	0.521486	3.572453	0.519375
368.250000	0	0.151173	0.004866	0.757318	0.062174
368.250000	1	1.512283	0.760833	2.925212	0.356816
368.500000	0	0.149484	0.011299	0.671183	0.050611
368.500000	1	1.517194	0.632435	4.049844	0.470051
368.750000	0	0.151884	0.019967	0.729495	0.056189
368.750000	1	1.492207	0.582086	2.732072	0.375765
369.000000	0	0.151772	0.023037	1.053535	0.066323
369.000000	1	1.537226	0.698518	3.754144	0.446139
369.250000	0	0.151262	0.017358	0.742708	0.058361
369.250000	1	1.437818	0.307732	3.239225	0.396715
369.500000	0	0.151429	0.015983	0.570044	0.049709
369.500000	1	1.486719	0.292325	4.855908	0.527642
369.750000	0	0.155469	0.026458	0.896004	0.065627
369.750000	1	1.488108	0.491118	3.143067	0.427244
370.000000	0	0.154086	0.019973	1.208284	0.066709
370.000000	1	1.485938	0.772864	2.763820	0.332624
370.250000	0	0.149542	0.017476	0.795738	0.050817
370.250000	1	1.428946	0.454801	3.012696	0.398584
370.500000	0	0.148809	0.043268	1.040459	0.054199
370.500000	1	1.460009	0.197379	3.465712	0.475986
370.750000	0	0.149122	0.003465	1.520840	0.072605
370.750000	1	1.524184	0.859371	3.157568	0.396364
371.000000	0	0.154377	0.016669	1.087897	0.073113
371.000000	1	1.444072	0.456400	2.505256	0.300891
371.250000	0	0.157278	0.018847	1.481308	0.074675
371.250000	1	1.533324	0.219687	6.189182	0.674457
371.500000	0	0.152921	0.014833	0.800915	0.061082
371.500000	1	1.426990	0.433496	2.777998	0.337289
371.750000	0	0.159649	0.026714	0.877472	0.073567
371.750000	1	1.460845	0.262728	2.854979	0.384352
372.000000	0	0.150798	0.018194	0.544369	0.051228
372.000000	1	1.492181	0.152620	3.389722	0.415612
372.250000	0	0.154300	0.011384	0.795915	0.058947
372.250000	1	1.454574	0.279070	2.593189	0.345448
372.500000	0	0.155435	0.022410	1.385695	0.077001
372.500000	1	1.461976	0.262400	3.031501	0.408375
372.750000	0	0.151186	0.015896	0.746901	0.057813
372.750000	1	1.441119	0.311768	3.434260	0.359341
373.000000	0	0.153106	0.013792	0.706226	0.058843
373.000000	1	1.421353	0.332884	2.355203	0.320211
373.250000	0	0.154291	0.027620	0.905361	0.067625
373.250000	1	1.438392	0.524755	2.743541	0.348223
373.500000	0	0.152963	0.028717	1.109600	0.076704
373.500000	1	1.415770	0.375810	3.365100	0.434558
373.750000	0	0.154787	0.008967	0.890366	0.066695
373.750000	1	1.462968	0.239410	3.503190	0.453910
374.000000	0	0.151432	0.013793	0.724290	0.062878
374.000000	1	1.429184	0.235291	3.191095	0.372451
374.250000	0	0.152928	0.020577	0.949198	0.065374
374.250000	1	1.488206	0.835442	2.959784	0.407051
374.500000	0	0.152534	0.006660	0.864198	0.064570
374.500000	1	1.427434	0.059443	3.644508	0.400897
374.750000	0	0.152270	0.014992	1.174861	0.065198
374.750000	1	1.489619	0.447175	2.776231	0.344209
375.000000	0	0.154822	0.019978	0.954468	0.068859
375.000000	1	1.450898	0.237448	2.657839	0.414535
375.250000	0	0.152274	0.006740	1.127930	0.064905
375.250000	1	1.494481	0.409067	3.594196	0.417605
375.500000	0	0.156392	0.034396	0.822364	0.064451
375.500000	1	1.481979	0.238826	2.717597	0.386809
375.750000	0	0.147296	0.006934	0.415824	0.043584
375.750000	1	1.421380	0.671800	3.158050	0.315470
376.000000	0	0.150646	0.020386	0.486274	0.044849
376.000000	1	1.431049	0.389996	2.035031	0.254667
376.250000	0	0.150816	0.018129	0.659305	0.052386
376.250000	1	1.445145	0.266766	2.860523	0.396097
376.500000	0	0.148513	0.014871	0.829918	0.054930
376.500000	1	1.522514	0.435397	2.976819	0.417930
376.750000	0	0.148595	0.034517	0.659698	0.053200
376.750000	1	1.441894	0.723931	3.243590	0.352611
377.000000	0	0.152617	0.016485	0.585516	0.052313
377.000000	1	1.472665	0.239775	2.951282	0.415513
377.250000	0	0.152817	0.021056	0.625227	0.054400
377.250000	1	1.463835	0.389588	2.480085	0.321961
377.500000	0	0.151675	0.002638	0.846959	0.055588
377.500000	1	1.436948	0.445012	2.469708	0.322614
377.750000	0	0.150617	0.012427	0.615428	0.049947
377.750000	1	1.411992	0.739561	3.198220	0.310281
378.000000	0	0.151490	0.004439	0.690801	0.055863
378.000000	1	1.430378	0.485235	2.837798	0.416590
378.250000	0	0.150504	0.013151	0.709530	0.056284
378.250000	1	1.459553	0.300320	3.783949	0.488872
378.500000	0	0.150313	0.012799	0.607159	0.051817
378.500000	1	1.515922	0.470202	2.986662	0.381266
378.750000	0	0.147474	0.013057	0.578187	0.047660
378.750000	1	1.501833	0.684849	2.983406	0.395836
379.000000	0	0.153344	0.021251	1.504590	0.074917
379.000000	1	1.446257	0.334020	2.846648	0.330877
379.250000	0	0.152079	0.032401	0.583775	0.051367
379.250000	1	1.480093	0.391933	3.143988	0.389266
379.500000	0	0.151029	0.019775	0.413425	0.048048
379.500000	1	1.429284	0.424400	2.351545	0.313243
379.750000	0	0.153186	0.012537	0.790815	0.064055
379.750000	1	1.557183	0.313436	4.898988	0.505697
380.000000	0	0.151378	0.003884	0.784612	0.058199
380.000000	1	1.528624	0.357625	2.847926	0.388082
380.250000	0	0.149195	0.023766	0.572900	0.048412
380.250000	1	1.955281	0.159589	37.434142	3.981141
380.500000	0	0.153759	0.023614	1.603101	0.077837
380.500000	1	1.510332	0.655291	3.456725	0.433051
380.750000	0	0.150108	0.011626	0.373058	0.043538
380.750000	1	1.498563	0.315630	2.945925	0.432471
381.000000	0	0.146741	0.008827	0.603453	0.051974
381.000000	1	1.458066	0.538574	3.051205	0.367444
381.250000	0	0.150881	0.006469	0.689712	0.048966
381.250000	1	1.431655	0.279689	2.914093	0.380130
381.500000	0	0.156184	0.014016	1.095478	0.069913
381.500000	1	1.479646	0.298259	2.554925	0.399325
381.750000	0	0.152625	0.008337	0.958513	0.058089
381.750000	1	1.501665	0.729417	3.694496	0.395013
382.000000	0	0.161609	0.033565	4.464988	0.172551
382.000000	1	1.444307	0.489614	4.686408	0.448758
382.250000	0	0.155776	0.006744	0.830633	0.057200
382.250000	1	1.491044	0.422620	2.861799	0.447106
382.500000	0	0.154040	0.013611	1.156251	0.076506
382.500000	1	1.477086	0.492907	3.139076	0.401889
382.750000	0	0.152282	0.016742	0.595071	0.052037
382.750000	1	1.417256	0.482715	2.530931	0.339334
383.000000	0	0.152136	0.009027	0.484734	0.047451
383.000000	1	1.396234	0.123012	2.896972	0.369684
383.250000	0	0.148306	0.014658	0.574990	0.047549
383.250000	1	1.459677	0.510994	3.679958	0.384144
383.500000	0	0.152185	0.012014	1.175066	0.068539
383.500000	1	1.499326	0.403488	2.804289	0.369886
383.750000	0	0.150921	0.012756	0.891883	0.058558
383.750000	1	1.434673	0.361675	3.162777	0.401607
384.000000	0	0.150604	0.019490	1.010249	0.056158
384.000000	1	1.523278	0.405787	4.758966	0.583643
384.250000	0	0.149183	0.019903	0.842308	0.058676
384.250000	1	1.470203	0.650077	3.034627	0.329056
384.500000	0	0.149077	0.017207	0.961483	0.059384
384.500000	1	1.536049	0.846841	3.297710	0.385629
384.750000	0	0.152391	0.009550	1.020534	0.059775
384.750000	1	1.510507	0.722652	5.083349	0.494557
385.000000	0	0.152464	0.018652	0.775994	0.053341
385.000000	1	1.486421	0.357369	3.112604	0.373252
385.250000	0	0.152269	0.012820	1.145585	0.074567
385.250000	1	1.448807	0.273300	3.695771	0.454500
385.500000	0	0.155075	0.022834	0.951529	0.071939
385.500000	1	1.495972	0.407374	3.191951	0.448456
385.750000	0	0.154672	0.018010	1.108538	0.062933
385.750000	1	1.435611	0.186041	2.613709	0.358683
386.000000	0	0.156478	0.007910	1.288738	0.083634
386.000000	1	1.462257	0.548693	2.954606	0.415004
386.250000	0	0.152026	0.003604	0.459854	0.052734
386.250000	1	1.507153	0.449131	3.377793	0.506863
386.500000	0	0.153639	0.009366	0.917450	0.066206
386.500000	1	1.446380	0.338144	3.037842	0.397398
386.750000	0	0.150745	0.022040	0.653901	0.053505
386.750000	1	1.453870	0.694845	2.960820	0.312479
387.000000	0	0.151644	0.015908	0.722239	0.053678
387.000000	1	1.414422	0.367418	2.362379	0.363342
387.250000	0	0.152394	0.026298	0.913019	0.060401
387.250000	1	1.391107	0.533846	2.167716	0.269346
387.500000	0	0.150579	0.018744	0.583411	0.050318
387.500000	1	1.483645	0.443160	2.994191	0.407991
387.750000	0	0.149896	0.017670	1.291881	0.061615
387.750000	1	1.439366	0.138807	2.736914	0.320515
388.000000	0	0.151177	0.021893	0.999248	0.060693
388.000000	1	1.463920	0.643193	3.342803	0.370806
388.250000	0	0.150319	0.004516	0.925689	0.060388
388.250000	1	1.446072	0.153570	3.069473	0.393587
388.500000	0	0.147661	0.023053	1.093944	0.056603
388.500000	1	1.476102	0.351254	4.163441	0.398570
388.750000	0	0.150065	0.014776	0.768042	0.052025
388.750000	1	1.442346	0.440503	2.991365	0.358021
389.000000	0	0.151489	0.013650	0.481256	0.047893
389.000000	1	1.446452	0.469699	2.579044	0.297313
389.250000	0	0.151470	0.020170	0.865311	0.055879
389.250000	1	1.493773	0.436490	3.375714	0.400859
389.500000	0	0.149394	0.016591	0.679366	0.053719
389.500000	1	1.457828	0.334227	2.974397	0.382424
389.750000	0	0.151019	0.026899	0.755211	0.054327
389.750000	1	1.538272	0.495509	3.289175	0.483126
390.000000	0	0.152468	0.031127	0.642631	0.054677
390.000000	1	1.495800	0.313820	2.409828	0.362549
390.250000	0	0.149990	0.032938	0.787803	0.050917
390.250000	1	1.408443	0.346293	2.539093	0.354538
390.500000	0	0.150515	0.010736	0.850569	0.049948
390.500000	1	1.511553	0.694260	4.177706	0.467792
390.750000	0	0.152862	0.018699	0.978349	0.064014
390.750000	1	1.479779	0.167789	2.487330	0.326077
391.000000	0	0.151077	0.006353	0.764650	0.056620
391.000000	1	1.431474	0.724674	2.543574	0.296728
391.250000	0	0.149450	0.019152	0.560643	0.048700
391.250000	1	1.510855	0.472514	2.969445	0.372304
391.500000	0	0.153422	0.017967	0.739928	0.057698
391.500000	1	1.420020	0.172962	2.617809	0.385049
391.750000	0	0.151327	0.017299	0.559406	0.050236
391.750000	1	1.417921	0.321827	2.896486	0.354071
392.000000	0	0.152561	0.028212	0.800225	0.059787
392.000000	1	1.491838	0.398108	2.718550	0.418500
392.250000	0	0.153857	0.017871	0.864606	0.063172
392.250000	1	1.527362	0.927397	4.198223	0.466518
392.500000	0	0.154385	0.028601	0.975621	0.066496
392.500000	1	1.458094	0.328195	3.364525	0.392966
392.750000	0	0.154738	0.019654	1.183790	0.070173
392.750000	1	1.468678	0.315395	2.928095	0.431806
393.000000	0	0.155189	0.016745	1.002007	0.068104
393.000000	1	1.452681	0.471834	3.532814	0.373832
393.250000	0	0.155729	0.028547	0.967226	0.074439
393.250000	1	1.448728	0.412060	3.022187	0.442673
393.500000	0	0.153005	0.017735	0.812113	0.057695
393.500000	1	1.499485	0.130859	2.670466	0.411957
393.750000	0	0.149205	0.009188	0.935641	0.064583
393.750000	1	1.467870	0.441624	2.996937	0.341471
394.000000	0	0.152856	0.002119	0.534380	0.053523
394.000000	1	1.443040	0.470310	3.566903	0.436444
394.250000	0	0.153341	0.010833	1.077555	0.061360
394.250000	1	1.450422	0.265745	3.248287	0.490188
394.500000	0	0.149799	0.015564	0.884559	0.054011
394.500000	1	1.580828	0.534092	3.551219	0.508377
394.750000	0	0.149840	0.019628	0.746343	0.054395
394.750000	1	1.529150	0.686034	2.869232	0.382152
395.000000	0	0.156592	0.012091	1.017361	0.073185
395.000000	1	1.458844	0.507916	2.635083	0.336108
395.250000	0	0.150595	0.016881	0.979537	0.054556
395.250000	1	1.473791	0.386896	3.189020	0.360351
395.500000	0	0.151623	0.021531	0.806117	0.060527
395.500000	1	1.607028	0.638107	4.878711	0.602069
395.750000	0	0.148341	0.024993	0.619760	0.050296
395.750000	1	1.433601	0.062191	3.758635	0.446204
396.000000	0	0.151710	0.008013	1.032001	0.057109
396.000000	1	1.448297	0.413544	2.448864	0.386528
396.250000	0	0.147388	0.013619	0.805952	0.050634
396.250000	1	1.511830	0.633877	3.235279	0.376390
396.500000	0	0.152835	0.007368	0.929730	0.061459
396.500000	1	1.410166	0.520739	2.656949	0.371462
396.750000	0	0.150798	0.017355	0.936287	0.062046
396.750000	1	1.535182	0.522950	3.671252	0.519589
397.000000	0	0.155835	0.013112	0.940213	0.074116
397.000000	1	1.556990	0.552569	5.252159	0.523824
397.250000	0	0.151588	0.014823	0.526773	0.052410
397.250000	1	1.489237	0.502451	3.127915	0.406911
397.500000	0	0.153076	0.005515	1.258725	0.069201
397.500000	1	1.505922	0.564213	2.605975	0.345092
397.750000	0	0.148760	0.028335	0.606229	0.046073
397.750000	1	1.477577	0.258540	3.067999	0.427152
398.000000	0	0.152327	0.017150	1.323716	0.067864
398.000000	1	1.469318	0.251082	3.497937	0.408729
398.250000	0	0.149485	0.010599	0.622959	0.048482
398.250000	1	1.373942	0.118329	2.722217	0.368602
398.500000	0	0.148690	0.015809	0.670247	0.048423
398.500000	1	1.437080	0.153123	2.693427	0.402365
398.750000	0	0.151380	0.012390	1.113122	0.072353
398.750000	1	1.447309	0.480629	2.872263	0.396321
399.000000	0	0.150345	0.019204	0.860427	0.056058
399.000000	1	1.506937	0.587744	3.325361	0.402154
399.250000	0	0.152556	0.008684	0.519884	0.048153
399.250000	1	1.508409	0.582092	2.542595	0.308832
399.500000	0	0.146529	0.018717	0.968337	0.055599
399.500000	1	1.452435	0.342574	3.319777	0.329485
399.750000	0	0.149038	0.019836	0.515625	0.046214
399.750000	1	1.494148	0.719386	3.047678	0.322686
400.000000	0	0.151437	0.016218	0.864100	0.055725
400.000000	1	1.455291	0.543207	3.145923	0.388337
400.250000	0	0.150673	0.022504	0.790742	0.057259
400.250000	1	1.488132	0.104107	2.773741	0.447625
400.500000	0	0.149645	0.042207	0.408768	0.044061
400.500000	1	1.564169	0.519164	4.363393	0.609405
400.750000	0	0.154365	0.016592	1.073206	0.074250
400.750000	1	1.415492	0.237853	2.764046	0.373881
401.000000	0	0.150833	0.030325	0.430069	0.044449
401.000000	1	1.468445	0.258710	2.987453	0.338955
401.250000	0	0.152858	0.021163	0.614240	0.052301
401.250000	1	1.430548	0.703255	2.432143	0.321598
401.500000	0	0.151796	0.019316	1.283779	0.067751
401.500000	1	1.438588	0.222399	3.468314	0.478919
401.750000	0	0.150398	0.018528	1.070067	0.061014
401.750000	1	1.434847	0.502216	2.738538	0.333641
402.000000	0	0.155792	0.019422	0.889633	0.065582
402.000000	1	1.478001	0.499071	3.119849	0.467307
402.250000	0	0.155543	0.031796	1.247582	0.078974
402.250000	1	1.527763	0.318054	2.580947	0.388908
402.500000	0	0.152219	0.022262	0.698497	0.057678
402.500000	1	1.476239	0.547310	3.870171	0.447741
402.750000	0	0.153475	0.024231	0.733855	0.053357
402.750000	1	1.460929	0.583897	2.660848	0.341417
403.000000	0	0.153178	0.013983	1.166189	0.062426
403.000000	1	1.496563	0.352689	3.459188	0.448006
403.250000	0	0.149352	0.021554	0.475001	0.049219
403.250000	1	1.541563	0.471851	4.160344	0.507001
403.500000	0	0.150284	0.005672	0.700552	0.057973
403.500000	1	1.487961	0.196719	3.785182	0.440033
403.750000	0	0.154553	0.018433	0.927733	0.064387
403.750000	1	1.479247	0.278978	2.663672	0.370916
404.000000	0	0.152276	0.019664	0.867838	0.070544
404.000000	1	1.457579	0.222308	2.424676	0.413706
404.250000	0	0.152488	0.028878	0.779499	0.056485
404.250000	1	1.462441	0.091282	2.756000	0.405936
404.500000	0	0.153195	0.024906	0.651118	0.050181
404.500000	1	1.402035	0.484199	3.221140	0.336835
404.750000	0	0.152089	0.033263	1.085724	0.066008
404.750000	1	1.428097	0.236048	2.448444	0.375703
405.000000	0	0.152870	0.013684	1.539306	0.071989
405.000000	1	1.442461	0.487916	3.494041	0.372718
405.250000	0	0.156123	0.000510	1.055969	0.070589
405.250000	1	1.477222	0.469428	2.682224	0.338745
405.500000	0	0.151950	0.017027	0.686619	0.049478
405.500000	1	1.447524	0.476104	2.457593	0.306122
405.750000	0	0.151023	0.004549	1.243229	0.061883
405.750000	1	1.420350	0.565416	3.109687	0.340113
406.000000	0	0.149745	0.017514	0.852760	0.056818
406.000000	1	1.474316	0.381625	3.056318	0.477990
406.250000	0	0.150517	0.020320	0.531520	0.050818
406.250000	1	1.482880	0.536914	3.906794	0.490101
406.500000	0	0.154295	0.033267	1.106311	0.071216
406.500000	1	1.500280	0.377441	2.944950	0.412669
406.750000	0	0.154482	0.018740	0.721083	0.057579
406.750000	1	1.448414	0.525312	2.895329	0.349696
407.000000	0	0.150174	0.022446	1.007537	0.061911
407.000000	1	1.472065	0.743096	2.686041	0.341815
407.250000	0	0.150478	0.006930	0.867844	0.052976
407.250000	1	1.438193	0.113600	2.618504	0.366838
407.500000	0	0.148246	0.027651	0.741180	0.054231
407.500000	1	1.413957	0.111070	2.594673	0.314423
407.750000	0	0.155424	0.004389	0.873550	0.067349
407.750000	1	1.422026	0.234325	2.425449	0.324055
408.000000	0	0.150965	0.032978	0.706524	0.053720
408.000000	1	1.488255	0.581018	2.685034	0.366548
408.250000	0	0.153007	0.020123	1.134359	0.072821
408.250000	1	1.482879	0.082627	2.910838	0.432732
408.500000	0	0.149026	0.032645	0.557491	0.048641
408.500000	1	1.502747	0.394571	2.679116	0.400601
408.750000	0	0.151010	0.025683	0.824668	0.058301
408.750000	1	1.482672	0.811854	2.804247	0.320145
409.000000	0	0.148621	0.015166	0.441733	0.044698
409.000000	1	1.435932	0.328389	2.584402	0.355142
409.250000	0	0.150678	0.017269	0.785488	0.053533
409.250000	1	1.393640	0.226550	2.333894	0.312985
409.500000	0	0.149160	0.019363	0.739177	0.052250
409.500000	1	1.507134	0.435974	3.947251	0.475192
409.750000	0	0.153525	0.022627	0.815038	0.062254
409.750000	1	1.448340	0.428151	2.909044	0.367746
410.000000	0	0.152475	0.027856	1.168532	0.066298
410.000000	1	1.454017	0.303073	2.752162	0.369560
410.250000	0	0.154950	0.024959	1.082939	0.072534
410.250000	1	1.457686	0.247089	2.652267	0.407465
410.500000	0	0.154035	0.028870	1.001572	0.066678
410.500000	1	1.482636	0.708798	2.958729	0.398661
410.750000	0	0.152814	0.010261	0.860968	0.055767
410.750000	1	1.402530	0.023095	2.603492	0.357203
411.000000	0	0.149519	0.015095	0.943634	0.062545
411.000000	1	1.404313	0.247652	2.090467	0.295617
411.250000	0	0.155905	0.036328	1.140069	0.070285
411.250000	1	1.462582	0.302209	2.402477	0.370083
411.500000	0	0.152718	0.039263	1.113768	0.061292
411.500000	1	1.517263	0.468122	3.111276	0.439623
411.750000	0	0.150456	0.009495	0.817193	0.051325
411.750000	1	1.470842	0.465705	2.867349	0.380969
412.000000	0	0.154539	0.026073	0.849249	0.059372
412.000000	1	1.404421	0.128731	2.922264	0.356315
412.250000	0	0.156330	0.009846	1.549268	0.084541
412.250000	1	1.526657	0.363972	3.488007	0.467117
412.500000	0	0.151699	0.006027	1.736274	0.077504
412.500000	1	1.445816	0.090923	4.326166	0.415114
412.750000	0	0.149907	0.003890	0.754831	0.052225
412.750000	1	1.475448	0.902675	3.043455	0.338351
413.000000	0	0.148967	0.033703	0.959096	0.052892
413.000000	1	1.441965	0.237069	3.036336	0.362567
413.250000	0	0.154112	0.027768	0.749966	0.058896
413.250000	1	1.479163	0.311542	2.921933	0.374181
413.500000	0	0.153198	0.025181	0.767001	0.056718
413.500000	1	1.421078	0.490428	2.958780	0.377748
413.750000	0	0.153428	0.035225	1.257484	0.070745
413.750000	1	1.570066	0.571954	3.542805	0.517974
414.000000	0	0.155806	0.029351	1.742354	0.104431
414.000000	1	1.478041	0.471377	4.566197	0.496035
414.250000	0	0.151770	0.024993	0.792951	0.056046
414.250000	1	1.492715	0.388660	2.933964	0.461225
414.500000	0	0.150695	0.006119	0.716923	0.050946
414.500000	1	1.521957	0.562293	3.023663	0.426160
414.750000	0	0.155484	0.018171	0.775878	0.058660
414.750000	1	1.477444	0.537411	2.963750	0.401231
415.000000	0	0.152279	0.019012	0.804145	0.062282
415.000000	1	1.459458	0.371704	2.707209	0.357483
415.250000	0	0.149411	0.018258	0.406534	0.047497
415.250000	1	1.497955	0.531899	3.727577	0.400505
415.500000	0	0.148098	0.011384	0.576045	0.046986
415.500000	1	1.491635	0.776163	3.619620	0.431451
415.750000	0	0.149576	0.018966	0.973940	0.054644
415.750000	1	1.491955	0.565089	2.826709	0.410956
416.000000	0	0.153240	0.013608	1.068882	0.067831
416.000000	1	1.480309	0.446456	2.881841	0.321481
416.250000	0	0.154236	0.012017	0.750576	0.060003
416.250000	1	1.471953	0.390632	3.000764	0.435483
416.500000	0	0.151088	0.014575	0.516813	0.046883
416.500000	1	1.467733	0.324156	4.032827	0.393147
416.750000	0	0.150603	0.003584	0.977322	0.060748
416.750000	1	1.506471	0.386616	3.477320	0.364568
417.000000	0	0.150678	0.026429	0.898182	0.057337
417.000000	1	1.480631	0.475775	3.747051	0.430537
417.250000	0	0.151983	0.023318	0.722092	0.054910
417.250000	1	1.438811	0.202313	3.339731	0.426778
417.500000	0	0.160065	0.001825	1.210380	0.080629
417.500000	1	1.489228	0.222582	5.215646	0.599829
417.750000	0	0.154988	0.011341	0.858783	0.061805
417.750000	1	1.416334	0.100170	2.565123	0.326786
418.000000	0	0.155759	0.007549	1.986515	0.092387
418.000000	1	1.509666	0.576733	4.082688	0.437007
418.250000	0	0.158570	0.007922	1.099897	0.083228
418.250000	1	1.419114	0.156178	2.352091	0.410306
418.500000	0	0.151046	0.006057	0.823995	0.059250
418.500000	1	1.441787	0.547774	3.296903	0.378340
418.750000	0	0.153621	0.012078	0.721344	0.059041
418.750000	1	1.500501	0.253853	3.013245	0.365033
419.000000	0	0.157454	0.006724	1.547332	0.101734
419.000000	1	1.699682	0.626904	31.797580	2.795578
419.250000	0	0.153279	0.010408	1.035131	0.067887
419.250000	1	1.437811	0.298367	2.821095	0.409543
419.500000	0	0.153008	0.015311	0.875409	0.060759
419.500000	1	1.512585	0.158413	2.671994	0.435962
419.750000	0	0.154709	0.008706	0.914962	0.064345
419.750000	1	1.472025	0.353520	3.014107	0.402487
420.000000	0	0.153057	0.030897	1.008619	0.061992
420.000000	1	1.524780	0.902779	2.929384	0.370711
420.250000	0	0.150243	0.018934	0.732129	0.055997
420.250000	1	1.400007	0.609078	2.873230	0.321160
420.500000	0	0.154535	0.033959	0.975397	0.069577
420.500000	1	1.466720	0.121150	3.323377	0.408928
420.750000	0	0.153084	0.013535	1.131388	0.065850
420.750000	1	1.479501	0.147916	2.783830	0.405372
421.000000	0	0.156911	0.028954	0.943293	0.070785
421.000000	1	1.465935	0.191843	3.047541	0.387269
421.250000	0	0.149130	0.019850	0.587754	0.049547
421.250000	1	1.419493	0.129808	4.221820	0.411612
421.500000	0	0.156801	0.037005	1.179834	0.077204
421.500000	1	1.545779	0.072130	2.636148	0.408359
421.750000	0	0.157267	0.014371	2.228633	0.107606
421.750000	1	1.442910	0.331798	3.394922	0.399444
422.000000	0	0.155594	0.021665	1.106897	0.076381
422.000000	1	1.466914	0.043246	3.382236	0.417614
422.250000	0	0.147505	0.031142	0.436861	0.046931
422.250000	1	1.510948	0.231868	4.867023	0.467614
422.500000	0	0.155323	0.013711	1.175894	0.075760
422.500000	1	1.457386	0.350779	2.621814	0.367263
422.750000	0	0.156422	0.013333	1.253392	0.085787
422.750000	1	1.499328	0.656727	2.999013	0.361198
423.000000	0	0.151798	0.014464	0.697989	0.052720
423.000000	1	1.450616	0.503746	2.936019	0.324422
423.250000	0	0.151719	0.008974	0.865488	0.055691
423.250000	1	1.431316	0.488203	2.805016	0.303171
423.500000	0	0.153131	0.013084	0.885284	0.062634
423.500000	1	1.454600	0.207159	3.468934	0.360959
423.750000	0	0.154875	0.027487	1.049126	0.065149
423.750000	1	1.467707	0.100265	2.694072	0.345995
424.000000	0	0.149265	0.011635	0.491366	0.045749
424.000000	1	1.414468	0.900528	2.323689	0.236351
424.250000	0	0.153708	0.024796	1.130974	0.065387
424.250000	1	1.437481	0.157669	3.194666	0.382613
424.500000	0	0.154367	0.001836	1.133835	0.072126
424.500000	1	1.431071	0.260771	3.593409	0.449950
424.750000	0	0.152743	0.005645	0.714332	0.057967
424.750000	1	1.416997	0.112053	2.899088	0.397226
425.000000	0	0.158750	0.010437	1.208056	0.080985
425.000000	1	1.423972	0.098880	2.628637	0.385411
425.250000	0	0.155519	0.007473	0.977558	0.067143
425.250000	1	1.458857	0.375861	2.858456	0.339667
425.500000	0	0.151923	0.016040	1.130182	0.066796
425.500000	1	1.484102	0.648067	2.862364	0.396886
425.750000	0	0.153240	0.036209	0.560979	0.049319
425.750000	1	1.466418	0.297557	2.953995	0.402230
426.000000	0	0.149674	0.003410	1.029193	0.061747
426.000000	1	1.461916	0.436737	2.903622	0.369688
426.250000	0	0.149212	0.009050	0.831444	0.053037
426.250000	1	1.481015	0.292634	3.007496	0.387149
426.500000	0	0.149541	0.019955	0.569865	0.048083
426.500000	1	1.442401	0.409278	2.714966	0.353288
426.750000	0	0.157361	0.023783	1.008508	0.068743
426.750000	1	1.477942	0.359757	2.643883	0.394186
427.000000	0	0.154899	0.010137	1.226326	0.069881
427.000000	1	1.426123	0.186060	3.208520	0.414037
427.250000	0	0.155016	0.030391	0.710603	0.056780
427.250000	1	1.505915	0.735794	3.619643	0.432492
427.500000	0	0.149358	0.015097	0.979742	0.064803
427.500000	1	1.482080	0.386821	2.643902	0.357992
427.750000	0	0.155154	0.030292	0.932011	0.066599
427.750000	1	1.465087	0.654788	3.636883	0.415286
428.000000	0	0.155505	0.003094	1.031761	0.074695
428.000000	1	1.425682	0.454695	2.724273	0.314284
428.250000	0	0.158099	0.035099	1.374307	0.081078
428.250000	1	1.466343	0.346933	3.247687	0.486027
428.500000	0	0.154104	0.021334	0.994870	0.067365
428.500000	1	1.462353	0.534492	2.351708	0.336681
428.750000	0	0.153740	0.014357	1.096880	0.077932
428.750000	1	1.455880	0.428709	2.595316	0.333121
429.000000	0	0.152220	0.034465	0.648433	0.053268
429.000000	1	1.484973	0.691014	2.942283	0.392696
429.250000	0	0.156160	0.035011	1.792836	0.088496
429.250000	1	1.451844	0.226492	3.171376	0.411978
429.500000	0	0.152784	0.005558	1.134416	0.059621
429.500000	1	1.487992	0.274009	2.873547	0.425605
429.750000	0	0.155318	0.033945	0.959763	0.069018
429.750000	1	1.542620	0.189190	3.988604	0.440411
430.000000	0	0.151879	0.020476	0.705083	0.058425
430.000000	1	1.471997	0.417516	2.734839	0.391125
430.250000	0	0.152522	0.022017	0.791079	0.054290
430.250000	1	1.427837	0.349732	2.917907	0.391716
430.500000	0	0.155083	0.017986	0.932459	0.061852
430.500000	1	1.458808	0.432335	2.463741	0.329972
430.750000	0	0.150916	0.021655	0.734661	0.049969
430.750000	1	1.370034	0.464911	2.108029	0.285573
431.000000	0	0.153938	0.040889	1.026840	0.069583
431.000000	1	1.518665	0.460878	2.870113	0.437131
431.250000	0	0.149409	0.032487	1.028221	0.053784
431.250000	1	1.510570	0.748182	4.923215	0.502337
431.500000	0	0.151768	0.006798	0.427212	0.048471
431.500000	1	1.539559	0.866705	3.681018	0.411060
431.750000	0	0.148144	0.011924	0.452257	0.046232
431.750000	1	1.488053	0.357884	3.452838	0.387609
432.000000	0	0.149502	0.026967	0.699747	0.050391
432.000000	1	1.432628	0.323887	3.004506	0.346209
432.250000	0	0.152947	0.014284	0.895703	0.062974
432.250000	1	1.447407	0.195774	2.686844	0.351396
432.500000	0	0.152831	0.019937	0.608050	0.052759
432.500000	1	1.433777	0.568235	2.886425	0.374067
432.750000	0	0.153562	0.005046	0.811870	0.064286
432.750000	1	1.488408	0.194663	3.561314	0.358508
433.000000	0	0.150758	0.026188	1.000401	0.054750
433.000000	1	1.434351	0.216229	2.881410	0.309468
433.250000	0	0.152924	0.021099	1.070188	0.066027
433.250000	1	1.440253	0.370338	2.977684	0.354859
433.500000	0	0.157698	0.014023	1.256646	0.082981
433.500000	1	1.501495	0.246827	3.171133	0.418933
433.750000	0	0.152554	0.006046	1.203994	0.063825
433.750000	1	1.472455	0.409580	3.085216	0.442923
434.000000	0	0.149854	0.004999	1.046568	0.057496
434.000000	1	1.477607	0.243735	2.843791	0.328187
434.250000	0	0.154649	0.022427	0.777222	0.053814
434.250000	1	1.439163	0.480503	2.515979	0.315225
434.500000	0	0.147637	0.022901	0.458327	0.044244
434.500000	1	1.464756	0.499366	2.800997	0.363540
434.750000	0	0.151881	0.013879	0.846886	0.064373
434.750000	1	1.521879	0.410525	3.060831	0.415297
435.000000	0	0.149991	0.010952	0.919676	0.059048
435.000000	1	1.436072	0.736815	3.049815	0.322937
435.250000	0	0.151614	0.023357	1.082987	0.068386
435.250000	1	1.492198	0.312093	3.281894	0.376035
435.500000	0	0.152998	0.009782	0.949299	0.065451
435.500000	1	1.510599	0.757149	3.264284	0.395718
435.750000	0	0.154887	0.033490	1.183472	0.071107
435.750000	1	1.385204	0.449487	2.275887	0.307272
436.000000	0	0.155260	0.003131	1.056753	0.072650
436.000000	1	1.485773	0.369266	2.765785	0.405058
436.250000	0	0.149118	0.023466	0.546898	0.050124
436.250000	1	1.463088	0.292969	3.069044	0.369379
436.500000	0	0.154382	0.011269	0.948234	0.068538
436.500000	1	1.414020	0.184547	2.970186	0.397304
436.750000	0	0.153759	0.007259	0.625654	0.059514
436.750000	1	1.419491	0.091947	2.871138	0.412713
437.000000	0	0.152627	0.023968	1.009764	0.065620
437.000000	1	1.470828	0.296515	3.501791	0.424723
437.250000	0	0.157093	0.017723	1.465756	0.088948
437.250000	1	1.434204	0.385716	2.957933	0.389392
437.500000	0	0.153219	0.015734	0.945535	0.063399
437.500000	1	1.440496	0.532845	2.699218	0.385446
437.750000	0	0.148947	0.008414	0.649269	0.055066
437.750000	1	1.514752	0.759047	2.914517	0.378627
438.000000	0	0.152654	0.008129	1.003469	0.079059
438.000000	1	1.572623	0.817668	4.276195	0.464904
438.250000	0	0.148470	0.020073	0.556746	0.049002
438.250000	1	1.454116	0.573363	3.184748	0.346006
438.500000	0	0.150180	0.015849	1.023727	0.062071
438.500000	1	1.465496	0.195991	2.729172	0.436131
438.750000	0	0.150692	0.020910	1.286817	0.063426
438.750000	1	1.509488	0.158810	3.681594	0.502324
439.000000	0	0.155916	0.019676	1.459124	0.087223
439.000000	1	1.513101	0.138914	2.966202	0.498548
439.250000	0	0.149369	0.014489	0.644301	0.047804
439.250000	1	1.419021	0.429115	2.583276	0.356243
439.500000	0	0.152983	0.016688	0.711320	0.060382
439.500000	1	1.483798	0.166571	2.705778	0.388569
439.750000	0	0.154699	0.028762	0.812920	0.059996
439.750000	1	1.484164	0.522555	2.789761	0.412508
440.000000	0	0.150974	0.009123	1.055585	0.056376
440.000000	1	1.570229	0.703872	6.878868	0.765505
440.250000	0	0.147230	0.010634	0.503026	0.047546
440.250000	1	1.503870	0.371027	3.188740	0.382451
440.500000	0	0.150680	0.015376	1.294490	0.075391
440.500000	1	1.456030	0.371190	2.975311	0.416161
440.750000	0	0.149972	0.009148	0.701652	0.056476
440.750000	1	1.493902	0.075380	2.920342	0.410782
441.000000	0	0.155790	0.004325	1.745116	0.095257
441.000000	1	1.493184	0.545949	3.227592	0.416836
441.250000	0	0.151388	0.016419	0.648631	0.051208
441.250000	1	1.454157	0.528582	2.759342	0.411580
441.500000	0	0.154049	0.009037	1.369644	0.073620
441.500000	1	1.391422	0.165008	2.440754	0.278269
441.750000	0	0.150217	0.006064	0.573844	0.050194
441.750000	1	1.552853	0.748622	4.565588	0.513273
442.000000	0	0.151509	0.030435	0.868749	0.059942
442.000000	1	1.522087	0.414331	4.960023	0.569440
442.250000	0	0.152280	0.025618	0.836412	0.058624
442.250000	1	1.486844	0.023391	2.730301	0.386974
442.500000	0	0.149822	0.008115	1.313733	0.068452
442.500000	1	1.476668	0.846882	3.056628	0.348202
442.750000	0	0.148800	0.024864	0.569957	0.048181
442.750000	1	1.488788	0.467774	2.620780	0.327316
443.000000	0	0.151371	0.013631	1.102352	0.059481
443.000000	1	1.452636	0.405985	2.521744	0.321170
443.250000	0	0.150414	0.022329	1.126131	0.059587
443.250000	1	1.390663	0.268789	2.558334	0.310785
443.500000	0	0.155765	0.032282	0.792969	0.068568
443.500000	1	1.476518	0.194481	3.154907	0.422843
443.750000	0	0.155657	0.014198	1.359754	0.077127
443.750000	1	1.478320	0.566442	3.052960	0.401120
444.000000	0	0.150703	0.010819	1.016456	0.066069
444.000000	1	1.444170	0.500332	2.763555	0.358336
444.250000	0	0.154887	0.017791	0.929373	0.063780
444.250000	1	1.483177	0.758289	2.777514	0.375290
444.500000	0	0.152226	0.011782	1.036894	0.065756
444.500000	1	1.440542	0.329969	2.982305	0.356755
444.750000	0	0.150597	0.004300	1.167505	0.067142
444.750000	1	1.464235	0.088199	2.902188	0.376829
445.000000	0	0.149014	0.036512	1.013085	0.059280
445.000000	1	1.440474	0.627115	2.342755	0.305562
445.250000	0	0.154663	0.018878	1.058384	0.066484
445.250000	1	1.445857	0.454818	2.952750	0.357407
445.500000	0	0.151825	0.012584	0.952002	0.070659
445.500000	1	1.509428	0.517843	3.461614	0.447173
445.750000	0	0.150863	0.018853	0.650782	0.053993
445.750000	1	1.489222	0.147884	2.842215	0.366407
446.000000	0	0.151279	0.021036	0.709248	0.055828
446.000000	1	1.404055	0.507547	2.658285	0.290652
446.250000	0	0.149026	0.008500	0.930450	0.057265
446.250000	1	1.483286	0.176207	3.279948	0.440357
446.500000	0	0.149962	0.028314	0.469955	0.048285
446.500000	1	1.528753	0.663302	2.727853	0.400341
446.750000	0	0.155777	0.013753	1.038128	0.076243
446.750000	1	1.484178	0.481654	3.424676	0.387830
447.000000	0	0.150595	0.017899	0.508632	0.049082
447.000000	1	1.511607	0.584988	2.792212	0.404638
447.250000	0	0.154442	0.022495	1.181583	0.069879
447.250000	1	1.466260	0.566220	2.952793	0.369575
447.500000	0	0.151697	0.008412	0.938855	0.062996
447.500000	1	1.465133	0.681482	3.457201	0.337049
447.750000	0	0.152747	0.015886	1.009570	0.058517
447.750000	1	1.444044	0.249636	2.361953	0.295138
448.000000	0	0.150769	0.010929	0.898446	0.057699
448.000000	1	1.444156	0.409760	3.161853	0.339698
448.250000	0	0.158984	0.015381	1.580882	0.085809
448.250000	1	1.499978	0.773107	2.921140	0.327470
448.500000	0	0.155680	0.019360	1.828524	0.084154
448.500000	1	1.524022	0.522454	2.867798	0.411301
448.750000	0	0.152801	0.008356	1.120273	0.073754
448.750000	1	1.503882	0.357768	2.688094	0.386906
449.000000	0	0.150697	0.013172	0.921012	0.054555
449.000000	1	1.427173	0.267044	3.481253	0.413545
449.250000	0	0.153366	0.024414	0.774152	0.059261
449.250000	1	1.518614	0.461662	4.686206	0.511962
449.500000	0	0.150190	0.024742	0.568316	0.052046
449.500000	1	1.547720	0.418451	3.323516	0.474364
449.750000	0	0.152680	0.001617	1.146258	0.077031
449.750000	1	1.472614	0.346797	3.091712	0.372702
450.000000	0	0.150792	0.025498	1.408691	0.067504
450.000000	1	1.466354	0.572807	3.092933	0.354024
450.250000	0	0.152087	0.036798	1.070328	0.060775
450.250000	1	1.499586	0.849872	3.127691	0.310910
450.500000	0	0.153429	0.047168	0.708099	0.062509
450.500000	1	1.436035	0.580218	2.648023	0.351557
450.750000	0	0.155392	0.017801	0.955754	0.065349
450.750000	1	1.433297	0.240356	2.971888	0.388513
451.000000	0	0.153665	0.017910	1.252858	0.076625
451.000000	1	1.503995	0.185627	3.120522	0.413883
451.250000	0	0.151724	0.010263	0.816773	0.054043
451.250000	1	1.422324	0.740315	2.678942	0.294511
451.500000	0	0.151515	0.022472	0.998428	0.062867
451.500000	1	1.492837	0.462582	3.358563	0.443003
451.750000	0	0.149995	0.021997	0.600004	0.048196
451.750000	1	1.472849	0.642669	3.426226	0.407337
452.000000	0	0.150011	0.008889	0.463227	0.049067
452.000000	1	1.566597	0.194165	6.784513	0.771763
452.250000	0	0.152784	0.029254	1.010263	0.066477
452.250000	1	1.473867	0.302051	4.391646	0.487393
452.500000	0	0.152693	0.043676	3.997154	0.150809
452.500000	1	1.528346	0.556494	3.718916	0.449921
452.750000	0	0.149950	0.011492	0.461794	0.048857
452.750000	1	1.445667	0.392928	3.875878	0.408816
453.000000	0	0.154777	0.017750	0.991416	0.062410
453.000000	1	1.466257	0.657769	3.104870	0.342788
453.250000	0	0.154583	0.028046	1.008645	0.061054
453.250000	1	1.467969	0.447225	2.838455	0.418675
453.500000	0	0.149678	0.019894	0.947800	0.060013
453.500000	1	1.409634	0.447472	2.355652	0.319138
453.750000	0	0.151330	0.012379	0.770680	0.061088
453.750000	1	1.402504	0.613298	2.482215	0.304846
454.000000	0	0.152252	0.006078	1.320352	0.070151
454.000000	1	1.433972	0.501337	2.422800	0.319477
454.250000	0	0.148706	0.005219	0.771252	0.051502
454.250000	1	1.481125	0.253339	2.725966	0.365120
454.500000	0	0.152184	0.013895	2.104931	0.086509
454.500000	1	1.469846	0.470914	2.643630	0.326483
454.750000	0	0.151080	0.005642	0.768327	0.057570
454.750000	1	1.447812	0.256364	3.139577	0.398795
455.000000	0	0.151542	0.015739	1.206467	0.062548
455.000000	1	1.404130	0.097217	2.954094	0.352262
455.250000	0	0.147756	0.003515	0.630973	0.049534
455.250000	1	1.471082	0.069070	2.937501	0.450220
455.500000	0	0.152295	0.020833	0.738967	0.059783
455.500000	1	1.455008	0.174079	2.848440	0.433831
455.750000	0	0.148668	0.015056	0.739723	0.050036
455.750000	1	1.418722	0.248360	3.543566	0.438154
456.000000	0	0.151420	0.010387	0.641443	0.055738
456.000000	1	1.533962	0.722677	3.104908	0.417504
456.250000	0	0.148780	0.011040	0.696494	0.054338
456.250000	1	1.478095	0.562471	2.563153	0.308700
456.500000	0	0.152751	0.013699	0.787653	0.057492
456.500000	1	1.510459	0.393388	3.713229	0.474939
456.750000	0	0.148619	0.003434	0.687178	0.048545
456.750000	1	1.458186	0.688972	3.026772	0.367058
457.000000	0	0.150582	0.013362	0.642956	0.053162
457.000000	1	1.491441	0.274180	2.880326	0.477051
457.250000	0	0.154651	0.018416	0.947287	0.067007
457.250000	1	1.475714	0.855960	2.990075	0.376305
457.500000	0	0.151551	0.006265	1.047294	0.068058
457.500000	1	1.442944	0.275116	2.749017	0.368672
457.750000	0	0.150441	0.009020	0.812430	0.052044
457.750000	1	1.475018	0.294906	3.053870	0.388359
458.000000	0	0.156490	0.027298	1.009721	0.067895
458.000000	1	1.480804	0.256280	3.046785	0.395899
458.250000	0	0.147741	0.023568	0.684772	0.048641
458.250000	1	1.439360	0.584901	2.475287	0.319197
458.500000	0	0.149213	0.010779	0.759606	0.055126
458.500000	1	1.506266	0.023826	3.906397	0.522820
458.750000	0	0.150042	0.026437	0.615437	0.053479
458.750000	1	1.421574	0.134789	3.149441	0.400834
459.000000	0	0.153883	0.017264	1.145907	0.069108
459.000000	1	1.517100	0.239356	3.221081	0.426304
459.250000	0	0.151923	0.017734	0.724131	0.058825
459.250000	1	1.483024	0.815991	2.976773	0.318784
459.500000	0	0.150823	0.023447	0.984316	0.055246
459.500000	1	1.405643	0.459502	2.436591	0.285029
459.750000	0	0.152417	0.014753	0.957940	0.058358
459.750000	1	1.492004	0.260930	2.835906	0.441305
460.000000	0	0.149989	0.008335	0.954754	0.055962
460.000000	1	1.489021	0.652934	3.350442	0.362149
460.250000	0	0.151549	0.031133	0.954458	0.066461
460.250000	1	1.410921	0.436617	2.519881	0.304454
460.500000	0	0.150067	0.029583	0.544487	0.045939
460.500000	1	1.461165	0.445839	2.768431	0.330136
460.750000	0	0.151599	0.015551	0.883117	0.057394
460.750000	1	1.367344	0.329278	2.856936	0.358307
461.000000	0	0.153108	0.008977	0.784994	0.072260
461.000000	1	1.466241	0.237079	2.906081	0.404825
461.250000	0	0.151250	0.019795	1.059641	0.067639
461.250000	1	1.437071	0.315112	2.975260	0.451251
461.500000	0	0.150749	0.024478	1.053358	0.059674
461.500000	1	1.444329	0.466825	2.791460	0.385072
461.750000	0	0.153199	0.020465	0.668680	0.055348
461.750000	1	1.465903	0.445472	2.818100	0.381832
462.000000	0	0.155748	0.010722	0.949438	0.072558
462.000000	1	1.477332	0.697517	2.455697	0.335870
462.250000	0	0.152129	0.012729	1.098205	0.068397
462.250000	1	1.491076	0.212785	3.255299	0.452993
462.500000	0	0.151437	0.012986	0.823270	0.050138
462.500000	1	1.477667	0.428394	2.781642	0.364822
462.750000	0	0.151756	0.022679	0.675885	0.049730
462.750000	1	1.397777	0.211064	2.616947	0.331819
463.000000	0	0.153226	0.013761	1.061919	0.069191
463.000000	1	1.409860	0.276842	2.421641	0.343005
463.250000	0	0.150692	0.022530	0.888818	0.054599
463.250000	1	1.446744	0.319027	2.656955	0.361105
463.500000	0	0.151247	0.005339	0.894232	0.063008
463.500000	1	1.383609	0.684459	2.289871	0.274147
463.750000	0	0.151164	0.038092	0.551353	0.051154
463.750000	1	1.379553	0.197735	2.592991	0.367055
464.000000	0	0.152847	0.007472	0.888387	0.066040
464.000000	1	1.447898	0.199654	3.252638	0.433062
464.250000	0	0.150540	0.016692	0.735174	0.055828
464.250000	1	1.471511	0.184340	2.716316	0.341204
464.500000	0	0.149411	0.016404	0.979820	0.057060
464.500000	1	1.467046	0.183741	2.814499	0.348771
464.750000	0	0.152575	0.025810	1.030029	0.060809
464.750000	1	1.497671	0.363364	3.087776	0.440601
465.000000	0	0.153404	0.007601	1.181203	0.064445
465.000000	1	1.460632	0.458676	2.782356	0.338110
465.250000	0	0.152794	0.016152	1.187765	0.069275
465.250000	1	1.442076	0.279277	3.688819	0.444560
465.500000	0	0.154374	0.017295	0.829025	0.063883
465.500000	1	1.494524	0.651648	2.485621	0.369051
465.750000	0	0.149495	0.011954	0.838313	0.062549
465.750000	1	1.411242	0.065405	2.785726	0.380818
466.000000	0	0.150294	0.006291	0.567796	0.056668
466.000000	1	1.479637	0.586614	2.932890	0.356058
466.250000	0	0.150452	0.015982	0.912281	0.059664
466.250000	1	1.524151	0.489946	5.046534	0.556565
466.500000	0	0.149796	0.031995	0.979444	0.055400
466.500000	1	1.515040	0.497491	2.887690	0.377408
466.750000	0	0.150248	0.033629	0.671603	0.052898
466.750000	1	1.459389	0.358694	2.829624	0.402952
467.000000	0	0.149667	0.017608	1.399308	0.071596
467.000000	1	1.425051	0.210538	2.951392	0.414318
467.250000	0	0.153570	0.016492	1.041599	0.065944
467.250000	1	1.477188	0.708123	2.977902	0.341728
467.500000	0	0.149380	0.018655	1.011418	0.059287
467.500000	1	1.492409	0.402846	3.013401	0.416690
467.750000	0	0.149595	0.025260	0.579735	0.044839
467.750000	1	1.423410	0.465877	3.135818	0.348493
468.000000	0	0.150345	0.016820	0.949268	0.058226
468.000000	1	1.481868	0.456015	2.655643	0.355510
468.250000	0	0.150887	0.007134	0.773185	0.049948
468.250000	1	1.430178	0.624213	2.936736	0.373937
468.500000	0	0.150715	0.004189	0.652650	0.052172
468.500000	1	1.478973	0.232263	2.689127	0.364383
468.750000	0	0.149610	0.019125	0.873144	0.058634
468.750000	1	1.429364	0.333497	3.186285	0.321571
469.000000	0	0.153215	0.007608	1.012375	0.063636
469.000000	1	1.476529	0.513379	2.665910	0.381907
469.250000	0	0.153584	0.025586	0.825034	0.057344
469.250000	1	1.474790	0.574780	3.926267	0.461639
469.500000	0	0.155459	0.011468	1.145712	0.067033
469.500000	1	1.451401	0.146021	2.863555	0.424600
469.750000	0	0.151556	0.006492	1.043064	0.064163
469.750000	1	1.450568	0.481954	2.980142	0.367590
470.000000	0	0.154821	0.027056	0.890817	0.067616
470.000000	1	1.490915	0.254157	2.810862	0.405895
470.250000	0	0.157273	0.019957	0.865552	0.068083
470.250000	1	1.557963	0.416209	3.188163	0.391632
470.500000	0	0.149111	0.025922	0.714592	0.049210
470.500000	1	1.417675	0.457842	2.676641	0.290688
470.750000	0	0.151441	0.019100	0.663692	0.051153
470.750000	1	1.423551	0.056159	3.508445	0.407677
471.000000	0	0.149639	0.016512	0.618406	0.047739
471.000000	1	1.479095	0.858307	3.156373	0.364138
471.250000	0	0.152119	0.013735	0.620691	0.051354
471.250000	1	1.458609	0.467621	2.690332	0.321976
471.500000	0	0.150178	0.025570	0.710688	0.056941
471.500000	1	1.520380	0.395686	2.829659	0.403697
471.750000	0	0.148749	0.008826	0.613195	0.045341
471.750000	1	1.466362	0.372718	3.011830	0.411528
472.000000	0	0.147103	0.009295	0.795225	0.056809
472.000000	1	1.455869	0.243057	3.066018	0.383119
472.250000	0	0.149607	0.009679	0.534498	0.052403
472.250000	1	1.477261	0.691125	2.762326	0.307810
472.500000	0	0.151559	0.010711	0.697315	0.056492
472.500000	1	1.429652	0.548141	2.733308	0.375793
472.750000	0	0.153748	0.012290	0.910525	0.064214
472.750000	1	1.467933	0.695082	3.138068	0.389096
473.000000	0	0.151074	0.016677	0.709664	0.053756
473.000000	1	1.500755	0.461863	2.670437	0.356418
473.250000	0	0.152417	0.009996	1.318761	0.065294
473.250000	1	1.475560	0.303510	3.145850	0.447826
473.500000	0	0.156297	0.003250	1.001998	0.076919
473.500000	1	1.470601	0.300501	2.854270	0.392748
473.750000	0	0.151791	0.026295	0.785415	0.053660
473.750000	1	1.505383	0.719138	2.747281	0.327924
474.000000	0	0.149558	0.002207	0.999148	0.058317
474.000000	1	1.474923	0.128771	3.073865	0.382337
474.250000	0	0.151490	0.003020	0.699218	0.059059
474.250000	1	1.428870	0.283142	3.578841	0.369481
474.500000	0	0.149354	0.021527	0.852231	0.049380
474.500000	1	1.477687	0.174103	4.340315	0.485825
474.750000	0	0.150957	0.037435	0.622861	0.052064
474.750000	1	1.536936	0.567727	2.913601	0.367628
475.000000	0	0.147753	0.007435	0.614515	0.051629
475.000000	1	1.415768	0.140947	3.069530	0.410194
475.250000	0	0.153375	0.015139	0.911104	0.067744
475.250000	1	1.478527	0.146592	3.009340	0.507666
475.500000	0	0.149847	0.003652	0.556508	0.047912
475.500000	1	1.466271	0.438778	2.952481	0.369284
475.750000	0	0.151747	0.016543	0.590309	0.054763
475.750000	1	1.537419	0.433178	4.646560	0.584599
476.000000	0	0.151266	0.020110	0.826575	0.055793
476.000000	1	1.406044	0.365282	2.210661	0.331799
476.250000	0	0.151488	0.023135	0.550522	0.052468
476.250000	1	1.452068	0.347404	2.813330	0.417951
476.500000	0	0.155173	0.014986	1.427152	0.082699
476.500000	1	1.473748	0.163258	2.860807	0.398133
476.750000	0	0.151612	0.004094	0.680706	0.051228
476.750000	1	1.411620	0.289212	2.810928	0.404947
477.000000	0	0.151636	0.017614	1.442578	0.074835
477.000000	1	1.469391	0.172445	2.924245	0.410975
477.250000	0	0.151380	0.021455	0.552936	0.050246
477.250000	1	1.506045	0.638293	2.413744	0.342838
477.500000	0	0.152170	0.010364	0.814881	0.052262
477.500000	1	1.495668	0.348586	3.523098	0.482090
477.750000	0	0.151402	0.017586	0.682204	0.051593
477.750000	1	1.479870	0.504838	3.163733	0.369192
478.000000	0	0.150379	0.021348	0.644947	0.050364
478.000000	1	1.452557	0.451461	3.061568	0.356379
478.250000	0	0.146543	0.008640	0.726897	0.049815
478.250000	1	1.455297	0.409367	2.403992	0.301896
478.500000	0	0.155480	0.008689	1.190847	0.078917
478.500000	1	1.435108	0.689175	2.814624	0.369499
478.750000	0	0.148670	0.010775	0.688906	0.057583
478.750000	1	1.474881	0.219999	4.159250	0.491073
479.000000	0	0.153115	0.019484	0.677999	0.058526
479.000000	1	1.477862	0.621774	2.747160	0.344255
479.250000	0	0.148813	0.024289	0.509553	0.052223
479.250000	1	1.444104	0.589251	2.588011	0.317012
479.500000	0	0.150962	0.024701	0.628547	0.051023
479.500000	1	1.407736	0.218005	2.741090	0.395006
479.750000	0	0.151352	0.007533	0.981800	0.061308
479.750000	1	1.423686	0.598051	2.769734	0.321067
480.000000	0	0.149667	0.022172	0.638938	0.049566
480.000000	1	1.495579	0.786168	3.288643	0.425502
480.250000	0	0.154442	0.016312	0.725672	0.061635
480.250000	1	1.422720	0.361148	2.651167	0.320849
480.500000	0	0.153596	0.026306	0.660928	0.058285
480.500000	1	1.425124	0.349043	3.173620	0.402233
480.750000	0	0.151587	0.020170	0.914553	0.058408
480.750000	1	1.526407	0.279719	3.185657	0.470084
481.000000	0	0.149346	0.033885	0.765256	0.049980
481.000000	1	1.456862	0.231648	2.901964	0.331521
481.250000	0	0.150794	0.003700	0.736875	0.056867
481.250000	1	1.448869	0.087420	2.556272	0.364367
481.500000	0	0.150615	0.010821	1.033742	0.061878
481.500000	1	1.406826	0.339201	2.451505	0.367320
481.750000	0	0.154934	0.023858	0.868502	0.069488
481.750000	1	1.450642	0.104123	4.606549	0.532862
482.000000	0	0.153204	0.007952	0.795586	0.060300
482.000000	1	1.558965	0.589759	3.661792	0.480645
482.250000	0	0.153406	0.023742	1.169095	0.070735
482.250000	1	1.502027	0.608528	3.505758	0.427274
482.500000	0	0.151508	0.018883	1.071578	0.064976
482.500000	1	1.469011	0.657077	3.201518	0.345480
482.750000	0	0.148057	0.017468	0.478055	0.046716
482.750000	1	1.496188	0.716995	2.957100	0.366114
483.000000	0	0.152578	0.006961	0.732559	0.053304
483.000000	1	1.493299	0.150560	2.817447	0.434108
483.250000	0	0.149434	0.016318	0.458000	0.046566
483.250000	1	1.434460	0.180115	2.818348	0.364556
483.500000	0	0.147854	0.019187	0.404192	0.045228
483.500000	1	1.561258	0.516911	3.063006	0.493296
483.750000	0	0.154712	0.012386	1.022718	0.067914
483.750000	1	1.482309	0.247765	3.334459	0.373891
484.000000	0	0.154903	0.023104	0.812576	0.063752
484.000000	1	1.563403	0.673726	3.180467	0.447895
484.250000	0	0.152437	0.035967	1.373124	0.068590
484.250000	1	1.506441	0.539473	2.808737	0.352930
484.500000	0	0.152222	0.010185	1.990719	0.089005
484.500000	1	1.509498	0.443673	3.493696	0.429259
484.750000	0	0.148456	0.004700	0.657255	0.050582
484.750000	1	1.400139	0.260429	2.699251	0.302758
485.000000	0	0.153661	0.020160	0.896153	0.066581
485.000000	1	1.412701	0.172726	3.326050	0.358943
485.250000	0	0.153471	0.007168	0.857242	0.060567
485.250000	1	1.427958	0.495171	2.826145	0.311462
485.500000	0	0.150668	0.018070	0.747783	0.055396
485.500000	1	1.477588	0.936069	2.744721	0.329369
485.750000	0	0.155111	0.027269	0.632086	0.053312
485.750000	1	1.483189	0.477127	3.096559	0.359950
486.000000	0	0.154049	0.015342	0.875587	0.057709
486.000000	1	1.514212	0.086606	3.886995	0.516046
486.250000	0	0.153024	0.020049	0.739148	0.057760
486.250000	1	1.513338	0.365807	4.667340	0.540300
486.500000	0	0.148370	0.010467	0.841763	0.059963
486.500000	1	1.501293	0.251207	3.043232	0.407869
486.750000	0	0.148640	0.017449	0.474673	0.048054
486.750000	1	1.457903	0.282345	2.908929	0.398965
487.000000	0	0.149477	0.007409	0.633395	0.051349
487.000000	1	1.507283	0.488454	3.369928	0.474108
487.250000	0	0.157894	0.009399	1.018547	0.073552
487.250000	1	1.511057	0.463691	3.071400	0.452492
487.500000	0	0.150580	0.014347	0.678364	0.049640
487.500000	1	1.529774	0.548401	3.718642	0.464796
487.750000	0	0.150780	0.025463	0.703374	0.052984
487.750000	1	1.460002	0.484160	3.138088	0.434197
488.000000	0	0.152409	0.018586	1.164838	0.064753
488.000000	1	1.580921	0.390622	3.159358	0.452636
488.250000	0	0.149667	0.016912	0.699119	0.055710
488.250000	1	1.384841	0.107255	2.303802	0.349614
488.500000	0	0.148337	0.019734	0.589086	0.048434
488.500000	1	1.424606	0.362320	2.578636	0.334735
488.750000	0	0.150453	0.007230	0.657693	0.048703
488.750000	1	1.408209	0.333847	2.919059	0.374955
489.000000	0	0.150467	0.004529	0.597252	0.052328
489.000000	1	1.448057	0.497015	2.724886	0.395088
489.250000	0	0.152465	0.013861	0.905788	0.066367
489.250000	1	1.444634	0.148174	3.322630	0.404982
489.500000	0	0.154160	0.024889	0.964078	0.064759
489.500000	1	1.498231	0.456525	3.034304	0.351865
489.750000	0	0.146872	0.015568	0.687066	0.047387
489.750000	1	1.434571	0.714099	2.998274	0.340084
490.000000	0	0.147491	0.040861	0.570120	0.044780
490.000000	1	1.478603	0.756560	3.831383	0.368595
490.250000	0	0.148574	0.008625	1.165424	0.062867
490.250000	1	1.452998	0.749700	2.940551	0.324824
490.500000	0	0.149175	0.016277	0.658304	0.056287
490.500000	1	1.441988	0.227742	2.828598	0.394370
490.750000	0	0.150908	0.013014	0.899543	0.060723
490.750000	1	1.433993	0.341930	3.202687	0.377048
491.000000	0	0.154414	0.004351	1.587252	0.080506
491.000000	1	1.416326	0.431738	3.827974	0.420682
491.250000	0	0.150069	0.018586	0.704528	0.055502
491.250000	1	1.525189	0.625982	2.788698	0.406165
491.500000	0	0.156351	0.013179	1.532230	0.083447
491.500000	1	1.502226	0.584417	3.138450	0.386667
491.750000	0	0.152174	0.013029	1.667189	0.075892
491.750000	1	1.471971	0.334307	2.972776	0.382092
492.000000	0	0.150811	0.010743	0.568988	0.051895
492.000000	1	1.485920	0.418947	2.764347	0.373454
492.250000	0	0.148282	0.008107	0.959099	0.060066
492.250000	1	1.434320	0.323962	3.192093	0.379719
492.500000	0	0.149801	0.009576	0.547607	0.049305
492.500000	1	1.450152	0.253040	2.590767	0.394342
492.750000	0	0.157253	0.017340	0.848725	0.064836
492.750000	1	1.470281	0.424065	2.888805	0.387898
493.000000	0	0.151810	0.007948	0.732306	0.057267
493.000000	1	1.407104	0.308700	2.863329	0.410959
493.250000	0	0.154577	0.011903	0.900439	0.066808
493.250000	1	1.517100	0.423083	2.685237	0.383456
493.500000	0	0.147691	0.018380	0.491750	0.044737
493.500000	1	1.507485	0.280542	2.883499	0.429471
493.750000	0	0.150742	0.013274	0.420243	0.049939
493.750000	1	1.422503	0.437321	3.891628	0.369047
494.000000	0	0.149928	0.030777	0.799350	0.050678
494.000000	1	1.529600	0.562675	3.321837	0.452615
494.250000	0	0.151007	0.015534	0.449234	0.048123
494.250000	1	1.465307	0.341531	2.682768	0.371534
494.500000	0	0.153361	0.025269	0.654977	0.057306
494.500000	1	1.443898	0.443140	2.713567	0.321223
494.750000	0	0.151318	0.018546	0.648965	0.057073
494.750000	1	1.475705	0.219601	3.215700	0.421213
495.000000	0	0.153397	0.018872	0.832445	0.057429
495.000000	1	1.489699	0.443037	2.436473	0.362675
495.250000	0	0.153163	0.012297	1.850010	0.082437
495.250000	1	1.434442	0.547985	2.518674	0.384759
495.500000	0	0.150016	0.019201	0.553530	0.046518
495.500000	1	1.465364	0.680747	2.917088	0.350695
495.750000	0	0.157155	0.012720	1.696084	0.083732
495.750000	1	1.491805	0.393377	2.826154	0.383770
496.000000	0	0.151745	0.001213	0.766791	0.055256
496.000000	1	1.497698	0.710946	3.565170	0.429224
496.250000	0	0.149402	0.022880	1.078054	0.068343
496.250000	1	1.430676	0.291721	3.200240	0.394097
496.500000	0	0.151951	0.010203	0.781417	0.058737
496.500000	1	1.439488	0.113098	2.662630	0.359735
496.750000	0	0.149607	0.011349	0.912351	0.054302
496.750000	1	1.494144	0.351521	2.871294	0.405052
497.000000	0	0.151762	0.028046	0.902497	0.056866
497.000000	1	1.481478	0.775191	2.492115	0.327056
497.250000	0	0.151818	0.018362	0.539473	0.050474
497.250000	1	1.468112	0.641313	3.390660	0.401258
497.500000	0	0.153245	0.038424	0.862480	0.062848
497.500000	1	1.442784	0.498605	3.202523	0.386747
497.750000	0	0.150836	0.033887	0.728571	0.051060
497.750000	1	1.396009	0.266386	2.826203	0.379263
498.000000	0	0.156524	0.018836	1.118258	0.074010
498.000000	1	1.464527	0.134512	3.066466	0.377255
498.250000	0	0.150713	0.017580	0.601544	0.053717
498.250000	1	1.460122	0.484654	2.809153	0.373319
498.500000	0	0.153613	0.010754	0.796985	0.064549
498.500000	1	1.477927	0.505695	3.340721	0.391445
498.750000	0	0.152970	0.032611	0.789195	0.064582
498.750000	1	1.475861	0.131089	3.071742	0.440931
499.000000	0	0.152003	0.001266	1.066978	0.062629
499.000000	1	1.410311	0.407881	2.618893	0.297419
499.250000	0	0.150985	0.011147	0.708484	0.053081
499.250000	1	1.458808	0.510467	2.970206	0.362676
499.500000	0	0.151880	0.014509	0.786715	0.055459
499.500000	1	1.471414	0.384949	3.296516	0.476902
499.750000	0	0.152379	0.032144	0.816556	0.057171
499.750000	1	1.474184	0.395444	2.729791	0.342971
500.000000	0	0.151833	0.004996	1.027801	0.059113
500.000000	1	1.464129	0.691106	2.575347	0.350622
500.250000	0	0.152525	0.018298	1.237632	0.078131
500.250000	1	1.412556	0.166609	3.479207	0.422390
500.500000	0	0.150944	0.022490	0.731761	0.053361
500.500000	1	1.413101	0.180066	2.694578	0.409733
500.750000	0	0.151538	0.011849	0.465366	0.048309
500.750000	1	1.534687	0.438739	3.734293	0.480480
