Time	Cell_type	Mean	Min	Max	Std
0.250000	0	0.064607	0.001133	0.681324	0.085752
0.250000	1	1.518748	0.921399	2.054341	0.209383
0.500000	0	0.066872	0.000600	0.922764	0.098138
0.500000	1	1.530248	0.656147	2.402425	0.303387
0.750000	0	0.068859	0.000735	1.239194	0.111636
0.750000	1	1.600574	0.872504	2.654132	0.295426
1.000000	0	0.065698	0.000846	1.448011	0.104681
1.000000	1	1.543147	0.479094	2.490530	0.325392
1.250000	0	0.067065	0.001310	0.935517	0.102825
1.250000	1	1.586712	0.550007	2.821763	0.354714
1.500000	0	0.063704	0.000990	1.142144	0.105047
1.500000	1	1.551839	0.608106	2.536517	0.342355
1.750000	0	0.063251	0.000268	1.339911	0.100798
1.750000	1	1.591123	0.622582	2.756013	0.291752
2.000000	0	0.061511	0.000621	1.388536	0.108523
2.000000	1	1.448771	0.412683	2.159769	0.278818
2.250000	0	0.064347	0.000955	2.844554	0.140994
2.250000	1	1.564315	0.544340	2.655823	0.340021
2.500000	0	0.061473	0.000447	1.452884	0.116494
2.500000	1	1.528387	0.488588	3.322877	0.327326
2.750000	0	0.063128	0.000962	1.475079	0.102336
2.750000	1	1.532766	0.638379	2.807232	0.303601
3.000000	0	0.058743	0.000950	1.473236	0.103200
3.000000	1	1.545785	0.622655	2.974946	0.339422
3.250000	0	0.060365	0.000489	0.971878	0.095593
3.250000	1	1.530514	0.317192	2.692628	0.319899
3.500000	0	0.059625	0.000168	1.803450	0.106967
3.500000	1	1.504663	0.671027	2.642125	0.324816
3.750000	0	0.060486	0.000307	2.139408	0.117145
3.750000	1	1.472371	0.520574	2.851705	0.318425
4.000000	0	0.060436	0.000502	1.064410	0.094095
4.000000	1	1.559319	0.909522	2.456339	0.316979
4.250000	0	0.060120	0.000541	1.460634	0.114125
4.250000	1	1.548558	0.684808	3.310479	0.293383
4.500000	0	0.054790	0.000685	0.651079	0.082905
4.500000	1	1.587910	0.841438	2.523445	0.303364
4.750000	0	0.053134	0.000567	0.605815	0.076070
4.750000	1	1.522191	0.211977	2.685861	0.324168
5.000000	0	0.048399	0.000574	0.592804	0.064449
5.000000	1	1.529012	0.575035	2.473848	0.287835
5.250000	0	0.055794	0.000477	1.395639	0.095109
5.250000	1	1.549573	0.746266	2.937055	0.331922
5.500000	0	0.052923	0.000530	0.744908	0.076285
5.500000	1	1.508612	0.731162	2.833669	0.314896
5.750000	0	0.056428	0.000605	0.942843	0.089136
5.750000	1	1.537964	0.118719	2.470769	0.321481
6.000000	0	0.052209	0.000746	1.135535	0.081572
6.000000	1	1.559721	0.613642	2.715175	0.314787
6.250000	0	0.052270	0.000614	0.798991	0.079822
6.250000	1	1.518877	0.836935	2.582097	0.300501
6.500000	0	0.051380	0.000458	1.146072	0.078603
6.500000	1	1.521323	0.700550	2.476832	0.295269
6.750000	0	0.051938	0.001425	1.214178	0.084559
6.750000	1	1.517934	0.411844	2.487103	0.275258
7.000000	0	0.055678	0.001332	1.570311	0.094412
7.000000	1	1.531771	0.387585	3.365830	0.362929
7.250000	0	0.052585	0.001261	0.656453	0.077419
7.250000	1	1.541123	0.484747	2.444130	0.304165
7.500000	0	0.054175	0.001535	1.004960	0.085383
7.500000	1	1.548952	0.835623	2.762245	0.289566
7.750000	0	0.053842	0.001094	2.200501	0.114251
7.750000	1	1.535677	0.558179	3.147560	0.306165
8.000000	0	0.055235	0.001109	1.194751	0.094863
8.000000	1	1.560784	0.861324	2.431292	0.302738
8.250000	0	0.055287	0.001091	0.629526	0.080051
8.250000	1	1.522695	0.903994	2.716622	0.308218
8.500000	0	0.055569	0.000955	1.043778	0.098153
8.500000	1	1.527905	0.454340	2.388011	0.281675
8.750000	0	0.051675	0.000197	0.620767	0.074993
8.750000	1	1.565035	0.867085	2.596820	0.281855
9.000000	0	0.050433	0.000398	0.814039	0.077084
9.000000	1	1.547951	0.775943	2.591729	0.306583
9.250000	0	0.055913	0.000585	1.572644	0.105999
9.250000	1	1.541143	0.330108	3.452938	0.430128
9.500000	0	0.050960	0.000274	1.242049	0.091578
9.500000	1	1.516266	0.349357	2.526637	0.319604
9.750000	0	0.050840	0.000285	0.777143	0.078948
9.750000	1	1.573103	0.409940	3.226227	0.366322
10.000000	0	0.052471	0.000795	0.861056	0.083750
10.000000	1	1.575487	0.554136	2.391431	0.266005
10.250000	0	0.050733	0.000289	0.757750	0.081863
10.250000	1	1.530468	0.741818	4.299959	0.411685
10.500000	0	0.051785	0.000300	1.208663	0.088403
10.500000	1	1.556133	0.866167	2.700823	0.282716
10.750000	0	0.049893	0.000328	0.894292	0.083885
10.750000	1	1.492351	0.460763	2.588559	0.302247
11.000000	0	0.051341	0.000450	1.329702	0.090568
11.000000	1	1.584095	0.565825	2.929546	0.337410
11.250000	0	0.048576	0.000511	0.978240	0.079291
11.250000	1	1.528236	0.718727	2.967521	0.284397
11.500000	0	0.047891	0.000447	1.122013	0.077124
11.500000	1	1.570876	0.535414	3.967950	0.416317
11.750000	0	0.046210	0.000161	0.766195	0.067068
11.750000	1	1.534328	0.513986	2.554074	0.326312
12.000000	0	0.055089	0.000611	5.137899	0.202157
12.000000	1	1.526942	0.654041	3.768448	0.359720
12.250000	0	0.051447	0.000707	1.246450	0.089458
12.250000	1	1.513408	0.199030	3.560138	0.398903
12.500000	0	0.055965	0.000756	1.207122	0.099073
12.500000	1	1.626753	0.901104	7.248522	0.662509
12.750000	0	0.050717	0.000908	1.612504	0.095481
12.750000	1	1.546470	0.334972	2.953322	0.341385
13.000000	0	0.046178	0.000764	0.537453	0.067078
13.000000	1	1.480375	0.487075	2.622810	0.324246
13.250000	0	0.046252	0.000622	0.914752	0.077842
13.250000	1	1.554952	0.812431	2.406079	0.266199
13.500000	0	0.044632	0.000650	1.186349	0.080134
13.500000	1	1.502701	0.241090	2.471424	0.328188
13.750000	0	0.045387	0.000354	1.349256	0.081751
13.750000	1	1.565587	0.794069	3.508325	0.337455
14.000000	0	0.045639	0.000719	0.895903	0.080871
14.000000	1	1.609757	0.344468	2.640170	0.331133
14.250000	0	0.047022	0.000660	1.417216	0.091515
14.250000	1	1.562481	0.791695	2.609986	0.313716
14.500000	0	0.045227	0.000708	0.573057	0.070436
14.500000	1	1.501986	0.133018	3.224535	0.332418
14.750000	0	0.045061	0.000226	0.638394	0.067079
14.750000	1	1.485952	0.468177	2.294193	0.292426
15.000000	0	0.049685	0.000123	1.170496	0.088613
15.000000	1	1.497818	0.601857	2.348307	0.320264
15.250000	0	0.046849	0.000302	0.678498	0.076137
15.250000	1	1.525945	0.756354	2.736952	0.320353
15.500000	0	0.045470	0.000118	0.681972	0.065627
15.500000	1	1.533236	0.506049	4.163055	0.408140
15.750000	0	0.044995	0.000935	1.437841	0.082885
15.750000	1	1.515075	0.248225	2.719513	0.328178
16.000000	0	0.046033	0.000742	2.075386	0.098800
16.000000	1	1.541797	0.880199	3.073610	0.352624
16.250000	0	0.045988	0.000296	1.266529	0.086301
16.250000	1	1.582373	0.581379	3.042970	0.357683
16.500000	0	0.041052	0.000440	0.392589	0.056205
16.500000	1	1.563597	0.480288	2.601509	0.294441
16.750000	0	0.041432	0.000382	0.765662	0.066605
16.750000	1	1.564051	0.811484	3.035542	0.308597
17.000000	0	0.039213	0.000350	0.953351	0.062009
17.000000	1	1.533735	0.429896	3.393281	0.326077
17.250000	0	0.042492	0.000107	0.632127	0.066770
17.250000	1	1.489009	0.648895	2.921642	0.289472
17.500000	0	0.042054	0.000333	0.836762	0.072643
17.500000	1	1.485514	0.613640	2.544411	0.320403
17.750000	0	0.047110	0.000544	0.867551	0.078837
17.750000	1	1.550956	0.580893	3.092460	0.332306
18.000000	0	0.047073	0.000199	1.662571	0.096107
18.000000	1	1.568055	0.816347	3.121112	0.330811
18.250000	0	0.044170	0.000783	0.725252	0.073490
18.250000	1	1.499665	0.670558	3.626150	0.373408
18.500000	0	0.045524	0.000034	1.359486	0.087349
18.500000	1	1.552390	0.230300	2.759698	0.383691
18.750000	0	0.044680	0.000782	0.944268	0.070929
18.750000	1	1.574053	0.695610	2.924159	0.334999
19.000000	0	0.044640	0.000853	0.665056	0.069215
19.000000	1	1.590909	0.803075	2.777687	0.325996
19.250000	0	0.040430	0.000762	0.571155	0.058878
19.250000	1	1.505231	0.765067	2.220295	0.251535
19.500000	0	0.045480	0.000097	1.099212	0.082586
19.500000	1	1.533142	0.270133	3.307952	0.358313
19.750000	0	0.043149	0.000096	1.535396	0.086785
19.750000	1	1.575642	0.750158	3.191046	0.315182
20.000000	0	0.039407	0.000356	0.353993	0.054789
20.000000	1	1.515818	0.663425	2.261269	0.258282
20.250000	0	0.040188	0.000176	0.965725	0.065910
20.250000	1	1.509277	0.396948	3.007093	0.286131
20.500000	0	0.044602	0.000607	1.008028	0.081623
20.500000	1	1.536910	0.830325	2.961069	0.320680
20.750000	0	0.045095	0.000493	1.074299	0.080668
20.750000	1	1.578889	0.051654	2.864930	0.385551
21.000000	0	0.039988	0.000152	0.567612	0.060737
21.000000	1	1.557303	0.720521	2.406253	0.277608
21.250000	0	0.042581	0.000489	0.724055	0.065618
21.250000	1	1.517836	0.528524	2.242835	0.294633
21.500000	0	0.044478	0.000669	0.671048	0.077871
21.500000	1	1.527704	0.367807	2.651084	0.354466
21.750000	0	0.043451	0.000470	2.466784	0.109526
21.750000	1	1.641536	0.321742	7.954931	0.736411
22.000000	0	0.043930	0.000366	1.186268	0.082511
22.000000	1	1.517878	0.203116	2.835107	0.340968
22.250000	0	0.043059	0.000183	0.819536	0.074268
22.250000	1	1.511027	0.354435	2.235805	0.275854
22.500000	0	0.040681	0.000269	0.615646	0.065156
22.500000	1	1.517088	0.440168	2.359661	0.307922
22.750000	0	0.051147	0.000377	1.067292	0.096677
22.750000	1	1.532031	0.117172	2.841151	0.360067
23.000000	0	0.043219	0.000439	1.071060	0.075749
23.000000	1	1.478487	0.332263	2.538974	0.311385
23.250000	0	0.045150	0.000524	1.752226	0.089496
23.250000	1	1.561908	0.846730	3.487049	0.337385
23.500000	0	0.045637	0.000130	0.783452	0.072888
23.500000	1	1.535821	0.406582	2.473779	0.303817
23.750000	0	0.043143	0.000340	0.782824	0.065160
23.750000	1	1.495301	0.860497	2.938522	0.295544
24.000000	0	0.042703	0.000430	0.551263	0.066089
24.000000	1	1.549817	0.965386	2.730723	0.276549
24.250000	0	0.041561	0.000306	0.584939	0.063690
24.250000	1	1.527873	0.582851	2.665726	0.302003
24.500000	0	0.045760	0.000433	1.188438	0.078767
24.500000	1	1.582927	0.523616	4.091928	0.532268
24.750000	0	0.043631	0.000554	1.230917	0.091108
24.750000	1	1.594840	0.904749	3.014699	0.359576
25.000000	0	0.040578	0.000515	0.885406	0.066082
25.000000	1	1.504965	0.614801	2.218944	0.272060
25.250000	0	0.041902	0.000636	1.916105	0.092556
25.250000	1	1.551867	0.414567	2.776939	0.318636
25.500000	0	0.040163	0.000296	0.493300	0.060115
25.500000	1	1.532564	0.574132	2.589791	0.318708
25.750000	0	0.042177	0.000610	2.619838	0.113138
25.750000	1	1.487398	0.550056	4.523193	0.370899
26.000000	0	0.042759	0.000566	1.045656	0.075160
26.000000	1	1.515563	0.199893	2.563203	0.303070
26.250000	0	0.039741	0.000458	0.597866	0.060064
26.250000	1	1.547346	0.288764	2.598565	0.317549
26.500000	0	0.042840	0.000308	1.220024	0.077104
26.500000	1	1.548962	0.207566	2.733626	0.342072
26.750000	0	0.040924	0.000387	0.569842	0.062539
26.750000	1	1.539218	0.393738	2.505624	0.307821
27.000000	0	0.042398	0.000143	1.387978	0.081140
27.000000	1	1.605182	0.838036	3.068528	0.333794
27.250000	0	0.038374	0.000249	0.347104	0.052060
27.250000	1	1.534379	0.882554	2.351082	0.258076
27.500000	0	0.043763	0.000155	1.619077	0.087234
27.500000	1	1.607267	0.793529	5.425050	0.492190
27.750000	0	0.041526	0.000339	0.972344	0.071594
27.750000	1	1.579977	0.225791	4.061869	0.461004
28.000000	0	0.044928	0.000223	1.111069	0.077686
28.000000	1	1.495990	0.668820	2.768506	0.319332
28.250000	0	0.042804	0.000203	0.778707	0.070862
28.250000	1	1.557566	0.706322	3.793543	0.353563
28.500000	0	0.041941	0.000283	0.557938	0.063865
28.500000	1	1.544189	0.345966	2.367636	0.274314
28.750000	0	0.041650	0.000215	0.410438	0.061465
28.750000	1	1.527368	0.765547	2.692452	0.278590
29.000000	0	0.043822	0.000071	1.747431	0.102403
29.000000	1	1.534828	0.517091	3.471871	0.322761
29.250000	0	0.040068	0.000137	0.418989	0.059441
29.250000	1	1.525892	0.625949	2.441767	0.274247
29.500000	0	0.044552	0.000465	0.819401	0.077908
29.500000	1	1.537688	0.978428	3.001309	0.287576
29.750000	0	0.045948	0.000427	0.643354	0.072922
29.750000	1	1.546512	0.629102	2.591115	0.341156
30.000000	0	0.043675	0.000307	0.669746	0.070083
30.000000	1	1.549560	0.622081	2.489849	0.332805
30.250000	0	0.040969	0.000445	0.750986	0.065004
30.250000	1	1.581634	0.879494	3.670272	0.343397
30.500000	0	0.039707	0.000312	0.447958	0.058546
30.500000	1	1.525925	0.631434	2.311782	0.260023
30.750000	0	0.037473	0.000367	0.812814	0.058640
30.750000	1	1.569125	0.124451	2.771411	0.311887
31.000000	0	0.036599	0.000390	0.559260	0.057808
31.000000	1	1.510272	0.946392	2.148498	0.233231
31.250000	0	0.036302	0.000295	0.500809	0.055196
31.250000	1	1.513048	0.734036	2.653108	0.287935
31.500000	0	0.040994	0.000156	0.783160	0.071969
31.500000	1	1.577684	0.756344	2.583200	0.308650
31.750000	0	0.034853	0.000177	0.764016	0.056511
31.750000	1	1.569924	0.791067	2.561592	0.279696
32.000000	0	0.037199	0.000418	1.386747	0.075514
32.000000	1	1.562167	0.157368	2.594464	0.305221
32.250000	0	0.040275	0.000339	1.264429	0.078546
32.250000	1	1.554158	0.619997	3.166247	0.355289
32.500000	0	0.037903	0.000066	0.381586	0.056226
32.500000	1	1.550774	1.075623	2.809904	0.285148
32.750000	0	0.038827	0.000257	0.512820	0.060629
32.750000	1	1.568792	0.386977	2.907026	0.319061
33.000000	0	0.040679	0.000128	0.652865	0.069395
33.000000	1	1.530926	0.555030	2.671575	0.310636
33.250000	0	0.039338	0.000145	0.813457	0.067091
33.250000	1	1.493010	0.760558	2.497645	0.257606
33.500000	0	0.042905	0.000498	1.146759	0.077890
33.500000	1	1.544804	0.405232	2.629670	0.312606
33.750000	0	0.041983	0.000759	0.940513	0.076156
33.750000	1	1.497116	0.697165	2.692896	0.287246
34.000000	0	0.040884	0.000394	0.736519	0.066097
34.000000	1	1.574777	0.666015	3.140703	0.351118
34.250000	0	0.040601	0.000150	0.721225	0.070144
34.250000	1	1.557896	0.310432	2.301560	0.256742
34.500000	0	0.037189	0.000828	0.430464	0.055487
34.500000	1	1.526288	0.431448	2.311190	0.274408
34.750000	0	0.043007	0.000240	0.740574	0.075277
34.750000	1	1.564711	0.629987	2.892161	0.342785
35.000000	0	0.044463	0.000557	1.047280	0.077253
35.000000	1	1.606466	0.670579	3.230104	0.351109
35.250000	0	0.041926	0.000241	1.142094	0.083451
35.250000	1	1.531881	0.225640	2.242070	0.301896
35.500000	0	0.037567	0.000611	0.541879	0.061256
35.500000	1	1.524527	0.827959	2.267621	0.247751
35.750000	0	0.040432	0.000293	0.435801	0.059402
35.750000	1	1.558441	0.694758	3.202531	0.380130
36.000000	0	0.039409	0.000263	0.818925	0.064905
36.000000	1	1.470766	0.341221	2.490619	0.307435
36.250000	0	0.044587	0.000293	0.690384	0.074870
36.250000	1	1.511037	0.486038	2.610628	0.319388
36.500000	0	0.043119	0.000184	1.041168	0.073706
36.500000	1	1.491994	0.482430	2.468548	0.311005
36.750000	0	0.043113	0.000191	1.026532	0.070141
36.750000	1	1.559168	0.347186	3.255874	0.385135
37.000000	0	0.042820	0.000389	0.766819	0.069653
37.000000	1	1.567120	0.714191	3.511565	0.326947
37.250000	0	0.042184	0.000477	1.497188	0.084106
37.250000	1	1.563894	1.049729	3.303033	0.314196
37.500000	0	0.035868	0.000176	0.331159	0.049495
37.500000	1	1.576481	0.690669	3.041530	0.309934
37.750000	0	0.041056	0.000156	0.445762	0.060563
37.750000	1	1.554171	0.597122	2.554857	0.311577
38.000000	0	0.037204	0.000354	0.588054	0.054870
38.000000	1	1.553184	0.663995	3.961030	0.335954
38.250000	0	0.037926	0.000497	0.731830	0.062134
38.250000	1	1.563415	0.055341	2.848426	0.332137
38.500000	0	0.038577	0.000332	1.177216	0.079348
38.500000	1	1.542570	0.649578	3.579520	0.344856
38.750000	0	0.040161	0.000545	0.532606	0.060305
38.750000	1	1.553765	0.556698	2.509497	0.320975
39.000000	0	0.037148	0.000209	0.353395	0.050960
39.000000	1	1.554983	0.626915	4.578484	0.422439
39.250000	0	0.037248	0.000209	0.646199	0.056226
39.250000	1	1.513309	0.627888	2.827458	0.297564
39.500000	0	0.038314	0.000049	0.766918	0.059321
39.500000	1	1.538688	0.570183	2.832092	0.304068
39.750000	0	0.038503	0.000553	0.726818	0.063653
39.750000	1	1.551552	0.593818	2.798096	0.343771
40.000000	0	0.041083	0.000354	0.861453	0.073614
40.000000	1	1.591658	0.492036	7.175673	0.729201
40.250000	0	0.045082	0.000325	1.730022	0.096156
40.250000	1	1.568142	0.691876	3.795783	0.374014
40.500000	0	0.044058	0.000225	3.806887	0.153194
40.500000	1	1.559030	0.591413	3.866347	0.371739
40.750000	0	0.043242	0.000152	0.925513	0.077012
40.750000	1	1.529727	0.415559	2.653999	0.317426
41.000000	0	0.039949	0.000099	0.356075	0.055077
41.000000	1	1.531263	0.517017	2.853110	0.314015
41.250000	0	0.042100	0.000094	0.576431	0.065971
41.250000	1	1.502819	0.774746	2.416841	0.278303
41.500000	0	0.040482	0.000139	0.788665	0.070267
41.500000	1	1.551781	0.254268	2.881016	0.384298
41.750000	0	0.043054	0.000214	0.628158	0.071583
41.750000	1	1.588936	0.401698	2.783732	0.353965
42.000000	0	0.038721	0.000309	0.558023	0.060244
42.000000	1	1.521767	0.634695	2.175392	0.237043
42.250000	0	0.038309	0.000464	0.568089	0.054514
42.250000	1	1.546853	0.220841	3.174125	0.320670
42.500000	0	0.040785	0.000558	0.439438	0.062678
42.500000	1	1.688735	0.674060	8.103126	0.962122
42.750000	0	0.040401	0.000632	0.616405	0.067053
42.750000	1	1.531181	0.298754	2.617096	0.346376
43.000000	0	0.041200	0.000197	0.638470	0.061984
43.000000	1	1.539796	0.866526	2.749061	0.300778
43.250000	0	0.041098	0.000192	0.564185	0.067689
43.250000	1	1.485676	0.960989	2.428464	0.237206
43.500000	0	0.040211	0.000097	0.490968	0.063217
43.500000	1	1.519005	0.658458	2.958011	0.314592
43.750000	0	0.043284	0.000034	0.904366	0.079450
43.750000	1	1.544078	0.573915	3.209587	0.332596
44.000000	0	0.041128	0.000320	1.488762	0.083159
44.000000	1	1.544993	0.580027	3.077064	0.338160
44.250000	0	0.038598	0.000691	0.512839	0.064941
44.250000	1	1.567693	0.730731	2.323464	0.303371
44.500000	0	0.039503	0.000184	0.903250	0.067618
44.500000	1	1.516534	0.227749	2.659036	0.286417
44.750000	0	0.041038	0.000388	0.727839	0.071061
44.750000	1	1.604034	0.510901	3.652017	0.429692
45.000000	0	0.041179	0.000163	0.763875	0.068922
45.000000	1	1.525819	0.698734	3.078685	0.309775
45.250000	0	0.040250	0.000310	0.589869	0.068144
45.250000	1	1.507595	0.564783	2.428999	0.304674
45.500000	0	0.043011	0.000393	1.152735	0.082487
45.500000	1	1.506073	0.637473	2.462853	0.334237
45.750000	0	0.044191	0.000358	1.494959	0.093871
45.750000	1	1.534068	0.638493	3.116246	0.368852
46.000000	0	0.040560	0.000419	0.599693	0.064582
46.000000	1	1.486054	0.054985	2.322411	0.307915
46.250000	0	0.042541	0.000222	1.108772	0.076834
46.250000	1	1.528480	0.473654	2.541776	0.333974
46.500000	0	0.041695	0.000378	1.687245	0.088212
46.500000	1	1.556867	0.502530	3.938555	0.379520
46.750000	0	0.042508	0.000251	1.399713	0.088756
46.750000	1	1.558059	0.297772	3.086610	0.322096
47.000000	0	0.039852	0.000302	0.995276	0.073184
47.000000	1	1.510449	0.944830	2.763131	0.254170
47.250000	0	0.038838	0.000277	0.429586	0.054597
47.250000	1	1.484046	0.712944	2.161069	0.227090
47.500000	0	0.038908	0.000469	0.529247	0.056202
47.500000	1	1.496977	0.731051	2.507373	0.285644
47.750000	0	0.041640	0.000466	0.774371	0.069180
47.750000	1	1.578120	0.368104	3.481964	0.380139
48.000000	0	0.041536	0.000415	0.804265	0.070445
48.000000	1	1.606133	0.379347	4.368428	0.438355
48.250000	0	0.035357	0.000264	2.000997	0.087350
48.250000	1	1.525170	0.344387	2.570300	0.274216
48.500000	0	0.033140	0.000234	0.813005	0.059065
48.500000	1	1.495875	0.581438	2.080805	0.249072
48.750000	0	0.039766	0.000348	1.079693	0.069443
48.750000	1	1.524423	0.539141	2.656433	0.327977
49.000000	0	0.037127	0.000523	0.353091	0.050417
49.000000	1	1.539006	0.287541	2.660053	0.311932
49.250000	0	0.038239	0.000712	0.824381	0.065967
49.250000	1	1.549115	0.633631	3.004522	0.287813
49.500000	0	0.033238	0.000575	0.487651	0.051069
49.500000	1	1.531967	0.849996	2.406546	0.271354
49.750000	0	0.036764	0.000267	1.059884	0.067425
49.750000	1	1.541397	0.524503	2.898191	0.341133
50.000000	0	0.035327	0.000163	0.673999	0.057884
50.000000	1	1.541824	0.415267	2.823643	0.326168
50.250000	0	0.038669	0.000228	0.925672	0.067521
50.250000	1	1.488496	0.442262	2.217094	0.254541
50.500000	0	0.038778	0.000344	0.539180	0.062003
50.500000	1	1.520279	0.719703	2.587487	0.264286
50.750000	0	0.038297	0.000321	0.669162	0.060646
50.750000	1	1.538515	0.120762	2.685148	0.320454
51.000000	0	0.038098	0.000179	0.778363	0.065307
51.000000	1	1.537105	0.750055	2.427839	0.297008
51.250000	0	0.040965	0.000262	0.944895	0.080734
51.250000	1	1.597686	0.529192	3.034687	0.387917
51.500000	0	0.039134	0.000396	0.987074	0.063808
51.500000	1	1.511384	0.446925	2.455898	0.305700
51.750000	0	0.037263	0.000473	0.447786	0.056088
51.750000	1	1.558829	0.832908	2.989958	0.310301
52.000000	0	0.040604	0.000424	0.743582	0.072342
52.000000	1	1.466716	0.727553	2.337310	0.249366
52.250000	0	0.045610	0.000295	1.368269	0.099395
52.250000	1	1.578770	0.276357	2.881016	0.335384
52.500000	0	0.039818	0.000430	1.294405	0.074184
52.500000	1	1.491331	0.202180	2.525668	0.319293
52.750000	0	0.044270	0.000232	0.734877	0.079703
52.750000	1	1.503728	0.243626	2.660994	0.314082
53.000000	0	0.043840	0.000340	0.783158	0.075052
53.000000	1	1.544706	0.211407	3.058918	0.350730
53.250000	0	0.047012	0.000285	1.903337	0.116042
53.250000	1	1.546400	0.590980	3.651072	0.372599
53.500000	0	0.046898	0.000568	1.433125	0.104912
53.500000	1	1.566406	0.470721	3.521761	0.469136
53.750000	0	0.039048	0.000255	0.630695	0.062813
53.750000	1	1.517206	0.516527	2.409217	0.263298
54.000000	0	0.042612	0.000386	1.081430	0.079753
54.000000	1	1.648272	0.328411	6.314970	0.686124
54.250000	0	0.040286	0.000138	0.807565	0.066213
54.250000	1	1.513523	0.528083	2.918063	0.326795
54.500000	0	0.040383	0.000060	0.850209	0.065669
54.500000	1	1.523178	0.682270	2.727300	0.287057
54.750000	0	0.041922	0.000248	0.839287	0.075390
54.750000	1	1.563865	0.288934	2.799842	0.315397
55.000000	0	0.039773	0.000307	0.658308	0.061380
55.000000	1	1.522086	0.265001	2.561532	0.293624
55.250000	0	0.040771	0.000267	0.674263	0.060430
55.250000	1	1.510896	0.722626	2.818736	0.328608
55.500000	0	0.046787	0.000419	2.032787	0.109269
55.500000	1	1.524010	0.606781	3.853006	0.409528
55.750000	0	0.044058	0.000350	0.709892	0.069366
55.750000	1	1.553434	0.792617	2.326185	0.284782
56.000000	0	0.041013	0.000518	0.690451	0.065361
56.000000	1	1.525889	0.615932	2.524421	0.298225
56.250000	0	0.043033	0.000479	0.644444	0.064240
56.250000	1	1.541614	0.856867	2.385166	0.285479
56.500000	0	0.043521	0.000422	0.518760	0.067930
56.500000	1	1.528573	0.524302	2.656701	0.354237
56.750000	0	0.041053	0.000288	0.702435	0.062416
56.750000	1	1.579398	0.564552	3.042158	0.365830
57.000000	0	0.040430	0.000274	0.643504	0.064618
57.000000	1	1.547071	0.928529	2.636151	0.250425
57.250000	0	0.041789	0.000543	0.637990	0.065569
57.250000	1	1.506839	0.798495	2.648934	0.274647
57.500000	0	0.041815	0.000087	0.936209	0.069974
57.500000	1	1.543242	0.421313	2.491758	0.285275
57.750000	0	0.040748	0.000150	1.443840	0.080861
57.750000	1	1.536619	0.699353	2.865746	0.285649
58.000000	0	0.040566	0.000158	1.872431	0.088042
58.000000	1	1.588404	0.938881	3.716290	0.355626
58.250000	0	0.037208	0.000181	0.633124	0.056498
58.250000	1	1.557366	0.855935	3.862805	0.378577
58.500000	0	0.046000	0.000141	2.685707	0.128194
58.500000	1	1.586387	0.522150	3.938443	0.387644
58.750000	0	0.038308	0.000398	0.454153	0.057148
58.750000	1	1.540538	0.940587	2.358481	0.244842
59.000000	0	0.038974	0.000172	0.469787	0.060198
59.000000	1	1.478510	0.538156	2.368593	0.289512
59.250000	0	0.042011	0.000153	0.919726	0.072112
59.250000	1	1.486815	0.733381	2.787712	0.296709
59.500000	0	0.042039	0.000047	0.471648	0.063315
59.500000	1	1.566398	0.650469	3.304476	0.344276
59.750000	0	0.040608	0.000183	1.098369	0.071340
59.750000	1	1.584281	0.890564	3.109112	0.291700
60.000000	0	0.038221	0.000330	0.619654	0.059658
60.000000	1	1.528612	0.717343	2.336530	0.250647
60.250000	0	0.038162	0.000343	1.167922	0.070138
60.250000	1	1.542968	1.039881	2.258782	0.235192
60.500000	0	0.044276	0.000175	2.235258	0.103690
60.500000	1	1.543303	0.812124	2.598355	0.303728
60.750000	0	0.042027	0.000298	1.630838	0.091922
60.750000	1	1.562743	0.675674	3.397046	0.314810
61.000000	0	0.038546	0.000609	0.534831	0.055874
61.000000	1	1.565155	0.053027	3.006014	0.354359
61.250000	0	0.037316	0.000456	0.386094	0.053594
61.250000	1	1.515381	0.496900	2.545759	0.263724
61.500000	0	0.043659	0.000179	0.645907	0.069809
61.500000	1	1.511210	0.130756	2.458797	0.276621
61.750000	0	0.042998	0.000678	0.835307	0.068851
61.750000	1	1.543991	0.670867	2.577648	0.310305
62.000000	0	0.042374	0.000282	0.879059	0.069255
62.000000	1	1.553681	0.822204	3.077474	0.335348
62.250000	0	0.040033	0.000258	0.709606	0.067473
62.250000	1	1.527767	0.523449	2.349179	0.292474
62.500000	0	0.043242	0.000167	0.725533	0.069969
62.500000	1	1.504066	0.354037	2.438667	0.323803
62.750000	0	0.038632	0.000239	0.525122	0.057549
62.750000	1	1.580124	0.566497	2.494730	0.275722
63.000000	0	0.038619	0.000226	0.585580	0.060325
63.000000	1	1.561669	0.573896	2.867081	0.320860
63.250000	0	0.040905	0.000540	0.548367	0.062354
63.250000	1	1.535200	0.598007	2.873404	0.304283
63.500000	0	0.041435	0.000641	0.857250	0.068934
63.500000	1	1.562082	0.687819	2.952462	0.374551
63.750000	0	0.038749	0.000494	0.840335	0.061222
63.750000	1	1.465647	0.465455	2.444227	0.330613
64.000000	0	0.041395	0.000152	0.863826	0.069288
64.000000	1	1.582958	0.395422	2.744968	0.325893
64.250000	0	0.038116	0.000174	0.674178	0.058996
64.250000	1	1.530565	0.753070	2.924231	0.301057
64.500000	0	0.038946	0.000398	1.388950	0.076441
64.500000	1	1.506129	0.340249	2.631890	0.349655
64.750000	0	0.037997	0.000336	0.399128	0.056444
64.750000	1	1.589405	1.016241	2.458755	0.239164
65.000000	0	0.035773	0.000231	0.785604	0.060739
65.000000	1	1.551842	0.453127	2.982397	0.305254
65.250000	0	0.035010	0.000234	0.348169	0.049403
65.250000	1	1.543445	0.733463	2.308999	0.265095
65.500000	0	0.037874	0.000253	0.889572	0.066796
65.500000	1	1.504429	0.749281	2.263669	0.265923
65.750000	0	0.040317	0.000216	0.520699	0.065134
65.750000	1	1.556563	0.281805	3.121900	0.406652
66.000000	0	0.036293	0.000303	0.647132	0.056722
66.000000	1	1.521567	0.740677	3.007896	0.303757
66.250000	0	0.040135	0.000459	0.972782	0.072457
66.250000	1	1.559222	0.723822	5.721203	0.580741
66.500000	0	0.044250	0.000465	0.844097	0.082043
66.500000	1	1.494699	0.512752	2.787724	0.316576
66.750000	0	0.041258	0.000453	0.594290	0.067674
66.750000	1	1.574145	0.794213	2.776966	0.312021
67.000000	0	0.038434	0.000492	0.788289	0.064396
67.000000	1	1.518781	0.164287	4.134404	0.385899
67.250000	0	0.036989	0.000294	0.411187	0.053540
67.250000	1	1.550906	0.549615	3.969154	0.386571
67.500000	0	0.040209	0.000198	1.597915	0.092227
67.500000	1	1.568202	0.558594	3.513208	0.343975
67.750000	0	0.037940	0.000352	0.552644	0.058298
67.750000	1	1.544495	0.764725	2.514116	0.261829
68.000000	0	0.038088	0.000111	0.404152	0.054348
68.000000	1	1.692618	1.001470	9.487551	0.989862
68.250000	0	0.041536	0.000369	1.628597	0.096065
68.250000	1	1.549620	0.683721	3.054587	0.355047
68.500000	0	0.039517	0.000089	0.937833	0.068915
68.500000	1	1.547077	0.820050	2.411269	0.273586
68.750000	0	0.037418	0.000424	0.435990	0.053529
68.750000	1	1.726506	0.986561	13.928707	1.518358
69.000000	0	0.036687	0.000487	0.854709	0.058190
69.000000	1	1.743135	0.250016	15.422939	1.706102
69.250000	0	0.041043	0.000462	0.622953	0.064544
69.250000	1	1.551099	0.603094	2.618481	0.332727
69.500000	0	0.043854	0.000172	0.654946	0.070499
69.500000	1	1.564295	0.726287	4.738076	0.446146
69.750000	0	0.042359	0.000061	0.693297	0.070390
69.750000	1	1.542314	0.484862	3.480745	0.356106
70.000000	0	0.042207	0.000198	1.282992	0.080203
70.000000	1	1.533925	0.822015	2.542939	0.291372
70.250000	0	0.037416	0.000222	0.601160	0.054669
70.250000	1	1.577470	0.959132	3.072216	0.321076
70.500000	0	0.040169	0.000153	1.260711	0.072304
70.500000	1	1.549096	0.689740	3.195004	0.365804
70.750000	0	0.040756	0.000073	0.620528	0.064691
70.750000	1	1.570849	0.417893	2.848324	0.292260
71.000000	0	0.039895	0.000234	0.410619	0.060626
71.000000	1	1.534559	0.332629	4.242421	0.398166
71.250000	0	0.039201	0.000268	0.692131	0.063581
71.250000	1	1.554648	0.717101	2.664082	0.300289
71.500000	0	0.041613	0.000450	2.913604	0.124895
71.500000	1	1.559321	0.674865	4.624541	0.424130
71.750000	0	0.038368	0.000348	1.221350	0.070955
71.750000	1	1.540741	0.564487	2.363787	0.298784
72.000000	0	0.036848	0.000157	0.364890	0.052193
72.000000	1	1.589954	0.724389	2.579994	0.287755
72.250000	0	0.037410	0.000372	0.686243	0.062779
72.250000	1	1.523364	0.238617	2.392895	0.329516
72.500000	0	0.039876	0.000140	1.549554	0.087065
72.500000	1	1.550694	0.572791	3.296526	0.358097
72.750000	0	0.034711	0.000315	0.500222	0.051108
72.750000	1	1.503746	1.006273	2.588761	0.230080
73.000000	0	0.039083	0.000803	0.603310	0.060486
73.000000	1	1.505441	0.779526	2.143139	0.250094
73.250000	0	0.045124	0.000531	0.546288	0.072423
73.250000	1	1.552475	0.632698	2.539248	0.305800
73.500000	0	0.044926	0.000549	1.611144	0.102645
73.500000	1	1.627533	0.782130	4.513863	0.464150
73.750000	0	0.042570	0.000391	0.672908	0.070927
73.750000	1	1.466314	0.167882	2.507358	0.302327
74.000000	0	0.041588	0.000195	0.772459	0.067164
74.000000	1	1.557002	0.841032	2.787803	0.308307
74.250000	0	0.043620	0.000620	0.946047	0.072737
74.250000	1	1.563720	0.633139	2.450387	0.318645
74.500000	0	0.042108	0.000495	1.007351	0.079204
74.500000	1	1.539609	0.703429	2.753922	0.311238
74.750000	0	0.042886	0.000373	1.332733	0.078306
74.750000	1	1.466878	0.123037	2.227925	0.287585
75.000000	0	0.042738	0.000594	0.721776	0.070730
75.000000	1	1.558206	0.216944	2.584396	0.358161
75.250000	0	0.043790	0.000845	0.580987	0.068151
75.250000	1	1.600065	0.730621	3.437849	0.358873
75.500000	0	0.044774	0.001048	1.069949	0.084454
75.500000	1	1.564862	0.536210	3.943019	0.383316
75.750000	0	0.045774	0.000730	0.925071	0.080735
75.750000	1	1.594568	0.662057	2.781222	0.352304
76.000000	0	0.045965	0.000202	1.062744	0.087584
76.000000	1	1.566361	0.373620	2.419105	0.291775
76.250000	0	0.040325	0.000570	0.504452	0.059392
76.250000	1	1.541116	0.578487	2.897634	0.307193
76.500000	0	0.041605	0.000437	0.703432	0.062896
76.500000	1	1.521183	0.776652	2.070294	0.236677
76.750000	0	0.040035	0.000681	0.625858	0.064335
76.750000	1	1.514110	0.647773	2.433210	0.275896
77.000000	0	0.037800	0.000126	0.442783	0.056045
77.000000	1	1.548373	0.834694	2.818875	0.279843
77.250000	0	0.040692	0.000054	0.995834	0.067899
77.250000	1	1.508450	0.619548	2.964356	0.294232
77.500000	0	0.038868	0.000447	0.499153	0.055509
77.500000	1	1.519185	0.615497	2.312137	0.283268
77.750000	0	0.039076	0.000847	0.621098	0.058401
77.750000	1	1.543241	0.433375	2.396961	0.298671
78.000000	0	0.038090	0.000251	0.720648	0.055804
78.000000	1	1.543906	0.181435	2.204367	0.265278
78.250000	0	0.037512	0.000406	0.509141	0.051910
78.250000	1	1.526557	0.831890	2.617242	0.261595
78.500000	0	0.036693	0.000581	0.750366	0.056835
78.500000	1	1.536007	0.378023	2.526277	0.307126
78.750000	0	0.039273	0.000827	0.507266	0.057840
78.750000	1	1.518460	0.814834	2.323403	0.243257
79.000000	0	0.039055	0.000683	0.668846	0.062748
79.000000	1	1.562435	0.824711	2.663792	0.327568
79.250000	0	0.043382	0.000400	0.835644	0.075099
79.250000	1	1.580472	0.744982	3.110450	0.347539
79.500000	0	0.038228	0.000317	0.680075	0.058733
79.500000	1	1.573565	0.777337	3.066231	0.336015
79.750000	0	0.040686	0.000633	0.588254	0.064044
79.750000	1	1.540914	0.587312	3.058736	0.320676
80.000000	0	0.040168	0.000653	0.516140	0.062885
80.000000	1	1.504142	0.622537	2.400630	0.280075
80.250000	0	0.043817	0.000188	1.103945	0.078720
80.250000	1	1.614002	0.894673	2.683245	0.310157
80.500000	0	0.040860	0.000641	1.887221	0.091697
80.500000	1	1.506463	0.548691	2.577450	0.319688
80.750000	0	0.043349	0.000432	1.374917	0.093888
80.750000	1	1.555922	0.872622	3.349237	0.342260
81.000000	0	0.044801	0.000511	0.718042	0.080580
81.000000	1	1.543357	0.532030	2.973675	0.304848
81.250000	0	0.040728	0.000486	1.139157	0.080682
81.250000	1	1.535299	0.529230	2.865865	0.355001
81.500000	0	0.041019	0.000539	1.461823	0.088417
81.500000	1	1.572485	0.379421	2.914299	0.361716
81.750000	0	0.035318	0.000624	0.478583	0.051787
81.750000	1	1.510719	0.882441	2.132293	0.263419
82.000000	0	0.036324	0.000379	0.352121	0.049789
82.000000	1	1.503717	0.930285	2.640570	0.274767
82.250000	0	0.041272	0.000436	1.050260	0.075098
82.250000	1	1.527006	0.937764	2.322694	0.248490
82.500000	0	0.041894	0.000642	0.849834	0.076444
82.500000	1	1.566555	0.583796	3.098727	0.351284
82.750000	0	0.040149	0.000352	1.538289	0.082028
82.750000	1	1.557886	0.888165	2.560906	0.262779
83.000000	0	0.037132	0.000567	0.436915	0.054920
83.000000	1	1.455452	0.503270	2.487645	0.320938
83.250000	0	0.041785	0.000265	0.784077	0.075219
83.250000	1	1.551590	0.416034	3.564661	0.463611
83.500000	0	0.040851	0.000358	1.092180	0.070779
83.500000	1	1.502725	0.639496	2.578170	0.296682
83.750000	0	0.043855	0.000241	0.968195	0.075406
83.750000	1	1.563197	0.475811	4.521068	0.425127
84.000000	0	0.042591	0.000408	0.627246	0.069074
84.000000	1	1.492557	0.613645	3.139364	0.349067
84.250000	0	0.045884	0.000250	0.799906	0.079676
84.250000	1	1.507286	0.590141	2.982414	0.347971
84.500000	0	0.046113	0.000332	0.823251	0.077515
84.500000	1	1.583424	0.671643	3.027190	0.414158
84.750000	0	0.041414	0.000375	0.843309	0.065148
84.750000	1	1.547990	0.633209	3.113053	0.379949
85.000000	0	0.039714	0.000488	1.497037	0.080431
85.000000	1	1.584993	0.517190	7.945485	0.783625
85.250000	0	0.045000	0.000361	1.539103	0.093622
85.250000	1	1.516405	0.616210	3.162519	0.304934
85.500000	0	0.042259	0.000385	1.081778	0.076656
85.500000	1	1.531844	0.209038	3.028104	0.347092
85.750000	0	0.040403	0.000180	1.106055	0.076472
85.750000	1	1.515169	0.635841	2.834100	0.329890
86.000000	0	0.040255	0.000080	0.746659	0.065618
86.000000	1	1.562400	0.527713	2.967468	0.400702
86.250000	0	0.042074	0.000200	1.417207	0.082618
86.250000	1	1.543424	0.581083	2.820102	0.336909
86.500000	0	0.039641	0.000336	0.744359	0.064947
86.500000	1	1.544436	0.472572	2.627967	0.328341
86.750000	0	0.044221	0.000528	1.550997	0.095964
86.750000	1	1.551345	0.519392	4.089063	0.371393
87.000000	0	0.042010	0.000336	1.139663	0.073927
87.000000	1	1.528197	0.547029	3.409345	0.344165
87.250000	0	0.036236	0.000401	0.507388	0.052847
87.250000	1	1.520777	0.730135	2.872916	0.337818
87.500000	0	0.039637	0.000693	0.858149	0.072403
87.500000	1	1.587697	0.301428	2.798224	0.350991
87.750000	0	0.038920	0.000730	0.985362	0.067282
87.750000	1	1.476118	0.715440	2.808694	0.267728
88.000000	0	0.040989	0.000700	0.854572	0.081071
88.000000	1	1.559347	0.389850	2.961867	0.362662
88.250000	0	0.040419	0.000506	1.731937	0.085998
88.250000	1	1.547484	0.603727	3.227407	0.324435
88.500000	0	0.040416	0.000613	0.747644	0.066243
88.500000	1	1.555157	0.597872	2.577487	0.308996
88.750000	0	0.038387	0.000694	0.490511	0.060799
88.750000	1	1.538905	0.363778	2.666998	0.286686
89.000000	0	0.037364	0.000968	0.937229	0.063973
89.000000	1	1.513268	0.159145	2.618053	0.315359
89.250000	0	0.040481	0.000120	0.650334	0.065713
89.250000	1	1.560112	0.606402	2.596311	0.316158
89.500000	0	0.042083	0.000379	1.010233	0.080026
89.500000	1	1.620801	0.795383	3.848058	0.376367
89.750000	0	0.037504	0.000580	0.516780	0.060793
89.750000	1	1.541452	0.634042	4.375051	0.421888
90.000000	0	0.036873	0.000388	0.444894	0.054405
90.000000	1	1.541589	0.600112	2.861998	0.315930
90.250000	0	0.037648	0.000391	0.508455	0.060409
90.250000	1	1.530818	0.428158	2.505398	0.301243
90.500000	0	0.041712	0.000261	0.938130	0.084758
90.500000	1	1.566358	0.830162	2.824424	0.280259
90.750000	0	0.039022	0.000519	0.497871	0.057960
90.750000	1	1.580958	0.727732	5.037418	0.460266
91.000000	0	0.041934	0.000320	1.022502	0.077791
91.000000	1	1.498582	0.459618	2.442181	0.289147
91.250000	0	0.039365	0.000111	0.659780	0.063914
91.250000	1	1.575502	0.445245	3.124808	0.327525
91.500000	0	0.035329	0.000083	0.405616	0.053011
91.500000	1	1.548853	0.377694	3.012019	0.334994
91.750000	0	0.033957	0.000244	0.477046	0.053527
91.750000	1	1.504893	0.818627	2.759148	0.288110
92.000000	0	0.036040	0.000419	0.524842	0.056578
92.000000	1	1.566056	0.613282	3.400045	0.378242
92.250000	0	0.042184	0.000345	1.437318	0.092732
92.250000	1	1.500849	0.393216	2.164249	0.289634
92.500000	0	0.040648	0.000420	1.050038	0.074851
92.500000	1	1.521721	0.898941	2.621570	0.287027
92.750000	0	0.037169	0.000377	0.528268	0.062949
92.750000	1	1.563914	0.557471	2.993635	0.335975
93.000000	0	0.036475	0.000271	0.492473	0.058717
93.000000	1	1.619043	0.725232	3.663071	0.399221
93.250000	0	0.035853	0.000275	1.439158	0.073216
93.250000	1	1.512669	0.742231	2.527414	0.272360
93.500000	0	0.039737	0.000341	1.044941	0.085033
93.500000	1	1.610043	0.901017	3.451864	0.366219
93.750000	0	0.038675	0.000379	0.814382	0.075849
93.750000	1	1.529822	0.413544	2.839853	0.300022
94.000000	0	0.039466	0.000246	0.635452	0.067881
94.000000	1	1.533899	0.733845	2.387961	0.280498
94.250000	0	0.041734	0.000537	0.899853	0.085905
94.250000	1	1.568833	0.618673	2.870322	0.346408
94.500000	0	0.035345	0.000438	0.780524	0.064758
94.500000	1	1.514521	0.619314	2.488840	0.292512
94.750000	0	0.035135	0.000279	0.807683	0.067163
94.750000	1	1.560012	0.849272	3.003507	0.321422
95.000000	0	0.032279	0.000186	0.271495	0.044820
95.000000	1	1.508583	0.873932	2.674690	0.254443
95.250000	0	0.034417	0.000401	0.853814	0.057798
95.250000	1	1.513606	0.927116	2.460881	0.232901
95.500000	0	0.035223	0.000340	0.574253	0.054666
95.500000	1	1.531978	0.531902	2.471788	0.301336
95.750000	0	0.039273	0.000111	0.477800	0.061360
95.750000	1	1.441325	0.266350	2.283484	0.320035
96.000000	0	0.039547	0.000161	0.925485	0.071405
96.000000	1	1.549632	0.567473	3.100214	0.343061
96.250000	0	0.036454	0.000203	0.614294	0.059186
96.250000	1	1.503373	0.245818	2.265356	0.286977
96.500000	0	0.035304	0.000211	0.585712	0.060431
96.500000	1	1.509581	0.744089	2.335376	0.287902
96.750000	0	0.038733	0.000428	0.765544	0.066476
96.750000	1	1.503810	0.364145	2.601642	0.292720
97.000000	0	0.033536	0.000575	0.655144	0.053799
97.000000	1	1.517877	0.526845	2.581323	0.309929
97.250000	0	0.040337	0.000282	0.760094	0.076237
97.250000	1	1.573059	0.517431	2.921332	0.299885
97.500000	0	0.037203	0.000016	0.891453	0.070101
97.500000	1	1.479295	0.272314	2.377273	0.286002
97.750000	0	0.037277	0.000202	1.345953	0.081419
97.750000	1	1.556995	0.169311	2.831118	0.346041
98.000000	0	0.038767	0.000208	1.498008	0.082168
98.000000	1	1.692158	0.570400	7.103717	0.782059
98.250000	0	0.035111	0.000437	0.417221	0.054944
98.250000	1	1.526700	0.797808	3.200302	0.318569
98.500000	0	0.036456	0.000377	0.770965	0.061033
98.500000	1	1.488032	0.375413	2.591387	0.302558
98.750000	0	0.038927	0.000481	0.841926	0.072134
98.750000	1	1.542895	0.244530	2.843076	0.401102
99.000000	0	0.038723	0.000172	1.503113	0.078652
99.000000	1	1.555026	0.599475	3.304965	0.374822
99.250000	0	0.038296	0.000325	0.996577	0.077929
99.250000	1	1.485513	0.573919	2.945535	0.260633
99.500000	0	0.037216	0.000164	0.514036	0.057765
99.500000	1	1.549708	0.754369	2.733535	0.318842
99.750000	0	0.037298	0.000113	0.507457	0.059403
99.750000	1	1.521863	0.307790	2.903625	0.346724
100.000000	0	0.039053	0.000237	0.860514	0.068826
100.000000	1	1.568634	0.718559	3.049908	0.341830
100.250000	0	0.036828	0.000350	0.885968	0.061930
100.250000	1	1.558618	0.793385	2.624380	0.294628
100.500000	0	0.045381	0.000114	2.491008	0.149763
100.500000	1	1.571577	0.626681	4.989649	0.449633
100.750000	0	0.034719	0.000450	0.332158	0.050713
100.750000	1	1.515747	0.723560	3.154603	0.321036
101.000000	0	0.037248	0.000353	1.310346	0.076505
101.000000	1	1.596171	0.847936	3.140407	0.365940
101.250000	0	0.035422	0.000224	0.404829	0.056739
101.250000	1	1.522942	0.622169	2.386367	0.259016
101.500000	0	0.034879	0.000181	0.441776	0.052142
101.500000	1	1.565628	0.952718	3.127733	0.323315
101.750000	0	0.035425	0.000276	0.871826	0.060821
101.750000	1	1.572497	0.718697	4.819681	0.452981
102.000000	0	0.035862	0.000269	0.582996	0.060046
102.000000	1	1.579159	0.703770	3.731745	0.359522
102.250000	0	0.036258	0.000047	0.776424	0.063528
102.250000	1	1.546995	0.931854	2.770688	0.302467
102.500000	0	0.034884	0.000304	0.577767	0.055589
102.500000	1	1.507420	0.555527	2.439716	0.270569
102.750000	0	0.037064	0.000151	0.657958	0.061772
102.750000	1	1.510927	0.456982	2.951811	0.273856
103.000000	0	0.037591	0.000278	0.523297	0.057696
103.000000	1	1.561866	0.699970	2.423108	0.303920
103.250000	0	0.036132	0.000297	0.297034	0.051363
103.250000	1	1.523772	0.670825	2.236234	0.259852
103.500000	0	0.039812	0.000089	1.035566	0.070608
103.500000	1	1.539230	0.110945	2.791543	0.352136
103.750000	0	0.036558	0.000611	1.354414	0.074233
103.750000	1	1.497074	0.316018	2.971320	0.288681
104.000000	0	0.038457	0.000780	0.607934	0.066765
104.000000	1	1.517762	0.756015	2.253999	0.274354
104.250000	0	0.036622	0.000107	0.826910	0.059184
104.250000	1	1.535682	0.864628	2.675699	0.312195
104.500000	0	0.037115	0.000299	0.688119	0.061084
104.500000	1	1.514587	0.341957	2.371349	0.311636
104.750000	0	0.036059	0.000270	0.576882	0.060856
104.750000	1	1.494247	0.449863	2.199543	0.304041
105.000000	0	0.037576	0.000288	0.880542	0.065307
105.000000	1	1.554752	0.512935	2.768245	0.361961
105.250000	0	0.034804	0.000334	0.488664	0.050964
105.250000	1	1.582245	0.728132	2.819541	0.307246
105.500000	0	0.036296	0.000219	0.692306	0.058543
105.500000	1	1.542184	0.731939	3.041499	0.275724
105.750000	0	0.039140	0.000223	0.797313	0.067122
105.750000	1	1.473930	0.368177	2.126556	0.296944
106.000000	0	0.038216	0.000732	0.519101	0.057835
106.000000	1	1.523959	0.306888	2.715822	0.323715
106.250000	0	0.040881	0.000454	1.820113	0.092581
106.250000	1	1.592253	0.410386	5.451350	0.601539
106.500000	0	0.037730	0.000390	0.599418	0.058827
106.500000	1	1.538251	0.612703	2.875993	0.285339
106.750000	0	0.037463	0.000437	0.601864	0.060566
106.750000	1	1.544446	0.654532	2.963682	0.338430
107.000000	0	0.037163	0.000176	0.787976	0.063352
107.000000	1	1.559994	0.759411	2.784389	0.282369
107.250000	0	0.034967	0.000378	0.451672	0.053436
107.250000	1	1.570557	1.139248	3.113805	0.269788
107.500000	0	0.036526	0.000232	0.531083	0.056905
107.500000	1	1.596412	0.206468	7.502245	0.809199
107.750000	0	0.037249	0.000170	0.696798	0.059902
107.750000	1	1.584594	0.569275	5.318819	0.502330
108.000000	0	0.037364	0.000423	0.567783	0.061718
108.000000	1	1.513431	0.598987	2.640007	0.295559
108.250000	0	0.038598	0.000521	1.161669	0.074539
108.250000	1	1.565238	0.186149	5.884612	0.615456
108.500000	0	0.037016	0.000392	0.856846	0.068953
108.500000	1	1.528116	0.720035	3.970683	0.426249
108.750000	0	0.038517	0.000203	0.958527	0.070015
108.750000	1	1.494932	0.856184	2.684982	0.294252
109.000000	0	0.039559	0.000159	1.198100	0.083969
109.000000	1	1.623743	0.772777	3.410992	0.376690
109.250000	0	0.036345	0.000429	0.754533	0.062173
109.250000	1	1.555103	0.555432	2.612228	0.281380
109.500000	0	0.037383	0.000391	0.736380	0.065716
109.500000	1	1.555935	0.104247	2.909334	0.303194
109.750000	0	0.033879	0.000189	0.365252	0.048328
109.750000	1	1.527265	0.064364	2.529628	0.305914
110.000000	0	0.034092	0.000177	0.408057	0.051186
110.000000	1	1.537162	0.678252	2.727527	0.313527
110.250000	0	0.037062	0.000165	0.572978	0.062797
110.250000	1	1.518115	0.231119	2.452251	0.328148
110.500000	0	0.039168	0.000156	1.398926	0.085701
110.500000	1	1.603546	0.578913	2.789644	0.317956
110.750000	0	0.035670	0.000214	0.671743	0.065868
110.750000	1	1.544199	0.966885	3.276907	0.295313
111.000000	0	0.037138	0.000194	1.107103	0.074762
111.000000	1	1.520998	0.678809	2.547516	0.321489
111.250000	0	0.037993	0.000285	1.351653	0.084058
111.250000	1	1.501403	0.544253	3.136385	0.324252
111.500000	0	0.039264	0.000254	1.107351	0.083006
111.500000	1	1.545760	0.645065	4.352252	0.408332
111.750000	0	0.040555	0.000222	1.021160	0.075897
111.750000	1	1.652795	1.031836	6.342358	0.537310
112.000000	0	0.034961	0.000245	0.386796	0.053820
112.000000	1	1.506762	0.462246	2.417842	0.316587
112.250000	0	0.038657	0.000326	0.995296	0.074477
112.250000	1	1.566965	0.659485	2.665707	0.286547
112.500000	0	0.038918	0.000289	0.965313	0.079883
112.500000	1	1.482084	0.070747	2.324504	0.290686
112.750000	0	0.037885	0.000252	0.952250	0.068604
112.750000	1	1.499107	0.669054	2.469672	0.265087
113.000000	0	0.034586	0.000440	0.515948	0.056570
113.000000	1	1.531205	0.873480	2.432964	0.259670
113.250000	0	0.037817	0.000285	0.991349	0.074287
113.250000	1	1.553585	0.625811	2.456020	0.328325
113.500000	0	0.035739	0.000304	1.443043	0.080049
113.500000	1	1.536376	0.761202	3.232346	0.334454
113.750000	0	0.036673	0.000169	0.676570	0.058274
113.750000	1	1.464472	0.081631	2.135797	0.337666
114.000000	0	0.037266	0.000147	0.512750	0.058632
114.000000	1	1.577140	0.823220	2.916707	0.294176
114.250000	0	0.036048	0.000173	0.534117	0.056992
114.250000	1	1.504997	0.796829	2.588058	0.267259
114.500000	0	0.036692	0.000250	0.462257	0.056393
114.500000	1	1.510273	0.232280	2.300153	0.273164
114.750000	0	0.035417	0.000136	0.526829	0.055716
114.750000	1	1.541988	0.290695	2.495289	0.302471
115.000000	0	0.035907	0.000245	0.843761	0.063643
115.000000	1	1.587307	0.928674	2.768045	0.299438
115.250000	0	0.034649	0.000231	1.127333	0.066263
115.250000	1	1.530240	0.943659	2.996110	0.298083
115.500000	0	0.034455	0.000147	0.620530	0.058484
115.500000	1	1.542077	0.704971	2.415319	0.299955
115.750000	0	0.036087	0.000057	0.601959	0.057482
115.750000	1	1.585083	0.699984	3.342553	0.356809
116.000000	0	0.033547	0.000173	0.653262	0.059516
116.000000	1	1.557350	0.948173	3.738224	0.365148
116.250000	0	0.036847	0.000283	1.005750	0.073900
116.250000	1	1.595404	0.645154	5.230892	0.519109
116.500000	0	0.032397	0.000302	0.327593	0.048513
116.500000	1	1.573012	0.547005	2.503972	0.286732
116.750000	0	0.033234	0.000056	0.832696	0.060280
116.750000	1	1.531158	0.395820	2.939902	0.311064
117.000000	0	0.037663	0.000137	1.960607	0.090537
117.000000	1	1.527206	0.778505	2.995128	0.258490
117.250000	0	0.038953	0.000185	0.935164	0.076923
117.250000	1	1.587354	0.507244	3.260040	0.345716
117.500000	0	0.030677	0.000214	0.380879	0.045605
117.500000	1	1.565003	0.745601	3.058726	0.357308
117.750000	0	0.032922	0.000423	0.471827	0.050134
117.750000	1	1.507656	0.550073	2.119913	0.268225
118.000000	0	0.032996	0.000297	0.367773	0.051140
118.000000	1	1.564865	0.728354	3.056503	0.322517
118.250000	0	0.031202	0.000325	0.381321	0.048303
118.250000	1	1.535946	0.726303	2.735459	0.272062
118.500000	0	0.051449	0.000018	14.067636	0.525966
118.500000	1	1.610539	0.775145	14.197015	1.183793
118.750000	0	0.037318	0.000426	0.744324	0.063429
118.750000	1	1.571355	0.967587	2.654585	0.284227
119.000000	0	0.035470	0.000350	0.679236	0.061496
119.000000	1	1.548766	0.604525	2.598308	0.263936
119.250000	0	0.033474	0.000344	0.594907	0.052929
119.250000	1	1.543919	0.416778	2.320573	0.281413
119.500000	0	0.035383	0.000499	0.415539	0.054021
119.500000	1	1.537054	0.572016	2.230031	0.282338
119.750000	0	0.036009	0.000675	1.263592	0.071893
119.750000	1	1.719664	0.853027	10.439967	1.146658
120.000000	0	0.036211	0.000330	0.715391	0.058276
120.000000	1	1.502555	0.688180	2.680205	0.280332
120.250000	0	0.037301	0.000683	0.621142	0.059756
120.250000	1	1.478641	0.362924	3.481104	0.402157
120.500000	0	0.039438	0.000472	0.799189	0.069464
120.500000	1	1.493766	0.373743	3.176565	0.359195
120.750000	0	0.041657	0.000175	0.662926	0.070757
120.750000	1	1.503116	0.648292	2.430850	0.299384
121.000000	0	0.040729	0.000218	0.731940	0.069435
121.000000	1	1.548900	0.849880	2.696989	0.290568
121.250000	0	0.041351	0.000402	1.313861	0.085411
121.250000	1	1.594729	0.947082	3.912565	0.400400
121.500000	0	0.038912	0.000576	1.346667	0.079904
121.500000	1	1.510432	0.716720	2.358260	0.280912
121.750000	0	0.035459	0.000118	0.659100	0.061044
121.750000	1	1.499098	0.865677	2.231798	0.238114
122.000000	0	0.035439	0.000329	0.611029	0.054932
122.000000	1	1.539072	0.810440	2.719008	0.292168
122.250000	0	0.036230	0.000275	0.541997	0.055650
122.250000	1	1.691315	0.849214	11.064730	1.256572
122.500000	0	0.034854	0.000412	0.447049	0.053607
122.500000	1	1.549657	0.436989	2.607597	0.294164
122.750000	0	0.038318	0.000476	1.002755	0.072749
122.750000	1	1.589123	1.047582	3.207762	0.343672
123.000000	0	0.040906	0.000213	1.018609	0.079747
123.000000	1	1.533954	0.513496	3.036217	0.330303
123.250000	0	0.037656	0.000269	0.496139	0.055770
123.250000	1	1.550211	0.618176	3.144009	0.349533
123.500000	0	0.039543	0.000401	0.855264	0.069743
123.500000	1	1.496798	0.933438	2.290212	0.248781
123.750000	0	0.037433	0.000601	0.526082	0.056971
123.750000	1	1.664309	0.742559	5.880197	0.668794
124.000000	0	0.041279	0.000493	1.023067	0.079454
124.000000	1	1.546994	0.710831	2.845395	0.281902
124.250000	0	0.036570	0.000050	0.539914	0.057553
124.250000	1	1.526148	0.863427	2.501897	0.283015
124.500000	0	0.036454	0.000402	0.590962	0.057951
124.500000	1	1.537999	0.642983	3.006764	0.327796
124.750000	0	0.037092	0.000211	0.919064	0.059117
124.750000	1	1.565108	0.541461	2.805903	0.306319
125.000000	0	0.036342	0.000418	0.845116	0.065412
125.000000	1	1.547187	0.505748	3.480439	0.334143
125.250000	0	0.035172	0.000374	0.608456	0.054199
125.250000	1	1.512951	0.530495	2.742455	0.346234
125.500000	0	0.038508	0.000553	0.672109	0.062315
125.500000	1	1.523209	0.669474	2.426375	0.254892
125.750000	0	0.036633	0.000350	0.749776	0.060500
125.750000	1	1.519705	0.425574	2.145345	0.257156
126.000000	0	0.038204	0.000259	1.470641	0.081614
126.000000	1	1.517226	0.335596	3.285277	0.337784
126.250000	0	0.036274	0.000497	0.560807	0.060592
126.250000	1	1.538546	0.883152	2.682598	0.317954
126.500000	0	0.036728	0.000182	0.488096	0.054973
126.500000	1	1.572337	0.816610	3.035236	0.314051
126.750000	0	0.037368	0.000320	0.662978	0.059456
126.750000	1	1.528837	0.715891	2.487806	0.313849
127.000000	0	0.033381	0.000410	0.370914	0.046079
127.000000	1	1.519584	0.566877	2.357334	0.274389
127.250000	0	0.034550	0.000325	0.812304	0.059611
127.250000	1	1.483416	0.941549	2.219434	0.206790
127.500000	0	0.034699	0.000303	0.857838	0.061334
127.500000	1	1.582789	0.537014	2.692551	0.343286
127.750000	0	0.031522	0.000477	0.328542	0.044222
127.750000	1	1.523954	0.434143	3.041626	0.339924
128.000000	0	0.031891	0.000336	0.572445	0.048962
128.000000	1	1.531576	0.947854	2.332162	0.267586
128.250000	0	0.034152	0.000310	0.410001	0.053571
128.250000	1	1.575287	0.817368	3.370208	0.369968
128.500000	0	0.040678	0.000259	2.271262	0.106337
128.500000	1	1.574834	0.666174	3.993215	0.403846
128.750000	0	0.035893	0.000314	1.155966	0.071282
128.750000	1	1.528355	0.807811	2.532683	0.278064
129.000000	0	0.037535	0.000032	0.556379	0.059401
129.000000	1	1.623962	0.805939	3.997022	0.416072
129.250000	0	0.035963	0.000271	0.772874	0.062986
129.250000	1	1.527052	0.456055	2.657085	0.300762
129.500000	0	0.036261	0.000354	0.727674	0.064720
129.500000	1	1.512235	0.634784	2.502820	0.308665
129.750000	0	0.036818	0.000271	0.915050	0.070796
129.750000	1	1.560653	1.047364	2.737146	0.289248
130.000000	0	0.035512	0.000184	0.453335	0.056653
130.000000	1	1.549923	0.308360	2.477980	0.328187
130.250000	0	0.033239	0.000213	0.424253	0.050012
130.250000	1	1.539876	0.725781	2.585557	0.300371
130.500000	0	0.036392	0.000307	0.459560	0.059564
130.500000	1	1.552745	0.975966	3.152439	0.295759
130.750000	0	0.036889	0.000044	0.861484	0.067550
130.750000	1	1.512575	0.337708	2.530877	0.314620
131.000000	0	0.038405	0.000215	0.542593	0.067712
131.000000	1	1.522858	0.574957	3.339360	0.369988
131.250000	0	0.036511	0.000014	0.712416	0.061851
131.250000	1	1.527406	0.815569	2.374274	0.277839
131.500000	0	0.041003	0.000117	1.667987	0.093990
131.500000	1	1.577252	0.314069	4.815690	0.483094
131.750000	0	0.043012	0.000290	1.196826	0.093390
131.750000	1	1.508883	0.262161	2.742080	0.385731
132.000000	0	0.036346	0.000420	0.527781	0.059592
132.000000	1	1.523495	0.812256	2.510854	0.301715
132.250000	0	0.038695	0.000958	1.218325	0.084892
132.250000	1	1.568759	0.789854	4.391472	0.415673
132.500000	0	0.039279	0.000505	1.325187	0.090018
132.500000	1	1.596215	0.800837	3.454793	0.341126
132.750000	0	0.040339	0.000357	1.312616	0.080809
132.750000	1	1.549108	0.676851	2.982574	0.316946
133.000000	0	0.036138	0.000422	0.561851	0.059539
133.000000	1	1.568306	0.750208	4.213351	0.357285
133.250000	0	0.035767	0.000400	0.551974	0.054420
133.250000	1	1.509930	0.552555	2.512574	0.317217
133.500000	0	0.035411	0.000205	0.498082	0.056314
133.500000	1	1.511626	0.284481	2.486883	0.294278
133.750000	0	0.036852	0.000461	0.883660	0.070205
133.750000	1	1.510324	0.254845	3.006771	0.342519
134.000000	0	0.039063	0.000720	1.019602	0.070579
134.000000	1	1.505329	0.484346	2.363764	0.287905
134.250000	0	0.037067	0.000642	0.567100	0.061572
134.250000	1	1.600120	0.701355	4.191720	0.426982
134.500000	0	0.040718	0.000251	1.036161	0.071949
134.500000	1	1.543668	0.468375	2.534246	0.304978
134.750000	0	0.041768	0.000314	1.304237	0.086399
134.750000	1	1.495072	0.545960	2.789884	0.315873
135.000000	0	0.046206	0.000164	1.065379	0.085799
135.000000	1	1.614432	0.672912	3.024142	0.366792
135.250000	0	0.046520	0.000217	1.646896	0.105272
135.250000	1	1.506710	0.469970	3.086432	0.332486
135.500000	0	0.045401	0.000471	3.108907	0.132925
135.500000	1	1.580397	0.735908	4.747808	0.413252
135.750000	0	0.043929	0.000446	1.105768	0.089964
135.750000	1	1.502635	0.327165	2.839186	0.355849
136.000000	0	0.045511	0.000396	0.959405	0.079954
136.000000	1	1.590471	0.478989	5.019493	0.462470
136.250000	0	0.039947	0.000252	0.522114	0.058968
136.250000	1	1.591648	0.280243	3.312038	0.363087
136.500000	0	0.039844	0.000237	0.573256	0.061527
136.500000	1	1.516826	0.546107	2.990896	0.309750
136.750000	0	0.043582	0.000041	1.522767	0.089253
136.750000	1	1.516414	0.537766	2.526485	0.308533
137.000000	0	0.041632	0.000155	0.968220	0.070896
137.000000	1	1.524424	0.781793	2.626192	0.297778
137.250000	0	0.040211	0.000240	0.499768	0.063095
137.250000	1	1.563853	0.669789	2.912600	0.334307
137.500000	0	0.038828	0.000120	0.552924	0.061877
137.500000	1	1.584011	0.811060	2.836594	0.324239
137.750000	0	0.038181	0.000416	1.250945	0.070022
137.750000	1	1.535679	0.674739	3.005781	0.300760
138.000000	0	0.038087	0.000103	0.623078	0.061343
138.000000	1	1.552332	0.869408	3.614144	0.320995
138.250000	0	0.035864	0.000192	0.558720	0.055033
138.250000	1	1.572292	0.931628	2.423747	0.264089
138.500000	0	0.035172	0.000073	0.579495	0.054607
138.500000	1	1.546881	0.707538	3.203331	0.332351
138.750000	0	0.034416	0.000137	0.749876	0.051083
138.750000	1	1.509855	0.770808	3.218630	0.293594
139.000000	0	0.038132	0.000340	0.522499	0.059426
139.000000	1	1.550171	0.257307	3.822502	0.408410
139.250000	0	0.040935	0.000282	1.045503	0.078495
139.250000	1	1.525406	0.854543	3.108526	0.314362
139.500000	0	0.038731	0.000498	0.791448	0.067485
139.500000	1	1.560420	0.249459	2.773987	0.354751
139.750000	0	0.035788	0.000216	0.491844	0.052993
139.750000	1	1.546245	0.905448	2.179057	0.267044
140.000000	0	0.039658	0.000319	1.405022	0.091462
140.000000	1	1.582072	0.878525	3.620170	0.344707
140.250000	0	0.038867	0.000237	1.146408	0.085973
140.250000	1	1.574207	0.543217	3.631495	0.372735
140.500000	0	0.036307	0.000449	0.583999	0.055396
140.500000	1	1.544679	0.848795	2.683314	0.285916
140.750000	0	0.035912	0.000627	0.504962	0.055065
140.750000	1	1.555962	0.426387	4.521882	0.425810
141.000000	0	0.038012	0.000198	1.657555	0.082514
141.000000	1	1.589776	0.772848	2.778495	0.337816
141.250000	0	0.036280	0.000353	1.055725	0.066499
141.250000	1	1.493517	0.494177	2.575232	0.271451
141.500000	0	0.039423	0.000076	0.528105	0.062235
141.500000	1	1.510563	0.702252	2.699078	0.312687
141.750000	0	0.041135	0.000173	1.069824	0.075913
141.750000	1	1.563246	0.287031	3.458989	0.447982
142.000000	0	0.039683	0.000127	1.111209	0.072000
142.000000	1	1.537894	0.402858	6.109814	0.519670
142.250000	0	0.037315	0.000505	0.982927	0.068339
142.250000	1	1.502003	0.250337	2.806249	0.374520
142.500000	0	0.043115	0.000290	3.359863	0.155845
142.500000	1	1.642255	0.507720	6.840255	0.594343
142.750000	0	0.036566	0.000256	0.907869	0.061445
142.750000	1	1.590011	0.440430	4.436354	0.491230
143.000000	0	0.036746	0.000279	0.488879	0.056017
143.000000	1	1.563018	0.285155	3.980958	0.405920
143.250000	0	0.036541	0.000276	0.427566	0.057737
143.250000	1	1.553740	0.454347	3.160554	0.330948
143.500000	0	0.031785	0.000455	0.528846	0.047632
143.500000	1	1.509987	0.716101	2.321258	0.280859
143.750000	0	0.036082	0.000582	0.409863	0.056168
143.750000	1	1.498016	0.618480	2.394444	0.257638
144.000000	0	0.035145	0.000667	1.060397	0.066257
144.000000	1	1.554182	0.672204	3.076192	0.318503
144.250000	0	0.031853	0.000494	0.607075	0.048465
144.250000	1	1.528766	0.816193	2.215990	0.230553
144.500000	0	0.033868	0.000518	0.425085	0.049369
144.500000	1	1.502693	0.423658	2.955522	0.303030
144.750000	0	0.035606	0.000441	0.555083	0.060920
144.750000	1	1.575763	0.571636	2.420367	0.291391
145.000000	0	0.034583	0.000370	0.493205	0.053361
145.000000	1	1.538344	0.799829	2.710856	0.314729
145.250000	0	0.034589	0.000358	0.368592	0.051146
145.250000	1	1.533922	0.752739	3.414438	0.301593
145.500000	0	0.035999	0.000141	0.378054	0.053362
145.500000	1	1.540466	0.559853	2.802754	0.320274
145.750000	0	0.033593	0.000354	0.402578	0.049009
145.750000	1	1.548844	0.794220	2.665793	0.291981
146.000000	0	0.037958	0.000344	1.243485	0.076523
146.000000	1	1.505585	0.510407	2.629089	0.310048
146.250000	0	0.035352	0.000385	0.655067	0.057868
146.250000	1	1.522334	0.792944	2.387281	0.254274
146.500000	0	0.037231	0.000458	0.754092	0.063029
146.500000	1	1.555260	0.691009	2.751084	0.276607
146.750000	0	0.039046	0.000579	0.866842	0.067339
146.750000	1	1.496194	0.168216	2.689365	0.341137
147.000000	0	0.040540	0.000168	0.893674	0.071432
147.000000	1	1.526626	0.163100	3.001740	0.361745
147.250000	0	0.039517	0.000322	0.889490	0.071040
147.250000	1	1.521313	0.347795	2.998365	0.360707
147.500000	0	0.042226	0.000146	0.801001	0.075439
147.500000	1	1.522156	0.608137	2.525417	0.294900
147.750000	0	0.038027	0.000039	0.465094	0.057054
147.750000	1	1.537457	0.465327	2.815635	0.319576
148.000000	0	0.037420	0.000124	0.730988	0.064978
148.000000	1	1.536274	0.582971	2.942109	0.318449
148.250000	0	0.041229	0.000206	1.351732	0.084984
148.250000	1	1.567835	0.584276	3.812854	0.390015
148.500000	0	0.037815	0.000162	1.058385	0.070969
148.500000	1	1.540941	0.421762	3.529547	0.372286
148.750000	0	0.037580	0.000185	0.671851	0.064957
148.750000	1	1.537872	0.786955	2.420914	0.247737
149.000000	0	0.038068	0.000362	0.703622	0.064428
149.000000	1	1.539808	0.920972	2.287882	0.226757
149.250000	0	0.036763	0.000300	1.124057	0.070940
149.250000	1	1.488527	0.403384	2.160201	0.300550
149.500000	0	0.039222	0.000262	0.865667	0.072570
149.500000	1	1.542182	0.400188	2.694957	0.331409
149.750000	0	0.037721	0.000288	2.164926	0.099849
149.750000	1	1.589292	0.944258	3.177643	0.347450
150.000000	0	0.036313	0.000427	0.615221	0.061818
150.000000	1	1.536939	0.564616	2.812004	0.306470
150.250000	0	0.036159	0.000466	0.436352	0.058242
150.250000	1	1.600936	0.338011	5.059810	0.496233
150.500000	0	0.037771	0.000135	1.323353	0.088174
150.500000	1	1.590928	0.295918	4.837645	0.545177
150.750000	0	0.037110	0.000245	0.558383	0.059757
150.750000	1	1.582690	0.291043	5.101529	0.536040
151.000000	0	0.036550	0.000201	0.564846	0.060158
151.000000	1	1.497430	0.471846	3.741625	0.401760
151.250000	0	0.036056	0.000346	0.501766	0.057041
151.250000	1	1.560733	0.472936	3.384427	0.391883
151.500000	0	0.036181	0.000109	0.986479	0.069135
151.500000	1	1.520812	0.223705	2.579131	0.314505
151.750000	0	0.035627	0.000330	0.420890	0.054241
151.750000	1	1.530929	0.533194	3.094494	0.338901
152.000000	0	0.038154	0.000242	0.491825	0.059447
152.000000	1	1.521708	0.609011	2.535304	0.300626
152.250000	0	0.035802	0.000435	0.991925	0.064504
152.250000	1	1.538390	0.805489	2.640972	0.313662
152.500000	0	0.035544	0.000528	0.834146	0.061068
152.500000	1	1.547828	0.450595	2.988158	0.332606
152.750000	0	0.035566	0.000191	0.841638	0.063683
152.750000	1	1.532102	0.207241	3.008903	0.315376
153.000000	0	0.034042	0.000410	0.436056	0.053590
153.000000	1	1.524496	0.768351	2.822503	0.315977
153.250000	0	0.037272	0.000192	1.512372	0.087911
153.250000	1	1.512415	0.126510	2.320283	0.307224
153.500000	0	0.037521	0.000085	0.839632	0.070187
153.500000	1	1.571082	0.811164	3.350348	0.318110
153.750000	0	0.036198	0.000202	0.555244	0.058533
153.750000	1	1.570030	0.804519	2.473187	0.274232
154.000000	0	0.031600	0.000497	0.360380	0.048134
154.000000	1	1.521015	0.708869	2.168076	0.233528
154.250000	0	0.033324	0.000281	0.617958	0.057668
154.250000	1	1.524810	0.723519	2.536334	0.250300
154.500000	0	0.034122	0.000341	0.641024	0.057805
154.500000	1	1.542236	0.344656	2.518808	0.318131
154.750000	0	0.033194	0.000366	0.489683	0.050407
154.750000	1	1.588836	0.490381	3.487161	0.376193
155.000000	0	0.033767	0.000269	0.357403	0.048774
155.000000	1	1.547557	0.710884	2.825426	0.300014
155.250000	0	0.032485	0.000190	0.805110	0.055404
155.250000	1	1.518240	0.974305	2.504645	0.247359
155.500000	0	0.035102	0.000136	0.626924	0.056086
155.500000	1	1.552271	0.245635	2.486072	0.331268
155.750000	0	0.035896	0.000159	0.659356	0.062229
155.750000	1	1.569474	0.589626	2.541225	0.313080
156.000000	0	0.037925	0.000239	1.051926	0.079404
156.000000	1	1.537139	0.710457	2.417369	0.294001
156.250000	0	0.036333	0.000445	0.723246	0.058366
156.250000	1	1.516449	0.550294	2.665472	0.284113
156.500000	0	0.038412	0.000100	0.784877	0.065162
156.500000	1	1.520237	0.744805	3.226721	0.320214
156.750000	0	0.038798	0.000157	0.829465	0.064402
156.750000	1	1.561232	0.555356	2.780617	0.354880
157.000000	0	0.037968	0.000416	0.840811	0.068121
157.000000	1	1.550062	0.594636	2.756452	0.302578
157.250000	0	0.035417	0.000424	0.449317	0.055789
157.250000	1	1.556066	0.918665	2.751316	0.282916
157.500000	0	0.036467	0.000453	0.714091	0.063749
157.500000	1	1.528075	0.550054	2.394291	0.302809
157.750000	0	0.037711	0.000427	0.689945	0.066267
157.750000	1	1.591025	0.395369	2.678377	0.332577
158.000000	0	0.033468	0.000212	0.580726	0.052786
158.000000	1	1.538179	0.680389	4.035117	0.395245
158.250000	0	0.036313	0.000198	1.397109	0.071648
158.250000	1	1.542863	0.390201	3.228403	0.333793
158.500000	0	0.036237	0.000300	0.763932	0.060625
158.500000	1	1.553771	0.687191	2.540245	0.320369
158.750000	0	0.037502	0.000331	0.736342	0.066964
158.750000	1	1.561168	0.397283	2.646780	0.354815
159.000000	0	0.034982	0.000061	0.512550	0.054117
159.000000	1	1.519725	0.608949	2.931059	0.285178
159.250000	0	0.032798	0.000122	0.352965	0.048867
159.250000	1	1.519979	0.721256	3.086817	0.313295
159.500000	0	0.034525	0.000161	0.537558	0.055762
159.500000	1	1.555906	0.554131	2.723722	0.325113
159.750000	0	0.034965	0.000297	0.989017	0.066451
159.750000	1	1.503394	0.443434	2.513950	0.323603
160.000000	0	0.037111	0.000480	0.533432	0.059747
160.000000	1	1.500962	0.625531	2.818801	0.360720
160.250000	0	0.037688	0.000184	0.990463	0.076490
160.250000	1	1.483854	0.616797	2.261289	0.281428
160.500000	0	0.040260	0.000228	1.206004	0.078785
160.500000	1	1.554353	0.516843	3.318067	0.360332
160.750000	0	0.039319	0.000077	1.017183	0.078878
160.750000	1	1.518766	0.351763	2.845164	0.340905
161.000000	0	0.034253	0.000216	0.276866	0.049082
161.000000	1	1.546336	0.543181	2.686661	0.284715
161.250000	0	0.033430	0.000240	0.646603	0.055211
161.250000	1	1.525121	0.759689	2.879276	0.300348
161.500000	0	0.038485	0.000061	1.176696	0.077585
161.500000	1	1.501060	0.675984	2.653211	0.284193
161.750000	0	0.036840	0.000372	1.290638	0.076936
161.750000	1	1.583911	0.940529	2.747752	0.285512
162.000000	0	0.033846	0.000282	0.465586	0.053951
162.000000	1	1.499431	0.372420	2.398558	0.307956
162.250000	0	0.039487	0.000125	1.089964	0.079861
162.250000	1	1.643257	0.682149	3.118744	0.388019
162.500000	0	0.034928	0.000165	1.237648	0.068295
162.500000	1	1.564112	0.793818	3.245094	0.296995
162.750000	0	0.031853	0.000439	0.710848	0.053017
162.750000	1	1.511209	0.762156	2.599992	0.272919
163.000000	0	0.034419	0.000410	0.637450	0.057646
163.000000	1	1.568112	0.861080	2.565904	0.260980
163.250000	0	0.034051	0.000387	0.742752	0.062686
163.250000	1	1.571376	0.995772	2.783073	0.296552
163.500000	0	0.034226	0.000420	1.096247	0.067582
163.500000	1	1.525578	0.675514	2.843379	0.274243
163.750000	0	0.035920	0.000308	0.943862	0.068269
163.750000	1	1.568571	0.907368	2.663820	0.290494
164.000000	0	0.033357	0.000201	0.627336	0.058439
164.000000	1	1.503093	0.704062	2.429586	0.264996
164.250000	0	0.034789	0.000431	0.521648	0.057588
164.250000	1	1.556084	0.661477	3.148463	0.361079
164.500000	0	0.032861	0.000200	0.861410	0.058228
164.500000	1	1.500566	0.526581	2.597388	0.297230
164.750000	0	0.035384	0.000091	0.920690	0.066152
164.750000	1	1.541657	0.652998	2.240900	0.244438
165.000000	0	0.032783	0.000229	0.488253	0.052174
165.000000	1	1.529738	0.845514	2.359347	0.268253
165.250000	0	0.032178	0.000240	0.440600	0.048040
165.250000	1	1.506304	0.307133	2.150724	0.283491
165.500000	0	0.035206	0.000656	0.639969	0.061476
165.500000	1	1.526487	0.324259	2.653655	0.355803
165.750000	0	0.037138	0.000385	1.103206	0.072132
165.750000	1	1.505540	0.295363	2.576573	0.363658
166.000000	0	0.038236	0.000419	1.131358	0.077599
166.000000	1	1.551715	0.638970	2.789564	0.345791
166.250000	0	0.039196	0.000068	0.689712	0.070752
166.250000	1	1.640949	0.087691	4.487393	0.554077
166.500000	0	0.035573	0.000296	0.582661	0.057053
166.500000	1	1.535457	0.373095	2.694488	0.327039
166.750000	0	0.039506	0.000046	1.294876	0.081372
166.750000	1	1.564295	0.401109	3.100070	0.371103
167.000000	0	0.034269	0.000493	0.359704	0.052049
167.000000	1	1.608656	1.054499	3.284151	0.331347
167.250000	0	0.037910	0.000337	1.656532	0.083254
167.250000	1	1.528085	0.670424	4.440903	0.430119
167.500000	0	0.039074	0.000372	0.646055	0.070512
167.500000	1	1.516180	0.514880	2.723858	0.398786
167.750000	0	0.040788	0.000418	1.126713	0.078858
167.750000	1	1.516333	0.188874	2.471450	0.341292
168.000000	0	0.047580	0.000310	1.391592	0.104722
168.000000	1	1.568368	0.355833	3.208764	0.416936
168.250000	0	0.042607	0.000222	0.557418	0.067920
168.250000	1	1.572436	0.672280	3.432675	0.357383
168.500000	0	0.038672	0.000228	0.652555	0.064512
168.500000	1	1.540763	0.649774	2.512223	0.300592
168.750000	0	0.036462	0.000065	0.478202	0.057118
168.750000	1	1.561042	0.676114	3.252959	0.343745
169.000000	0	0.032843	0.000204	0.492109	0.049664
169.000000	1	1.514783	0.634451	2.688460	0.303152
169.250000	0	0.038749	0.000195	1.172389	0.080839
169.250000	1	1.584906	0.484356	3.954640	0.442280
169.500000	0	0.038138	0.000308	0.803134	0.067284
169.500000	1	1.568792	0.421521	2.512547	0.309478
169.750000	0	0.035520	0.000255	0.466739	0.052442
169.750000	1	1.528918	0.825645	2.497506	0.264758
170.000000	0	0.036570	0.000208	0.380410	0.056162
170.000000	1	1.603641	0.593239	4.878098	0.473688
170.250000	0	0.035472	0.000181	0.719734	0.060761
170.250000	1	1.547054	0.686424	2.289519	0.296964
170.500000	0	0.033098	0.000195	0.443497	0.051299
170.500000	1	1.503657	0.390729	2.182206	0.249558
170.750000	0	0.034902	0.000265	0.574152	0.056319
170.750000	1	1.686886	0.320848	5.859744	0.691957
171.000000	0	0.041939	0.000217	0.835826	0.077121
171.000000	1	1.532825	0.593164	2.437589	0.338462
171.250000	0	0.040827	0.000228	0.706396	0.071546
171.250000	1	1.587462	0.677390	4.486239	0.407530
171.500000	0	0.041809	0.000098	1.205537	0.097529
171.500000	1	1.534559	0.595750	3.171308	0.342911
171.750000	0	0.038698	0.000123	0.512398	0.061341
171.750000	1	1.573892	0.796567	2.870552	0.299283
172.000000	0	0.039332	0.000142	1.153137	0.072908
172.000000	1	1.540702	0.264501	2.649852	0.310315
172.250000	0	0.033077	0.000271	0.417312	0.050231
172.250000	1	1.536661	0.350364	2.750647	0.301894
172.500000	0	0.033412	0.000225	0.640082	0.051632
172.500000	1	1.550164	0.679345	2.758760	0.282962
172.750000	0	0.035522	0.000352	0.917369	0.063843
172.750000	1	1.493320	0.534365	2.411458	0.290164
173.000000	0	0.034919	0.000469	0.666118	0.058529
173.000000	1	1.498285	0.224381	2.482109	0.308668
173.250000	0	0.032452	0.000190	0.416055	0.053598
173.250000	1	1.511727	0.568123	2.540680	0.281474
173.500000	0	0.035261	0.000430	1.407860	0.081986
173.500000	1	1.576104	0.470221	3.793103	0.450669
173.750000	0	0.038051	0.000216	1.297333	0.083819
173.750000	1	1.549241	0.494853	2.893368	0.335105
174.000000	0	0.031093	0.000179	0.327720	0.047017
174.000000	1	1.490394	0.722334	2.939296	0.343599
174.250000	0	0.032110	0.000554	0.506257	0.048280
174.250000	1	1.509064	0.602902	3.238674	0.345702
174.500000	0	0.033143	0.000392	0.656625	0.061082
174.500000	1	1.555228	0.501360	3.003917	0.327219
174.750000	0	0.036361	0.000077	0.841035	0.069765
174.750000	1	1.531595	0.517717	2.563733	0.328880
175.000000	0	0.032063	0.000273	0.474884	0.049058
175.000000	1	1.516938	0.635269	3.208275	0.339752
175.250000	0	0.033735	0.000452	0.313068	0.050868
175.250000	1	1.523753	0.545316	2.670126	0.323220
175.500000	0	0.033202	0.000431	0.515842	0.052152
175.500000	1	1.612845	0.797647	5.996012	0.544572
175.750000	0	0.040077	0.000420	1.393500	0.087546
175.750000	1	1.505773	0.896315	3.058218	0.309550
176.000000	0	0.038883	0.000391	0.828320	0.073978
176.000000	1	1.530584	0.306062	2.661959	0.366321
176.250000	0	0.035996	0.000383	0.525734	0.058298
176.250000	1	1.538692	0.662195	2.622506	0.307626
176.500000	0	0.040013	0.000488	0.625855	0.070598
176.500000	1	1.502321	0.402529	2.914365	0.338978
176.750000	0	0.039957	0.000146	0.764149	0.074823
176.750000	1	1.540925	0.536167	2.747104	0.353671
177.000000	0	0.036400	0.000167	0.591842	0.059234
177.000000	1	1.502252	0.922355	3.046327	0.266809
177.250000	0	0.036559	0.000221	0.898595	0.068552
177.250000	1	1.496958	0.720394	2.669287	0.268659
177.500000	0	0.036639	0.000167	0.624751	0.059756
177.500000	1	1.553637	0.445270	3.192129	0.383208
177.750000	0	0.040902	0.000138	1.269512	0.079261
177.750000	1	1.498132	0.380842	2.403856	0.299352
178.000000	0	0.035475	0.000168	0.461757	0.055748
178.000000	1	1.616942	0.657151	2.875188	0.345699
178.250000	0	0.036738	0.000091	0.534805	0.059325
178.250000	1	1.549697	0.726347	3.033401	0.321631
178.500000	0	0.036764	0.000052	0.615457	0.067171
178.500000	1	1.546338	0.626469	2.736350	0.303264
178.750000	0	0.034297	0.000093	0.725735	0.057400
178.750000	1	1.525641	0.871714	2.179960	0.272018
179.000000	0	0.040489	0.000144	1.953909	0.096594
179.000000	1	1.512561	0.358258	2.719410	0.307713
179.250000	0	0.038101	0.000203	1.233585	0.076004
179.250000	1	1.531656	0.653851	2.609174	0.321642
179.500000	0	0.035682	0.000224	0.446972	0.055597
179.500000	1	1.546534	0.903095	2.854781	0.277822
179.750000	0	0.036144	0.000204	0.866232	0.062864
179.750000	1	1.550007	0.916661	2.750709	0.303733
180.000000	0	0.034233	0.000177	0.364024	0.049107
180.000000	1	1.554363	1.026441	2.541840	0.239757
180.250000	0	0.034234	0.000070	0.561013	0.049271
180.250000	1	1.476241	0.434623	3.334433	0.323622
180.500000	0	0.042668	0.000192	2.045171	0.113895
180.500000	1	1.567320	0.739918	4.175915	0.345116
180.750000	0	0.038527	0.000258	0.652982	0.064867
180.750000	1	1.513597	0.394000	2.885745	0.302971
181.000000	0	0.036949	0.000334	0.564339	0.058370
181.000000	1	1.484941	0.386779	2.088674	0.304890
181.250000	0	0.037186	0.000341	0.675505	0.061066
181.250000	1	1.562892	0.893533	3.204716	0.332383
181.500000	0	0.037603	0.000139	0.458450	0.056877
181.500000	1	1.528704	0.721304	2.539119	0.291875
181.750000	0	0.036864	0.000228	0.351797	0.055122
181.750000	1	1.529676	0.345012	2.770522	0.339570
182.000000	0	0.039635	0.000113	0.945836	0.071057
182.000000	1	1.516037	0.379727	3.771450	0.439218
182.250000	0	0.037472	0.000186	0.571631	0.064142
182.250000	1	1.464728	0.330409	2.822605	0.366148
182.500000	0	0.039534	0.000201	1.261648	0.082498
182.500000	1	1.603737	0.540157	3.092620	0.375509
182.750000	0	0.037806	0.000251	0.774768	0.062604
182.750000	1	1.524978	0.775766	2.915613	0.304489
183.000000	0	0.040655	0.000298	0.817282	0.079173
183.000000	1	1.570150	0.658014	2.764277	0.335707
183.250000	0	0.040438	0.000208	1.521251	0.086911
183.250000	1	1.536606	0.304790	3.949384	0.442270
183.500000	0	0.041960	0.000100	1.098094	0.086788
183.500000	1	1.555469	0.648748	2.795797	0.366701
183.750000	0	0.038385	0.000186	0.946961	0.075836
183.750000	1	1.526014	0.409047	2.435907	0.325690
184.000000	0	0.036549	0.000479	0.646760	0.058041
184.000000	1	1.530645	0.248052	5.058317	0.427084
184.250000	0	0.039190	0.000241	0.853517	0.069967
184.250000	1	1.480493	0.529318	2.656973	0.357836
184.500000	0	0.046038	0.000496	2.334017	0.123752
184.500000	1	1.552385	0.737230	4.551059	0.442185
184.750000	0	0.038096	0.000509	0.530688	0.058399
184.750000	1	1.481778	0.808054	2.286505	0.272363
185.000000	0	0.038260	0.000446	0.796190	0.066029
185.000000	1	1.586997	0.935797	3.036254	0.322539
185.250000	0	0.038445	0.000448	1.323553	0.085562
185.250000	1	1.566166	0.879167	3.015948	0.323581
185.500000	0	0.034396	0.000337	0.587234	0.051877
185.500000	1	1.509426	0.859918	2.374477	0.258997
185.750000	0	0.031874	0.000224	0.363443	0.043930
185.750000	1	1.519290	0.680412	2.631789	0.308471
186.000000	0	0.035435	0.000301	0.386094	0.052624
186.000000	1	1.672883	0.654842	5.645681	0.519683
186.250000	0	0.032152	0.000133	0.250995	0.044776
186.250000	1	1.518252	0.939280	2.167182	0.246692
186.500000	0	0.034880	0.000268	0.862245	0.061044
186.500000	1	1.516448	0.419486	2.835011	0.306956
186.750000	0	0.041428	0.000062	2.681745	0.128000
186.750000	1	1.510809	0.088992	2.468441	0.337105
187.000000	0	0.035958	0.000367	0.639838	0.060249
187.000000	1	1.511990	0.666957	3.811819	0.354443
187.250000	0	0.036529	0.000259	0.870103	0.066353
187.250000	1	1.466249	0.341555	2.243580	0.300462
187.500000	0	0.040031	0.000134	1.339004	0.080537
187.500000	1	1.554863	0.251753	2.363771	0.296516
187.750000	0	0.037085	0.000311	0.955990	0.068583
187.750000	1	1.574126	0.503079	3.740097	0.417525
188.000000	0	0.037619	0.000081	1.560535	0.084471
188.000000	1	1.589892	0.669832	3.232800	0.341368
188.250000	0	0.039088	0.000309	1.051500	0.081574
188.250000	1	1.593436	0.776803	9.875644	0.828164
188.500000	0	0.039192	0.000114	0.737044	0.063179
188.500000	1	1.568681	0.910963	2.246629	0.267140
188.750000	0	0.037060	0.000144	0.504963	0.061262
188.750000	1	1.554734	0.982985	2.264887	0.256798
189.000000	0	0.033262	0.000210	0.812721	0.055881
189.000000	1	1.531183	0.817009	2.529237	0.279482
189.250000	0	0.035785	0.000125	0.954206	0.068957
189.250000	1	1.562655	0.543798	2.367333	0.273182
189.500000	0	0.035130	0.000251	0.608356	0.059691
189.500000	1	1.562578	0.969616	2.569764	0.238536
189.750000	0	0.033198	0.000342	0.456662	0.051638
189.750000	1	1.556031	0.847039	3.095692	0.326352
190.000000	0	0.033287	0.000219	0.531520	0.053917
190.000000	1	1.559297	0.808069	2.585812	0.295530
190.250000	0	0.035543	0.000088	0.923220	0.067222
190.250000	1	1.520802	0.303040	3.123115	0.308330
190.500000	0	0.035342	0.000284	1.022239	0.068143
190.500000	1	1.556505	0.793960	2.696757	0.281021
190.750000	0	0.034869	0.000361	0.610581	0.056797
190.750000	1	1.542023	0.861761	2.569454	0.271776
191.000000	0	0.036847	0.000447	0.539149	0.062081
191.000000	1	1.512241	0.025725	3.065022	0.397736
191.250000	0	0.037266	0.000329	0.930328	0.075969
191.250000	1	1.522081	0.440084	2.587360	0.324505
191.500000	0	0.038033	0.000517	0.877671	0.069703
191.500000	1	1.488225	0.368816	2.421389	0.314602
191.750000	0	0.039005	0.000378	1.278046	0.079731
191.750000	1	1.548912	0.840579	2.639976	0.299122
192.000000	0	0.037146	0.000250	0.576548	0.061584
192.000000	1	1.568969	0.960252	3.107419	0.315871
192.250000	0	0.034403	0.000161	0.635566	0.053444
192.250000	1	1.539737	0.786239	2.331229	0.255191
192.500000	0	0.036004	0.000251	0.664424	0.060244
192.500000	1	1.518541	0.453630	2.476650	0.280670
192.750000	0	0.039733	0.000284	0.972165	0.083772
192.750000	1	1.538263	0.878987	2.753114	0.298016
193.000000	0	0.033299	0.000154	0.376362	0.052301
193.000000	1	1.479370	0.657526	2.224847	0.247369
193.250000	0	0.037027	0.000083	0.710480	0.063480
193.250000	1	1.546759	0.570099	2.712622	0.317505
193.500000	0	0.038511	0.000191	0.853554	0.074302
193.500000	1	1.555348	0.351212	2.835350	0.362865
193.750000	0	0.037802	0.000229	1.029107	0.072161
193.750000	1	1.518751	0.360819	2.471540	0.304444
194.000000	0	0.040297	0.000321	1.092338	0.078419
194.000000	1	1.523596	0.647942	2.520017	0.302944
194.250000	0	0.041053	0.000199	0.948406	0.077843
194.250000	1	1.558970	0.714674	2.755125	0.313179
194.500000	0	0.039277	0.000108	0.927691	0.073743
194.500000	1	1.518889	0.357408	2.721170	0.314860
194.750000	0	0.039298	0.000043	1.127446	0.076681
194.750000	1	1.527691	0.567356	2.880105	0.318789
195.000000	0	0.040696	0.000119	1.292432	0.089242
195.000000	1	1.508013	0.792448	2.493812	0.298407
195.250000	0	0.038875	0.000213	1.404300	0.085201
195.250000	1	1.542085	0.366194	3.314318	0.387814
195.500000	0	0.034123	0.000327	0.575276	0.057149
195.500000	1	1.554022	0.635395	2.853945	0.329499
195.750000	0	0.036803	0.000368	1.078103	0.074018
195.750000	1	1.553107	0.200190	2.723077	0.325185
196.000000	0	0.036106	0.000450	0.769128	0.066740
196.000000	1	1.521454	0.690894	2.789263	0.244760
196.250000	0	0.036304	0.000426	0.491293	0.057608
196.250000	1	1.504435	0.522383	2.219176	0.265011
196.500000	0	0.034974	0.000284	0.885140	0.061701
196.500000	1	1.561649	0.749840	2.492518	0.268081
196.750000	0	0.035812	0.000411	1.501798	0.090980
196.750000	1	1.552347	0.481578	3.598258	0.360578
197.000000	0	0.035427	0.000322	1.107948	0.071741
197.000000	1	1.545606	0.600242	2.594735	0.287757
197.250000	0	0.034701	0.000434	0.570072	0.058851
197.250000	1	1.507347	0.385007	2.881281	0.310096
197.500000	0	0.033319	0.000388	0.442668	0.052394
197.500000	1	1.488827	0.463176	2.238578	0.299763
197.750000	0	0.034455	0.000289	0.750826	0.060950
197.750000	1	1.521241	0.538511	2.538271	0.296988
198.000000	0	0.033318	0.000177	0.828279	0.061945
198.000000	1	1.655419	0.598131	10.301895	1.050784
198.250000	0	0.036852	0.000059	0.632238	0.066890
198.250000	1	1.528389	0.779162	2.729707	0.299725
198.500000	0	0.037939	0.000062	0.658862	0.074117
198.500000	1	1.617160	0.568849	2.573821	0.339044
198.750000	0	0.032004	0.000185	0.710746	0.052285
198.750000	1	1.540235	0.737350	2.595262	0.267379
199.000000	0	0.035175	0.000304	0.870547	0.064273
199.000000	1	1.512258	0.333878	2.523490	0.321135
199.250000	0	0.034921	0.000414	2.033689	0.091780
199.250000	1	1.529700	0.480274	3.187214	0.331079
199.500000	0	0.031823	0.000295	0.639958	0.052344
199.500000	1	1.520127	0.662141	2.486922	0.284634
199.750000	0	0.030512	0.000241	0.410798	0.048524
199.750000	1	1.535538	0.925057	2.207230	0.230939
200.000000	0	0.032161	0.000245	0.929284	0.057559
200.000000	1	1.505695	0.160629	2.238617	0.285937
200.250000	0	0.029550	0.000068	0.505238	0.051450
200.250000	1	1.499176	0.517062	2.639715	0.267001
200.500000	0	0.031361	0.000474	0.309053	0.046670
200.500000	1	1.522427	0.936055	2.213720	0.247002
200.750000	0	0.036130	0.000388	1.035790	0.076175
200.750000	1	1.552368	0.956139	2.444381	0.235514
201.000000	0	0.034121	0.000240	0.559335	0.054223
201.000000	1	1.579099	0.602465	2.138900	0.210652
201.250000	0	0.030415	0.000230	0.615586	0.046595
201.250000	1	1.563702	0.766310	3.195758	0.351058
201.500000	0	0.029321	0.000062	0.309466	0.039557
201.500000	1	1.519719	0.524095	3.162960	0.316170
201.750000	0	0.030136	0.000105	0.480012	0.043532
201.750000	1	1.562641	0.993472	2.478734	0.278716
202.000000	0	0.030323	0.000121	0.364382	0.044882
202.000000	1	1.515730	0.726981	2.506855	0.282534
202.250000	0	0.033493	0.000287	0.848172	0.056969
202.250000	1	1.516427	0.593393	3.346864	0.320734
202.500000	0	0.036429	0.000130	1.221705	0.075400
202.500000	1	1.522305	0.696680	2.925955	0.340485
202.750000	0	0.033128	0.000276	0.491623	0.055126
202.750000	1	1.549483	0.789249	2.471674	0.304741
203.000000	0	0.033337	0.000287	1.379936	0.072372
203.000000	1	1.514082	0.529968	3.552715	0.369307
203.250000	0	0.030495	0.000200	0.908468	0.055436
203.250000	1	1.530701	0.987326	2.436524	0.264154
203.500000	0	0.034831	0.000102	1.203252	0.073016
203.500000	1	1.571644	1.016293	2.696266	0.299065
203.750000	0	0.032691	0.000120	0.816126	0.063412
203.750000	1	1.498521	0.574775	2.268082	0.263751
204.000000	0	0.031265	0.000122	0.428913	0.050801
204.000000	1	1.462025	0.487308	2.071533	0.248422
204.250000	0	0.037044	0.000235	0.941038	0.080115
204.250000	1	1.568087	0.606099	2.997487	0.347879
204.500000	0	0.034306	0.000368	0.555253	0.057222
204.500000	1	1.507211	0.855633	2.631272	0.277612
204.750000	0	0.039668	0.000272	3.397379	0.143611
204.750000	1	1.580112	0.513045	3.254020	0.357493
205.000000	0	0.035444	0.000118	1.932984	0.087483
205.000000	1	1.545540	0.442271	2.789221	0.313895
205.250000	0	0.038324	0.000328	1.306073	0.087344
205.250000	1	1.607963	0.389142	4.175277	0.478007
205.500000	0	0.035036	0.000104	0.386076	0.055158
205.500000	1	1.526846	0.441888	3.107251	0.399806
205.750000	0	0.038538	0.000199	1.003588	0.085699
205.750000	1	1.573974	0.618807	3.863769	0.405412
206.000000	0	0.038241	0.000239	0.957470	0.080319
206.000000	1	1.518275	0.683842	2.648386	0.309421
206.250000	0	0.041611	0.000120	1.394085	0.087793
206.250000	1	1.516516	0.212503	2.349844	0.332803
206.500000	0	0.039934	0.000223	1.513093	0.092193
206.500000	1	1.694062	0.514976	8.460248	1.146452
206.750000	0	0.041170	0.000367	0.575172	0.076910
206.750000	1	1.606637	0.577208	2.951425	0.395609
207.000000	0	0.037975	0.000457	1.102463	0.071105
207.000000	1	1.536540	0.648062	2.748195	0.299153
207.250000	0	0.042946	0.000352	1.377796	0.098755
207.250000	1	1.561729	0.738304	3.374212	0.348810
207.500000	0	0.038552	0.000564	0.419460	0.063563
207.500000	1	1.508762	0.061753	2.444954	0.303593
207.750000	0	0.037755	0.000224	0.606431	0.058807
207.750000	1	1.619351	0.655746	4.804364	0.460556
208.000000	0	0.036096	0.000189	0.611326	0.062395
208.000000	1	1.559772	0.592578	2.462886	0.286395
208.250000	0	0.035289	0.000540	0.644292	0.061990
208.250000	1	1.558946	0.690639	2.283030	0.288986
208.500000	0	0.035501	0.000278	0.487630	0.058030
208.500000	1	1.534306	0.457243	2.248535	0.280820
208.750000	0	0.038484	0.000131	0.661666	0.066311
208.750000	1	1.588989	0.653683	3.131998	0.384073
209.000000	0	0.043463	0.000240	2.780653	0.134583
209.000000	1	1.532242	0.035912	3.223490	0.372926
209.250000	0	0.038836	0.000361	0.740722	0.066218
209.250000	1	1.508782	0.527363	2.476406	0.283265
209.500000	0	0.039179	0.000156	1.509396	0.090356
209.500000	1	1.494436	0.191675	3.701034	0.361806
209.750000	0	0.036362	0.000343	0.508971	0.059101
209.750000	1	1.495071	0.629939	2.325173	0.314254
210.000000	0	0.036468	0.000236	0.590045	0.063343
210.000000	1	1.810719	0.929733	15.936663	1.642844
210.250000	0	0.057301	0.000331	13.916837	0.522026
210.250000	1	1.638505	0.780013	14.785493	1.246083
210.500000	0	0.041697	0.000314	0.963783	0.073434
210.500000	1	1.518566	0.577787	3.830274	0.352884
210.750000	0	0.040172	0.000407	0.903410	0.069532
210.750000	1	1.544320	0.766027	3.064101	0.305709
211.000000	0	0.045236	0.000243	2.867362	0.129565
211.000000	1	1.603768	0.820577	4.382262	0.441102
211.250000	0	0.037878	0.000147	0.788861	0.069109
211.250000	1	1.533248	0.945478	2.594374	0.306370
211.500000	0	0.041101	0.000388	1.900121	0.100225
211.500000	1	1.584742	0.790664	2.670733	0.315048
211.750000	0	0.036216	0.000273	0.908910	0.062462
211.750000	1	1.486671	0.548145	2.599514	0.309321
212.000000	0	0.035540	0.000287	0.651398	0.061684
212.000000	1	1.500933	0.528559	2.203527	0.280150
212.250000	0	0.043006	0.000148	2.079436	0.107609
212.250000	1	1.493207	0.304110	2.642829	0.358192
212.500000	0	0.036558	0.000226	0.744050	0.062970
212.500000	1	1.567574	0.808201	2.744310	0.316702
212.750000	0	0.035823	0.000298	0.878578	0.064431
212.750000	1	1.539159	0.631542	2.953475	0.359669
213.000000	0	0.037358	0.000321	1.483221	0.078829
213.000000	1	1.521193	0.522941	2.313353	0.288207
213.250000	0	0.034801	0.000040	0.892296	0.059190
213.250000	1	1.583827	0.793295	4.422950	0.411035
213.500000	0	0.037079	0.000302	0.506119	0.060125
213.500000	1	1.501128	0.152950	2.545182	0.357267
213.750000	0	0.037816	0.000303	0.510473	0.062006
213.750000	1	1.558966	0.803415	2.373800	0.286896
214.000000	0	0.040855	0.000150	1.387288	0.089547
214.000000	1	1.509625	0.802133	2.438236	0.246509
214.250000	0	0.036312	0.000072	0.954615	0.064168
214.250000	1	1.557893	0.597433	3.309078	0.308078
214.500000	0	0.036644	0.000138	0.745023	0.064924
214.500000	1	1.594571	0.892275	3.196985	0.386801
214.750000	0	0.034518	0.000037	0.414380	0.051980
214.750000	1	1.491652	0.634082	2.240376	0.282099
215.000000	0	0.037199	0.000238	0.622014	0.069670
215.000000	1	1.519103	0.730507	2.922639	0.313852
215.250000	0	0.038086	0.000276	1.011515	0.071269
215.250000	1	1.568864	0.725747	2.760770	0.331333
215.500000	0	0.035584	0.000248	1.032408	0.070317
215.500000	1	1.551684	0.111169	2.956262	0.397937
215.750000	0	0.035927	0.000195	1.095335	0.071030
215.750000	1	1.556713	0.722018	2.485873	0.296702
216.000000	0	0.033311	0.000047	0.672214	0.053958
216.000000	1	1.547387	0.526200	3.387426	0.326253
216.250000	0	0.035052	0.000264	1.557262	0.078052
216.250000	1	1.515974	0.880664	3.562515	0.301118
216.500000	0	0.034247	0.000224	0.394852	0.052611
216.500000	1	1.500749	0.532456	2.368617	0.274780
216.750000	0	0.035071	0.000170	0.784679	0.067338
216.750000	1	1.555561	0.837372	2.494967	0.270944
217.000000	0	0.034660	0.000218	1.714781	0.083085
217.000000	1	1.511508	0.694879	2.590441	0.258074
217.250000	0	0.033618	0.000261	0.682618	0.059224
217.250000	1	1.542152	0.553211	3.862030	0.423485
217.500000	0	0.035635	0.000140	0.477064	0.058800
217.500000	1	1.532411	0.718738	2.634335	0.314180
217.750000	0	0.036275	0.000069	1.145888	0.072092
217.750000	1	1.581254	0.656958	6.475521	0.604183
218.000000	0	0.036433	0.000218	0.643767	0.064467
218.000000	1	1.551307	0.642226	2.717117	0.290532
218.250000	0	0.033366	0.000356	0.928249	0.065081
218.250000	1	1.553624	0.135138	3.263847	0.379442
218.500000	0	0.033582	0.000309	0.661770	0.056515
218.500000	1	1.556165	0.163961	5.043686	0.548507
218.750000	0	0.034049	0.000214	0.674145	0.061280
218.750000	1	1.500195	0.285405	2.755477	0.320887
219.000000	0	0.038914	0.000055	1.563730	0.093362
219.000000	1	1.514931	0.317187	2.907324	0.313597
219.250000	0	0.038326	0.000253	0.831789	0.073117
219.250000	1	1.539880	0.603209	2.453588	0.304379
219.500000	0	0.036922	0.000238	0.851060	0.066665
219.500000	1	1.517483	0.426446	3.141583	0.347719
219.750000	0	0.033919	0.000240	0.542063	0.053652
219.750000	1	1.554602	0.665957	2.871971	0.309509
220.000000	0	0.039044	0.000363	3.258089	0.134155
220.000000	1	1.569476	0.480845	5.628055	0.491259
220.250000	0	0.033711	0.000033	0.339841	0.052318
220.250000	1	1.747425	0.810411	14.054238	1.553221
220.500000	0	0.037624	0.000271	0.666218	0.066233
220.500000	1	1.557223	0.544025	2.351415	0.296596
220.750000	0	0.031200	0.000041	0.336943	0.046553
220.750000	1	1.552777	0.663520	3.035012	0.325478
221.000000	0	0.037624	0.000068	0.698171	0.069800
221.000000	1	1.523470	0.106256	2.688052	0.342076
221.250000	0	0.032627	0.000212	0.418607	0.051814
221.250000	1	1.555163	0.491059	4.490911	0.382295
221.500000	0	0.032913	0.000184	0.552429	0.055797
221.500000	1	1.494062	0.747855	2.892782	0.270398
221.750000	0	0.034870	0.000186	0.885014	0.061642
221.750000	1	1.636386	0.708789	2.708975	0.365298
222.000000	0	0.037587	0.000224	0.704526	0.067298
222.000000	1	1.654919	0.738532	5.577131	0.554352
222.250000	0	0.036649	0.000304	0.777010	0.067788
222.250000	1	1.527896	0.695931	2.651011	0.278374
222.500000	0	0.041703	0.000214	3.461882	0.147599
222.500000	1	1.663434	0.719657	3.329976	0.406508
222.750000	0	0.034332	0.000121	0.964844	0.060421
222.750000	1	1.542489	0.697319	3.914004	0.378355
223.000000	0	0.035972	0.000357	0.849204	0.061368
223.000000	1	1.569349	0.596430	3.016503	0.315598
223.250000	0	0.038176	0.000221	1.376780	0.084975
223.250000	1	1.498882	0.276318	2.864845	0.327228
223.500000	0	0.033432	0.000187	0.761715	0.054336
223.500000	1	1.583078	1.024160	2.474069	0.273803
223.750000	0	0.034644	0.000069	1.165199	0.068190
223.750000	1	1.550794	0.585186	3.333633	0.335876
224.000000	0	0.034401	0.000264	0.615114	0.053975
224.000000	1	1.523191	0.526689	3.521109	0.323216
224.250000	0	0.038273	0.000161	0.798999	0.068451
224.250000	1	1.518816	0.312325	2.578458	0.351338
224.500000	0	0.036279	0.000368	0.702142	0.061052
224.500000	1	1.595265	0.839178	2.519077	0.305875
224.750000	0	0.035065	0.000334	0.843273	0.062024
224.750000	1	1.564127	0.846003	2.778801	0.299702
225.000000	0	0.036559	0.000189	0.450645	0.058785
225.000000	1	1.548652	0.559395	2.534170	0.298966
225.250000	0	0.035425	0.000165	0.587527	0.058539
225.250000	1	1.499922	0.570547	2.341460	0.260707
225.500000	0	0.036594	0.000125	0.552971	0.059871
225.500000	1	1.529181	0.635199	2.577218	0.265627
225.750000	0	0.036500	0.000216	0.766731	0.061635
225.750000	1	1.510285	0.798768	2.712956	0.298989
226.000000	0	0.036926	0.000304	0.582391	0.061648
226.000000	1	1.550513	0.330287	3.351964	0.397543
226.250000	0	0.034797	0.000299	0.867634	0.060899
226.250000	1	1.538423	0.628582	2.539876	0.305663
226.500000	0	0.032085	0.000155	0.355285	0.046055
226.500000	1	1.525013	0.607681	2.434332	0.263796
226.750000	0	0.035818	0.000347	1.207524	0.071713
226.750000	1	1.503773	0.749751	2.404673	0.284092
227.000000	0	0.032797	0.000261	0.362140	0.047649
227.000000	1	1.607170	0.735992	2.789343	0.321672
227.250000	0	0.033315	0.000430	0.693414	0.058662
227.250000	1	1.515609	0.574542	2.246544	0.270843
227.500000	0	0.035273	0.000314	1.611973	0.081194
227.500000	1	1.566257	0.497708	3.080849	0.316934
227.750000	0	0.033110	0.000096	0.346701	0.050883
227.750000	1	1.511248	0.690823	2.737644	0.307877
228.000000	0	0.038113	0.000213	1.393353	0.093927
228.000000	1	1.481911	0.514588	2.484273	0.279038
228.250000	0	0.040840	0.000213	1.130410	0.081571
228.250000	1	1.478792	0.256216	2.837692	0.363135
228.500000	0	0.034394	0.000159	0.566617	0.055212
228.500000	1	1.499199	0.385977	2.563708	0.298145
228.750000	0	0.035566	0.000146	0.595128	0.056751
228.750000	1	1.513324	0.745955	2.689314	0.281784
229.000000	0	0.042343	0.000204	1.991024	0.111721
229.000000	1	1.503888	0.286761	2.875792	0.333254
229.250000	0	0.039471	0.000275	0.559335	0.061740
229.250000	1	1.538890	0.524719	3.191627	0.433013
229.500000	0	0.043385	0.000431	1.009557	0.089946
229.500000	1	1.585177	0.208255	3.011562	0.400308
229.750000	0	0.033014	0.000449	0.407990	0.051295
229.750000	1	1.585297	0.424027	5.847127	0.646826
230.000000	0	0.035205	0.000303	0.417397	0.052684
230.000000	1	1.524797	0.815225	2.521103	0.289274
230.250000	0	0.038165	0.000260	0.805138	0.069755
230.250000	1	1.568501	0.503225	2.804952	0.350433
230.500000	0	0.040198	0.000300	1.758282	0.088268
230.500000	1	1.629351	0.537281	3.218248	0.414340
230.750000	0	0.036669	0.000218	0.868799	0.062215
230.750000	1	1.526095	0.649595	2.258678	0.264702
231.000000	0	0.036332	0.000064	0.566119	0.059917
231.000000	1	1.554551	0.563425	2.502440	0.320361
231.250000	0	0.035391	0.000445	0.745985	0.063794
231.250000	1	1.525202	0.456730	2.531682	0.350705
231.500000	0	0.035043	0.000514	0.351690	0.051886
231.500000	1	1.491918	0.356158	2.810578	0.295087
231.750000	0	0.036642	0.000298	1.574096	0.083724
231.750000	1	1.502948	0.511516	2.672195	0.298131
232.000000	0	0.035836	0.000080	0.769765	0.057013
232.000000	1	1.512231	0.677915	2.361097	0.317796
232.250000	0	0.037037	0.000379	1.067997	0.066987
232.250000	1	1.563449	0.948752	3.502980	0.348328
232.500000	0	0.035545	0.000053	0.448859	0.057626
232.500000	1	1.552876	0.811327	3.263165	0.322325
232.750000	0	0.031969	0.000192	1.036635	0.060416
232.750000	1	1.578535	0.954865	2.934391	0.325848
233.000000	0	0.035317	0.000141	0.901331	0.065929
233.000000	1	1.529047	0.639107	2.443834	0.279510
233.250000	0	0.035809	0.000163	0.836380	0.066773
233.250000	1	1.569244	0.955164	2.571820	0.301725
233.500000	0	0.034232	0.000130	0.482775	0.055117
233.500000	1	1.541897	0.456382	2.608399	0.301983
233.750000	0	0.035789	0.000141	0.997864	0.074337
233.750000	1	1.565399	0.684723	2.467331	0.291082
234.000000	0	0.033201	0.000163	0.501594	0.055503
234.000000	1	1.569057	0.809132	4.041473	0.338095
234.250000	0	0.036307	0.000062	0.784162	0.065475
234.250000	1	1.513845	0.439710	3.717219	0.352990
234.500000	0	0.036713	0.000280	0.595781	0.066813
234.500000	1	1.524166	0.927882	2.166794	0.254978
234.750000	0	0.037253	0.000250	1.046479	0.083006
234.750000	1	1.522330	0.894545	2.603823	0.286328
235.000000	0	0.034840	0.000070	0.948428	0.061380
235.000000	1	1.485744	0.540234	2.209517	0.294472
235.250000	0	0.035083	0.000277	0.783353	0.056872
235.250000	1	1.519145	0.188799	2.391164	0.273882
235.500000	0	0.033861	0.000100	0.755433	0.055893
235.500000	1	1.520126	0.210093	2.478185	0.307426
235.750000	0	0.037653	0.000350	1.806143	0.095030
235.750000	1	1.528226	0.579109	2.518007	0.265102
236.000000	0	0.035279	0.000143	0.531973	0.058752
236.000000	1	1.541024	0.387721	2.842102	0.344909
236.250000	0	0.035616	0.000050	0.604179	0.058328
236.250000	1	1.481222	0.791079	2.277805	0.260410
236.500000	0	0.039568	0.000120	1.405492	0.083912
236.500000	1	1.567579	0.547725	4.216770	0.444954
236.750000	0	0.036380	0.000171	0.933656	0.069486
236.750000	1	1.560253	0.506181	2.763527	0.354121
237.000000	0	0.035273	0.000122	0.377684	0.053387
237.000000	1	1.499525	0.550481	2.927396	0.309753
237.250000	0	0.040856	0.000222	1.292299	0.092496
237.250000	1	1.524774	0.755831	2.708805	0.308931
237.500000	0	0.041370	0.000299	0.860924	0.086571
237.500000	1	1.660232	0.383271	8.346256	0.919929
237.750000	0	0.038752	0.000449	0.687338	0.070571
237.750000	1	1.524591	0.738526	2.566644	0.289541
238.000000	0	0.036305	0.000351	0.675312	0.063652
238.000000	1	1.554303	0.460533	2.897788	0.334300
238.250000	0	0.036987	0.000332	0.464509	0.060231
238.250000	1	1.444500	0.555050	2.378697	0.248253
238.500000	0	0.040242	0.000316	1.934810	0.101236
238.500000	1	1.529458	0.845972	2.917449	0.378576
238.750000	0	0.038179	0.000533	1.110137	0.070252
238.750000	1	1.578362	0.657048	4.926321	0.466496
239.000000	0	0.038938	0.000380	0.708850	0.068014
239.000000	1	1.535422	0.607608	2.756172	0.348698
239.250000	0	0.035772	0.000286	0.696067	0.065771
239.250000	1	1.502052	0.639366	2.707119	0.312123
239.500000	0	0.039936	0.000054	1.766802	0.093889
239.500000	1	1.532112	0.758748	3.615144	0.370350
239.750000	0	0.038359	0.000083	0.946176	0.074874
239.750000	1	1.541370	0.795396	2.539668	0.304025
240.000000	0	0.036118	0.000113	0.739623	0.059354
240.000000	1	1.559383	0.522207	3.036833	0.412254
240.250000	0	0.036917	0.000094	0.957711	0.066621
240.250000	1	1.470710	0.043612	2.563900	0.297475
240.500000	0	0.038445	0.000148	0.678223	0.069072
240.500000	1	1.521888	0.303470	2.607261	0.363932
240.750000	0	0.038017	0.000207	0.851367	0.072290
240.750000	1	1.515625	0.611643	2.535889	0.352292
241.000000	0	0.037259	0.000238	0.997683	0.068452
241.000000	1	1.492932	0.358858	2.756126	0.352794
241.250000	0	0.036944	0.000301	0.831619	0.067167
241.250000	1	1.549634	0.721215	2.590319	0.303374
241.500000	0	0.034200	0.000378	0.685883	0.054674
241.500000	1	1.521324	0.828044	2.443177	0.248625
241.750000	0	0.036835	0.000247	0.692518	0.069190
241.750000	1	1.548403	0.639103	3.179040	0.328821
242.000000	0	0.034594	0.000249	0.520584	0.056138
242.000000	1	1.524293	0.140637	2.513531	0.315087
242.250000	0	0.034832	0.000385	0.935298	0.062648
242.250000	1	1.501815	0.819904	3.064994	0.286332
242.500000	0	0.038236	0.000326	1.392419	0.082848
242.500000	1	1.556366	0.798437	3.010570	0.276610
242.750000	0	0.034860	0.000286	0.732549	0.057566
242.750000	1	1.524326	0.181136	2.971173	0.410033
243.000000	0	0.034029	0.000358	0.509349	0.056623
243.000000	1	1.511688	0.151715	2.804695	0.364512
243.250000	0	0.035735	0.000285	0.755572	0.065349
243.250000	1	1.527255	0.492035	4.089052	0.439980
243.500000	0	0.035010	0.000047	0.583042	0.059413
243.500000	1	1.577183	0.620651	2.740290	0.347507
243.750000	0	0.031439	0.000217	0.572157	0.052523
243.750000	1	1.538984	0.761245	2.699462	0.284495
244.000000	0	0.031842	0.000090	0.433698	0.050831
244.000000	1	1.495991	0.229513	2.889128	0.354167
244.250000	0	0.034073	0.000165	0.642678	0.062490
244.250000	1	1.542897	0.733837	2.898321	0.301141
244.500000	0	0.033700	0.000585	0.631457	0.062154
244.500000	1	1.533706	0.051698	2.911712	0.379024
244.750000	0	0.032322	0.000429	0.482768	0.056413
244.750000	1	1.563248	0.498767	2.472959	0.333547
245.000000	0	0.034728	0.000353	2.107981	0.100638
245.000000	1	1.636431	0.391231	4.494854	0.425172
245.250000	0	0.030077	0.000200	0.412873	0.047038
245.250000	1	1.585463	0.133199	2.733750	0.319402
245.500000	0	0.028752	0.000486	0.480099	0.048669
245.500000	1	1.507541	0.456291	2.692898	0.276313
245.750000	0	0.029414	0.000383	0.501099	0.047393
245.750000	1	1.500690	0.646617	2.268769	0.257920
246.000000	0	0.030640	0.000097	0.538088	0.049756
246.000000	1	1.525824	0.337262	2.711822	0.382409
246.250000	0	0.033128	0.000269	0.483128	0.057736
246.250000	1	1.554142	0.722337	2.476372	0.300537
246.500000	0	0.032128	0.000571	0.536174	0.057363
246.500000	1	1.559159	0.613442	2.417114	0.237469
246.750000	0	0.031312	0.000227	0.385022	0.051445
246.750000	1	1.579159	0.666089	3.395181	0.387052
247.000000	0	0.031781	0.000118	0.525327	0.052787
247.000000	1	1.557053	0.672932	3.473018	0.371334
247.250000	0	0.032975	0.000383	0.642461	0.060653
247.250000	1	1.536177	0.296868	4.003186	0.417445
247.500000	0	0.033116	0.000292	0.385503	0.052765
247.500000	1	1.607192	0.568442	2.633181	0.320447
247.750000	0	0.034542	0.000033	0.608220	0.062644
247.750000	1	1.513026	0.725317	2.499084	0.269206
248.000000	0	0.032782	0.000291	0.714898	0.062568
248.000000	1	1.555812	0.389775	3.191790	0.371154
248.250000	0	0.031859	0.000068	0.515053	0.049826
248.250000	1	1.547816	0.678944	2.662941	0.336334
248.500000	0	0.029617	0.000308	0.499831	0.048790
248.500000	1	1.562787	0.308847	3.066392	0.404831
248.750000	0	0.029509	0.000194	0.630126	0.050991
248.750000	1	1.533498	0.919098	3.358359	0.305783
249.000000	0	0.032353	0.000308	0.791846	0.059180
249.000000	1	1.562382	0.791978	2.611178	0.281886
249.250000	0	0.030728	0.000083	1.429219	0.068850
249.250000	1	1.604747	0.824503	3.957984	0.416957
249.500000	0	0.032391	0.000117	1.883477	0.083533
249.500000	1	1.606153	0.851614	5.014487	0.485918
249.750000	0	0.027512	0.000265	0.333782	0.042614
249.750000	1	1.957669	0.333128	29.011356	3.493796
250.000000	0	0.036755	0.000203	2.887509	0.120054
250.000000	1	1.534615	0.364016	3.042584	0.327844
250.250000	0	0.033290	0.000256	0.974661	0.066757
250.250000	1	1.519432	0.544936	2.715017	0.324560
250.500000	0	0.035025	0.000161	0.939489	0.071153
250.500000	1	1.506971	0.432889	2.564096	0.279730
250.750000	0	0.036749	0.000314	1.691068	0.081551
250.750000	1	1.521055	0.240419	2.170239	0.286148
251.000000	0	0.036891	0.000173	1.703270	0.086436
251.000000	1	1.580032	0.997904	3.287141	0.298052
251.250000	0	0.031338	0.000102	0.370422	0.047952
251.250000	1	1.506118	0.757949	2.664482	0.292423
251.500000	0	0.035862	0.000182	1.001008	0.066343
251.500000	1	1.587451	0.142274	3.059683	0.391739
251.750000	0	0.042102	0.000168	1.741666	0.121937
251.750000	1	1.545851	0.081830	4.121060	0.386581
252.000000	0	0.036930	0.000085	2.087486	0.101989
252.000000	1	1.502014	0.572990	3.054424	0.285851
252.250000	0	0.037592	0.000108	0.968900	0.070731
252.250000	1	1.567414	0.293133	2.555081	0.341583
252.500000	0	0.035945	0.000356	0.458652	0.057970
252.500000	1	1.491566	0.474494	2.439652	0.295403
252.750000	0	0.036940	0.000310	2.442797	0.104777
252.750000	1	1.577025	0.478947	3.699111	0.396313
253.000000	0	0.032726	0.000342	0.493858	0.050067
253.000000	1	1.540542	0.575467	2.538761	0.289981
253.250000	0	0.033608	0.000199	0.536186	0.055072
253.250000	1	1.553783	0.612146	2.647876	0.286403
253.500000	0	0.036399	0.000369	0.925551	0.068705
253.500000	1	1.519080	0.474210	2.530813	0.284973
253.750000	0	0.035772	0.000356	0.869696	0.068741
253.750000	1	1.534633	0.356923	3.006911	0.374389
254.000000	0	0.034673	0.000164	0.470006	0.052522
254.000000	1	1.527901	0.541310	2.791710	0.338113
254.250000	0	0.033235	0.000210	0.382125	0.049004
254.250000	1	1.516131	0.503702	2.295402	0.300410
254.500000	0	0.034817	0.000237	0.436667	0.057990
254.500000	1	1.545939	0.659141	2.913158	0.364612
254.750000	0	0.035255	0.000235	0.959157	0.070095
254.750000	1	1.516179	0.497157	2.629401	0.336798
255.000000	0	0.032719	0.000114	0.910618	0.058984
255.000000	1	1.594298	0.723294	2.748291	0.318234
255.250000	0	0.031742	0.000092	0.350164	0.046662
255.250000	1	1.523799	0.838756	2.323428	0.288419
255.500000	0	0.032426	0.000234	0.633972	0.054353
255.500000	1	1.555377	0.711227	2.538670	0.290417
255.750000	0	0.033652	0.000112	0.628151	0.055952
255.750000	1	1.499103	0.444753	2.429162	0.304833
256.000000	0	0.037949	0.000247	0.860667	0.077726
256.000000	1	1.561076	0.399345	3.011673	0.374528
256.250000	0	0.037726	0.000108	0.931988	0.071276
256.250000	1	1.624993	0.791545	2.853196	0.355014
256.500000	0	0.036952	0.000273	1.354497	0.078599
256.500000	1	1.522000	0.512935	3.515376	0.317945
256.750000	0	0.036731	0.000277	0.745027	0.066738
256.750000	1	1.523803	0.324367	3.025324	0.334404
257.000000	0	0.035840	0.000220	0.477666	0.058180
257.000000	1	1.541190	0.584712	2.725731	0.291171
257.250000	0	0.034733	0.000240	0.600324	0.062466
257.250000	1	1.544088	0.712390	2.450538	0.264631
257.500000	0	0.031795	0.000255	0.503582	0.045785
257.500000	1	1.531153	0.872017	2.655774	0.271606
257.750000	0	0.032864	0.000256	0.320368	0.045926
257.750000	1	1.516112	0.685248	3.179063	0.342160
258.000000	0	0.035201	0.000099	0.596825	0.060665
258.000000	1	1.500167	0.528753	2.440646	0.312303
258.250000	0	0.033548	0.000125	0.579238	0.050900
258.250000	1	1.510075	0.088926	2.882640	0.355832
258.500000	0	0.038580	0.000156	0.617615	0.068337
258.500000	1	1.533338	0.674556	2.448936	0.324661
258.750000	0	0.037554	0.000143	1.116969	0.075004
258.750000	1	1.605140	0.239201	4.322450	0.456258
259.000000	0	0.033218	0.000093	0.466161	0.048838
259.000000	1	1.571549	0.475254	2.994168	0.353360
259.250000	0	0.033293	0.000267	0.647918	0.061711
259.250000	1	1.577408	0.739354	3.069304	0.300652
259.500000	0	0.030530	0.000325	0.926038	0.054788
259.500000	1	1.531695	0.661605	3.218086	0.309303
259.750000	0	0.033464	0.000381	0.798141	0.062632
259.750000	1	1.567555	0.390400	2.682992	0.327345
260.000000	0	0.031236	0.000052	0.381258	0.045698
260.000000	1	1.575812	1.013206	2.513206	0.250584
260.250000	0	0.033181	0.000247	1.180277	0.072829
260.250000	1	1.508311	0.376110	2.918673	0.279912
260.500000	0	0.031266	0.000156	0.456060	0.048936
260.500000	1	1.511143	0.692325	2.486504	0.289894
260.750000	0	0.031540	0.000022	0.430949	0.048384
260.750000	1	1.487725	0.691020	2.426019	0.277167
261.000000	0	0.033002	0.000126	0.758337	0.061122
261.000000	1	1.574880	0.678443	2.687885	0.299526
261.250000	0	0.033457	0.000096	0.408842	0.054737
261.250000	1	1.542510	0.389178	2.385478	0.273925
261.500000	0	0.034189	0.000347	0.709618	0.062038
261.500000	1	1.556421	0.786405	2.691264	0.303578
261.750000	0	0.032821	0.000332	0.611634	0.054402
261.750000	1	1.545229	0.902338	2.823467	0.263074
262.000000	0	0.035511	0.000060	0.909104	0.074931
262.000000	1	1.528896	0.132724	3.880017	0.397712
262.250000	0	0.035092	0.000336	1.228743	0.078694
262.250000	1	1.583938	0.670704	2.591319	0.277370
262.500000	0	0.032632	0.000093	0.812080	0.065530
262.500000	1	1.518309	0.625682	2.367331	0.234313
262.750000	0	0.032421	0.000097	0.559720	0.051376
262.750000	1	1.559631	1.019816	2.300214	0.227898
263.000000	0	0.031603	0.000105	0.388472	0.048120
263.000000	1	1.557105	0.502230	2.833875	0.335383
263.250000	0	0.031064	0.000161	0.471155	0.050593
263.250000	1	1.505495	0.665250	3.698332	0.342023
263.500000	0	0.032916	0.000301	0.501557	0.051732
263.500000	1	1.499337	0.484126	2.614749	0.275424
263.750000	0	0.039229	0.000156	0.891413	0.081371
263.750000	1	1.552098	0.645661	3.011395	0.330500
264.000000	0	0.034021	0.000367	0.440870	0.052912
264.000000	1	1.493233	0.745398	2.274519	0.273834
264.250000	0	0.035623	0.000302	0.438774	0.054024
264.250000	1	1.497654	0.551876	3.037658	0.335108
264.500000	0	0.037925	0.000100	0.895875	0.071899
264.500000	1	1.556756	0.779496	3.066270	0.333847
264.750000	0	0.034915	0.000162	0.464533	0.055056
264.750000	1	1.566555	0.927006	3.229774	0.302399
265.000000	0	0.031847	0.000208	0.527273	0.046303
265.000000	1	1.534802	0.730284	3.030793	0.308766
265.250000	0	0.031065	0.000053	0.486766	0.047408
265.250000	1	1.520378	0.178534	2.823741	0.330875
265.500000	0	0.034090	0.000433	0.751284	0.058690
265.500000	1	1.528707	0.375663	3.166132	0.337574
265.750000	0	0.031032	0.000236	0.300315	0.044670
265.750000	1	1.491173	0.912266	2.254946	0.235945
266.000000	0	0.034451	0.000297	0.737236	0.063511
266.000000	1	1.538258	0.802044	2.458512	0.266418
266.250000	0	0.032249	0.000249	1.084912	0.060753
266.250000	1	1.502537	0.798631	3.068873	0.279434
266.500000	0	0.036771	0.000333	1.561223	0.080677
266.500000	1	1.557432	0.427482	3.361299	0.370993
266.750000	0	0.038221	0.000356	1.062913	0.076227
266.750000	1	1.544710	0.160136	2.939546	0.326084
267.000000	0	0.034149	0.000384	0.533959	0.057111
267.000000	1	1.521620	0.974143	2.861164	0.237692
267.250000	0	0.034356	0.000301	1.082657	0.067874
267.250000	1	1.570585	0.666015	2.547343	0.294555
267.500000	0	0.036063	0.000269	0.903210	0.081009
267.500000	1	1.575551	0.369750	2.745777	0.308021
267.750000	0	0.033525	0.000219	0.607877	0.058895
267.750000	1	1.575964	1.040166	2.797022	0.273972
268.000000	0	0.032630	0.000407	1.153544	0.065798
268.000000	1	1.528029	0.310026	3.413173	0.327281
268.250000	0	0.032634	0.000184	0.677044	0.058583
268.250000	1	1.501486	0.865706	2.617396	0.273635
268.500000	0	0.035039	0.000264	1.087351	0.064214
268.500000	1	1.521982	0.422197	2.361033	0.320437
268.750000	0	0.033093	0.000335	0.645304	0.059284
268.750000	1	1.583784	0.738370	2.578545	0.299621
269.000000	0	0.030024	0.000373	0.488400	0.046988
269.000000	1	1.528390	0.360157	2.700137	0.316834
269.250000	0	0.032104	0.000140	0.960217	0.067404
269.250000	1	1.563644	0.741832	2.550264	0.286982
269.500000	0	0.031509	0.000177	1.266368	0.064667
269.500000	1	1.508156	0.603100	2.916661	0.264327
269.750000	0	0.034000	0.000248	1.228384	0.074667
269.750000	1	1.527411	0.479286	2.717710	0.307659
270.000000	0	0.029531	0.000258	0.411072	0.046649
270.000000	1	1.517685	0.459703	3.059783	0.324417
270.250000	0	0.031123	0.000171	0.591646	0.054096
270.250000	1	1.544097	0.775242	3.323512	0.328869
270.500000	0	0.032673	0.000176	0.999548	0.065066
270.500000	1	1.554020	0.832522	2.777568	0.314265
270.750000	0	0.030527	0.000248	0.341188	0.046782
270.750000	1	1.518568	0.496164	2.166160	0.276924
271.000000	0	0.033908	0.000189	1.149079	0.074910
271.000000	1	1.549145	0.843418	2.830967	0.302418
271.250000	0	0.027308	0.000414	0.478182	0.044715
271.250000	1	1.555681	0.854468	3.180074	0.303877
271.500000	0	0.029815	0.000437	0.693602	0.056685
271.500000	1	1.519117	0.837004	3.147680	0.272911
271.750000	0	0.033391	0.000425	0.843915	0.060071
271.750000	1	1.517653	0.190447	2.704981	0.314799
272.000000	0	0.031296	0.000229	0.382633	0.052267
272.000000	1	1.484937	0.315816	2.714277	0.330068
272.250000	0	0.034510	0.000268	1.237133	0.070458
272.250000	1	1.504951	0.335017	3.593285	0.368030
272.500000	0	0.037508	0.000077	1.281216	0.081695
272.500000	1	1.588872	0.299427	3.106157	0.382732
272.750000	0	0.030751	0.000288	0.512039	0.051412
272.750000	1	1.565711	0.777414	3.297956	0.337698
273.000000	0	0.034678	0.000492	1.807408	0.095251
273.000000	1	1.560000	0.697972	2.460711	0.324307
273.250000	0	0.032568	0.000308	0.762263	0.058568
273.250000	1	1.559218	0.955904	2.590046	0.292087
273.500000	0	0.032152	0.000189	0.959040	0.057991
273.500000	1	1.535956	0.585099	2.296587	0.264257
273.750000	0	0.034148	0.000178	0.490649	0.055801
273.750000	1	1.538450	0.684424	2.834462	0.318127
274.000000	0	0.032452	0.000297	0.481630	0.053878
274.000000	1	1.587210	0.840446	2.830609	0.304043
274.250000	0	0.031759	0.000091	0.942639	0.060229
274.250000	1	1.563468	0.784066	3.840932	0.397303
274.500000	0	0.033329	0.000328	0.753820	0.062414
274.500000	1	1.543576	0.590432	2.751794	0.309333
274.750000	0	0.036765	0.000350	0.692806	0.060884
274.750000	1	1.541747	0.306924	2.481535	0.300897
275.000000	0	0.035171	0.000274	0.740383	0.059382
275.000000	1	1.536009	0.833185	2.459379	0.253833
275.250000	0	0.032925	0.000104	0.451713	0.048883
275.250000	1	1.544948	0.849869	2.508928	0.266869
275.500000	0	0.037918	0.000371	0.775440	0.070943
275.500000	1	1.533873	0.689346	3.307745	0.333738
275.750000	0	0.034150	0.000156	0.669786	0.054307
275.750000	1	1.541115	0.618279	2.518398	0.296501
276.000000	0	0.035523	0.000442	0.900492	0.063607
276.000000	1	1.542507	0.546444	2.669884	0.272746
276.250000	0	0.034856	0.000379	0.775248	0.059465
276.250000	1	1.530632	0.156853	2.570455	0.311792
276.500000	0	0.037356	0.000096	0.649728	0.062918
276.500000	1	1.575236	0.853146	3.275741	0.344819
276.750000	0	0.037144	0.000199	1.945608	0.087874
276.750000	1	1.561171	0.879906	2.650444	0.298025
277.000000	0	0.034589	0.000442	0.567723	0.055865
277.000000	1	1.523099	0.621322	2.367029	0.272070
277.250000	0	0.035875	0.000296	1.008467	0.062862
277.250000	1	1.566521	0.623651	2.827274	0.296966
277.500000	0	0.032634	0.000286	1.257341	0.073662
277.500000	1	1.525398	0.585778	2.596768	0.244664
277.750000	0	0.029598	0.000253	0.383736	0.042007
277.750000	1	1.526503	0.486351	2.154086	0.242983
278.000000	0	0.032872	0.000270	0.436241	0.048884
278.000000	1	1.465978	0.437750	2.336789	0.270348
278.250000	0	0.039375	0.000381	1.135781	0.082587
278.250000	1	1.546471	0.417555	3.055055	0.379137
278.500000	0	0.039220	0.000416	1.503272	0.090227
278.500000	1	1.500436	0.755512	2.558902	0.338714
278.750000	0	0.036363	0.000118	0.458216	0.059959
278.750000	1	1.518480	0.308110	2.737268	0.327301
279.000000	0	0.031966	0.000233	0.356311	0.045506
279.000000	1	1.554516	1.038258	2.743509	0.270758
279.250000	0	0.038586	0.000228	0.971089	0.073972
279.250000	1	1.533030	0.638810	2.528745	0.255311
279.500000	0	0.037512	0.000273	0.748752	0.069926
279.500000	1	1.483596	0.190647	2.788322	0.309681
279.750000	0	0.037269	0.000276	0.741850	0.065609
279.750000	1	1.513429	0.243090	3.295610	0.341756
280.000000	0	0.035550	0.000437	0.663667	0.060650
280.000000	1	1.587568	0.585708	2.733240	0.339168
280.250000	0	0.033533	0.000385	0.697241	0.057186
280.250000	1	1.522475	0.727357	3.012595	0.260730
280.500000	0	0.035829	0.000581	0.821200	0.062336
280.500000	1	1.530299	0.653539	3.155703	0.368527
280.750000	0	0.034101	0.000024	0.476452	0.050957
280.750000	1	1.533039	1.076917	2.240183	0.227464
281.000000	0	0.036350	0.000205	1.666848	0.090841
281.000000	1	1.607439	0.850898	4.720344	0.458085
281.250000	0	0.031476	0.000214	0.359198	0.045494
281.250000	1	1.509961	0.191580	2.594626	0.318005
281.500000	0	0.030072	0.000238	0.595655	0.047882
281.500000	1	1.483723	0.497787	2.361753	0.261267
281.750000	0	0.034820	0.000296	0.624254	0.058105
281.750000	1	1.499214	0.489810	2.870452	0.347929
282.000000	0	0.032677	0.000083	0.662741	0.058606
282.000000	1	1.499815	0.798328	2.211382	0.261909
282.250000	0	0.033979	0.000140	0.751164	0.057025
282.250000	1	1.501151	0.627728	1.992539	0.237721
282.500000	0	0.037962	0.000424	1.610446	0.085443
282.500000	1	1.536785	0.590886	2.784385	0.288119
282.750000	0	0.034666	0.000382	0.675339	0.059079
282.750000	1	1.504689	0.764247	2.053180	0.251755
283.000000	0	0.036272	0.000381	0.561403	0.062092
283.000000	1	1.526962	0.595790	2.661036	0.318939
283.250000	0	0.038080	0.000186	2.352803	0.103566
283.250000	1	1.533704	0.624985	4.239400	0.379301
283.500000	0	0.035356	0.000110	0.949034	0.063931
283.500000	1	1.623099	0.843790	2.735102	0.312236
283.750000	0	0.030932	0.000200	0.391698	0.045487
283.750000	1	1.485353	0.531814	2.352203	0.270916
284.000000	0	0.036165	0.000132	3.137845	0.128753
284.000000	1	1.593492	0.800050	4.110826	0.410313
284.250000	0	0.034721	0.000199	0.788044	0.063821
284.250000	1	1.524253	0.785545	2.539708	0.283362
284.500000	0	0.034151	0.000186	0.428908	0.052391
284.500000	1	1.560851	0.751540	2.497865	0.302014
284.750000	0	0.037102	0.000533	0.991023	0.066533
284.750000	1	1.528852	0.446887	2.782891	0.272321
285.000000	0	0.036346	0.000205	0.420532	0.055814
285.000000	1	1.501155	0.395636	2.170570	0.240078
285.250000	0	0.034382	0.000477	0.623256	0.058131
285.250000	1	1.572801	0.951601	2.612685	0.277304
285.500000	0	0.033649	0.000348	0.767744	0.059956
285.500000	1	1.529576	0.682075	2.826946	0.281861
285.750000	0	0.029147	0.000106	0.351289	0.044883
285.750000	1	1.530779	0.362125	3.316487	0.360164
286.000000	0	0.030920	0.000307	0.268871	0.044053
286.000000	1	1.542474	0.889848	2.220388	0.236092
286.250000	0	0.030201	0.000423	0.481324	0.048294
286.250000	1	1.556879	0.895400	3.328657	0.307918
286.500000	0	0.031565	0.000336	0.773402	0.056216
286.500000	1	1.509513	0.482131	2.236859	0.284514
286.750000	0	0.032119	0.000301	0.506296	0.051258
286.750000	1	1.534147	0.557524	2.667901	0.293681
287.000000	0	0.032763	0.000280	0.600033	0.056090
287.000000	1	1.557213	0.450149	2.592806	0.283324
287.250000	0	0.031777	0.000222	0.509964	0.049059
287.250000	1	1.535355	0.792388	2.491328	0.257615
287.500000	0	0.028732	0.000141	0.422190	0.044273
287.500000	1	1.561776	1.064260	2.291612	0.210781
287.750000	0	0.034354	0.000022	1.613134	0.083295
287.750000	1	1.537577	0.230933	2.910240	0.287465
288.000000	0	0.034205	0.000110	0.731120	0.071107
288.000000	1	1.560725	0.700412	4.286539	0.397703
288.250000	0	0.032322	0.000160	0.370422	0.049616
288.250000	1	1.555403	0.535500	2.582411	0.288866
288.500000	0	0.031283	0.000260	0.489442	0.052551
288.500000	1	1.524428	0.473308	2.746315	0.287571
288.750000	0	0.032898	0.000366	1.001722	0.060249
288.750000	1	1.524205	0.182233	2.405341	0.295932
289.000000	0	0.033387	0.000019	0.650257	0.057066
289.000000	1	1.534926	0.910698	2.136780	0.215121
289.250000	0	0.031852	0.000091	0.724587	0.055081
289.250000	1	1.581899	0.595446	3.073086	0.346888
289.500000	0	0.036049	0.000539	1.156389	0.079270
289.500000	1	1.537430	0.780804	3.088080	0.346510
289.750000	0	0.030159	0.000416	0.564151	0.048983
289.750000	1	1.554187	0.661562	2.737030	0.290213
290.000000	0	0.031065	0.000539	0.506770	0.051711
290.000000	1	1.531419	0.905380	2.179319	0.253432
290.250000	0	0.035143	0.000380	0.891278	0.070117
290.250000	1	1.542781	0.624165	2.995839	0.318937
290.500000	0	0.036585	0.000277	0.660713	0.068780
290.500000	1	1.584662	0.466057	3.291638	0.400163
290.750000	0	0.034557	0.000171	1.054823	0.072309
290.750000	1	1.537765	0.982384	2.421838	0.224812
291.000000	0	0.033986	0.000135	0.574618	0.054694
291.000000	1	1.529831	0.515728	2.642729	0.275933
291.250000	0	0.031999	0.000214	0.607769	0.053426
291.250000	1	1.557297	0.464262	2.789829	0.337358
291.500000	0	0.029752	0.000368	0.359620	0.043770
291.500000	1	1.508401	0.710262	2.520139	0.283718
291.750000	0	0.032936	0.000281	0.546861	0.056125
291.750000	1	1.529557	0.614789	2.753267	0.312389
292.000000	0	0.038021	0.000203	0.845013	0.080599
292.000000	1	1.579630	0.422327	3.113778	0.362448
292.250000	0	0.032745	0.000202	0.736953	0.055825
292.250000	1	1.541905	0.633127	2.579643	0.267389
292.500000	0	0.034764	0.000110	0.575303	0.058462
292.500000	1	1.559531	0.741599	2.473236	0.280008
292.750000	0	0.031194	0.000243	0.556567	0.051965
292.750000	1	1.545108	0.229890	3.396716	0.333144
293.000000	0	0.030434	0.000265	0.496909	0.048508
293.000000	1	1.512210	0.489516	2.396625	0.320740
293.250000	0	0.033252	0.000160	0.514685	0.056533
293.250000	1	1.527594	0.357510	2.343526	0.312581
293.500000	0	0.031669	0.000298	0.763160	0.052935
293.500000	1	1.514649	0.554748	2.545289	0.313936
293.750000	0	0.036257	0.000286	1.819401	0.087200
293.750000	1	1.556421	0.915857	2.919682	0.305735
294.000000	0	0.029476	0.000257	0.428115	0.047191
294.000000	1	1.520359	0.733103	2.567363	0.279939
294.250000	0	0.030608	0.000161	0.468530	0.048515
294.250000	1	1.485465	0.945056	2.360165	0.245327
294.500000	0	0.037497	0.000201	1.923526	0.106889
294.500000	1	1.552299	0.639704	4.741789	0.439024
294.750000	0	0.034574	0.000060	0.609625	0.065288
294.750000	1	1.574083	0.598440	2.683159	0.319964
295.000000	0	0.030818	0.000285	0.453504	0.051055
295.000000	1	1.535439	0.946132	2.519597	0.255557
295.250000	0	0.032646	0.000175	0.552819	0.054074
295.250000	1	1.483120	0.622292	2.665859	0.264412
295.500000	0	0.036720	0.000191	0.689071	0.062080
295.500000	1	1.544375	0.618711	2.695143	0.295886
295.750000	0	0.032346	0.000363	0.424414	0.049222
295.750000	1	1.517215	0.598621	2.153870	0.274438
296.000000	0	0.034636	0.000114	0.998206	0.071138
296.000000	1	1.523295	0.506358	2.512777	0.318215
296.250000	0	0.034142	0.000252	0.642044	0.060159
296.250000	1	1.552237	0.534871	2.384517	0.240328
296.500000	0	0.039732	0.000368	1.118080	0.083790
296.500000	1	1.508008	0.406951	2.964206	0.334259
296.750000	0	0.035612	0.000310	0.562697	0.059005
296.750000	1	1.564085	0.591581	2.929043	0.329224
297.000000	0	0.034196	0.000334	0.477504	0.052380
297.000000	1	1.520886	0.628916	2.439487	0.290847
297.250000	0	0.036863	0.000128	0.680564	0.066604
297.250000	1	1.471553	0.394816	2.635979	0.316682
297.500000	0	0.037068	0.000154	0.636727	0.063762
297.500000	1	1.562375	0.379417	2.919661	0.369114
297.750000	0	0.036201	0.000102	0.887003	0.066061
297.750000	1	1.541346	0.233246	2.666037	0.342626
298.000000	0	0.036962	0.000170	0.743202	0.070438
298.000000	1	1.540807	0.713740	3.209207	0.332248
298.250000	0	0.034364	0.000266	0.476069	0.055638
298.250000	1	1.552726	0.633254	2.263557	0.299282
298.500000	0	0.037499	0.000207	1.264780	0.078872
298.500000	1	1.550767	0.643329	3.064781	0.395305
298.750000	0	0.032899	0.000066	0.459146	0.052253
298.750000	1	1.547728	0.420169	2.217668	0.295490
299.000000	0	0.034169	0.000100	1.447631	0.073836
299.000000	1	1.544388	0.125845	4.033167	0.441512
299.250000	0	0.033791	0.000209	0.720308	0.055057
299.250000	1	1.567496	0.576401	2.682521	0.356158
299.500000	0	0.033347	0.000414	0.684582	0.057945
299.500000	1	1.548848	0.267466	2.984175	0.381970
299.750000	0	0.031043	0.000368	0.521297	0.048057
299.750000	1	1.525655	0.541009	2.511689	0.298661
300.000000	0	0.033929	0.000376	0.729535	0.059510
300.000000	1	1.554413	0.410239	2.711411	0.335354
300.250000	0	0.030812	0.000071	0.368120	0.046022
300.250000	1	1.540900	0.701566	2.650408	0.305744
300.500000	0	0.032249	0.000140	0.864650	0.060178
300.500000	1	1.522163	0.506762	2.576331	0.317414
300.750000	0	0.031720	0.000233	0.904261	0.058148
300.750000	1	1.519666	0.682504	2.882341	0.298113
301.000000	0	0.029409	0.000241	0.453586	0.045354
301.000000	1	1.518456	0.690010	3.152443	0.288377
301.250000	0	0.035137	0.000515	1.033698	0.075982
301.250000	1	1.523776	0.199527	6.325613	0.568240
301.500000	0	0.041014	0.000409	1.129727	0.091123
301.500000	1	1.539956	0.369817	3.003710	0.365332
301.750000	0	0.032405	0.000057	0.655846	0.057137
301.750000	1	1.539816	0.701222	2.881792	0.289021
302.000000	0	0.033269	0.000080	0.569736	0.052026
302.000000	1	1.548061	0.776526	3.699323	0.332979
302.250000	0	0.033145	0.000133	0.390338	0.050495
302.250000	1	1.540859	0.617841	2.481325	0.343168
302.500000	0	0.030389	0.000116	0.305692	0.045600
302.500000	1	1.512358	0.795453	2.097366	0.254313
302.750000	0	0.035339	0.000153	1.182011	0.067676
302.750000	1	1.461869	0.563444	2.594459	0.277661
303.000000	0	0.035372	0.000217	0.550992	0.061999
303.000000	1	1.576973	0.797050	3.259339	0.348505
303.250000	0	0.033387	0.000287	0.519809	0.055373
303.250000	1	1.521866	0.374063	2.845031	0.334314
303.500000	0	0.034915	0.000341	0.579383	0.060341
303.500000	1	1.512601	0.254844	2.577875	0.312034
303.750000	0	0.031465	0.000392	0.376881	0.048373
303.750000	1	1.526691	0.858113	2.515078	0.259310
304.000000	0	0.034910	0.000376	1.109642	0.066902
304.000000	1	1.494460	0.510322	2.456248	0.311271
304.250000	0	0.034500	0.000409	0.483962	0.056081
304.250000	1	1.593327	0.931697	2.798169	0.286584
304.500000	0	0.037111	0.000355	0.367535	0.056593
304.500000	1	1.521076	0.368154	2.447335	0.289306
304.750000	0	0.035903	0.000114	0.552239	0.057803
304.750000	1	1.488784	0.441123	2.693167	0.327088
305.000000	0	0.037856	0.000312	1.157115	0.076087
305.000000	1	1.533615	0.724548	2.605090	0.310231
305.250000	0	0.042897	0.000296	1.130271	0.087780
305.250000	1	1.593660	0.767919	3.044207	0.348813
305.500000	0	0.034099	0.000079	0.613827	0.055691
305.500000	1	1.528347	0.495735	2.473267	0.280132
305.750000	0	0.037053	0.000140	0.943746	0.069641
305.750000	1	1.608949	0.737977	4.671103	0.476479
306.000000	0	0.036543	0.000244	0.853265	0.065966
306.000000	1	1.597864	0.921482	3.487173	0.348962
306.250000	0	0.040682	0.000330	1.784866	0.102791
306.250000	1	1.529749	0.364946	3.552656	0.375253
306.500000	0	0.034695	0.000282	0.459451	0.056918
306.500000	1	1.603004	0.534992	2.854193	0.337281
306.750000	0	0.033381	0.000242	0.929766	0.062194
306.750000	1	1.517113	0.810498	2.556767	0.239029
307.000000	0	0.034313	0.000152	1.261914	0.067718
307.000000	1	1.516517	0.158701	2.806791	0.325496
307.250000	0	0.033550	0.000224	1.136637	0.068722
307.250000	1	1.546243	0.638658	2.415433	0.269463
307.500000	0	0.033770	0.000379	0.707987	0.056774
307.500000	1	1.503141	0.478181	2.719378	0.321721
307.750000	0	0.034920	0.000206	0.594776	0.057862
307.750000	1	1.500401	0.412307	2.578666	0.273261
308.000000	0	0.037469	0.000181	0.729923	0.071745
308.000000	1	1.558538	0.615224	3.397568	0.365364
308.250000	0	0.035019	0.000271	1.085073	0.073718
308.250000	1	1.533036	0.496388	2.558941	0.290521
308.500000	0	0.035589	0.000507	0.493460	0.059211
308.500000	1	1.513879	0.428664	3.732144	0.407294
308.750000	0	0.039336	0.000424	0.710279	0.075098
308.750000	1	1.572933	0.657987	4.646539	0.437031
309.000000	0	0.036173	0.000560	0.615823	0.057048
309.000000	1	1.618628	0.746164	3.892123	0.415805
309.250000	0	0.032723	0.000419	0.424959	0.052393
309.250000	1	1.534973	0.880290	2.856401	0.301989
309.500000	0	0.037616	0.000166	1.327897	0.080943
309.500000	1	1.544714	0.694125	3.714893	0.399639
309.750000	0	0.040161	0.000244	1.744698	0.090991
309.750000	1	1.553039	0.669534	3.342322	0.344958
310.000000	0	0.038493	0.000140	0.769692	0.070594
310.000000	1	1.626745	0.440403	7.344031	0.752722
310.250000	0	0.036831	0.000467	0.708244	0.066921
310.250000	1	1.537126	0.596575	2.693937	0.344036
310.500000	0	0.037831	0.000364	0.601066	0.061705
310.500000	1	1.502427	0.587625	2.407319	0.317703
310.750000	0	0.034433	0.000335	0.557100	0.055810
310.750000	1	1.588698	0.972966	4.033972	0.392670
311.000000	0	0.035490	0.000062	0.442054	0.054718
311.000000	1	1.495871	0.567648	2.486654	0.295020
311.250000	0	0.036330	0.000100	0.775691	0.066029
311.250000	1	1.504640	0.309938	2.685048	0.316499
311.500000	0	0.034191	0.000053	1.269378	0.066714
311.500000	1	1.512621	0.175288	2.416763	0.320623
311.750000	0	0.035203	0.000360	0.742521	0.064453
311.750000	1	1.505498	0.662529	3.140725	0.289035
312.000000	0	0.038332	0.000118	0.894266	0.072525
312.000000	1	1.532959	0.372749	2.577714	0.315090
312.250000	0	0.037327	0.000218	1.297558	0.075426
312.250000	1	1.510400	0.723619	3.228217	0.367975
312.500000	0	0.038323	0.000239	1.413726	0.080520
312.500000	1	1.539749	0.663149	2.718685	0.311361
312.750000	0	0.035702	0.000261	1.037490	0.066171
312.750000	1	1.567917	0.935312	3.173244	0.280361
313.000000	0	0.033674	0.000058	0.654178	0.053971
313.000000	1	1.544702	0.387139	3.636361	0.352158
313.250000	0	0.041003	0.000277	3.355774	0.158583
313.250000	1	1.539985	0.530475	5.301708	0.443000
313.500000	0	0.032384	0.000414	0.544218	0.056343
313.500000	1	1.498754	0.689472	2.935697	0.305826
313.750000	0	0.034616	0.000452	0.547347	0.058313
313.750000	1	1.507526	0.544978	2.504245	0.301810
314.000000	0	0.035874	0.000426	0.498368	0.060232
314.000000	1	1.509909	0.398634	2.434295	0.281348
314.250000	0	0.035587	0.000318	1.135234	0.074237
314.250000	1	1.544671	0.661262	2.164997	0.247149
314.500000	0	0.036130	0.000412	1.247775	0.072925
314.500000	1	1.511432	0.777265	2.514180	0.295308
314.750000	0	0.034487	0.000285	0.543510	0.055650
314.750000	1	1.490679	0.603736	2.586880	0.298346
315.000000	0	0.035680	0.000249	0.961257	0.066031
315.000000	1	1.557707	0.712584	3.280626	0.323681
315.250000	0	0.035384	0.000336	0.541970	0.055874
315.250000	1	1.502270	0.669759	2.205130	0.281888
315.500000	0	0.037387	0.000309	0.652595	0.065574
315.500000	1	1.628283	0.480175	9.609228	0.967425
315.750000	0	0.036309	0.000139	1.069560	0.068283
315.750000	1	1.535306	0.407606	2.504856	0.367005
316.000000	0	0.035787	0.000131	0.772348	0.062526
316.000000	1	1.506125	0.672417	2.326005	0.321177
316.250000	0	0.040967	0.000142	1.158449	0.097276
316.250000	1	1.570012	0.404019	3.262930	0.401042
316.500000	0	0.035826	0.000091	0.859511	0.065816
316.500000	1	1.536088	0.612458	2.164513	0.255271
316.750000	0	0.034497	0.000184	0.691468	0.058179
316.750000	1	1.502351	0.089402	2.936845	0.330278
317.000000	0	0.034769	0.000225	0.469594	0.053604
317.000000	1	1.530986	0.731025	2.341556	0.273644
317.250000	0	0.034107	0.000182	0.840309	0.060406
317.250000	1	1.528865	0.744637	2.541038	0.282301
317.500000	0	0.035094	0.000136	0.969229	0.064646
317.500000	1	1.509873	0.286568	3.337736	0.363819
317.750000	0	0.034724	0.000138	0.465247	0.056156
317.750000	1	1.523163	0.365328	2.631906	0.327985
318.000000	0	0.032656	0.000286	0.723030	0.058438
318.000000	1	1.518135	0.383252	2.819111	0.309786
318.250000	0	0.036345	0.000281	0.710791	0.070473
318.250000	1	1.503991	0.819915	2.543764	0.268846
318.500000	0	0.037273	0.000337	0.788981	0.071170
318.500000	1	1.531539	0.879022	2.551983	0.295167
318.750000	0	0.036627	0.000330	1.734393	0.082199
318.750000	1	1.611565	0.798874	2.760962	0.340116
319.000000	0	0.033091	0.000319	0.790563	0.056424
319.000000	1	1.543601	0.769078	2.691476	0.302713
319.250000	0	0.033917	0.000311	0.518844	0.054530
319.250000	1	1.513540	0.480168	2.950023	0.313087
319.500000	0	0.033317	0.000393	0.287737	0.048610
319.500000	1	1.557360	0.260556	2.419167	0.284476
319.750000	0	0.033495	0.000182	0.538218	0.052101
319.750000	1	1.541494	0.917942	2.139519	0.235599
320.000000	0	0.036636	0.000298	0.881379	0.071574
320.000000	1	1.584350	0.681502	4.863522	0.518602
320.250000	0	0.036823	0.000230	0.991505	0.070170
320.250000	1	1.546764	0.503314	2.882167	0.390333
320.500000	0	0.037159	0.000517	1.211585	0.073472
320.500000	1	1.567247	0.891011	2.909425	0.313247
320.750000	0	0.034224	0.000579	0.471171	0.052860
320.750000	1	1.515807	0.785537	2.618690	0.298783
321.000000	0	0.038289	0.000465	0.874089	0.073172
321.000000	1	1.510047	0.723532	2.287924	0.294874
321.250000	0	0.036996	0.000336	1.377313	0.086219
321.250000	1	1.579980	0.439499	3.052193	0.379275
321.500000	0	0.035414	0.000346	1.004680	0.065309
321.500000	1	1.557656	0.770366	2.764310	0.305727
321.750000	0	0.037845	0.000435	0.988716	0.076010
321.750000	1	1.502578	0.547473	2.923218	0.321100
322.000000	0	0.037979	0.000333	1.480809	0.083896
322.000000	1	1.519023	0.300058	2.574992	0.331871
322.250000	0	0.032621	0.000343	0.638317	0.052700
322.250000	1	1.507610	0.669029	2.924690	0.308036
322.500000	0	0.034749	0.000208	0.786267	0.062997
322.500000	1	1.541977	0.664563	2.747226	0.312324
322.750000	0	0.034193	0.000151	0.526693	0.058445
322.750000	1	1.609193	0.882186	3.422383	0.404468
323.000000	0	0.034535	0.000348	1.940952	0.090466
323.000000	1	1.516253	0.214880	3.485335	0.328124
323.250000	0	0.035725	0.000600	1.376237	0.078263
323.250000	1	1.552249	0.607237	2.528846	0.297873
323.500000	0	0.035602	0.000100	1.577008	0.076771
323.500000	1	1.567663	0.851180	2.314039	0.256613
323.750000	0	0.032009	0.000328	0.411679	0.049249
323.750000	1	1.534200	0.291575	3.915198	0.361777
324.000000	0	0.035383	0.000300	1.350462	0.081266
324.000000	1	1.554837	0.874740	2.849381	0.281060
324.250000	0	0.032391	0.000248	0.592137	0.057122
324.250000	1	1.537378	0.814153	2.409707	0.239255
324.500000	0	0.029806	0.000032	0.346141	0.047285
324.500000	1	1.548663	0.702309	3.613378	0.360511
324.750000	0	0.033555	0.000445	0.502960	0.057461
324.750000	1	1.559327	0.782483	2.760381	0.324804
325.000000	0	0.034717	0.000258	0.700184	0.064554
325.000000	1	1.591210	0.951545	2.856801	0.338019
325.250000	0	0.032453	0.000223	0.435234	0.054164
325.250000	1	1.563420	0.530078	2.957228	0.310585
325.500000	0	0.032164	0.000099	0.613002	0.057265
325.500000	1	1.546300	0.782064	2.605959	0.288608
325.750000	0	0.031730	0.000262	0.379140	0.050916
325.750000	1	1.529953	0.894885	2.618343	0.288973
326.000000	0	0.031104	0.000160	0.446875	0.051032
326.000000	1	1.490439	0.671718	2.485615	0.288565
326.250000	0	0.034569	0.000143	1.483080	0.088298
326.250000	1	1.552281	0.616807	3.180163	0.333164
326.500000	0	0.033450	0.000467	0.591186	0.053928
326.500000	1	1.521628	1.000848	2.201810	0.244047
326.750000	0	0.035858	0.000273	0.537679	0.059926
326.750000	1	1.583076	0.109734	2.380098	0.347985
327.000000	0	0.034727	0.000220	0.428865	0.053876
327.000000	1	1.544089	0.857158	2.315496	0.238448
327.250000	0	0.035022	0.000148	0.542151	0.057118
327.250000	1	1.565117	0.275710	3.493913	0.368178
327.500000	0	0.033825	0.000227	0.560365	0.055956
327.500000	1	1.516269	0.376682	2.659618	0.312026
327.750000	0	0.033216	0.000183	0.532189	0.057366
327.750000	1	1.536748	0.808340	2.379335	0.294369
328.000000	0	0.033034	0.000201	0.528351	0.058802
328.000000	1	1.556474	0.583203	2.608038	0.306112
328.250000	0	0.036795	0.000354	1.482583	0.079862
328.250000	1	1.496152	0.513596	2.561705	0.321274
328.500000	0	0.040032	0.000327	0.747302	0.079078
328.500000	1	1.549151	0.648370	2.958968	0.329857
328.750000	0	0.036690	0.000362	0.567974	0.066388
328.750000	1	1.575937	0.680577	4.987701	0.451220
329.000000	0	0.033951	0.000491	0.582786	0.054285
329.000000	1	1.507606	0.624706	2.286193	0.289589
329.250000	0	0.032828	0.000234	0.980043	0.061526
329.250000	1	1.529055	0.491021	2.942468	0.277547
329.500000	0	0.031232	0.000396	0.378772	0.047934
329.500000	1	1.512592	0.828423	2.243372	0.262085
329.750000	0	0.036860	0.000220	0.937464	0.079411
329.750000	1	1.679501	0.880233	5.664740	0.552300
330.000000	0	0.032226	0.000459	0.487143	0.052442
330.000000	1	1.502124	0.452561	2.753101	0.330595
330.250000	0	0.033920	0.000412	0.888415	0.067376
330.250000	1	1.485003	0.647098	2.643176	0.288777
330.500000	0	0.034721	0.000279	0.878970	0.068972
330.500000	1	1.535419	0.554538	2.367928	0.312289
330.750000	0	0.036662	0.000300	1.005392	0.074068
330.750000	1	1.515480	0.694030	2.219222	0.300867
331.000000	0	0.036789	0.000339	0.664098	0.070285
331.000000	1	1.529462	0.455330	2.967106	0.346720
331.250000	0	0.033549	0.000228	0.476948	0.057539
331.250000	1	1.578242	0.560228	5.014747	0.452908
331.500000	0	0.033281	0.000159	0.491776	0.054913
331.500000	1	1.506256	0.659786	2.561337	0.303068
331.750000	0	0.039512	0.000229	1.012258	0.077654
331.750000	1	1.527207	0.517632	2.429618	0.328655
332.000000	0	0.036721	0.000190	0.552218	0.063760
332.000000	1	1.473609	0.187599	2.458867	0.327625
332.250000	0	0.034798	0.000131	0.530942	0.058446
332.250000	1	1.693404	0.560669	10.852650	1.056107
332.500000	0	0.036716	0.000061	0.936210	0.066002
332.500000	1	1.524880	0.630058	2.637584	0.323062
332.750000	0	0.035964	0.000145	0.642001	0.059530
332.750000	1	1.528578	0.291136	3.028958	0.312927
333.000000	0	0.034843	0.000124	0.520541	0.057416
333.000000	1	1.539683	0.619931	2.730171	0.340979
333.250000	0	0.037467	0.000131	0.707330	0.064585
333.250000	1	1.530855	0.432064	2.699486	0.333540
333.500000	0	0.039189	0.000116	0.623262	0.071352
333.500000	1	1.548341	0.924661	2.909847	0.310288
333.750000	0	0.041550	0.000058	2.773367	0.120207
333.750000	1	1.533692	0.735936	3.232739	0.335514
334.000000	0	0.035128	0.000188	0.531892	0.058784
334.000000	1	1.564423	0.655449	2.812669	0.337075
334.250000	0	0.033040	0.000376	0.613689	0.051653
334.250000	1	1.523420	0.746369	2.354345	0.262197
334.500000	0	0.033171	0.000155	0.408709	0.050746
334.500000	1	1.572686	0.864577	3.012153	0.317190
334.750000	0	0.033758	0.000050	0.442054	0.051966
334.750000	1	1.508791	0.168539	2.445541	0.305474
335.000000	0	0.033740	0.000201	0.696707	0.060366
335.000000	1	1.558905	0.722893	3.707650	0.395496
335.250000	0	0.036625	0.000274	1.256847	0.074820
335.250000	1	1.525840	0.486121	2.234394	0.280859
335.500000	0	0.032739	0.000230	0.562603	0.054106
335.500000	1	1.559898	0.543292	2.294753	0.283163
335.750000	0	0.033230	0.000408	0.703545	0.057064
335.750000	1	1.539069	0.709903	2.746371	0.310763
336.000000	0	0.030198	0.000320	0.334069	0.046096
336.000000	1	1.497676	0.622938	2.450757	0.304434
336.250000	0	0.035438	0.000212	0.684752	0.060658
336.250000	1	1.531961	0.373858	2.855703	0.320265
336.500000	0	0.037552	0.000292	1.279189	0.086107
336.500000	1	1.506663	0.226056	3.121450	0.319918
336.750000	0	0.035314	0.000394	1.107005	0.066579
336.750000	1	1.506774	0.905905	2.811571	0.321525
337.000000	0	0.034515	0.000135	0.690982	0.057765
337.000000	1	1.563348	0.939708	2.694033	0.321062
337.250000	0	0.032460	0.000468	0.383316	0.049789
337.250000	1	1.520178	0.533499	2.390884	0.285005
337.500000	0	0.031612	0.000482	0.361306	0.049062
337.500000	1	1.526433	0.332008	2.481461	0.313575
337.750000	0	0.031805	0.000134	0.922065	0.060258
337.750000	1	1.572740	1.027923	2.895571	0.297261
338.000000	0	0.030889	0.000394	0.464222	0.050168
338.000000	1	1.547405	0.615992	2.600183	0.356202
338.250000	0	0.029658	0.000319	0.831471	0.053848
338.250000	1	1.506477	0.145458	2.039992	0.269450
338.500000	0	0.029826	0.000242	0.394777	0.049123
338.500000	1	1.547293	0.726200	2.942421	0.255724
338.750000	0	0.032389	0.000254	0.685912	0.064341
338.750000	1	1.557097	0.719952	2.667581	0.254764
339.000000	0	0.032791	0.000195	0.526485	0.056708
339.000000	1	1.509695	0.522833	3.054538	0.302273
339.250000	0	0.031583	0.000246	0.714145	0.058648
339.250000	1	1.497391	0.417892	2.813586	0.314689
339.500000	0	0.032996	0.000034	0.445602	0.052571
339.500000	1	1.589612	0.818305	3.644883	0.345414
339.750000	0	0.034991	0.000253	0.858397	0.068728
339.750000	1	1.517455	0.870635	3.098825	0.313470
340.000000	0	0.032929	0.000097	0.543811	0.056127
340.000000	1	1.561239	0.867866	3.027261	0.287932
340.250000	0	0.037418	0.000217	1.292491	0.085489
340.250000	1	1.558655	0.737884	2.919980	0.303010
340.500000	0	0.038943	0.000095	1.065212	0.083752
340.500000	1	1.568181	0.720724	2.635421	0.276688
340.750000	0	0.031044	0.000233	0.335627	0.046265
340.750000	1	1.563936	0.389450	4.172910	0.373621
341.000000	0	0.036372	0.000093	0.920896	0.076110
341.000000	1	1.509385	0.589872	2.738175	0.322346
341.250000	0	0.031594	0.000247	0.297173	0.045184
341.250000	1	1.592842	1.009551	2.527551	0.265884
341.500000	0	0.029951	0.000106	0.339493	0.043040
341.500000	1	1.533612	0.996758	2.448939	0.253235
341.750000	0	0.034739	0.000300	1.547890	0.084288
341.750000	1	1.575886	0.842770	3.100688	0.321416
342.000000	0	0.033821	0.000121	0.982794	0.063375
342.000000	1	1.509375	0.816449	2.445408	0.262844
342.250000	0	0.033240	0.000158	0.628400	0.059424
342.250000	1	1.519690	0.347873	3.431004	0.328117
342.500000	0	0.032977	0.000061	0.911814	0.066857
342.500000	1	1.548401	0.911466	2.260865	0.209839
342.750000	0	0.033482	0.000075	0.665124	0.056653
342.750000	1	1.527553	0.510669	2.359705	0.264776
343.000000	0	0.035021	0.000186	0.936172	0.076631
343.000000	1	1.516091	0.344988	2.312200	0.280239
343.250000	0	0.033941	0.000195	0.975384	0.066325
343.250000	1	1.569721	0.941709	3.774178	0.348052
343.500000	0	0.031664	0.000263	0.785950	0.058272
343.500000	1	1.566251	1.095530	2.413683	0.256546
343.750000	0	0.030977	0.000267	1.504810	0.073391
343.750000	1	1.550375	0.979723	2.111359	0.226902
344.000000	0	0.029535	0.000271	1.021191	0.055413
344.000000	1	1.605150	0.918147	2.812628	0.334579
344.250000	0	0.031200	0.000131	0.359123	0.049451
344.250000	1	1.508889	0.536624	2.246606	0.291166
344.500000	0	0.033044	0.000434	0.957408	0.060970
344.500000	1	1.576945	0.973953	2.982107	0.309157
344.750000	0	0.033730	0.000177	0.929315	0.064290
344.750000	1	1.523088	0.740295	2.849225	0.296936
345.000000	0	0.036991	0.000103	0.605298	0.068116
345.000000	1	1.552708	0.489157	2.552363	0.269540
345.250000	0	0.032594	0.000301	0.873894	0.060938
345.250000	1	1.553246	0.846594	2.783583	0.300610
345.500000	0	0.033250	0.000030	0.643769	0.056670
345.500000	1	1.519792	0.644154	3.119826	0.312165
345.750000	0	0.030964	0.000044	0.580514	0.052841
345.750000	1	1.551755	0.818321	3.975144	0.370326
346.000000	0	0.032459	0.000450	0.619387	0.053495
346.000000	1	1.556062	0.559966	2.914337	0.281296
346.250000	0	0.029336	0.000245	0.279564	0.043902
346.250000	1	1.548170	0.726303	2.487702	0.266528
346.500000	0	0.032401	0.000463	1.006081	0.061707
346.500000	1	1.598690	0.587938	4.289800	0.469564
346.750000	0	0.030456	0.000290	0.435359	0.048145
346.750000	1	1.526944	0.648943	2.335997	0.256648
347.000000	0	0.033342	0.000433	0.823539	0.063840
347.000000	1	1.595331	0.944936	2.374341	0.244731
347.250000	0	0.029849	0.000056	0.611261	0.050230
347.250000	1	1.582823	0.641412	3.167026	0.341882
347.500000	0	0.031220	0.000214	0.758202	0.056898
347.500000	1	1.515733	0.744540	2.980426	0.287218
347.750000	0	0.031367	0.000105	0.994875	0.055857
347.750000	1	1.580628	0.732666	2.732960	0.275715
348.000000	0	0.033601	0.000292	1.753453	0.090215
348.000000	1	1.568388	1.014031	3.254369	0.295873
348.250000	0	0.028972	0.000447	0.259140	0.040716
348.250000	1	1.535380	0.432494	2.884356	0.343845
348.500000	0	0.031040	0.000342	0.881914	0.059982
348.500000	1	1.522507	0.452697	2.875685	0.322368
348.750000	0	0.034112	0.000433	0.843262	0.067787
348.750000	1	1.542179	0.542199	2.697731	0.312057
349.000000	0	0.030665	0.000158	0.703362	0.055137
349.000000	1	1.463800	0.181388	2.128049	0.343740
349.250000	0	0.028983	0.000120	0.786341	0.051006
349.250000	1	1.519958	0.650333	2.645094	0.290931
349.500000	0	0.033070	0.000114	1.787435	0.085725
349.500000	1	1.507419	0.121958	2.905323	0.364917
349.750000	0	0.031833	0.000145	0.669453	0.057984
349.750000	1	1.504878	0.395705	2.455414	0.313070
350.000000	0	0.030080	0.000097	0.603760	0.054500
350.000000	1	1.495795	0.246072	2.437668	0.334493
350.250000	0	0.031550	0.000173	0.975549	0.064786
350.250000	1	1.523961	0.557262	2.606075	0.320364
350.500000	0	0.032539	0.000143	1.647908	0.079445
350.500000	1	1.555494	0.495709	2.708742	0.341264
350.750000	0	0.032343	0.000320	0.940706	0.066050
350.750000	1	1.552826	0.358080	2.721820	0.329625
351.000000	0	0.031903	0.000126	0.672831	0.057409
351.000000	1	1.537407	0.743911	2.599278	0.323501
351.250000	0	0.035051	0.000169	0.648608	0.061011
351.250000	1	1.506449	0.634209	2.813062	0.317306
351.500000	0	0.040149	0.000288	1.490623	0.089550
351.500000	1	1.557421	0.543008	3.625059	0.444358
351.750000	0	0.037973	0.000329	0.977449	0.075120
351.750000	1	1.569304	0.846898	3.503046	0.379492
352.000000	0	0.033642	0.000130	0.907007	0.064620
352.000000	1	1.504593	0.629815	2.326333	0.287969
352.250000	0	0.034708	0.000399	0.972234	0.072072
352.250000	1	1.491769	0.096115	2.947107	0.323470
352.500000	0	0.037771	0.000338	1.256061	0.075888
352.500000	1	1.561905	0.615929	2.905505	0.329036
352.750000	0	0.032655	0.000198	0.459235	0.052026
352.750000	1	1.501176	0.433700	2.811623	0.332286
353.000000	0	0.035348	0.000166	0.625936	0.062512
353.000000	1	1.613510	0.691373	4.243839	0.367757
353.250000	0	0.037583	0.000343	1.171194	0.080698
353.250000	1	1.500782	0.393613	2.994763	0.327769
353.500000	0	0.036033	0.000314	0.673751	0.068282
353.500000	1	1.522102	0.511961	2.177478	0.268283
353.750000	0	0.032248	0.000135	0.534655	0.053121
353.750000	1	1.559952	0.672514	2.586433	0.306348
354.000000	0	0.033508	0.000144	0.368387	0.053890
354.000000	1	1.508019	0.442547	2.340969	0.293677
354.250000	0	0.034819	0.000104	0.503689	0.060009
354.250000	1	1.485991	0.656604	2.655983	0.326095
354.500000	0	0.036288	0.000040	0.972052	0.069626
354.500000	1	1.552060	0.050771	2.576997	0.368594
354.750000	0	0.033609	0.000068	0.532103	0.055854
354.750000	1	1.520756	0.754587	2.647820	0.297489
355.000000	0	0.033660	0.000161	0.465685	0.058311
355.000000	1	1.548040	0.549946	2.644278	0.314080
355.250000	0	0.034176	0.000191	0.738500	0.060117
355.250000	1	1.519256	0.835089	2.428500	0.285185
355.500000	0	0.034040	0.000168	0.839217	0.066262
355.500000	1	1.574350	0.363941	3.345664	0.342498
355.750000	0	0.033067	0.000282	0.686266	0.060222
355.750000	1	1.535945	0.594627	2.997862	0.356841
356.000000	0	0.035337	0.000239	2.077813	0.093866
356.000000	1	1.581434	0.768929	5.567492	0.571431
356.250000	0	0.036183	0.000445	1.731808	0.084131
356.250000	1	1.784796	0.736407	14.158889	1.454714
356.500000	0	0.037189	0.000538	1.099429	0.069881
356.500000	1	1.554373	0.802615	2.511296	0.275331
356.750000	0	0.032041	0.000394	0.912254	0.058418
356.750000	1	1.541129	0.835341	2.727554	0.312574
357.000000	0	0.036054	0.000417	1.841618	0.092570
357.000000	1	1.556607	0.523220	2.743686	0.345991
357.250000	0	0.036014	0.000334	1.672959	0.085085
357.250000	1	1.533512	0.702781	2.526351	0.281079
357.500000	0	0.035550	0.000153	1.148683	0.078807
357.500000	1	1.602101	1.017749	3.493144	0.315902
357.750000	0	0.031582	0.000037	0.447585	0.050764
357.750000	1	1.526419	0.816162	2.111896	0.216582
358.000000	0	0.033118	0.000135	0.838677	0.064703
358.000000	1	1.563630	0.784495	2.800371	0.318733
358.250000	0	0.032197	0.000248	0.473404	0.057131
358.250000	1	1.474126	0.751545	2.785374	0.274959
358.500000	0	0.036017	0.000291	1.515192	0.081255
358.500000	1	1.529723	0.578576	2.647681	0.333843
358.750000	0	0.039491	0.000125	1.081659	0.079299
358.750000	1	1.496003	0.734829	2.439414	0.251834
359.000000	0	0.038643	0.000191	0.645338	0.067132
359.000000	1	1.529372	0.549569	2.597139	0.289829
359.250000	0	0.037331	0.000140	0.750326	0.062595
359.250000	1	1.483331	0.351102	2.421350	0.348756
359.500000	0	0.036738	0.000321	0.748400	0.063705
359.500000	1	1.546563	0.554777	2.947793	0.327921
359.750000	0	0.038791	0.000095	2.538168	0.117173
359.750000	1	1.577356	0.504569	4.473213	0.421910
360.000000	0	0.036635	0.000341	0.859311	0.067300
360.000000	1	1.563136	0.851023	2.605958	0.324737
360.250000	0	0.035334	0.000225	0.639039	0.062436
360.250000	1	1.532477	0.140752	2.606926	0.325121
360.500000	0	0.035969	0.000225	0.627203	0.061885
360.500000	1	1.492838	0.480756	2.652992	0.330700
360.750000	0	0.034325	0.000128	0.575817	0.055704
360.750000	1	1.526439	0.710724	2.599490	0.296992
361.000000	0	0.034370	0.000087	0.430364	0.054606
361.000000	1	1.510381	0.314482	2.481362	0.300029
361.250000	0	0.036311	0.000074	0.889374	0.065612
361.250000	1	1.542063	0.724649	2.982698	0.316900
361.500000	0	0.032881	0.000125	0.621723	0.054594
361.500000	1	1.576309	0.521122	2.845227	0.331439
361.750000	0	0.034056	0.000161	0.778718	0.060917
361.750000	1	1.537318	0.954785	2.887976	0.306221
362.000000	0	0.036203	0.000182	0.573276	0.062843
362.000000	1	1.481284	0.652414	2.384363	0.299863
362.250000	0	0.038227	0.000130	0.761940	0.072165
362.250000	1	1.570998	0.556782	2.817994	0.331944
362.500000	0	0.035580	0.000191	0.694381	0.062937
362.500000	1	1.540922	0.687413	2.511795	0.317193
362.750000	0	0.036209	0.000137	0.806913	0.060971
362.750000	1	1.512078	0.892755	2.350064	0.245192
363.000000	0	0.035771	0.000161	0.824596	0.067081
363.000000	1	1.513584	0.735003	2.566103	0.291585
363.250000	0	0.036940	0.000238	1.260444	0.078213
363.250000	1	1.574376	0.580163	3.054355	0.340729
363.500000	0	0.032042	0.000179	0.337833	0.048223
363.500000	1	1.535806	1.003168	2.459314	0.225476
363.750000	0	0.032739	0.000264	0.625448	0.054521
363.750000	1	1.483380	0.580574	2.106959	0.273420
364.000000	0	0.034956	0.000095	0.802973	0.060366
364.000000	1	1.509719	0.541307	2.744387	0.309804
364.250000	0	0.036506	0.000320	0.883954	0.072395
364.250000	1	1.537949	0.504023	2.435257	0.341212
364.500000	0	0.034825	0.000324	1.176707	0.069257
364.500000	1	1.548525	0.593777	2.735048	0.286908
364.750000	0	0.032475	0.000345	0.758453	0.056236
364.750000	1	1.507130	0.174838	3.783008	0.332233
365.000000	0	0.032378	0.000394	0.587673	0.054296
365.000000	1	1.508300	0.312569	2.207987	0.307189
365.250000	0	0.031341	0.000258	0.786979	0.053050
365.250000	1	1.500583	0.197854	2.519799	0.303518
365.500000	0	0.032217	0.000125	0.445670	0.052265
365.500000	1	1.501770	0.544568	2.612263	0.329871
365.750000	0	0.037811	0.000399	0.842730	0.069470
365.750000	1	1.521060	0.385951	2.539957	0.360867
366.000000	0	0.039464	0.000331	0.930758	0.083228
366.000000	1	1.595506	0.817326	3.493558	0.471061
366.250000	0	0.039432	0.000272	0.513991	0.066774
366.250000	1	1.551980	0.974171	2.909018	0.297652
366.500000	0	0.037770	0.000154	0.637162	0.067266
366.500000	1	1.504207	0.603989	2.880982	0.325897
366.750000	0	0.036313	0.000172	0.558782	0.066519
366.750000	1	1.720002	0.703280	8.117299	0.871067
367.000000	0	0.034410	0.000253	0.758483	0.062786
367.000000	1	1.565295	0.839217	2.615797	0.291711
367.250000	0	0.032418	0.000143	0.483293	0.052040
367.250000	1	1.581931	0.647912	4.580290	0.388140
367.500000	0	0.033493	0.000335	0.604510	0.057584
367.500000	1	1.598857	0.720803	3.014824	0.344277
367.750000	0	0.032140	0.000188	0.593623	0.056384
367.750000	1	1.526052	1.007116	2.389431	0.237917
368.000000	0	0.030272	0.000550	0.574387	0.048760
368.000000	1	1.551852	0.276224	4.401121	0.447752
368.250000	0	0.034320	0.000298	1.149127	0.074342
368.250000	1	1.617535	0.667833	2.834822	0.358245
368.500000	0	0.030759	0.000375	1.224968	0.064968
368.500000	1	1.523619	0.541933	2.490549	0.258814
368.750000	0	0.034282	0.000439	0.645784	0.061904
368.750000	1	1.529007	0.895847	2.620571	0.244955
369.000000	0	0.030347	0.000351	0.694422	0.052913
369.000000	1	1.538639	0.790427	2.643769	0.269510
369.250000	0	0.030220	0.000490	0.436625	0.049777
369.250000	1	1.512837	0.416869	2.633072	0.328738
369.500000	0	0.027738	0.000244	0.353545	0.044068
369.500000	1	1.555879	0.776806	2.878046	0.324412
369.750000	0	0.032482	0.000294	1.377798	0.070111
369.750000	1	1.516120	0.472126	3.086352	0.301221
370.000000	0	0.031188	0.000053	0.500830	0.051313
370.000000	1	1.581637	0.858527	3.525669	0.359921
370.250000	0	0.032499	0.000209	0.488364	0.054874
370.250000	1	1.544101	1.062071	2.523723	0.267526
370.500000	0	0.033267	0.000190	0.870352	0.063283
370.500000	1	1.526497	0.582196	2.615165	0.335493
370.750000	0	0.035221	0.000154	0.633836	0.064868
370.750000	1	1.526874	0.361315	2.886703	0.317988
371.000000	0	0.034387	0.000345	0.636373	0.060806
371.000000	1	1.525089	0.755286	2.686894	0.284477
371.250000	0	0.032022	0.000273	0.403610	0.049084
371.250000	1	1.550345	0.775342	2.782569	0.308741
371.500000	0	0.032872	0.000129	1.180272	0.067672
371.500000	1	1.496276	0.860064	2.549197	0.268203
371.750000	0	0.036232	0.000228	0.883879	0.068098
371.750000	1	1.546365	0.586697	2.907146	0.323863
372.000000	0	0.037504	0.000155	1.480022	0.095566
372.000000	1	1.554016	0.794725	4.329701	0.344740
372.250000	0	0.037087	0.000379	0.957081	0.068256
372.250000	1	1.558979	0.603153	2.992590	0.328829
372.500000	0	0.038378	0.000101	0.898631	0.071869
372.500000	1	1.517454	0.781664	2.640022	0.299823
372.750000	0	0.041103	0.000386	3.144040	0.133956
372.750000	1	1.503899	0.372466	5.059219	0.430531
373.000000	0	0.034019	0.000191	0.688694	0.058809
373.000000	1	1.514856	0.617731	2.551009	0.326635
373.250000	0	0.036068	0.000154	0.560900	0.061907
373.250000	1	1.512665	0.344173	2.528162	0.323847
373.500000	0	0.035551	0.000161	0.996175	0.070568
373.500000	1	1.490340	0.336557	3.190036	0.420437
373.750000	0	0.032819	0.000209	0.752623	0.057835
373.750000	1	1.553339	0.359331	2.780085	0.299766
374.000000	0	0.033634	0.000253	0.823622	0.060457
374.000000	1	1.572948	1.103034	3.063604	0.291997
374.250000	0	0.034909	0.000289	0.546983	0.056329
374.250000	1	1.552212	0.556262	3.473608	0.329025
374.500000	0	0.031811	0.000310	0.370345	0.048233
374.500000	1	1.533976	0.679183	2.574023	0.285824
374.750000	0	0.033539	0.000136	0.551567	0.051958
374.750000	1	1.545067	0.867371	2.382703	0.276996
375.000000	0	0.034130	0.000066	0.666164	0.061840
375.000000	1	1.519533	0.477563	3.558884	0.331796
375.250000	0	0.034769	0.000135	0.757359	0.068060
375.250000	1	1.542917	0.582631	2.529654	0.329430
375.500000	0	0.035096	0.000215	0.685164	0.059461
375.500000	1	1.594886	0.102268	3.992268	0.450595
375.750000	0	0.031209	0.000098	0.458537	0.047852
375.750000	1	1.531563	0.729193	2.320237	0.244486
376.000000	0	0.033246	0.000244	0.739937	0.055787
376.000000	1	1.491201	0.680599	3.369120	0.332075
376.250000	0	0.042792	0.000143	1.597616	0.104269
376.250000	1	1.464048	0.490348	3.205799	0.346838
376.500000	0	0.040893	0.000242	0.977334	0.085595
376.500000	1	1.563159	0.253770	2.714609	0.302011
376.750000	0	0.035293	0.000298	0.824360	0.058710
376.750000	1	1.516392	0.924879	2.441260	0.250937
377.000000	0	0.034305	0.000226	0.645168	0.055699
377.000000	1	1.521623	0.545066	3.066616	0.307254
377.250000	0	0.036282	0.000190	0.948555	0.072729
377.250000	1	1.560739	0.884939	2.827638	0.325863
377.500000	0	0.033831	0.000198	0.731135	0.060025
377.500000	1	1.531390	0.483832	2.358618	0.280105
377.750000	0	0.034732	0.000207	0.926173	0.064395
377.750000	1	1.537484	0.003756	2.590750	0.317784
378.000000	0	0.032821	0.000242	0.480845	0.048865
378.000000	1	1.498373	0.542800	2.588043	0.288264
378.250000	0	0.037891	0.000170	1.204475	0.074390
378.250000	1	1.487362	0.114615	2.751491	0.407582
378.500000	0	0.037770	0.000263	0.723488	0.069649
378.500000	1	1.540892	0.326113	5.017257	0.417438
378.750000	0	0.038845	0.000357	0.677621	0.068854
378.750000	1	1.594580	0.721701	2.925778	0.368489
379.000000	0	0.037784	0.000489	1.218368	0.087792
379.000000	1	1.509290	0.124476	2.838283	0.316751
379.250000	0	0.033403	0.000532	0.416846	0.051010
379.250000	1	1.524311	0.649486	2.321211	0.286084
379.500000	0	0.040089	0.000571	1.441616	0.090871
379.500000	1	1.517113	0.547025	2.638097	0.345040
379.750000	0	0.035045	0.000538	0.449767	0.053574
379.750000	1	1.575747	0.210830	3.090051	0.380769
380.000000	0	0.041084	0.000267	4.322008	0.170459
380.000000	1	1.597047	0.723342	3.819067	0.411878
380.250000	0	0.035231	0.000148	0.655099	0.059035
380.250000	1	1.566845	0.838015	4.533315	0.397357
380.500000	0	0.034997	0.000350	0.677555	0.059244
380.500000	1	1.543382	0.654848	3.108094	0.365620
380.750000	0	0.032020	0.000106	0.979801	0.058686
380.750000	1	1.522755	0.589425	2.331028	0.256378
381.000000	0	0.033576	0.000121	0.598717	0.051636
381.000000	1	1.640352	0.836030	10.294608	1.008625
381.250000	0	0.035806	0.000302	1.396134	0.077205
381.250000	1	1.587480	0.690268	3.311417	0.374127
381.500000	0	0.034206	0.000196	0.848970	0.064274
381.500000	1	1.558457	0.729336	2.908705	0.350105
381.750000	0	0.033031	0.000090	0.729437	0.064269
381.750000	1	1.522498	0.603714	2.681894	0.292204
382.000000	0	0.032611	0.000084	1.231541	0.064073
382.000000	1	1.502800	0.415514	2.575279	0.310242
382.250000	0	0.031888	0.000189	0.554515	0.052861
382.250000	1	1.561441	0.732340	2.856726	0.306724
382.500000	0	0.030555	0.000323	0.527946	0.053160
382.500000	1	1.534255	0.809210	2.585195	0.256548
382.750000	0	0.031518	0.000254	0.520365	0.053672
382.750000	1	1.515453	0.812661	2.536984	0.257025
383.000000	0	0.030505	0.000195	0.472336	0.049111
383.000000	1	1.585582	0.740549	2.960956	0.345150
383.250000	0	0.030545	0.000164	0.786407	0.054333
383.250000	1	1.540334	0.383955	2.642551	0.289361
383.500000	0	0.029305	0.000156	0.668606	0.051005
383.500000	1	1.537039	0.280284	2.831122	0.332663
383.750000	0	0.029259	0.000166	0.597969	0.053240
383.750000	1	1.540820	0.301566	2.799954	0.370327
384.000000	0	0.031603	0.000185	0.628841	0.056669
384.000000	1	1.535358	0.417423	3.194028	0.339865
384.250000	0	0.030288	0.000201	0.576530	0.053979
384.250000	1	1.531671	0.569729	2.623587	0.320033
384.500000	0	0.029077	0.000219	0.531114	0.048677
384.500000	1	1.545808	0.476841	3.032836	0.344491
384.750000	0	0.030342	0.000095	0.948134	0.059902
384.750000	1	1.542175	0.599815	3.045343	0.312830
385.000000	0	0.029906	0.000178	0.546740	0.053221
385.000000	1	1.521308	0.643334	2.316164	0.253598
385.250000	0	0.030829	0.000131	0.512345	0.053056
385.250000	1	1.519462	0.515785	3.011671	0.359893
385.500000	0	0.031462	0.000185	0.678049	0.057069
385.500000	1	1.518713	0.206634	2.618370	0.337115
385.750000	0	0.031989	0.000347	0.556365	0.052661
385.750000	1	1.544615	0.774149	2.443928	0.291963
386.000000	0	0.031350	0.000535	0.476745	0.050974
386.000000	1	1.514850	0.819407	3.062556	0.312420
386.250000	0	0.030953	0.000031	0.461435	0.047647
386.250000	1	1.526945	0.438577	2.855141	0.325629
386.500000	0	0.032539	0.000276	0.480368	0.054137
386.500000	1	1.639356	0.813823	6.389833	0.569337
386.750000	0	0.030381	0.000101	0.582559	0.050954
386.750000	1	1.520153	0.572175	2.351446	0.326149
387.000000	0	0.028573	0.000086	0.965485	0.055526
387.000000	1	1.481779	0.656775	2.306899	0.256046
387.250000	0	0.029994	0.000055	0.594117	0.051992
387.250000	1	1.554481	0.450182	3.802078	0.378098
387.500000	0	0.033227	0.000291	1.411612	0.078891
387.500000	1	1.532471	0.845363	2.952619	0.272124
387.750000	0	0.035348	0.000390	1.105628	0.079806
387.750000	1	1.584499	0.751496	3.336992	0.319843
388.000000	0	0.032732	0.000256	0.855977	0.063406
388.000000	1	1.556523	0.746747	2.670462	0.273852
388.250000	0	0.029965	0.000285	0.471411	0.051161
388.250000	1	1.529649	0.235121	2.307108	0.246067
388.500000	0	0.028443	0.000148	0.641918	0.049489
388.500000	1	1.563977	0.224112	3.102389	0.352611
388.750000	0	0.027131	0.000228	0.273633	0.041951
388.750000	1	1.512049	0.088788	2.903557	0.302198
389.000000	0	0.031581	0.000246	0.611319	0.054592
389.000000	1	1.528335	0.611466	2.418252	0.287022
389.250000	0	0.031231	0.000129	0.737253	0.058813
389.250000	1	1.499946	0.295269	2.777059	0.323830
389.500000	0	0.029362	0.000284	0.499048	0.053105
389.500000	1	1.511532	0.319603	2.503139	0.285568
389.750000	0	0.033131	0.000250	0.742118	0.063239
389.750000	1	1.488242	0.080262	2.528778	0.323613
390.000000	0	0.031673	0.000237	0.331786	0.050922
390.000000	1	1.554764	0.510845	2.686403	0.321104
390.250000	0	0.037960	0.000145	2.714781	0.122073
390.250000	1	1.573351	0.415732	4.512690	0.449608
390.500000	0	0.032630	0.000253	0.762799	0.059667
390.500000	1	1.514830	0.138068	2.701982	0.315735
390.750000	0	0.034418	0.000074	0.922474	0.066075
390.750000	1	1.580699	0.676584	3.988880	0.410208
391.000000	0	0.033225	0.000243	0.611834	0.059274
391.000000	1	1.554039	0.642523	2.908745	0.288069
391.250000	0	0.030567	0.000287	0.800960	0.055865
391.250000	1	1.545356	0.782276	2.417560	0.297522
391.500000	0	0.032433	0.000186	0.829950	0.065093
391.500000	1	1.549624	0.372616	2.888008	0.320500
391.750000	0	0.034500	0.000097	1.604419	0.093422
391.750000	1	1.565747	0.948657	3.400204	0.327948
392.000000	0	0.031973	0.000120	0.708980	0.057952
392.000000	1	1.606556	0.892389	3.361619	0.367683
392.250000	0	0.031722	0.000031	0.389506	0.052920
392.250000	1	1.551265	0.229465	2.844330	0.375875
392.500000	0	0.032045	0.000052	0.674561	0.059532
392.500000	1	1.481321	0.488659	3.309808	0.330884
392.750000	0	0.033648	0.000217	0.868921	0.063462
392.750000	1	1.577321	0.409538	3.792024	0.446676
393.000000	0	0.034726	0.000094	0.708748	0.068346
393.000000	1	1.520958	0.731246	3.152740	0.321152
393.250000	0	0.034203	0.000066	0.841520	0.064398
393.250000	1	1.532802	0.806848	2.673128	0.318129
393.500000	0	0.036785	0.000068	0.744604	0.072007
393.500000	1	1.534591	0.646849	2.722557	0.303991
393.750000	0	0.030982	0.000163	0.367901	0.050049
393.750000	1	1.584800	0.447215	3.195101	0.346137
394.000000	0	0.032858	0.000186	0.407817	0.055977
394.000000	1	1.511132	0.661022	2.137096	0.260805
394.250000	0	0.035502	0.000176	1.256440	0.073345
394.250000	1	1.590710	0.758568	3.194564	0.355029
394.500000	0	0.035210	0.000170	0.624680	0.064518
394.500000	1	1.541708	0.652396	2.201186	0.267482
394.750000	0	0.034115	0.000088	1.150334	0.073942
394.750000	1	1.534771	0.747411	2.804152	0.265718
395.000000	0	0.035547	0.000024	2.173444	0.098924
395.000000	1	1.553142	0.905672	2.368310	0.280175
395.250000	0	0.033169	0.000068	0.587254	0.059489
395.250000	1	1.558313	0.386886	2.583452	0.301567
395.500000	0	0.027898	0.000099	0.432018	0.044341
395.500000	1	1.522253	0.461285	3.333268	0.371198
395.750000	0	0.031865	0.000080	0.413565	0.054586
395.750000	1	1.572245	0.740661	2.621874	0.270545
396.000000	0	0.030360	0.000106	0.766781	0.054290
396.000000	1	1.519858	0.584931	3.575787	0.297490
396.250000	0	0.032782	0.000093	1.102153	0.074330
396.250000	1	1.509620	0.876257	3.001565	0.351660
396.500000	0	0.035953	0.000177	2.675939	0.116437
396.500000	1	1.605962	0.766220	4.203793	0.472055
396.750000	0	0.030885	0.000073	0.654805	0.057036
396.750000	1	1.514456	0.526070	2.889123	0.277171
397.000000	0	0.030662	0.000177	0.682875	0.057024
397.000000	1	1.537651	0.497853	2.864642	0.345441
397.250000	0	0.029501	0.000192	0.478655	0.050438
397.250000	1	1.547905	0.703992	2.951322	0.319589
397.500000	0	0.032248	0.000174	0.672835	0.057242
397.500000	1	1.535422	0.797236	3.126022	0.323616
397.750000	0	0.032784	0.000161	0.570366	0.057845
397.750000	1	1.505375	0.345485	2.386629	0.299711
398.000000	0	0.033222	0.000262	0.690841	0.062888
398.000000	1	1.540442	0.385915	2.670442	0.323537
398.250000	0	0.034258	0.000310	1.566380	0.079962
398.250000	1	1.575189	0.630355	3.338894	0.346534
398.500000	0	0.030561	0.000255	0.518967	0.052706
398.500000	1	1.542636	0.798453	2.941626	0.315511
398.750000	0	0.030544	0.000156	0.455513	0.051345
398.750000	1	1.543635	0.178705	3.527144	0.353536
399.000000	0	0.029932	0.000179	0.650176	0.053411
399.000000	1	1.507805	0.381872	3.088769	0.343825
399.250000	0	0.033037	0.000123	0.661949	0.059713
399.250000	1	1.510510	0.736528	2.693245	0.269629
399.500000	0	0.034542	0.000283	1.610470	0.085527
399.500000	1	1.600509	0.782125	3.497738	0.359584
399.750000	0	0.030533	0.000233	0.390829	0.047938
399.750000	1	1.543470	0.718220	2.464525	0.293205
400.000000	0	0.033049	0.000146	1.043429	0.075621
400.000000	1	1.550643	0.454284	2.830046	0.319067
400.250000	0	0.032566	0.000090	0.939042	0.068585
400.250000	1	1.586972	1.164774	2.525043	0.266179
400.500000	0	0.027979	0.000318	0.271319	0.040646
400.500000	1	1.524640	1.025496	2.960677	0.252904
400.750000	0	0.029456	0.000164	0.648793	0.049347
400.750000	1	1.502548	0.885866	2.393185	0.262297
401.000000	0	0.029825	0.000420	0.292536	0.045569
401.000000	1	1.522377	0.559618	2.433290	0.283703
401.250000	0	0.032042	0.000239	0.482748	0.054715
401.250000	1	1.534109	0.479978	2.553671	0.315102
401.500000	0	0.032268	0.000172	0.843192	0.058999
401.500000	1	1.538047	0.363241	2.572627	0.297048
401.750000	0	0.035104	0.000206	0.576130	0.065386
401.750000	1	1.545028	0.656517	2.421193	0.312799
402.000000	0	0.032991	0.000134	0.913552	0.069142
402.000000	1	1.548840	0.807530	2.430013	0.245181
402.250000	0	0.029098	0.000094	0.599235	0.047675
402.250000	1	1.552553	0.803370	2.823527	0.290320
402.500000	0	0.032151	0.000283	0.416638	0.057765
402.500000	1	1.539278	0.701298	2.732573	0.282688
402.750000	0	0.038167	0.000189	1.534243	0.101035
402.750000	1	1.555936	0.972493	2.513616	0.255313
403.000000	0	0.032812	0.000130	1.099261	0.069065
403.000000	1	1.493927	0.620900	2.423182	0.283448
403.250000	0	0.033843	0.000051	0.625965	0.063679
403.250000	1	1.557340	0.591412	2.677525	0.331431
403.500000	0	0.034552	0.000081	0.753378	0.063677
403.500000	1	1.546309	0.942416	2.420380	0.273278
403.750000	0	0.034616	0.000119	0.925782	0.065054
403.750000	1	1.530799	0.537023	2.792339	0.335802
404.000000	0	0.032691	0.000039	0.809388	0.059000
404.000000	1	1.555671	0.592765	3.117971	0.342937
404.250000	0	0.029879	0.000179	0.304427	0.046816
404.250000	1	1.559604	0.580896	2.410171	0.332202
404.500000	0	0.031429	0.000234	1.193210	0.067836
404.500000	1	1.493690	0.947763	2.360240	0.241695
404.750000	0	0.031410	0.000258	0.773454	0.060605
404.750000	1	1.583562	0.879742	2.614852	0.285621
405.000000	0	0.029580	0.000218	0.424574	0.047896
405.000000	1	1.486138	0.597439	2.796947	0.308108
405.250000	0	0.036238	0.000161	1.754616	0.100332
405.250000	1	1.577102	0.670209	3.328290	0.350993
405.500000	0	0.030456	0.000260	0.851071	0.063074
405.500000	1	1.539368	0.819526	2.489432	0.254793
405.750000	0	0.029907	0.000053	0.449018	0.050231
405.750000	1	1.482763	0.543169	3.298420	0.317627
406.000000	0	0.030190	0.000123	0.703825	0.054438
406.000000	1	1.492497	0.516216	2.631847	0.288876
406.250000	0	0.031606	0.000061	0.954844	0.065874
406.250000	1	1.581737	0.702165	6.584224	0.719594
406.500000	0	0.031890	0.000074	0.668486	0.058917
406.500000	1	1.566145	0.647851	2.800570	0.315910
406.750000	0	0.034384	0.000243	1.042399	0.074859
406.750000	1	1.612160	0.833798	4.143883	0.413935
407.000000	0	0.032463	0.000049	1.374249	0.072411
407.000000	1	1.548208	0.996618	2.325363	0.269465
407.250000	0	0.035021	0.000075	0.809444	0.066406
407.250000	1	1.501990	0.317813	2.950537	0.329068
407.500000	0	0.036193	0.000182	0.943731	0.072370
407.500000	1	1.558033	0.456839	3.085463	0.335736
407.750000	0	0.033932	0.000238	0.707093	0.063573
407.750000	1	1.533899	0.920351	3.103349	0.292388
408.000000	0	0.029725	0.000093	0.459500	0.046657
408.000000	1	1.526893	0.762696	2.884955	0.317514
408.250000	0	0.035889	0.000148	1.188509	0.082374
408.250000	1	1.568295	0.721995	3.010421	0.344664
408.500000	0	0.034056	0.000239	1.262973	0.070627
408.500000	1	1.548219	0.610164	3.529182	0.313676
408.750000	0	0.032568	0.000271	0.784709	0.057063
408.750000	1	1.520907	0.598183	3.214328	0.352437
409.000000	0	0.031509	0.000320	1.313643	0.065272
409.000000	1	1.550644	0.887175	2.962542	0.317141
409.250000	0	0.030386	0.000341	0.416653	0.046419
409.250000	1	1.529286	0.554166	2.276658	0.269155
409.500000	0	0.030848	0.000328	0.439427	0.053205
409.500000	1	1.585311	0.870943	2.952181	0.308446
409.750000	0	0.027482	0.000294	0.419176	0.043555
409.750000	1	1.501807	0.957982	2.048675	0.183989
410.000000	0	0.033713	0.000197	1.290471	0.075650
410.000000	1	1.503465	0.560995	2.363711	0.264296
410.250000	0	0.037008	0.000171	1.216715	0.087168
410.250000	1	1.515793	0.515110	2.877876	0.294737
410.500000	0	0.034555	0.000261	0.543011	0.060389
410.500000	1	1.503448	0.278439	2.774336	0.315116
410.750000	0	0.034654	0.000199	1.060989	0.070980
410.750000	1	1.509964	0.327980	2.513406	0.340486
411.000000	0	0.039573	0.000232	1.958458	0.111035
411.000000	1	1.565241	0.376482	3.969047	0.400082
411.250000	0	0.036182	0.000263	1.534064	0.081168
411.250000	1	1.591606	0.235110	10.814518	0.901149
411.500000	0	0.038646	0.000212	1.184734	0.089229
411.500000	1	1.656832	0.661534	9.227164	1.038702
411.750000	0	0.038053	0.000255	1.270367	0.078040
411.750000	1	1.504427	0.452355	2.771399	0.341262
412.000000	0	0.040083	0.000399	1.068973	0.082609
412.000000	1	1.538743	0.615706	2.908318	0.364879
412.250000	0	0.037651	0.000352	0.782473	0.067485
412.250000	1	1.513320	0.488763	2.616709	0.325363
412.500000	0	0.037873	0.000254	0.529380	0.066118
412.500000	1	1.559710	0.520626	2.651964	0.339811
412.750000	0	0.034887	0.000165	0.930169	0.062436
412.750000	1	1.530205	0.691494	2.700892	0.300749
413.000000	0	0.035074	0.000102	0.539106	0.060415
413.000000	1	1.491140	0.534724	2.815942	0.321960
413.250000	0	0.033876	0.000074	0.553206	0.059062
413.250000	1	1.554617	0.766190	3.232313	0.377449
413.500000	0	0.035555	0.000041	0.737330	0.066685
413.500000	1	1.638707	0.433389	8.148319	0.810834
413.750000	0	0.034210	0.000098	0.646659	0.059018
413.750000	1	1.499245	0.650151	2.626251	0.312252
414.000000	0	0.035935	0.000271	1.173356	0.073879
414.000000	1	1.595630	0.850138	3.335030	0.388211
414.250000	0	0.034396	0.000401	0.839408	0.066145
414.250000	1	1.562327	0.899634	2.711458	0.295938
414.500000	0	0.029527	0.000315	0.321263	0.042324
414.500000	1	1.500818	0.395463	2.462061	0.330442
414.750000	0	0.032168	0.000327	0.747967	0.061022
414.750000	1	1.517533	0.521023	3.184807	0.391705
415.000000	0	0.031047	0.000219	0.878276	0.058081
415.000000	1	1.535322	0.688171	3.014988	0.300886
415.250000	0	0.028773	0.000258	0.436169	0.046560
415.250000	1	1.511930	0.519491	2.520080	0.284851
415.500000	0	0.029885	0.000189	0.735282	0.059434
415.500000	1	1.477897	0.509385	2.029461	0.240583
415.750000	0	0.029932	0.000167	0.305669	0.048584
415.750000	1	1.616082	0.625862	4.345344	0.462156
416.000000	0	0.028935	0.000124	0.406709	0.048634
416.000000	1	1.517969	0.500345	2.584309	0.297344
416.250000	0	0.030240	0.000028	0.763523	0.054032
416.250000	1	1.502816	0.765968	2.722214	0.289562
416.500000	0	0.033495	0.000072	0.995341	0.069573
416.500000	1	1.540097	0.265475	2.390305	0.335086
416.750000	0	0.033504	0.000233	0.935842	0.064494
416.750000	1	1.503578	0.349180	2.932092	0.356921
417.000000	0	0.033879	0.000308	0.594343	0.058873
417.000000	1	1.574742	0.810955	3.303664	0.363555
417.250000	0	0.035252	0.000021	0.884307	0.070542
417.250000	1	1.553335	0.424028	3.094231	0.357437
417.500000	0	0.035513	0.000308	0.734796	0.073064
417.500000	1	1.471708	0.269698	2.568238	0.341132
417.750000	0	0.038626	0.000289	1.032440	0.082599
417.750000	1	1.543262	0.695741	2.868079	0.360576
418.000000	0	0.038870	0.000305	1.170542	0.084875
418.000000	1	1.568772	0.480231	3.482227	0.391839
418.250000	0	0.037521	0.000223	0.901543	0.080423
418.250000	1	1.543701	0.605344	3.114115	0.358677
418.500000	0	0.041672	0.000279	2.047903	0.107291
418.500000	1	1.575360	0.085743	2.761617	0.368243
418.750000	0	0.040994	0.000286	0.743586	0.081299
418.750000	1	1.538137	0.513209	2.784062	0.322104
419.000000	0	0.038329	0.000341	1.428111	0.079676
419.000000	1	1.544057	0.439244	2.920849	0.330547
419.250000	0	0.040225	0.000309	1.630117	0.089676
419.250000	1	1.473721	0.145248	2.699478	0.327298
419.500000	0	0.034279	0.000168	0.567472	0.058459
419.500000	1	1.597565	0.443473	3.473973	0.386981
419.750000	0	0.032050	0.000235	0.814807	0.055307
419.750000	1	1.562605	1.099916	3.243828	0.288809
420.000000	0	0.031974	0.000149	0.686880	0.057864
420.000000	1	1.510473	0.235063	2.599820	0.311760
420.250000	0	0.031002	0.000079	0.621682	0.053942
420.250000	1	1.518651	0.677286	2.839404	0.293510
420.500000	0	0.030626	0.000052	0.821196	0.060977
420.500000	1	1.505835	0.664782	2.996697	0.320860
420.750000	0	0.033580	0.000107	0.998336	0.069380
420.750000	1	1.546901	0.082046	3.150410	0.421652
421.000000	0	0.038556	0.000086	2.148529	0.106777
421.000000	1	1.545482	0.343571	2.645548	0.373134
421.250000	0	0.030723	0.000121	0.533381	0.054256
421.250000	1	1.508904	0.659203	2.558447	0.294892
421.500000	0	0.031898	0.000205	0.553758	0.055369
421.500000	1	1.546479	0.738293	3.495977	0.380309
421.750000	0	0.032769	0.000185	0.952466	0.069899
421.750000	1	1.519375	0.389275	2.339719	0.324018
422.000000	0	0.032597	0.000254	0.691684	0.063950
422.000000	1	1.519667	0.485332	2.161107	0.266212
422.250000	0	0.034332	0.000228	0.921517	0.075605
422.250000	1	1.604609	0.778114	3.127591	0.353208
422.500000	0	0.030398	0.000224	0.397472	0.051884
422.500000	1	1.534387	0.187314	2.781972	0.331099
422.750000	0	0.031547	0.000239	0.384132	0.054416
422.750000	1	1.535352	0.715522	2.429992	0.247505
423.000000	0	0.031802	0.000247	1.139924	0.070140
423.000000	1	1.521728	0.586611	3.300903	0.345526
423.250000	0	0.030621	0.000246	0.978812	0.070220
423.250000	1	1.554155	0.608866	3.190694	0.315040
423.500000	0	0.030638	0.000111	0.604299	0.056867
423.500000	1	1.536855	0.745602	2.687754	0.288526
423.750000	0	0.029940	0.000258	0.514220	0.053733
423.750000	1	1.526304	0.664667	2.438544	0.265001
424.000000	0	0.029978	0.000030	0.594011	0.057308
424.000000	1	1.513359	0.692769	2.429902	0.303670
424.250000	0	0.028921	0.000109	0.635233	0.052304
424.250000	1	1.546990	0.403226	2.621589	0.300455
424.500000	0	0.028910	0.000078	0.495192	0.048867
424.500000	1	1.576705	0.627549	2.963628	0.358536
424.750000	0	0.035286	0.000062	0.957656	0.072190
424.750000	1	1.543376	0.803827	2.931522	0.347162
425.000000	0	0.032847	0.000079	0.739555	0.064437
425.000000	1	1.544632	0.843145	2.443466	0.258299
425.250000	0	0.033894	0.000123	0.869451	0.070483
425.250000	1	1.516438	0.398289	2.719855	0.332530
425.500000	0	0.034222	0.000141	0.907254	0.065968
425.500000	1	1.625273	0.061398	4.002787	0.465845
425.750000	0	0.033488	0.000146	1.891383	0.088601
425.750000	1	1.557469	0.826630	3.587095	0.355072
426.000000	0	0.030094	0.000142	0.530986	0.051036
426.000000	1	1.517342	0.385428	2.552197	0.332985
426.250000	0	0.031117	0.000136	0.694755	0.056469
426.250000	1	1.522417	0.564476	2.586636	0.330712
426.500000	0	0.031391	0.000083	0.625877	0.058451
426.500000	1	1.514241	0.488778	2.454679	0.309537
426.750000	0	0.036437	0.000159	0.870204	0.075143
426.750000	1	1.595708	0.377960	6.128013	0.639694
427.000000	0	0.032007	0.000164	0.937267	0.061152
427.000000	1	1.557865	0.512895	2.472146	0.314547
427.250000	0	0.029687	0.000016	0.513292	0.051432
427.250000	1	1.550746	0.886285	2.519329	0.266835
427.500000	0	0.028024	0.000064	0.476686	0.046522
427.500000	1	1.527415	0.534135	3.020512	0.304029
427.750000	0	0.032099	0.000040	1.094729	0.067124
427.750000	1	1.497526	0.917264	2.762819	0.256961
428.000000	0	0.031703	0.000171	0.787768	0.058928
428.000000	1	1.495572	0.522576	2.808862	0.341812
428.250000	0	0.036708	0.000198	2.297842	0.101751
428.250000	1	1.565284	0.268544	5.590717	0.528253
428.500000	0	0.033492	0.000172	0.809750	0.064328
428.500000	1	1.672999	0.427902	11.359644	1.177830
428.750000	0	0.032143	0.000125	0.527520	0.053716
428.750000	1	1.565583	0.853319	2.501004	0.275355
429.000000	0	0.030813	0.000158	0.561296	0.058136
429.000000	1	1.586956	0.907560	7.327706	0.752071
429.250000	0	0.032967	0.000187	0.431643	0.058336
429.250000	1	1.548942	0.475737	2.603177	0.278760
429.500000	0	0.032358	0.000244	0.670397	0.062842
429.500000	1	1.591396	0.893076	2.966350	0.313031
429.750000	0	0.030074	0.000161	0.306133	0.047923
429.750000	1	1.541459	0.342204	2.458651	0.278487
430.000000	0	0.033861	0.000236	0.981789	0.068636
430.000000	1	1.502516	0.340291	2.815328	0.307354
430.250000	0	0.036232	0.000165	1.887722	0.092858
430.250000	1	1.504420	0.459572	4.165765	0.413560
430.500000	0	0.033323	0.000385	0.616754	0.059234
430.500000	1	1.598273	0.491220	3.144668	0.429741
430.750000	0	0.034104	0.000285	1.215484	0.078759
430.750000	1	1.529322	0.432527	2.871928	0.287394
431.000000	0	0.032830	0.000517	0.609350	0.059172
431.000000	1	1.537986	0.865545	2.641113	0.297579
431.250000	0	0.031851	0.000389	0.735847	0.056217
431.250000	1	1.542436	0.692347	2.422544	0.261196
431.500000	0	0.031503	0.000254	0.589472	0.053684
431.500000	1	1.649740	0.795364	4.183246	0.458523
431.750000	0	0.033680	0.000165	1.538324	0.086312
431.750000	1	1.483919	0.816113	2.843373	0.311847
432.000000	0	0.035991	0.000196	0.572542	0.065148
432.000000	1	1.539855	0.702923	2.684233	0.285202
432.250000	0	0.034928	0.000132	0.770431	0.068923
432.250000	1	1.641915	0.425881	7.863662	0.787879
432.500000	0	0.033115	0.000064	0.545430	0.057879
432.500000	1	1.523739	0.756175	2.952399	0.323182
432.750000	0	0.035062	0.000068	0.622714	0.065146
432.750000	1	1.565602	0.868162	2.687868	0.325992
433.000000	0	0.037946	0.000326	1.003264	0.081042
433.000000	1	1.546284	0.497420	2.822940	0.314066
433.250000	0	0.035360	0.000284	0.641553	0.066293
433.250000	1	1.543485	0.508638	2.503945	0.292056
433.500000	0	0.032612	0.000184	0.407880	0.053737
433.500000	1	1.551050	0.660339	2.589957	0.305175
433.750000	0	0.032332	0.000237	1.190384	0.069238
433.750000	1	1.494780	0.466964	2.506996	0.267502
434.000000	0	0.034788	0.000248	0.854048	0.067102
434.000000	1	1.585325	0.291061	2.985556	0.340393
434.250000	0	0.030513	0.000390	0.508181	0.048146
434.250000	1	1.525758	0.210900	3.120782	0.307657
434.500000	0	0.033162	0.000407	0.548490	0.055169
434.500000	1	1.492999	0.202001	2.345814	0.329939
434.750000	0	0.033612	0.000758	0.629683	0.061371
434.750000	1	1.513876	0.925576	2.561931	0.306906
435.000000	0	0.032412	0.000515	0.971785	0.063414
435.000000	1	1.527324	0.549333	3.154045	0.367496
435.250000	0	0.028855	0.000059	0.402514	0.044675
435.250000	1	1.578405	0.892839	4.201930	0.359701
435.500000	0	0.028625	0.000099	0.459313	0.045553
435.500000	1	1.569385	0.985055	2.718192	0.284175
435.750000	0	0.028789	0.000170	0.463794	0.043737
435.750000	1	1.510182	0.396365	2.356177	0.254882
436.000000	0	0.029947	0.000156	0.343116	0.048686
436.000000	1	1.540157	0.461372	2.910827	0.388281
436.250000	0	0.033539	0.000294	0.895478	0.065787
436.250000	1	1.530037	0.477078	2.558429	0.329131
436.500000	0	0.033129	0.000225	0.935410	0.063615
436.500000	1	1.518756	0.472173	2.650680	0.271984
436.750000	0	0.035886	0.000381	0.873501	0.073385
436.750000	1	1.557458	0.723341	3.146094	0.318546
437.000000	0	0.032700	0.000282	1.666385	0.080846
437.000000	1	1.551887	0.317132	2.785094	0.310518
437.250000	0	0.032141	0.000186	0.424018	0.052055
437.250000	1	1.555970	0.256276	2.360261	0.303708
437.500000	0	0.031039	0.000144	0.447514	0.050728
437.500000	1	1.550254	0.826954	2.428671	0.272662
437.750000	0	0.033945	0.000185	0.705113	0.064434
437.750000	1	1.560863	0.961315	3.502958	0.344106
438.000000	0	0.034760	0.000228	1.442111	0.079381
438.000000	1	1.593038	0.873026	3.190209	0.354695
438.250000	0	0.029581	0.000213	0.392135	0.046151
438.250000	1	1.535408	0.232215	2.704744	0.311336
438.500000	0	0.030033	0.000211	1.023997	0.065953
438.500000	1	1.538233	0.485587	2.481520	0.256885
438.750000	0	0.032997	0.000224	0.711515	0.058325
438.750000	1	1.485939	0.515409	2.507905	0.345315
439.000000	0	0.032678	0.000157	0.433138	0.055806
439.000000	1	1.528827	0.701382	2.345603	0.279015
439.250000	0	0.033939	0.000229	0.552306	0.066325
439.250000	1	1.570789	0.497835	2.831427	0.381227
439.500000	0	0.034569	0.000190	0.987139	0.072606
439.500000	1	1.543353	0.635963	2.869152	0.336310
439.750000	0	0.033709	0.000181	0.492749	0.057071
439.750000	1	1.535900	0.648742	2.373566	0.284879
440.000000	0	0.031725	0.000525	0.520576	0.055156
440.000000	1	1.549869	0.485126	2.798110	0.386534
440.250000	0	0.033427	0.000118	0.711126	0.064367
440.250000	1	1.584480	0.736083	3.076979	0.347435
440.500000	0	0.032684	0.000245	0.846097	0.060424
440.500000	1	1.584012	0.430458	3.178030	0.370713
440.750000	0	0.028295	0.000196	0.433842	0.044717
440.750000	1	1.498389	0.433884	3.153140	0.338565
441.000000	0	0.031453	0.000209	0.602524	0.057314
441.000000	1	1.576117	0.737996	2.500171	0.303470
441.250000	0	0.027635	0.000235	0.452405	0.043176
441.250000	1	1.561077	0.563728	2.463923	0.271949
441.500000	0	0.026163	0.000206	0.272167	0.040904
441.500000	1	1.532623	0.822548	2.135529	0.276423
441.750000	0	0.029929	0.000251	0.420516	0.048428
441.750000	1	1.579399	0.924208	2.656202	0.270849
442.000000	0	0.029928	0.000258	0.559696	0.049302
442.000000	1	1.587299	0.883281	3.073676	0.316368
442.250000	0	0.030448	0.000152	0.881107	0.060147
442.250000	1	1.483161	0.229536	2.315375	0.304304
442.500000	0	0.029056	0.000099	0.421382	0.048074
442.500000	1	1.534078	0.585849	2.821384	0.299842
442.750000	0	0.028999	0.000111	0.691103	0.053361
442.750000	1	1.538949	0.687464	2.968748	0.327761
443.000000	0	0.030391	0.000024	0.563588	0.055189
443.000000	1	1.572429	0.692637	2.477057	0.300784
443.250000	0	0.028467	0.000109	0.410475	0.045726
443.250000	1	1.502277	0.739391	2.539334	0.279179
443.500000	0	0.030626	0.000166	1.002405	0.068433
443.500000	1	1.598438	0.712847	3.563230	0.447993
443.750000	0	0.028846	0.000175	0.399723	0.047438
443.750000	1	1.628454	0.609501	3.344777	0.450476
444.000000	0	0.027992	0.000295	0.408983	0.047868
444.000000	1	1.594009	0.371873	3.203152	0.436999
444.250000	0	0.027466	0.000055	0.245442	0.041250
444.250000	1	1.543423	0.053000	2.925289	0.356625
444.500000	0	0.029677	0.000171	0.582268	0.053079
444.500000	1	1.507756	0.379365	2.594846	0.310742
444.750000	0	0.032354	0.000153	0.828084	0.063997
444.750000	1	1.551734	0.470868	2.547592	0.334299
445.000000	0	0.031987	0.000068	1.200637	0.064494
445.000000	1	1.499458	0.759737	2.174085	0.228663
445.250000	0	0.033952	0.000238	0.690047	0.060464
445.250000	1	1.543796	0.761220	2.482257	0.301851
445.500000	0	0.035452	0.000251	0.724263	0.066408
445.500000	1	1.490454	0.491426	2.381153	0.269473
445.750000	0	0.035765	0.000096	0.530413	0.062430
445.750000	1	1.522306	0.220349	3.434476	0.384186
446.000000	0	0.036929	0.000219	0.715777	0.064488
446.000000	1	1.609584	0.426871	4.482787	0.447646
446.250000	0	0.038291	0.000334	0.787049	0.074433
446.250000	1	1.560140	0.383410	2.518881	0.350408
446.500000	0	0.036660	0.000173	0.945928	0.072237
446.500000	1	1.567489	0.864253	2.929061	0.339056
446.750000	0	0.035185	0.000130	1.164038	0.074385
446.750000	1	1.532290	0.721440	2.913533	0.283986
447.000000	0	0.033085	0.000037	0.578438	0.050831
447.000000	1	1.486065	0.464102	2.983488	0.301820
447.250000	0	0.032801	0.000141	0.801486	0.056716
447.250000	1	1.539803	0.287362	2.929214	0.359408
447.500000	0	0.031160	0.000064	0.892416	0.058731
447.500000	1	1.594082	0.680965	3.401097	0.374408
447.750000	0	0.033665	0.000202	1.452875	0.075664
447.750000	1	1.501088	0.554535	2.519736	0.275178
448.000000	0	0.032257	0.000095	0.540186	0.052329
448.000000	1	1.489157	0.287719	2.807240	0.346082
448.250000	0	0.035287	0.000247	1.050777	0.068673
448.250000	1	1.517949	0.353712	2.344207	0.287624
448.500000	0	0.033279	0.000290	0.534595	0.054974
448.500000	1	1.584330	0.870557	4.808766	0.453492
448.750000	0	0.036688	0.000155	0.782116	0.073940
448.750000	1	1.611024	0.469227	2.732459	0.314660
449.000000	0	0.030421	0.000425	0.478759	0.049582
449.000000	1	1.557947	0.743014	2.841668	0.309099
449.250000	0	0.033028	0.000261	0.566477	0.055987
449.250000	1	1.515101	0.693206	2.414238	0.270787
449.500000	0	0.033503	0.000232	0.559690	0.058128
449.500000	1	1.543888	0.827327	2.685956	0.276717
449.750000	0	0.034432	0.000183	1.193955	0.069676
449.750000	1	1.550548	0.439209	2.532141	0.295418
450.000000	0	0.030515	0.000153	0.574552	0.053735
450.000000	1	1.545427	0.531627	3.231110	0.358846
450.250000	0	0.034328	0.000155	0.614933	0.059256
450.250000	1	1.496927	0.175069	2.418801	0.316342
450.500000	0	0.029922	0.000158	0.737807	0.053147
450.500000	1	1.522680	0.255424	2.791997	0.273955
450.750000	0	0.031651	0.000169	0.534387	0.053030
450.750000	1	1.507628	0.187016	2.804075	0.369437
451.000000	0	0.031546	0.000154	0.782965	0.054987
451.000000	1	1.523294	0.382594	2.487734	0.318569
451.250000	0	0.031281	0.000162	1.542191	0.071534
451.250000	1	1.539549	0.397107	2.429053	0.289115
451.500000	0	0.032517	0.000145	0.845662	0.058943
451.500000	1	1.556566	0.793639	2.695882	0.321816
451.750000	0	0.035341	0.000130	0.852094	0.071506
451.750000	1	1.541866	0.514714	2.483950	0.298942
452.000000	0	0.034190	0.000131	0.806347	0.070170
452.000000	1	1.524094	0.795328	3.809762	0.355521
452.250000	0	0.031252	0.000070	0.672386	0.055461
452.250000	1	1.520982	0.853562	2.473840	0.265853
452.500000	0	0.031176	0.000265	1.020555	0.062256
452.500000	1	1.555883	1.009623	3.156872	0.303429
452.750000	0	0.028383	0.000151	0.699800	0.051359
452.750000	1	1.551238	0.876757	2.576848	0.292172
453.000000	0	0.028587	0.000068	0.267199	0.041902
453.000000	1	1.568256	0.612775	2.750516	0.277436
453.250000	0	0.031256	0.000230	0.517103	0.051189
453.250000	1	1.517057	0.661460	2.990312	0.324596
453.500000	0	0.033788	0.000131	0.710502	0.064085
453.500000	1	1.521303	0.653210	2.397009	0.302396
453.750000	0	0.031115	0.000227	0.358100	0.050750
453.750000	1	1.506129	0.811434	2.250757	0.252866
454.000000	0	0.033409	0.000194	1.860804	0.088428
454.000000	1	1.609432	0.718585	3.581418	0.331462
454.250000	0	0.027923	0.000165	0.519129	0.043879
454.250000	1	1.555636	0.576521	5.442410	0.551144
454.500000	0	0.030054	0.000112	1.016704	0.061735
454.500000	1	1.561343	0.592564	3.139545	0.372860
454.750000	0	0.031254	0.000201	0.367902	0.050549
454.750000	1	1.558726	0.514430	4.066822	0.376693
455.000000	0	0.032839	0.000142	0.874709	0.064279
455.000000	1	1.518651	0.830248	2.826807	0.280285
455.250000	0	0.031734	0.000014	1.312893	0.066934
455.250000	1	1.573867	0.703824	2.486371	0.269331
455.500000	0	0.033162	0.000120	0.901554	0.070705
455.500000	1	1.576599	1.073391	2.822531	0.309212
455.750000	0	0.035072	0.000126	1.821320	0.090073
455.750000	1	1.490429	0.428829	3.174120	0.332330
456.000000	0	0.031212	0.000132	0.846546	0.064596
456.000000	1	1.568595	0.714874	2.614750	0.320080
456.250000	0	0.032836	0.000054	0.910069	0.064180
456.250000	1	1.569683	0.141450	2.382308	0.304500
456.500000	0	0.033830	0.000099	0.824139	0.068962
456.500000	1	1.505584	0.825352	2.341350	0.226941
456.750000	0	0.034525	0.000062	0.643968	0.065613
456.750000	1	1.540485	0.399723	2.772777	0.345948
457.000000	0	0.033631	0.000099	0.600330	0.060996
457.000000	1	1.534917	0.451162	2.964172	0.364206
457.250000	0	0.032699	0.000172	0.674654	0.061547
457.250000	1	1.578888	0.944810	2.620733	0.278129
457.500000	0	0.032040	0.000210	0.435765	0.054078
457.500000	1	1.572605	0.733708	4.619763	0.423782
457.750000	0	0.031555	0.000161	0.943942	0.057756
457.750000	1	1.514129	0.164984	2.689836	0.275278
458.000000	0	0.032826	0.000087	0.578580	0.060224
458.000000	1	1.537367	1.065802	2.699603	0.270078
458.250000	0	0.032956	0.000062	0.521523	0.055370
458.250000	1	1.514126	0.753900	2.149937	0.252057
458.500000	0	0.036359	0.000208	1.363758	0.092091
458.500000	1	1.591511	0.570200	3.586042	0.400544
458.750000	0	0.028713	0.000055	0.404370	0.046570
458.750000	1	1.502891	0.468678	2.240438	0.254279
459.000000	0	0.030153	0.000113	0.468801	0.049037
459.000000	1	1.554366	0.427851	3.067370	0.340998
459.250000	0	0.028831	0.000109	0.460518	0.049218
459.250000	1	1.532131	0.074301	2.334339	0.281349
459.500000	0	0.027872	0.000044	0.550517	0.048810
459.500000	1	1.558910	0.526502	3.565643	0.387578
459.750000	0	0.028892	0.000078	0.388632	0.046168
459.750000	1	1.579244	0.573076	3.914556	0.378535
460.000000	0	0.028529	0.000172	0.289680	0.045244
460.000000	1	1.534042	0.633201	2.342412	0.315751
460.250000	0	0.028785	0.000117	0.560607	0.051050
460.250000	1	1.524217	0.517045	3.492170	0.354751
460.500000	0	0.030574	0.000210	0.653252	0.066253
460.500000	1	1.484539	0.181971	2.417637	0.332985
460.750000	0	0.030934	0.000247	0.679458	0.059918
460.750000	1	1.527369	0.717535	2.384670	0.291490
461.000000	0	0.032023	0.000116	0.886445	0.064473
461.000000	1	1.549717	0.865660	2.190154	0.264675
461.250000	0	0.032330	0.000376	0.982878	0.069992
461.250000	1	1.563280	0.146302	2.535619	0.333490
461.500000	0	0.031313	0.000147	0.680524	0.060257
461.500000	1	1.548671	0.699566	2.407971	0.306507
461.750000	0	0.027014	0.000225	0.459643	0.043819
461.750000	1	1.509477	0.869554	2.246904	0.198958
462.000000	0	0.034872	0.000138	1.095612	0.091105
462.000000	1	1.563375	0.527169	3.938401	0.417186
462.250000	0	0.029304	0.000150	0.380941	0.051316
462.250000	1	1.568481	0.711431	2.776299	0.275446
462.500000	0	0.028683	0.000190	0.521939	0.050733
462.500000	1	1.538727	0.700542	2.457042	0.241889
462.750000	0	0.031620	0.000122	0.943420	0.066777
462.750000	1	1.506089	0.239653	2.322900	0.287233
463.000000	0	0.028044	0.000114	0.533866	0.047139
463.000000	1	1.532330	0.490195	2.851132	0.304094
463.250000	0	0.030596	0.000086	0.684714	0.057987
463.250000	1	1.546477	0.508857	2.991385	0.295302
463.500000	0	0.027923	0.000198	0.472409	0.047743
463.500000	1	1.504363	0.737806	2.369958	0.246029
463.750000	0	0.031025	0.000062	0.560058	0.053953
463.750000	1	1.530383	0.593165	2.562634	0.290103
464.000000	0	0.030582	0.000082	0.412244	0.052740
464.000000	1	1.518147	0.627497	2.465926	0.294154
464.250000	0	0.033200	0.000183	0.631907	0.059323
464.250000	1	1.612405	0.246506	4.845360	0.464681
464.500000	0	0.032492	0.000070	0.967754	0.063622
464.500000	1	1.581377	0.650125	2.777758	0.352521
464.750000	0	0.031641	0.000326	0.458652	0.053121
464.750000	1	1.543464	0.696399	2.854148	0.292710
465.000000	0	0.032766	0.000317	0.582473	0.060062
465.000000	1	1.540422	0.699356	2.919212	0.332718
465.250000	0	0.033000	0.000387	0.723305	0.057768
465.250000	1	1.534196	0.636907	2.967604	0.285116
465.500000	0	0.032066	0.000134	1.040151	0.069041
465.500000	1	1.557418	0.762748	2.952466	0.343466
465.750000	0	0.033606	0.000342	0.582437	0.059209
465.750000	1	1.650499	0.806891	6.222858	0.643117
466.000000	0	0.030502	0.000384	0.578623	0.050936
466.000000	1	1.567862	0.575218	2.996163	0.360651
466.250000	0	0.031800	0.000152	0.441426	0.052612
466.250000	1	1.533271	0.441790	2.322439	0.255523
466.500000	0	0.033802	0.000229	0.912263	0.067029
466.500000	1	1.566157	0.367075	2.644588	0.300903
466.750000	0	0.029531	0.000306	0.402588	0.046165
466.750000	1	1.525164	0.488482	2.543113	0.314855
467.000000	0	0.030382	0.000205	0.590900	0.052716
467.000000	1	1.504953	0.383511	2.652977	0.338063
467.250000	0	0.030303	0.000052	0.929377	0.060142
467.250000	1	1.551659	0.748143	2.598050	0.321819
467.500000	0	0.031659	0.000172	0.691049	0.056926
467.500000	1	1.581877	1.097215	2.311105	0.242897
467.750000	0	0.027450	0.000337	0.364364	0.044607
467.750000	1	1.525811	0.830097	2.885973	0.290006
468.000000	0	0.026957	0.000352	0.349533	0.040159
468.000000	1	1.513333	0.210277	2.826748	0.317896
468.250000	0	0.031022	0.000093	0.471984	0.051058
468.250000	1	1.498817	0.739233	2.816496	0.317813
468.500000	0	0.033332	0.000058	0.673501	0.058571
468.500000	1	1.589979	0.764322	6.131328	0.620825
468.750000	0	0.035337	0.000421	0.796519	0.071618
468.750000	1	1.564705	0.725508	2.975192	0.363319
469.000000	0	0.031552	0.000290	0.649401	0.056863
469.000000	1	1.492900	0.682652	2.532095	0.277545
469.250000	0	0.032959	0.000590	0.471101	0.055475
469.250000	1	1.526377	0.694971	2.415178	0.326469
469.500000	0	0.035522	0.000537	0.768657	0.067807
469.500000	1	1.566051	0.403901	3.173032	0.462226
469.750000	0	0.038886	0.000329	1.151760	0.088976
469.750000	1	1.574273	0.716690	3.438960	0.382798
470.000000	0	0.030508	0.000291	0.842644	0.053727
470.000000	1	1.599081	0.674247	3.936964	0.394265
470.250000	0	0.028123	0.000201	0.366041	0.042277
470.250000	1	1.543754	0.111207	3.312808	0.336338
470.500000	0	0.029005	0.000230	0.328961	0.044037
470.500000	1	1.515929	0.721256	3.781275	0.348708
470.750000	0	0.030436	0.000226	0.573235	0.051919
470.750000	1	1.484335	0.569334	3.097160	0.344108
471.000000	0	0.032064	0.000249	0.596814	0.057670
471.000000	1	1.594945	0.103878	2.520641	0.330467
471.250000	0	0.036040	0.000227	0.640210	0.064842
471.250000	1	1.516286	0.282264	2.574419	0.345356
471.500000	0	0.033502	0.000064	0.690062	0.063596
471.500000	1	1.572328	0.604234	2.727315	0.298980
471.750000	0	0.029071	0.000220	0.457774	0.045249
471.750000	1	1.556388	0.270175	3.030523	0.356072
472.000000	0	0.031227	0.000307	0.673253	0.061277
472.000000	1	1.513627	0.841470	2.153487	0.240526
472.250000	0	0.030732	0.000077	0.578222	0.053385
472.250000	1	1.551799	0.889260	2.865041	0.289642
472.500000	0	0.030333	0.000106	0.600369	0.054527
472.500000	1	1.538073	0.482813	2.650690	0.302631
472.750000	0	0.032951	0.000203	0.911501	0.070063
472.750000	1	1.538142	0.159420	3.377107	0.372715
473.000000	0	0.035193	0.000273	1.082184	0.074048
473.000000	1	1.611603	0.745126	3.998514	0.423038
473.250000	0	0.029081	0.000124	0.369240	0.045029
473.250000	1	1.592977	0.824619	3.808092	0.397297
473.500000	0	0.033612	0.000070	0.744941	0.066606
473.500000	1	1.531365	0.446063	2.776868	0.305163
473.750000	0	0.033364	0.000290	0.878597	0.062051
473.750000	1	1.566151	0.245730	2.679129	0.314389
474.000000	0	0.030285	0.000099	0.555225	0.050001
474.000000	1	1.507575	0.617988	2.407906	0.262524
474.250000	0	0.032843	0.000171	0.648443	0.057930
474.250000	1	1.611254	0.683472	5.055596	0.505843
474.500000	0	0.033351	0.000164	2.077238	0.093241
474.500000	1	1.612009	0.916061	3.089215	0.327063
474.750000	0	0.029880	0.000223	0.428626	0.048766
474.750000	1	1.456108	0.804027	2.204009	0.252335
475.000000	0	0.031148	0.000298	0.438455	0.051425
475.000000	1	1.540240	0.453721	2.537935	0.312349
475.250000	0	0.032293	0.000289	0.647230	0.058397
475.250000	1	1.563894	0.831990	2.748567	0.294142
475.500000	0	0.032662	0.000266	0.995406	0.064119
475.500000	1	1.552933	0.352568	3.978090	0.361060
475.750000	0	0.031054	0.000441	0.335181	0.047821
475.750000	1	1.536761	0.756876	2.304622	0.280303
476.000000	0	0.028854	0.000332	0.322436	0.043910
476.000000	1	1.537071	0.827849	2.546782	0.306428
476.250000	0	0.031035	0.000135	0.541289	0.056023
476.250000	1	1.487172	0.668869	2.282063	0.244201
476.500000	0	0.030190	0.000066	0.800667	0.057573
476.500000	1	1.572017	0.316704	3.071568	0.327090
476.750000	0	0.029403	0.000152	0.639840	0.052502
476.750000	1	1.513537	0.261976	2.163035	0.245300
477.000000	0	0.031707	0.000325	0.684147	0.057706
477.000000	1	1.503540	0.729889	2.384778	0.235203
477.250000	0	0.035174	0.000475	1.311289	0.071960
477.250000	1	1.524418	0.576619	3.401250	0.350801
477.500000	0	0.032387	0.000292	0.929900	0.060333
477.500000	1	1.555114	0.690403	2.944614	0.304645
477.750000	0	0.033389	0.000174	0.750788	0.060650
477.750000	1	1.533536	0.431581	2.968309	0.362131
478.000000	0	0.032600	0.000087	0.887638	0.066378
478.000000	1	1.623839	0.947588	4.974227	0.459498
478.250000	0	0.030272	0.000161	0.378045	0.049363
478.250000	1	1.472710	0.676173	3.424109	0.324955
478.500000	0	0.031301	0.000265	0.592762	0.052234
478.500000	1	1.569431	0.441049	6.659173	0.712635
478.750000	0	0.035531	0.000356	0.579460	0.064990
478.750000	1	1.502850	0.389950	2.989087	0.367901
479.000000	0	0.031899	0.000299	0.784324	0.059217
479.000000	1	1.551886	0.441267	2.787868	0.343013
479.250000	0	0.031882	0.000181	0.455334	0.055636
479.250000	1	1.483396	0.834599	2.034315	0.246918
479.500000	0	0.034710	0.000048	1.295685	0.072617
479.500000	1	1.551831	0.257552	3.329483	0.359422
479.750000	0	0.031052	0.000184	0.401855	0.046606
479.750000	1	1.545409	0.806974	2.640451	0.328891
480.000000	0	0.031863	0.000137	0.535626	0.052544
480.000000	1	1.474008	0.431923	2.154930	0.268226
480.250000	0	0.034273	0.000360	0.514759	0.059831
480.250000	1	1.552201	0.587192	2.577677	0.330530
480.500000	0	0.034855	0.000473	0.518334	0.060860
480.500000	1	1.560072	0.863239	2.440456	0.298049
480.750000	0	0.037910	0.000529	1.389795	0.087121
480.750000	1	1.592043	0.323911	2.910105	0.382997
481.000000	0	0.033014	0.000436	0.698115	0.052915
481.000000	1	1.498360	0.485537	2.599816	0.320896
481.250000	0	0.031067	0.000461	0.477843	0.048322
481.250000	1	1.519542	0.589645	2.759221	0.343717
481.500000	0	0.028987	0.000272	0.387197	0.043183
481.500000	1	1.519888	0.789423	2.541593	0.302013
481.750000	0	0.033925	0.000268	0.718218	0.065721
481.750000	1	1.520339	0.149698	2.330520	0.286208
482.000000	0	0.030420	0.000240	0.918247	0.055447
482.000000	1	1.540147	0.777922	2.534773	0.254989
482.250000	0	0.031695	0.000269	0.454800	0.050046
482.250000	1	1.550718	0.631980	2.759069	0.349732
482.500000	0	0.032011	0.000191	0.554562	0.052280
482.500000	1	1.522537	0.458758	2.480978	0.270612
482.750000	0	0.031845	0.000132	0.400346	0.051474
482.750000	1	1.584698	0.800803	2.827861	0.275131
483.000000	0	0.028147	0.000111	0.292217	0.042237
483.000000	1	1.539780	0.934555	2.966798	0.279047
483.250000	0	0.031463	0.000205	0.712703	0.059723
483.250000	1	1.532058	0.728787	3.011044	0.295981
483.500000	0	0.030810	0.000332	0.846620	0.056830
483.500000	1	1.541924	0.775368	2.458015	0.276372
483.750000	0	0.030396	0.000270	1.122881	0.064832
483.750000	1	1.561626	0.581259	2.776028	0.286709
484.000000	0	0.032954	0.000143	0.823162	0.064833
484.000000	1	1.550037	0.290516	3.161217	0.333103
484.250000	0	0.030859	0.000237	0.371839	0.049746
484.250000	1	1.531688	0.662356	2.545080	0.269583
484.500000	0	0.032020	0.000209	0.933291	0.065920
484.500000	1	1.506302	0.861440	2.513321	0.247048
484.750000	0	0.032516	0.000152	0.591298	0.052742
484.750000	1	1.550779	0.783906	2.550999	0.299747
485.000000	0	0.031213	0.000192	0.599602	0.055322
485.000000	1	1.515411	0.535076	2.324718	0.277497
485.250000	0	0.028926	0.000131	0.456291	0.049285
485.250000	1	1.534557	0.439277	2.958997	0.324541
485.500000	0	0.027418	0.000073	0.351205	0.041152
485.500000	1	1.563009	0.861108	2.561066	0.263970
485.750000	0	0.029739	0.000036	0.506993	0.050513
485.750000	1	1.505183	0.785823	2.242963	0.238645
486.000000	0	0.030750	0.000067	0.442081	0.048855
486.000000	1	1.499758	0.531276	2.311228	0.254525
486.250000	0	0.034582	0.000107	0.674440	0.057186
486.250000	1	1.540483	0.062608	2.797129	0.303081
486.500000	0	0.032011	0.000024	0.421207	0.049437
486.500000	1	1.561898	0.597816	2.552956	0.296197
486.750000	0	0.032845	0.000177	0.486059	0.052359
486.750000	1	1.547937	0.916945	2.599356	0.283865
487.000000	0	0.034009	0.000268	0.841640	0.062907
487.000000	1	1.610930	0.772893	3.227065	0.319421
487.250000	0	0.031255	0.000346	0.434980	0.049297
487.250000	1	1.512407	0.820797	2.306946	0.230442
487.500000	0	0.031577	0.000480	0.626458	0.051611
487.500000	1	1.545471	0.264514	4.296137	0.413083
487.750000	0	0.034229	0.000297	1.357827	0.077449
487.750000	1	1.635152	0.529107	6.379870	0.564397
488.000000	0	0.034815	0.000160	0.868005	0.061631
488.000000	1	1.526196	0.241644	2.222661	0.311430
488.250000	0	0.038806	0.000233	0.905574	0.075574
488.250000	1	1.578297	0.265226	2.986888	0.375195
488.500000	0	0.031505	0.000281	0.357018	0.047658
488.500000	1	1.559739	0.978583	2.351736	0.263118
488.750000	0	0.033962	0.000280	0.979264	0.066468
488.750000	1	1.501476	0.072028	2.982221	0.364993
489.000000	0	0.035421	0.000385	0.542942	0.060065
489.000000	1	1.555166	0.625196	2.652018	0.294979
489.250000	0	0.032478	0.000352	0.697042	0.054728
489.250000	1	1.545094	1.069710	2.774995	0.260591
489.500000	0	0.032404	0.000358	0.580807	0.055031
489.500000	1	1.553928	0.546615	2.999049	0.313650
489.750000	0	0.029067	0.000242	0.700703	0.049181
489.750000	1	1.523774	0.927013	2.377490	0.253424
490.000000	0	0.030639	0.000095	0.574049	0.053594
490.000000	1	1.553620	0.318896	3.198409	0.353564
490.250000	0	0.029835	0.000246	0.709620	0.055350
490.250000	1	1.583761	0.509274	2.780332	0.367345
490.500000	0	0.029740	0.000357	0.458236	0.049223
490.500000	1	1.535367	1.083757	2.238588	0.221869
490.750000	0	0.028889	0.000316	0.332401	0.044480
490.750000	1	1.566127	0.626891	3.111246	0.327094
491.000000	0	0.028807	0.000281	0.801288	0.057270
491.000000	1	1.517386	0.350595	3.040773	0.343605
491.250000	0	0.029370	0.000239	0.718198	0.052213
491.250000	1	1.509318	0.770779	2.648611	0.292374
491.500000	0	0.031513	0.000162	0.707054	0.059334
491.500000	1	1.563310	0.895846	2.610926	0.269325
491.750000	0	0.030912	0.000371	1.079128	0.063896
491.750000	1	1.542886	0.682632	2.640636	0.315545
492.000000	0	0.032126	0.000257	0.687426	0.061113
492.000000	1	1.495852	0.573833	2.465339	0.305809
492.250000	0	0.029378	0.000189	0.498053	0.051303
492.250000	1	1.533640	0.460565	2.989551	0.324197
492.500000	0	0.030883	0.000160	0.440152	0.051767
492.500000	1	1.529730	0.883053	2.377218	0.275083
492.750000	0	0.030827	0.000256	0.747790	0.056100
492.750000	1	1.520932	0.295995	2.637163	0.332759
493.000000	0	0.030448	0.000330	1.164280	0.065344
493.000000	1	1.592809	1.119288	2.683829	0.263328
493.250000	0	0.029113	0.000386	0.282741	0.044722
493.250000	1	1.535630	0.798189	2.304609	0.265272
493.500000	0	0.028155	0.000376	0.313475	0.043038
493.500000	1	1.587825	0.997183	2.476911	0.311552
493.750000	0	0.028719	0.000281	0.482259	0.046369
493.750000	1	1.520249	0.603197	3.128113	0.351617
494.000000	0	0.029547	0.000233	0.636979	0.054920
494.000000	1	1.524819	0.670160	2.683581	0.288191
494.250000	0	0.032924	0.000150	0.711000	0.062566
494.250000	1	1.520544	0.616708	2.879566	0.299549
494.500000	0	0.036199	0.000137	1.778503	0.097518
494.500000	1	1.560752	0.765598	2.660067	0.309636
494.750000	0	0.032697	0.000177	0.666567	0.057641
494.750000	1	1.516773	0.354751	3.153652	0.368011
495.000000	0	0.035003	0.000307	1.629680	0.080993
495.000000	1	1.527253	0.818372	3.417495	0.307140
495.250000	0	0.034050	0.000504	1.028257	0.068404
495.250000	1	1.492694	0.424957	2.324062	0.277768
495.500000	0	0.035178	0.000562	0.796489	0.066718
495.500000	1	1.523787	0.508306	2.299280	0.279070
495.750000	0	0.032487	0.000495	0.499074	0.055315
495.750000	1	1.559579	0.554831	4.575846	0.428070
496.000000	0	0.030481	0.000299	0.477487	0.051148
496.000000	1	1.555591	0.543391	2.539909	0.323339
496.250000	0	0.029266	0.000298	0.387421	0.048309
496.250000	1	1.495006	0.615652	2.219539	0.261338
496.500000	0	0.030301	0.000099	0.392917	0.048859
496.500000	1	1.567409	0.680289	2.397754	0.279098
496.750000	0	0.036490	0.000319	1.742245	0.111661
496.750000	1	1.532810	0.891817	2.420583	0.259302
497.000000	0	0.031658	0.000152	0.469625	0.053954
497.000000	1	1.498194	0.678118	2.766071	0.298976
497.250000	0	0.031736	0.000167	0.773278	0.055159
497.250000	1	1.487493	0.702481	2.428237	0.275789
497.500000	0	0.033086	0.000132	0.656360	0.061085
497.500000	1	1.606480	0.699824	3.111616	0.379709
497.750000	0	0.030175	0.000101	0.618147	0.052015
497.750000	1	1.574199	0.814726	2.641762	0.297262
498.000000	0	0.030043	0.000042	0.803883	0.055472
498.000000	1	1.530356	0.431539	2.401251	0.270576
498.250000	0	0.029330	0.000180	0.638734	0.056943
498.250000	1	1.547773	0.217178	2.778507	0.310207
498.500000	0	0.029621	0.000239	0.468571	0.050853
498.500000	1	1.528487	0.509859	2.990537	0.313675
498.750000	0	0.029136	0.000086	0.405818	0.046791
498.750000	1	1.565978	0.442392	2.804426	0.343061
499.000000	0	0.028006	0.000188	0.455366	0.048171
499.000000	1	1.543945	0.873029	2.355889	0.229422
499.250000	0	0.030871	0.000307	0.595047	0.054856
499.250000	1	1.548834	0.262091	2.572176	0.307077
499.500000	0	0.029426	0.000037	0.942907	0.058026
499.500000	1	1.500251	0.538559	2.568565	0.273560
499.750000	0	0.031468	0.000072	0.512132	0.053659
499.750000	1	1.512233	0.559199	2.503517	0.312935
500.000000	0	0.028355	0.000430	0.685721	0.052018
500.000000	1	1.533952	0.135268	2.478908	0.304873
500.250000	0	0.029413	0.000348	0.691618	0.056197
500.250000	1	1.581885	0.516904	3.161037	0.360543
500.500000	0	0.030577	0.000133	0.629317	0.058723
500.500000	1	1.483901	0.785804	2.334242	0.273314
500.750000	0	0.035716	0.000198	1.431393	0.080127
500.750000	1	1.559367	0.772345	3.082937	0.334557
