Time	Cell_type	Mean	Min	Max	Std
0.250000	0	0.098660	0.005476	0.559548	0.066171
0.250000	1	1.315060	0.837667	1.722685	0.175488
0.500000	0	0.098243	0.005960	0.569363	0.066244
0.500000	1	1.296370	0.618701	1.822403	0.243137
0.750000	0	0.102698	0.007982	0.675528	0.072494
0.750000	1	1.396124	0.548182	2.268186	0.278587
1.000000	0	0.100119	0.005748	1.453109	0.080669
1.000000	1	1.349011	0.754565	2.805762	0.304676
1.250000	0	0.098705	0.010774	1.107928	0.081265
1.250000	1	1.334009	0.421015	2.390118	0.294298
1.500000	0	0.099620	0.007707	0.902237	0.073889
1.500000	1	1.333927	0.401898	2.354536	0.289229
1.750000	0	0.101480	0.014679	0.687500	0.071229
1.750000	1	1.408272	0.792599	2.433303	0.263632
2.000000	0	0.096974	0.006332	0.665159	0.067115
2.000000	1	1.285339	0.106268	2.437348	0.279356
2.250000	0	0.096404	0.009599	1.498863	0.080097
2.250000	1	1.339596	0.414892	2.425841	0.246590
2.500000	0	0.103087	0.002857	0.954785	0.083702
2.500000	1	1.311334	0.330748	2.126952	0.267854
2.750000	0	0.097180	0.011306	0.479770	0.063417
2.750000	1	1.308106	0.378655	2.130057	0.254658
3.000000	0	0.096294	0.009194	1.246508	0.079460
3.000000	1	1.328931	0.601176	2.903166	0.312335
3.250000	0	0.095692	0.005946	0.542247	0.064734
3.250000	1	1.331167	0.522905	2.126388	0.289190
3.500000	0	0.095609	0.001669	0.631624	0.067296
3.500000	1	1.326824	0.404224	2.258891	0.305971
3.750000	0	0.093141	0.007828	0.605585	0.062990
3.750000	1	1.304903	0.681728	2.222937	0.286577
4.000000	0	0.098993	0.011413	0.917661	0.073912
4.000000	1	1.325201	0.538396	2.412497	0.315405
4.250000	0	0.098423	0.008899	2.446833	0.105570
4.250000	1	1.401383	0.688909	3.649117	0.416942
4.500000	0	0.096438	0.003595	0.670115	0.068087
4.500000	1	1.353644	0.527502	2.191061	0.291116
4.750000	0	0.091756	0.011197	0.409912	0.053173
4.750000	1	1.327679	0.838000	2.041001	0.212781
5.000000	0	0.092962	0.004406	0.870398	0.063028
5.000000	1	1.357664	0.858762	2.635991	0.291852
5.250000	0	0.094880	0.004376	0.513150	0.059682
5.250000	1	1.340949	0.464172	2.211779	0.313749
5.500000	0	0.092363	0.007047	0.681945	0.058776
5.500000	1	1.303811	0.567948	2.005530	0.231044
5.750000	0	0.097371	0.005052	0.735614	0.066150
5.750000	1	1.333441	0.102784	2.314665	0.295082
6.000000	0	0.092993	0.013861	0.597263	0.058635
6.000000	1	1.325229	0.462044	3.762637	0.361079
6.250000	0	0.097215	0.004698	0.697259	0.068016
6.250000	1	1.324833	0.592957	2.151084	0.282043
6.500000	0	0.090812	0.008089	0.550262	0.055124
6.500000	1	1.311755	0.687413	2.334290	0.258349
6.750000	0	0.091005	0.006814	0.630260	0.057118
6.750000	1	1.361837	0.567336	2.391467	0.289214
7.000000	0	0.095437	0.006855	1.471268	0.076911
7.000000	1	1.346888	0.392299	2.118479	0.246073
7.250000	0	0.090075	0.002969	0.591552	0.055382
7.250000	1	1.324506	0.572197	2.014278	0.271386
7.500000	0	0.091334	0.011617	0.624266	0.054776
7.500000	1	1.306983	0.315510	2.002716	0.253950
7.750000	0	0.093686	0.009362	1.104134	0.070419
7.750000	1	1.294728	0.367518	2.267721	0.284698
8.000000	0	0.093529	0.008861	0.620443	0.061927
8.000000	1	1.326044	0.288820	2.344996	0.309511
8.250000	0	0.092667	0.007665	0.669602	0.061898
8.250000	1	1.312687	0.321576	2.033136	0.298796
8.500000	0	0.096852	0.004337	0.525915	0.063254
8.500000	1	1.334507	0.210630	2.286995	0.284796
8.750000	0	0.094331	0.007329	0.653018	0.065857
8.750000	1	1.359249	0.610016	2.641069	0.309571
9.000000	0	0.092333	0.019837	0.961130	0.067527
9.000000	1	1.349636	0.338891	2.499352	0.261605
9.250000	0	0.090404	0.003075	0.492338	0.051008
9.250000	1	1.372397	0.800500	2.708906	0.321666
9.500000	0	0.094013	0.009303	1.051856	0.069817
9.500000	1	1.311944	0.584108	2.366461	0.267394
9.750000	0	0.091639	0.001434	0.639390	0.057812
9.750000	1	1.334863	0.517303	1.984746	0.279872
10.000000	0	0.095101	0.007475	1.272264	0.074538
10.000000	1	1.323809	0.577157	2.653351	0.348353
10.250000	0	0.094178	0.003898	0.793075	0.062906
10.250000	1	1.327736	0.325482	2.082552	0.290443
10.500000	0	0.092818	0.004818	1.543327	0.080958
10.500000	1	1.328408	0.336510	2.220799	0.302853
10.750000	0	0.089527	0.007874	0.493280	0.051165
10.750000	1	1.317241	0.257619	1.975502	0.256864
11.000000	0	0.093488	0.007767	0.509865	0.058539
11.000000	1	1.299571	0.285522	2.200881	0.288533
11.250000	0	0.096737	0.003421	1.013774	0.083443
11.250000	1	1.356332	0.378040	2.718085	0.321189
11.500000	0	0.088832	0.005755	0.743227	0.056678
11.500000	1	1.313957	0.405634	2.450616	0.305858
11.750000	0	0.093784	0.003300	3.033276	0.126209
11.750000	1	1.289104	0.343656	3.142907	0.333348
12.000000	0	0.090839	0.001374	0.459551	0.052872
12.000000	1	1.302648	0.317701	2.803033	0.287793
12.250000	0	0.092785	0.003442	0.738210	0.065443
12.250000	1	1.357177	0.643379	3.319896	0.335721
12.500000	0	0.091668	0.010324	0.615137	0.060669
12.500000	1	1.321774	0.545896	2.127169	0.272062
12.750000	0	0.093569	0.010431	0.788345	0.067199
12.750000	1	1.322963	0.402590	2.110616	0.271349
13.000000	0	0.092765	0.014133	0.719969	0.060237
13.000000	1	1.318460	0.578397	2.069362	0.262013
13.250000	0	0.092439	0.005057	1.898771	0.086748
13.250000	1	1.377567	0.459077	2.282206	0.276460
13.500000	0	0.091170	0.010803	0.582542	0.055960
13.500000	1	1.322576	0.626473	1.937840	0.192263
13.750000	0	0.089949	0.016751	0.474643	0.052403
13.750000	1	1.333264	0.414734	2.413628	0.292779
14.000000	0	0.089360	0.005258	0.500344	0.052917
14.000000	1	1.349704	0.652665	2.391959	0.272965
14.250000	0	0.087517	0.006399	0.574955	0.047276
14.250000	1	1.300146	0.417360	2.174419	0.263223
14.500000	0	0.089546	0.005966	0.398253	0.051691
14.500000	1	1.358415	0.670787	2.684667	0.285819
14.750000	0	0.087316	0.002509	0.424901	0.052854
14.750000	1	1.303575	0.360640	2.252994	0.287980
15.000000	0	0.089951	0.011061	0.530110	0.055462
15.000000	1	1.293760	0.277903	2.609375	0.306554
15.250000	0	0.091319	0.003935	0.640542	0.054032
15.250000	1	1.394286	0.516654	7.064987	0.643234
15.500000	0	0.087544	0.001206	0.887048	0.064500
15.500000	1	1.390532	0.143729	2.662216	0.370962
15.750000	0	0.093781	0.012233	0.630483	0.060649
15.750000	1	1.315836	0.509912	2.027496	0.265199
16.000000	0	0.089211	0.006318	0.467977	0.049875
16.000000	1	1.345811	0.889089	2.362322	0.255472
16.250000	0	0.088797	0.005302	0.975507	0.060353
16.250000	1	1.374611	0.708130	3.357216	0.319123
16.500000	0	0.090847	0.015299	0.533606	0.056555
16.500000	1	1.334686	0.711145	2.257014	0.259051
16.750000	0	0.089171	0.006974	0.454343	0.052518
16.750000	1	1.351583	0.680861	3.024008	0.274392
17.000000	0	0.087321	0.009343	0.454576	0.048909
17.000000	1	1.379344	0.567610	2.875013	0.305271
17.250000	0	0.087100	0.010336	0.488763	0.048796
17.250000	1	1.343806	0.713211	2.211126	0.259086
17.500000	0	0.090015	0.005232	0.856149	0.061815
17.500000	1	1.303676	0.423546	2.366831	0.289782
17.750000	0	0.088352	0.003791	0.487662	0.050766
17.750000	1	1.322651	0.474901	2.203132	0.268480
18.000000	0	0.089487	0.005452	0.450170	0.051026
18.000000	1	1.305915	0.229021	2.475646	0.278170
18.250000	0	0.089186	0.007774	0.495485	0.053442
18.250000	1	1.333658	0.147094	2.417594	0.334877
18.500000	0	0.090034	0.009860	0.566339	0.055520
18.500000	1	1.441242	0.252386	8.479703	0.907920
18.750000	0	0.091242	0.007149	0.859524	0.066058
18.750000	1	1.283495	0.497734	2.718085	0.301143
19.000000	0	0.091853	0.007326	0.655580	0.062512
19.000000	1	1.359673	0.632795	2.223939	0.282401
19.250000	0	0.089561	0.002593	0.790803	0.058832
19.250000	1	1.292787	0.307692	1.950927	0.241598
19.500000	0	0.092376	0.006658	0.817083	0.064628
19.500000	1	1.363939	0.502073	3.807524	0.439678
19.750000	0	0.087933	0.005653	1.258354	0.066583
19.750000	1	1.373258	0.557212	2.644779	0.303570
20.000000	0	0.087855	0.014969	0.897995	0.055810
20.000000	1	1.388193	0.756137	3.079822	0.346623
20.250000	0	0.086244	0.008448	0.348593	0.042825
20.250000	1	1.278308	0.165483	2.429318	0.279162
20.500000	0	0.086520	0.011799	0.646761	0.057822
20.500000	1	1.338505	0.797938	2.253542	0.247029
20.750000	0	0.090490	0.006678	0.610154	0.058071
20.750000	1	1.325503	0.331223	2.472692	0.330549
21.000000	0	0.091102	0.012884	0.414306	0.050672
21.000000	1	1.293058	0.718062	2.625688	0.277952
21.250000	0	0.088683	0.003567	0.633095	0.055349
21.250000	1	1.354977	0.414695	2.197320	0.301156
21.500000	0	0.092967	0.012631	0.934887	0.060344
21.500000	1	1.351284	0.280545	2.408838	0.331383
21.750000	0	0.087504	0.006649	0.687471	0.052137
21.750000	1	1.432158	0.857432	4.769835	0.456544
22.000000	0	0.086094	0.004710	0.547424	0.046293
22.000000	1	1.340433	0.507339	2.300804	0.265896
22.250000	0	0.086836	0.004542	0.540041	0.045123
22.250000	1	1.332426	0.642779	2.143851	0.270275
22.500000	0	0.086441	0.011956	0.434346	0.046044
22.500000	1	1.299526	0.534697	2.385074	0.271772
22.750000	0	0.087321	0.008600	0.446650	0.049090
22.750000	1	1.357534	0.400274	2.484001	0.301511
23.000000	0	0.088697	0.002337	0.450507	0.047313
23.000000	1	1.302221	0.496441	2.228379	0.262375
23.250000	0	0.090761	0.010135	0.847033	0.062778
23.250000	1	1.353867	0.070458	2.337048	0.327244
23.500000	0	0.088586	0.005544	0.761000	0.056345
23.500000	1	1.279525	0.381153	2.362840	0.285252
23.750000	0	0.090227	0.002880	0.805561	0.062739
23.750000	1	1.339210	0.544526	2.305806	0.307040
24.000000	0	0.090397	0.003434	1.028303	0.068080
24.000000	1	1.346975	0.204055	2.920367	0.341939
24.250000	0	0.088507	0.003905	0.738689	0.056344
24.250000	1	1.353093	0.373944	2.849551	0.331253
24.500000	0	0.088703	0.008333	0.576419	0.052733
24.500000	1	1.304544	0.650448	2.137479	0.232658
24.750000	0	0.089991	0.004658	0.763942	0.061610
24.750000	1	1.320429	0.372623	2.309510	0.320636
25.000000	0	0.089022	0.007047	0.551906	0.053234
25.000000	1	1.372051	0.738143	2.485615	0.295164
25.250000	0	0.088367	0.005714	0.644351	0.055933
25.250000	1	1.355683	0.608029	2.535393	0.296097
25.500000	0	0.086202	0.007193	0.512478	0.051128
25.500000	1	1.367124	0.884058	2.175488	0.243925
25.750000	0	0.084504	0.015298	0.532009	0.041159
25.750000	1	1.328568	0.804177	1.966892	0.216370
26.000000	0	0.085820	0.007506	0.424059	0.044623
26.000000	1	1.265447	0.595036	2.025986	0.240143
26.250000	0	0.087533	0.010228	0.405191	0.048616
26.250000	1	1.357385	0.174628	2.574255	0.322558
26.500000	0	0.083988	0.006313	0.408154	0.042342
26.500000	1	1.338221	0.535497	2.541925	0.257832
26.750000	0	0.084864	0.004511	1.126349	0.058836
26.750000	1	1.319370	0.500806	2.327542	0.305227
27.000000	0	0.086527	0.015565	0.510711	0.046488
27.000000	1	1.452824	0.218405	4.268836	0.465923
27.250000	0	0.084487	0.005486	0.395419	0.041802
27.250000	1	1.345378	0.805380	2.241592	0.237467
27.500000	0	0.084930	0.005565	0.416336	0.044453
27.500000	1	1.353621	0.651442	2.539817	0.272639
27.750000	0	0.088228	0.013729	0.473969	0.049156
27.750000	1	1.364151	0.327466	2.654487	0.319457
28.000000	0	0.085587	0.006632	0.652515	0.045916
28.000000	1	1.301895	0.521087	2.139094	0.215593
28.250000	0	0.087177	0.004115	0.577306	0.048782
28.250000	1	1.377527	0.516939	2.257026	0.281446
28.500000	0	0.084182	0.003404	0.349120	0.041663
28.500000	1	1.355948	0.536424	2.802271	0.312581
28.750000	0	0.082422	0.004661	0.347661	0.039561
28.750000	1	1.390252	0.721800	4.429444	0.426155
29.000000	0	0.084956	0.007116	0.458037	0.042070
29.000000	1	1.339319	0.777381	1.894716	0.218496
29.250000	0	0.084930	0.001664	0.494670	0.048293
29.250000	1	1.369320	0.758804	2.670694	0.322249
29.500000	0	0.086001	0.004171	0.739863	0.053700
29.500000	1	1.319984	0.415735	2.525280	0.294169
29.750000	0	0.086404	0.001989	0.464166	0.047085
29.750000	1	1.401783	0.227488	7.380148	0.780386
30.000000	0	0.087828	0.005860	0.612549	0.056500
30.000000	1	1.338217	0.351198	2.168391	0.303015
30.250000	0	0.087734	0.009255	0.406376	0.045498
30.250000	1	1.362983	0.703058	3.128488	0.262108
30.500000	0	0.084870	0.005698	0.668827	0.049103
30.500000	1	1.373395	0.773787	2.310864	0.273286
30.750000	0	0.083582	0.002606	0.414101	0.043462
30.750000	1	1.329374	0.664170	2.629349	0.249889
31.000000	0	0.087879	0.001618	0.510680	0.049094
31.000000	1	1.354446	0.195620	2.464144	0.357209
31.250000	0	0.084817	0.009432	0.413580	0.043796
31.250000	1	1.314417	0.639335	2.286466	0.234394
31.500000	0	0.085660	0.010681	0.579771	0.050713
31.500000	1	1.386541	0.564198	3.325126	0.344562
31.750000	0	0.083506	0.007068	0.450116	0.045422
31.750000	1	1.376379	0.715549	2.093811	0.229826
32.000000	0	0.084327	0.007137	0.415753	0.041356
32.000000	1	1.356010	0.441512	5.469734	0.528833
32.250000	0	0.087185	0.006347	0.341938	0.044948
32.250000	1	1.381416	0.382335	3.765515	0.400726
32.500000	0	0.086004	0.009272	0.849260	0.049205
32.500000	1	1.338234	0.554339	3.068524	0.325999
32.750000	0	0.086796	0.005350	0.689238	0.054470
32.750000	1	1.341690	0.676923	2.270456	0.278945
33.000000	0	0.087460	0.006662	0.838697	0.056054
33.000000	1	1.370749	0.721319	2.629036	0.309916
33.250000	0	0.086032	0.005385	0.703951	0.047906
33.250000	1	1.317629	0.592558	2.125907	0.281772
33.500000	0	0.085951	0.006863	0.384365	0.045482
33.500000	1	1.333179	0.652658	2.114915	0.264682
33.750000	0	0.087684	0.002158	0.559538	0.049847
33.750000	1	1.330427	0.230000	2.148798	0.298303
34.000000	0	0.086736	0.010760	0.791836	0.057365
34.000000	1	1.360935	0.454656	3.146424	0.398356
34.250000	0	0.087197	0.007624	0.935448	0.058094
34.250000	1	1.337813	0.268113	2.308790	0.300681
34.500000	0	0.083426	0.005356	0.516567	0.046753
34.500000	1	1.339200	0.342261	2.350581	0.280648
34.750000	0	0.085302	0.010188	0.550446	0.046492
34.750000	1	1.342646	0.319019	2.912193	0.323018
35.000000	0	0.086968	0.009446	0.570003	0.050716
35.000000	1	1.349136	0.546568	2.236729	0.261572
35.250000	0	0.086324	0.014843	0.378417	0.044027
35.250000	1	1.356438	0.504869	2.525545	0.318706
35.500000	0	0.085668	0.003060	0.693785	0.049753
35.500000	1	1.338030	0.667351	2.011278	0.226119
35.750000	0	0.087032	0.003717	0.625038	0.049827
35.750000	1	1.396919	0.658876	2.293881	0.256696
36.000000	0	0.085077	0.010920	0.536741	0.044902
36.000000	1	1.324110	0.637808	2.472675	0.297581
36.250000	0	0.084655	0.008059	0.605599	0.048154
36.250000	1	1.306018	0.719700	2.919668	0.300824
36.500000	0	0.087358	0.003709	0.419409	0.048208
36.500000	1	1.369512	0.142826	2.615282	0.331725
36.750000	0	0.084508	0.003991	0.512585	0.046413
36.750000	1	1.343291	0.428939	2.268733	0.285604
37.000000	0	0.084608	0.004302	0.389370	0.045318
37.000000	1	1.333713	0.642663	2.211773	0.262956
37.250000	0	0.087499	0.011371	0.402906	0.044638
37.250000	1	1.411129	0.594064	2.430152	0.294522
37.500000	0	0.081654	0.009052	0.472612	0.040423
37.500000	1	1.318870	0.430846	2.486348	0.263661
37.750000	0	0.086669	0.006063	0.418324	0.047002
37.750000	1	1.344907	0.202858	2.386678	0.290740
38.000000	0	0.088317	0.014703	0.931249	0.059607
38.000000	1	1.322968	0.502798	2.366582	0.271576
38.250000	0	0.088285	0.005545	0.411901	0.047223
38.250000	1	1.329199	0.455890	2.068045	0.261262
38.500000	0	0.086865	0.013053	0.442914	0.042560
38.500000	1	1.301134	0.730586	2.558506	0.244931
38.750000	0	0.088802	0.006021	0.690609	0.054031
38.750000	1	1.345443	0.705910	2.262884	0.275544
39.000000	0	0.085378	0.000924	0.370678	0.041523
39.000000	1	1.327504	0.499336	2.270278	0.259151
39.250000	0	0.083687	0.008492	0.369381	0.042773
39.250000	1	1.331154	0.781838	2.051569	0.251467
39.500000	0	0.086198	0.016018	0.407495	0.047701
39.500000	1	1.324983	0.729109	2.150468	0.263612
39.750000	0	0.086062	0.009061	0.404593	0.043496
39.750000	1	1.284790	0.269205	2.194798	0.304693
40.000000	0	0.085845	0.004425	0.418231	0.045449
40.000000	1	1.328799	0.083930	2.632030	0.337601
40.250000	0	0.086959	0.005254	0.520999	0.050176
40.250000	1	1.369609	0.324942	2.118932	0.281789
40.500000	0	0.084233	0.000444	0.557912	0.046769
40.500000	1	1.317428	0.403346	2.437563	0.298652
40.750000	0	0.085910	0.003181	0.382765	0.043472
40.750000	1	1.329437	0.509730	2.475058	0.276706
41.000000	0	0.087445	0.006946	1.183074	0.071816
41.000000	1	1.339348	0.511735	2.838570	0.349508
41.250000	0	0.084217	0.011345	0.405059	0.041417
41.250000	1	1.331794	0.535628	2.294503	0.267982
41.500000	0	0.091702	0.001362	0.851238	0.064529
41.500000	1	1.330161	0.232706	2.859965	0.331029
41.750000	0	0.088398	0.008089	0.886543	0.053495
41.750000	1	1.333132	0.389468	2.554789	0.308058
42.000000	0	0.085325	0.006793	0.922333	0.053021
42.000000	1	1.351591	0.485353	2.527658	0.306562
42.250000	0	0.084924	0.007023	0.376545	0.043522
42.250000	1	1.327368	0.464148	1.826087	0.235723
42.500000	0	0.085693	0.010888	0.494763	0.047604
42.500000	1	1.343822	0.294602	2.633296	0.304367
42.750000	0	0.085870	0.004438	0.437580	0.042803
42.750000	1	1.313410	0.073263	2.509702	0.277637
43.000000	0	0.087979	0.018632	0.417751	0.041247
43.000000	1	1.328481	0.153697	2.582328	0.288667
43.250000	0	0.085284	0.006361	0.366193	0.041996
43.250000	1	1.376756	0.680357	2.214363	0.266137
43.500000	0	0.083848	0.007863	0.326012	0.040250
43.500000	1	1.327764	0.279110	3.024180	0.368430
43.750000	0	0.086571	0.006905	0.658431	0.049848
43.750000	1	1.344480	0.533981	2.676380	0.332132
44.000000	0	0.084851	0.001775	0.361685	0.042067
44.000000	1	1.303043	0.316639	2.383769	0.291233
44.250000	0	0.084537	0.004908	0.327627	0.042256
44.250000	1	1.373993	0.528655	3.013952	0.380272
44.500000	0	0.083584	0.010580	0.477314	0.042865
44.500000	1	1.316961	0.460442	2.317155	0.273223
44.750000	0	0.085440	0.011310	0.454727	0.044731
44.750000	1	1.311504	0.400550	2.379290	0.263730
45.000000	0	0.085873	0.004233	0.993880	0.055605
45.000000	1	1.354079	0.512884	3.362762	0.331129
45.250000	0	0.085238	0.009360	0.716085	0.050610
45.250000	1	1.318491	0.278724	2.043359	0.298292
45.500000	0	0.088916	0.009752	0.479888	0.049596
45.500000	1	1.313640	0.389155	2.084247	0.286805
45.750000	0	0.087464	0.008305	0.396751	0.045525
45.750000	1	1.332028	0.624173	2.033870	0.280555
46.000000	0	0.089305	0.010076	0.952999	0.062613
46.000000	1	1.348388	0.400482	2.545774	0.339998
46.250000	0	0.086709	0.001028	0.438004	0.048516
46.250000	1	1.357476	0.504113	2.323669	0.293429
46.500000	0	0.087524	0.007007	0.709235	0.053956
46.500000	1	1.313735	0.174424	2.065877	0.290627
46.750000	0	0.084735	0.003802	0.542310	0.045159
46.750000	1	1.337098	0.432328	2.739706	0.318837
47.000000	0	0.085691	0.009413	0.458211	0.042747
47.000000	1	1.351124	0.161987	2.240734	0.310003
47.250000	0	0.086723	0.007075	0.962900	0.055591
47.250000	1	1.287883	0.225654	2.073831	0.274854
47.500000	0	0.085097	0.014026	0.345670	0.043886
47.500000	1	1.336027	0.374258	2.001708	0.259388
47.750000	0	0.084732	0.009973	0.300680	0.038845
47.750000	1	1.338210	0.552513	2.540548	0.335095
48.000000	0	0.081729	0.011978	0.274681	0.036291
48.000000	1	1.343153	0.065858	2.699887	0.356255
48.250000	0	0.081936	0.014956	0.354178	0.036720
48.250000	1	1.355224	0.522323	2.254516	0.260159
48.500000	0	0.086017	0.011739	1.640511	0.070227
48.500000	1	1.336024	0.771173	2.764278	0.240489
48.750000	0	0.085755	0.014405	0.378487	0.041051
48.750000	1	1.351500	0.337487	2.594911	0.308878
49.000000	0	0.086891	0.007679	0.475106	0.050272
49.000000	1	1.331773	0.550394	2.437824	0.285604
49.250000	0	0.087511	0.004373	0.442179	0.048746
49.250000	1	1.330703	0.142996	2.090212	0.298304
49.500000	0	0.085191	0.008455	0.661314	0.049185
49.500000	1	1.356022	0.381964	2.244338	0.285093
49.750000	0	0.086906	0.001760	1.002897	0.053933
49.750000	1	1.363411	0.387536	2.519350	0.328358
50.000000	0	0.084333	0.010290	0.402356	0.041113
50.000000	1	1.282912	0.466168	3.504218	0.320400
50.250000	0	0.088828	0.001632	0.871813	0.061354
50.250000	1	1.327066	0.292533	2.018388	0.311599
50.500000	0	0.089634	0.003263	0.609405	0.060151
50.500000	1	1.355884	0.523171	2.393284	0.276918
50.750000	0	0.087640	0.016159	0.386896	0.044257
50.750000	1	1.311433	0.562441	2.177123	0.271137
51.000000	0	0.089750	0.008226	1.344913	0.066751
51.000000	1	1.381563	0.639650	2.830240	0.333500
51.250000	0	0.083534	0.008192	0.512334	0.043453
51.250000	1	1.301650	0.622966	2.035469	0.237955
51.500000	0	0.084723	0.008587	0.483130	0.044244
51.500000	1	1.396315	0.223184	2.813744	0.372067
51.750000	0	0.084923	0.006305	0.802994	0.048763
51.750000	1	1.330106	0.330891	2.168990	0.261438
52.000000	0	0.084171	0.008382	0.416018	0.043085
52.000000	1	1.327270	0.439414	2.463142	0.294700
52.250000	0	0.085792	0.005141	2.210530	0.090921
52.250000	1	1.341615	0.627048	3.024766	0.281469
52.500000	0	0.084983	0.005087	0.599756	0.045759
52.500000	1	1.335684	0.380483	2.540832	0.302737
52.750000	0	0.083662	0.002234	0.656514	0.046527
52.750000	1	1.320913	0.322481	2.559249	0.304825
53.000000	0	0.084759	0.010320	0.401225	0.040590
53.000000	1	1.326670	0.734854	2.142105	0.230552
53.250000	0	0.084361	0.012063	0.404746	0.041126
53.250000	1	1.301714	0.334556	1.924563	0.276638
53.500000	0	0.085168	0.010344	0.581532	0.048187
53.500000	1	1.340753	0.757155	2.467185	0.286021
53.750000	0	0.084409	0.006539	0.323916	0.042727
53.750000	1	1.329846	0.338176	2.579725	0.318538
54.000000	0	0.085609	0.013859	0.614134	0.048903
54.000000	1	1.326220	0.347755	2.071426	0.295149
54.250000	0	0.085191	0.005355	0.429706	0.048030
54.250000	1	1.280695	0.387184	2.048629	0.240623
54.500000	0	0.088069	0.002820	0.345048	0.047658
54.500000	1	1.289479	0.513011	2.309572	0.316717
54.750000	0	0.086941	0.006605	0.665303	0.050892
54.750000	1	1.329361	0.125634	2.648582	0.354777
55.000000	0	0.086064	0.012089	0.546372	0.048780
55.000000	1	1.319262	0.338640	1.937330	0.273481
55.250000	0	0.086287	0.009227	0.403458	0.043723
55.250000	1	1.306174	0.351398	2.119850	0.278299
55.500000	0	0.085829	0.008021	0.508904	0.046128
55.500000	1	1.350799	0.737230	2.076232	0.274487
55.750000	0	0.087077	0.005927	0.643873	0.052830
55.750000	1	1.429444	0.685776	2.696472	0.332085
56.000000	0	0.085370	0.005466	0.423710	0.041960
56.000000	1	1.320320	0.704040	2.733424	0.245577
56.250000	0	0.085699	0.006149	0.506951	0.050599
56.250000	1	1.337581	0.571676	2.302031	0.288963
56.500000	0	0.086717	0.006417	0.783225	0.055915
56.500000	1	1.347377	0.329549	2.138163	0.281067
56.750000	0	0.085531	0.003859	0.353241	0.042842
56.750000	1	1.333781	0.200672	2.490375	0.311954
57.000000	0	0.083394	0.008104	0.421750	0.042971
57.000000	1	1.336168	0.657712	1.939495	0.214692
57.250000	0	0.084699	0.005008	0.378049	0.040347
57.250000	1	1.290897	0.641965	1.927367	0.244209
57.500000	0	0.086538	0.004155	0.455436	0.047103
57.500000	1	1.332417	0.544357	2.226118	0.293938
57.750000	0	0.082088	0.005576	0.296909	0.039098
57.750000	1	1.330687	0.056376	2.746625	0.341294
58.000000	0	0.084765	0.010411	0.628568	0.046241
58.000000	1	1.367900	0.653804	2.551447	0.277205
58.250000	0	0.086223	0.015073	0.507754	0.046905
58.250000	1	1.316484	0.420777	2.225281	0.309597
58.500000	0	0.089196	0.006402	0.876681	0.058999
58.500000	1	1.335241	0.484966	2.734383	0.324599
58.750000	0	0.085355	0.014290	0.421729	0.045948
58.750000	1	1.319384	0.381395	2.624764	0.323879
59.000000	0	0.084617	0.007655	0.336145	0.041910
59.000000	1	1.268061	0.384610	2.461886	0.312550
59.250000	0	0.083229	0.013354	0.671677	0.048791
59.250000	1	1.332967	0.584611	2.246534	0.312641
59.500000	0	0.086483	0.007122	0.365034	0.043121
59.500000	1	1.338965	0.410804	2.463449	0.322522
59.750000	0	0.086014	0.002368	0.924909	0.054767
59.750000	1	1.330469	0.518526	2.152474	0.298228
60.000000	0	0.086005	0.004449	1.029294	0.055643
60.000000	1	1.323513	0.615342	2.412969	0.293967
60.250000	0	0.082078	0.008394	0.364550	0.038036
60.250000	1	1.308807	0.427116	2.589291	0.286077
60.500000	0	0.086902	0.004485	0.439082	0.045372
60.500000	1	1.353544	0.761606	2.284829	0.296617
60.750000	0	0.086758	0.013847	0.804239	0.057015
60.750000	1	1.397133	0.857294	3.092628	0.314481
61.000000	0	0.084207	0.008061	0.329211	0.039004
61.000000	1	1.344059	0.761044	2.222963	0.225793
61.250000	0	0.084006	0.004741	0.366484	0.042880
61.250000	1	1.287866	0.475394	2.677160	0.292372
61.500000	0	0.087366	0.003399	0.770810	0.051278
61.500000	1	1.340539	0.253703	2.167513	0.289289
61.750000	0	0.085205	0.005063	0.338994	0.039566
61.750000	1	1.315811	0.524945	2.323839	0.270815
62.000000	0	0.085999	0.006963	0.522193	0.047930
62.000000	1	1.349677	0.645707	2.361755	0.235746
62.250000	0	0.083158	0.007748	0.341882	0.039486
62.250000	1	1.346689	0.724242	2.248679	0.263611
62.500000	0	0.084594	0.002505	0.511241	0.045876
62.500000	1	1.324687	0.532170	2.623196	0.333041
62.750000	0	0.085418	0.007703	1.026632	0.060229
62.750000	1	1.355414	0.490302	2.678341	0.324704
63.000000	0	0.085713	0.001751	0.338420	0.041170
63.000000	1	1.360313	0.591300	2.417201	0.278406
63.250000	0	0.085649	0.002585	0.538736	0.046073
63.250000	1	1.363071	0.284731	2.532453	0.272162
63.500000	0	0.085948	0.006781	0.599929	0.053066
63.500000	1	1.350037	0.200734	2.714905	0.298922
63.750000	0	0.085912	0.002695	0.743479	0.049785
63.750000	1	1.310859	0.715889	2.601197	0.264161
64.000000	0	0.085105	0.010289	0.554233	0.046501
64.000000	1	1.370789	0.497805	2.075050	0.250006
64.250000	0	0.083842	0.007969	0.411939	0.041605
64.250000	1	1.378710	0.879611	3.083205	0.276931
64.500000	0	0.082188	0.009045	0.599630	0.045938
64.500000	1	1.325669	0.724854	2.024495	0.244162
64.750000	0	0.084916	0.006465	0.410318	0.046939
64.750000	1	1.383421	0.546320	2.142254	0.262800
65.000000	0	0.084423	0.011447	0.352860	0.040353
65.000000	1	1.349422	0.809867	2.544961	0.290512
65.250000	0	0.084161	0.008357	0.497556	0.043855
65.250000	1	1.326587	0.568188	2.628020	0.267078
65.500000	0	0.081726	0.007100	0.492467	0.042066
65.500000	1	1.366937	0.020740	2.957153	0.359660
65.750000	0	0.083715	0.009582	0.388176	0.041393
65.750000	1	1.369116	0.698127	2.344829	0.271260
66.000000	0	0.085385	0.010011	0.514410	0.043797
66.000000	1	1.373516	0.792254	2.962719	0.328629
66.250000	0	0.084278	0.006586	0.997261	0.060400
66.250000	1	1.369149	0.470887	3.328252	0.352995
66.500000	0	0.083126	0.004224	0.350249	0.040492
66.500000	1	1.332299	0.746395	2.565010	0.280559
66.750000	0	0.083627	0.002069	0.412035	0.042301
66.750000	1	1.373595	0.680212	2.215942	0.318411
67.000000	0	0.082831	0.005045	0.323197	0.039761
67.000000	1	1.363987	0.512892	2.461569	0.283458
67.250000	0	0.082274	0.011989	0.458281	0.045860
67.250000	1	1.313643	0.293749	2.141239	0.277269
67.500000	0	0.085468	0.007423	0.647573	0.050284
67.500000	1	1.372704	0.810765	2.458346	0.240695
67.750000	0	0.083240	0.004988	0.398765	0.042218
67.750000	1	1.285931	0.709803	2.134307	0.223617
68.000000	0	0.084042	0.006921	0.337172	0.041599
68.000000	1	1.700565	0.541760	22.014966	2.572074
68.250000	0	0.085002	0.015237	1.037279	0.058147
68.250000	1	1.330354	0.605293	2.149697	0.226652
68.500000	0	0.085182	0.008580	0.584986	0.047396
68.500000	1	1.342250	0.682838	1.971230	0.246556
68.750000	0	0.084386	0.008477	0.441362	0.042156
68.750000	1	1.336194	0.728111	2.038819	0.251805
69.000000	0	0.084632	0.008594	0.315644	0.042177
69.000000	1	1.311707	0.199786	3.349714	0.422057
69.250000	0	0.088217	0.008347	0.680032	0.053488
69.250000	1	1.353816	0.215947	2.636606	0.330870
69.500000	0	0.090218	0.010046	0.784184	0.059190
69.500000	1	1.384852	0.446401	2.471780	0.321504
69.750000	0	0.087321	0.008153	0.696645	0.051492
69.750000	1	1.302181	0.603862	2.468475	0.303162
70.000000	0	0.086074	0.004663	0.526664	0.052193
70.000000	1	1.371489	0.412707	2.519305	0.272273
70.250000	0	0.085563	0.006470	0.656201	0.050138
70.250000	1	1.355045	0.607975	3.012482	0.321878
70.500000	0	0.084829	0.004088	0.645198	0.050372
70.500000	1	1.326359	0.366085	2.402259	0.293179
70.750000	0	0.087749	0.010109	0.696847	0.058678
70.750000	1	1.339303	0.551361	2.979425	0.319421
71.000000	0	0.084843	0.004783	0.664536	0.054992
71.000000	1	1.335839	0.541525	2.530329	0.311428
71.250000	0	0.085226	0.010936	0.402043	0.045043
71.250000	1	1.335290	0.326260	2.444916	0.273672
71.500000	0	0.082377	0.005952	0.583915	0.044392
71.500000	1	1.331724	0.575983	2.472329	0.299543
71.750000	0	0.083678	0.005241	0.431845	0.041258
71.750000	1	1.323106	0.494783	2.085576	0.282430
72.000000	0	0.085491	0.003273	0.324443	0.041850
72.000000	1	1.337409	0.562985	2.409907	0.265566
72.250000	0	0.083588	0.001269	0.510175	0.042710
72.250000	1	1.582555	0.547434	20.126205	2.255563
72.500000	0	0.091504	0.011085	1.167343	0.075392
72.500000	1	1.318282	0.530434	2.489327	0.305204
72.750000	0	0.083773	0.007700	0.370946	0.039711
72.750000	1	1.338909	0.648019	2.551723	0.304016
73.000000	0	0.085408	0.009362	0.622284	0.049954
73.000000	1	1.319536	0.444448	2.714868	0.331049
73.250000	0	0.089018	0.006410	0.836587	0.060861
73.250000	1	1.324510	0.470448	2.236057	0.290871
73.500000	0	0.085770	0.010057	0.417679	0.042874
73.500000	1	1.319901	0.551659	2.391940	0.301086
73.750000	0	0.089505	0.005947	0.470881	0.053039
73.750000	1	1.319843	0.503563	2.123448	0.256180
74.000000	0	0.085806	0.005389	0.760043	0.046494
74.000000	1	1.330901	0.412323	2.303443	0.310133
74.250000	0	0.086234	0.011853	0.544779	0.046383
74.250000	1	1.323919	0.361102	2.137576	0.326610
74.500000	0	0.086043	0.008483	0.687411	0.052364
74.500000	1	1.344045	0.531970	2.472215	0.290675
74.750000	0	0.085132	0.006782	0.405224	0.042951
74.750000	1	1.348858	0.546794	2.396950	0.266747
75.000000	0	0.087037	0.021230	0.429157	0.046381
75.000000	1	1.341337	0.514266	2.608465	0.301538
75.250000	0	0.086926	0.005723	0.400535	0.045870
75.250000	1	1.343281	0.552886	2.190518	0.262837
75.500000	0	0.086535	0.010061	1.258149	0.064562
75.500000	1	1.361321	0.566947	2.442875	0.313892
75.750000	0	0.086696	0.007646	0.631889	0.047351
75.750000	1	1.327171	0.414833	2.583204	0.309424
76.000000	0	0.087234	0.006306	0.606276	0.053390
76.000000	1	1.384389	0.718964	2.870542	0.323644
76.250000	0	0.088821	0.008189	0.834297	0.056123
76.250000	1	1.286541	0.682820	2.405881	0.244025
76.500000	0	0.093144	0.002543	1.945557	0.088222
76.500000	1	1.383382	0.503192	2.872634	0.299441
76.750000	0	0.084552	0.007693	0.436965	0.044123
76.750000	1	1.332075	0.590180	2.370222	0.281417
77.000000	0	0.086145	0.005540	0.742777	0.054369
77.000000	1	1.373454	0.595695	2.405521	0.251881
77.250000	0	0.086342	0.004963	0.826016	0.059038
77.250000	1	1.318475	0.555762	2.432699	0.292389
77.500000	0	0.084480	0.004049	0.721281	0.051052
77.500000	1	1.283807	0.250202	2.502010	0.299541
77.750000	0	0.088477	0.005164	0.800715	0.055074
77.750000	1	1.310817	0.493990	2.364764	0.290363
78.000000	0	0.085170	0.004079	0.600230	0.050420
78.000000	1	1.413606	0.156667	2.430536	0.314101
78.250000	0	0.085379	0.006898	0.491376	0.044599
78.250000	1	1.316720	0.727480	2.413474	0.246532
78.500000	0	0.086666	0.003137	0.947802	0.054733
78.500000	1	1.339350	0.509044	2.285729	0.259192
78.750000	0	0.090708	0.007890	1.081626	0.069834
78.750000	1	1.351290	0.671634	2.578487	0.310673
79.000000	0	0.086970	0.015308	0.623166	0.056166
79.000000	1	1.341895	0.379524	2.522930	0.304352
79.250000	0	0.088589	0.015573	0.499606	0.050554
79.250000	1	1.390310	0.685339	2.533187	0.329626
79.500000	0	0.086874	0.001217	0.606405	0.047037
79.500000	1	1.299808	0.534974	2.424712	0.297949
79.750000	0	0.089388	0.009480	0.820551	0.059205
79.750000	1	1.387745	0.503033	4.312671	0.408769
80.000000	0	0.088270	0.001924	0.453662	0.052175
80.000000	1	1.344406	0.608876	3.125917	0.347941
80.250000	0	0.087213	0.008433	0.970625	0.058302
80.250000	1	1.345652	0.606829	2.429987	0.282333
80.500000	0	0.085325	0.010396	0.663807	0.049291
80.500000	1	1.313954	0.585512	2.490099	0.295316
80.750000	0	0.087652	0.007138	0.609587	0.055333
80.750000	1	1.333706	0.270497	2.262993	0.315462
81.000000	0	0.086005	0.002682	0.368720	0.043469
81.000000	1	1.313761	0.536258	2.388135	0.287218
81.250000	0	0.087892	0.002316	0.693187	0.052344
81.250000	1	1.333331	0.397463	2.721940	0.303715
81.500000	0	0.087703	0.011615	0.467719	0.047981
81.500000	1	1.328583	0.353215	2.053458	0.261896
81.750000	0	0.084589	0.006579	0.395832	0.043024
81.750000	1	1.337173	0.795134	2.233934	0.232628
82.000000	0	0.084409	0.003778	0.418537	0.042815
82.000000	1	1.325671	0.671495	2.541775	0.293941
82.250000	0	0.087331	0.001428	0.707886	0.052686
82.250000	1	1.341583	0.488438	2.497509	0.307994
82.500000	0	0.084190	0.004786	0.524518	0.048294
82.500000	1	1.291282	0.472802	2.388556	0.280547
82.750000	0	0.084853	0.006175	0.372550	0.040800
82.750000	1	1.382809	0.474238	2.563554	0.321851
83.000000	0	0.085589	0.005305	0.692074	0.046941
83.000000	1	1.295750	0.512224	2.207788	0.322103
83.250000	0	0.090344	0.006431	0.506250	0.053345
83.250000	1	1.306684	0.472989	2.178415	0.321574
83.500000	0	0.089554	0.009502	0.962162	0.065501
83.500000	1	1.318238	0.453650	2.430279	0.324095
83.750000	0	0.086863	0.004218	0.610064	0.048345
83.750000	1	1.411001	0.350220	2.743076	0.361155
84.000000	0	0.087316	0.005263	0.925794	0.054320
84.000000	1	1.299431	0.483305	2.082244	0.238721
84.250000	0	0.092812	0.007712	1.375145	0.080568
84.250000	1	1.320593	0.421802	2.715032	0.277862
84.500000	0	0.088538	0.010253	0.447163	0.052776
84.500000	1	1.369090	0.600461	2.459515	0.322496
84.750000	0	0.088097	0.011008	0.768954	0.057129
84.750000	1	1.337996	0.380227	2.864715	0.347254
85.000000	0	0.088873	0.002585	0.690935	0.058945
85.000000	1	1.275835	0.440206	1.975188	0.266819
85.250000	0	0.087764	0.004597	0.410241	0.048216
85.250000	1	1.356491	0.364232	2.710024	0.356019
85.500000	0	0.090115	0.008666	0.535893	0.057699
85.500000	1	1.333525	0.651694	2.239948	0.294291
85.750000	0	0.084909	0.001747	0.458154	0.050235
85.750000	1	1.345680	0.612429	2.075846	0.256413
86.000000	0	0.088559	0.010104	0.838096	0.060996
86.000000	1	1.368214	0.623360	2.975219	0.342132
86.250000	0	0.085832	0.003573	0.649327	0.053030
86.250000	1	1.342545	0.580414	2.070754	0.301393
86.500000	0	0.087618	0.009244	0.568439	0.050794
86.500000	1	1.360890	0.740581	2.805880	0.300576
86.750000	0	0.086818	0.005055	0.713018	0.054702
86.750000	1	1.372143	0.367741	2.316700	0.307755
87.000000	0	0.085564	0.003151	0.764767	0.052391
87.000000	1	1.340615	0.508335	2.105159	0.272779
87.250000	0	0.085657	0.006326	0.446778	0.045791
87.250000	1	1.347492	0.518521	2.425341	0.276559
87.500000	0	0.086498	0.002597	0.712449	0.052058
87.500000	1	1.339876	0.667744	2.452812	0.283429
87.750000	0	0.084791	0.006061	0.415506	0.044042
87.750000	1	1.364782	0.616693	2.638789	0.320887
88.000000	0	0.088031	0.012688	0.480128	0.049577
88.000000	1	1.330206	0.546641	2.165693	0.283856
88.250000	0	0.086832	0.008470	0.675922	0.048565
88.250000	1	1.334194	0.492985	2.501154	0.324065
88.500000	0	0.087762	0.004666	0.585893	0.055368
88.500000	1	1.363884	0.638872	4.309979	0.406172
88.750000	0	0.086775	0.003914	0.774055	0.049975
88.750000	1	1.379544	0.441101	3.704740	0.393006
89.000000	0	0.084903	0.015057	0.663226	0.048298
89.000000	1	1.325926	0.245685	2.376437	0.275568
89.250000	0	0.081134	0.008288	0.389339	0.035453
89.250000	1	1.329622	0.504601	2.622288	0.300346
89.500000	0	0.085270	0.006735	0.454275	0.045778
89.500000	1	1.380410	0.699575	2.563623	0.311968
89.750000	0	0.079769	0.007491	0.320674	0.036358
89.750000	1	1.351892	0.721416	2.660773	0.281886
90.000000	0	0.083404	0.007295	0.521165	0.043615
90.000000	1	1.287344	0.547563	1.824958	0.210845
90.250000	0	0.082937	0.005766	0.375064	0.041889
90.250000	1	1.269045	0.337910	1.870440	0.299172
90.500000	0	0.086828	0.004001	0.409656	0.045925
90.500000	1	1.336580	0.336036	3.175743	0.340065
90.750000	0	0.086456	0.007373	0.639292	0.048196
90.750000	1	1.375675	0.630066	3.252678	0.348689
91.000000	0	0.086953	0.004857	0.528307	0.051780
91.000000	1	1.355535	0.334588	2.374116	0.296902
91.250000	0	0.085769	0.007081	0.566995	0.043940
91.250000	1	1.370428	0.672574	2.187393	0.250456
91.500000	0	0.083742	0.018513	0.382463	0.039205
91.500000	1	1.342561	0.358455	2.183216	0.286793
91.750000	0	0.082861	0.004986	0.550522	0.044107
91.750000	1	1.368059	0.402013	2.630620	0.270977
92.000000	0	0.086062	0.005671	0.594613	0.047614
92.000000	1	1.332818	0.743684	2.498254	0.290899
92.250000	0	0.084796	0.003910	0.602264	0.049143
92.250000	1	1.348428	0.596568	2.825016	0.299068
92.500000	0	0.087961	0.011138	0.895713	0.055022
92.500000	1	1.347979	0.489430	2.468390	0.255684
92.750000	0	0.083149	0.000669	0.509129	0.041020
92.750000	1	1.297829	0.466526	2.519632	0.285093
93.000000	0	0.086375	0.008277	0.528449	0.046071
93.000000	1	1.349939	0.153966	2.811623	0.412167
93.250000	0	0.087051	0.005627	0.638688	0.052098
93.250000	1	1.315348	0.569653	2.417417	0.301767
93.500000	0	0.087569	0.004650	0.696983	0.053196
93.500000	1	1.384161	0.463356	2.216117	0.301912
93.750000	0	0.082999	0.005551	0.544146	0.046173
93.750000	1	1.286492	0.293149	1.905845	0.253364
94.000000	0	0.086246	0.005236	0.528768	0.047200
94.000000	1	1.321868	0.282107	2.522373	0.310903
94.250000	0	0.086707	0.006714	0.596976	0.051067
94.250000	1	1.364616	0.497593	2.221844	0.292200
94.500000	0	0.087585	0.007740	0.840282	0.061627
94.500000	1	1.308419	0.117742	2.606954	0.354892
94.750000	0	0.084365	0.013414	0.577147	0.045664
94.750000	1	1.361700	0.833659	2.205110	0.247676
95.000000	0	0.085773	0.007609	0.718931	0.048674
95.000000	1	1.355753	0.635461	1.962425	0.211809
95.250000	0	0.086919	0.002177	2.006804	0.083412
95.250000	1	1.387485	0.538981	2.965356	0.343900
95.500000	0	0.085721	0.005928	0.676538	0.045913
95.500000	1	1.367248	0.696202	2.604836	0.282931
95.750000	0	0.083820	0.005418	0.450620	0.043840
95.750000	1	1.306037	0.509564	1.884017	0.240791
96.000000	0	0.088891	0.005294	1.465504	0.073971
96.000000	1	1.351456	0.655871	2.394678	0.292612
96.250000	0	0.081554	0.008738	0.540664	0.043620
96.250000	1	1.343822	0.734962	2.133466	0.217106
96.500000	0	0.084421	0.006725	0.401944	0.041105
96.500000	1	1.329048	0.658628	2.101365	0.259012
96.750000	0	0.087796	0.003752	0.720769	0.050437
96.750000	1	1.376028	0.256297	2.298905	0.288453
97.000000	0	0.085231	0.011502	0.506815	0.043400
97.000000	1	1.331361	0.784350	2.196194	0.238978
97.250000	0	0.088547	0.008157	0.392345	0.048146
97.250000	1	1.370428	0.810266	2.297165	0.242580
97.500000	0	0.080604	0.006901	0.418223	0.040366
97.500000	1	1.313438	0.311223	2.148020	0.251112
97.750000	0	0.085733	0.006639	1.087589	0.064919
97.750000	1	1.339245	0.422238	2.790910	0.282601
98.000000	0	0.084427	0.002287	0.588498	0.044220
98.000000	1	1.322917	0.359711	2.640154	0.310817
98.250000	0	0.084988	0.013606	0.602572	0.050799
98.250000	1	1.366151	0.463951	2.510979	0.277920
98.500000	0	0.084172	0.005790	0.615258	0.045798
98.500000	1	1.353995	0.899546	2.142793	0.233278
98.750000	0	0.085359	0.003050	0.411073	0.042218
98.750000	1	1.328435	0.161359	2.722938	0.338469
99.000000	0	0.085390	0.002131	0.939029	0.057881
99.000000	1	1.356531	0.550629	2.899125	0.292879
99.250000	0	0.085828	0.008826	0.612206	0.048496
99.250000	1	1.290297	0.303281	2.363232	0.287238
99.500000	0	0.083099	0.001899	0.630459	0.045734
99.500000	1	1.353881	0.584853	2.156419	0.259684
99.750000	0	0.084039	0.002924	0.438150	0.041284
99.750000	1	1.297124	0.294015	1.976430	0.271407
100.000000	0	0.087953	0.009934	0.532596	0.046838
100.000000	1	1.327305	0.498721	3.525763	0.366092
100.250000	0	0.090508	0.003452	1.211503	0.066374
100.250000	1	1.308867	0.510242	2.801802	0.312869
100.500000	0	0.087498	0.010410	1.294559	0.068499
100.500000	1	1.345111	0.697368	2.380849	0.251707
100.750000	0	0.085887	0.011615	0.559683	0.050719
100.750000	1	1.364427	0.388964	2.388667	0.289622
101.000000	0	0.085918	0.003808	0.671025	0.049720
101.000000	1	1.333104	0.826500	2.131517	0.242765
101.250000	0	0.086227	0.005567	0.595161	0.050563
101.250000	1	1.310362	0.602910	2.182665	0.273715
101.500000	0	0.087901	0.005518	0.923283	0.060412
101.500000	1	1.319393	0.169852	2.613453	0.328314
101.750000	0	0.083175	0.002544	0.436072	0.041254
101.750000	1	1.333303	0.623047	2.482805	0.302665
102.000000	0	0.087470	0.003889	0.384742	0.045644
102.000000	1	1.334994	0.797903	1.913020	0.233193
102.250000	0	0.086598	0.004118	0.968390	0.054017
102.250000	1	1.343990	0.431951	2.227623	0.275774
102.500000	0	0.084458	0.001159	0.833057	0.050057
102.500000	1	1.337731	0.532837	2.946273	0.293750
102.750000	0	0.091738	0.007919	1.585504	0.078664
102.750000	1	1.310738	0.660604	2.363192	0.253857
103.000000	0	0.088352	0.011118	0.597489	0.055902
103.000000	1	1.340788	0.421340	2.205698	0.310418
103.250000	0	0.083928	0.006731	0.592615	0.045245
103.250000	1	1.323354	0.409325	2.158920	0.286634
103.500000	0	0.084057	0.008864	0.328782	0.040501
103.500000	1	1.320295	0.622310	2.558089	0.256172
103.750000	0	0.086462	0.002304	0.437873	0.045840
103.750000	1	1.323236	0.524185	2.954138	0.300602
104.000000	0	0.084089	0.004841	0.734987	0.046865
104.000000	1	1.334725	0.676770	3.973089	0.381507
104.250000	0	0.086758	0.009347	0.501721	0.050490
104.250000	1	1.335713	0.730238	2.021426	0.259728
104.500000	0	0.086041	0.000496	0.944199	0.053308
104.500000	1	1.317163	0.152214	2.159369	0.283979
104.750000	0	0.082629	0.003205	0.506968	0.043744
104.750000	1	1.324895	0.228801	2.352241	0.314520
105.000000	0	0.087008	0.001934	1.261507	0.061352
105.000000	1	1.373746	0.423037	2.666369	0.318396
105.250000	0	0.086058	0.007778	0.461541	0.045739
105.250000	1	1.369983	0.348224	2.191820	0.272302
105.500000	0	0.086802	0.006406	0.711294	0.053233
105.500000	1	1.329577	0.375397	2.626840	0.290229
105.750000	0	0.084309	0.006674	0.510039	0.041717
105.750000	1	1.342680	0.787281	2.029704	0.224944
106.000000	0	0.085334	0.005436	0.465183	0.044679
106.000000	1	1.639127	0.496321	21.217937	2.508205
106.250000	0	0.087414	0.015029	0.398057	0.045579
106.250000	1	1.348326	0.574449	2.909975	0.353264
106.500000	0	0.087154	0.005270	0.955239	0.059710
106.500000	1	1.361065	0.638457	3.060677	0.310457
106.750000	0	0.087065	0.010222	0.799115	0.051085
106.750000	1	1.320800	0.668915	1.984170	0.227821
107.000000	0	0.085061	0.006635	0.461730	0.045166
107.000000	1	1.335891	0.441026	2.284787	0.290538
107.250000	0	0.086990	0.014299	0.723386	0.050250
107.250000	1	1.353368	0.637389	3.442467	0.334072
107.500000	0	0.085657	0.008572	0.688300	0.052931
107.500000	1	1.300932	0.241092	2.373409	0.291651
107.750000	0	0.087195	0.003763	0.567687	0.052290
107.750000	1	1.343664	0.219852	2.368279	0.301041
108.000000	0	0.080668	0.004575	0.388296	0.037244
108.000000	1	1.300614	0.460349	2.915057	0.329709
108.250000	0	0.084732	0.002864	0.941340	0.052317
108.250000	1	1.332891	0.485799	2.686719	0.300993
108.500000	0	0.087431	0.006912	0.778409	0.050336
108.500000	1	1.322447	0.138778	2.727155	0.328979
108.750000	0	0.087725	0.006636	0.630054	0.051934
108.750000	1	1.350307	0.522616	2.540699	0.302248
109.000000	0	0.088105	0.012794	0.714060	0.058229
109.000000	1	1.313199	0.298568	2.180238	0.281685
109.250000	0	0.085665	0.008562	0.710784	0.054901
109.250000	1	1.363567	0.337282	2.428324	0.321393
109.500000	0	0.086012	0.001290	0.501392	0.050239
109.500000	1	1.370270	0.468276	3.466519	0.361870
109.750000	0	0.085975	0.003961	0.556541	0.045771
109.750000	1	1.317630	0.532529	2.451222	0.288053
110.000000	0	0.083937	0.006194	0.389448	0.043484
110.000000	1	1.378878	0.542495	3.233140	0.349606
110.250000	0	0.084875	0.008122	0.573061	0.051017
110.250000	1	1.338490	0.645810	2.416716	0.240592
110.500000	0	0.080804	0.007187	0.307386	0.037330
110.500000	1	1.307771	0.570207	2.129850	0.223579
110.750000	0	0.085490	0.010587	0.646640	0.050698
110.750000	1	1.353461	0.620196	3.037426	0.309918
111.000000	0	0.085644	0.003388	0.389489	0.046244
111.000000	1	1.302713	0.524209	2.025639	0.267514
111.250000	0	0.084860	0.005715	0.537625	0.045286
111.250000	1	1.316870	0.290868	2.284156	0.297983
111.500000	0	0.084148	0.000681	0.535509	0.046259
111.500000	1	1.309083	0.216535	2.587782	0.287406
111.750000	0	0.086094	0.002966	0.371819	0.046083
111.750000	1	1.315208	0.384933	1.985073	0.280215
112.000000	0	0.086076	0.011040	0.444514	0.045172
112.000000	1	1.300292	0.713677	1.826429	0.213202
112.250000	0	0.088746	0.001679	0.621358	0.049468
112.250000	1	1.337269	0.547504	3.025967	0.332717
112.500000	0	0.087191	0.005312	0.712509	0.055292
112.500000	1	1.317243	0.687526	1.911639	0.237438
112.750000	0	0.088241	0.002687	0.551595	0.057397
112.750000	1	1.343131	0.242760	2.153111	0.291876
113.000000	0	0.086700	0.005066	0.581935	0.048956
113.000000	1	1.310886	0.531245	2.073006	0.254765
113.250000	0	0.086584	0.003720	0.600974	0.051823
113.250000	1	1.365752	0.748478	2.605279	0.288285
113.500000	0	0.086698	0.005490	0.733158	0.051572
113.500000	1	1.322792	0.414914	2.436725	0.283043
113.750000	0	0.084146	0.011428	0.579962	0.048658
113.750000	1	1.360034	0.503404	2.840854	0.370094
114.000000	0	0.086251	0.009583	0.965451	0.060210
114.000000	1	1.370274	0.505431	2.735198	0.329645
114.250000	0	0.084545	0.002866	0.472165	0.046380
114.250000	1	1.311399	0.363638	2.413314	0.288108
114.500000	0	0.086066	0.003595	0.509683	0.046885
114.500000	1	1.320130	0.281964	2.442080	0.316743
114.750000	0	0.086074	0.008094	0.535688	0.050814
114.750000	1	1.326729	0.425155	2.061820	0.265383
115.000000	0	0.089010	0.008653	0.571389	0.052599
115.000000	1	1.379610	0.680884	3.173185	0.319539
115.250000	0	0.084696	0.003713	0.427448	0.041798
115.250000	1	1.286718	0.195631	2.426007	0.285737
115.500000	0	0.083311	0.015745	0.443448	0.044816
115.500000	1	1.338442	0.641103	2.242924	0.258189
115.750000	0	0.086448	0.013403	0.589942	0.053543
115.750000	1	1.365265	0.483714	2.115195	0.262331
116.000000	0	0.084254	0.008285	0.693267	0.046912
116.000000	1	1.363136	0.319335	3.511554	0.366265
116.250000	0	0.087857	0.007038	0.797266	0.055281
116.250000	1	1.326348	0.730699	1.997102	0.233828
116.500000	0	0.086079	0.006421	0.433365	0.049157
116.500000	1	1.354307	0.175692	2.682265	0.306336
116.750000	0	0.085060	0.003051	0.549643	0.046169
116.750000	1	1.340166	0.732760	2.053316	0.213865
117.000000	0	0.085786	0.008304	0.491365	0.045658
117.000000	1	1.323918	0.837437	2.120999	0.215802
117.250000	0	0.081488	0.010266	0.474151	0.040294
117.250000	1	1.365776	0.778197	2.427455	0.265847
117.500000	0	0.085813	0.005022	0.449303	0.042595
117.500000	1	1.368431	0.494549	3.705173	0.365477
117.750000	0	0.083693	0.007040	0.438234	0.040917
117.750000	1	1.365920	0.611256	2.314079	0.289088
118.000000	0	0.085878	0.002396	0.756897	0.050777
118.000000	1	1.351872	0.433545	2.272900	0.264385
118.250000	0	0.084176	0.006180	0.727095	0.050050
118.250000	1	1.329323	0.635007	2.256625	0.266990
118.500000	0	0.082458	0.010167	0.370284	0.040877
118.500000	1	1.321179	0.635704	2.235591	0.257910
118.750000	0	0.082924	0.005516	0.449603	0.042023
118.750000	1	1.348699	0.544330	2.455361	0.299673
119.000000	0	0.087367	0.010065	0.593076	0.051059
119.000000	1	1.400147	0.520510	2.587752	0.304661
119.250000	0	0.082630	0.007115	0.407602	0.038669
119.250000	1	1.342923	0.351676	2.784093	0.295897
119.500000	0	0.084678	0.007656	0.506791	0.044815
119.500000	1	1.388368	0.698547	4.665616	0.480138
119.750000	0	0.085773	0.003179	0.552905	0.050500
119.750000	1	1.376805	0.643011	2.613326	0.273295
120.000000	0	0.086635	0.006384	0.470824	0.041657
120.000000	1	1.333381	0.486085	2.152244	0.265923
120.250000	0	0.083932	0.006742	0.497083	0.042906
120.250000	1	1.320130	0.591441	2.614447	0.291052
120.500000	0	0.082482	0.001679	0.427116	0.043998
120.500000	1	1.302360	0.442648	2.280499	0.282048
120.750000	0	0.086347	0.008498	0.402033	0.046977
120.750000	1	1.293256	0.228459	2.070152	0.267778
121.000000	0	0.085656	0.002529	0.700990	0.047570
121.000000	1	1.340065	0.744014	3.100954	0.303719
121.250000	0	0.085338	0.005866	0.453990	0.047837
121.250000	1	1.380160	0.287637	3.609357	0.363776
121.500000	0	0.085551	0.005533	0.459305	0.045371
121.500000	1	1.335536	0.240220	2.572291	0.323701
121.750000	0	0.082557	0.005585	0.491865	0.041062
121.750000	1	1.347500	0.772903	2.451461	0.252900
122.000000	0	0.085778	0.004676	0.596095	0.048367
122.000000	1	1.377418	0.388829	2.886916	0.295258
122.250000	0	0.082193	0.004199	0.368193	0.040165
122.250000	1	1.317992	0.646615	2.041633	0.227703
122.500000	0	0.084950	0.009880	0.739120	0.049372
122.500000	1	1.313616	0.398262	2.607113	0.315900
122.750000	0	0.085128	0.002936	0.441154	0.041352
122.750000	1	1.349646	0.619058	2.357193	0.311159
123.000000	0	0.083086	0.007439	0.474505	0.043150
123.000000	1	1.299016	0.306746	2.539756	0.293589
123.250000	0	0.090053	0.006568	0.767425	0.059023
123.250000	1	1.310346	0.084914	1.992214	0.261742
123.500000	0	0.086792	0.003998	0.737921	0.053166
123.500000	1	1.342937	0.235736	2.479534	0.373546
123.750000	0	0.087038	0.000497	0.670591	0.050423
123.750000	1	1.340754	0.366390	2.827138	0.335115
124.000000	0	0.088346	0.009785	1.118229	0.058813
124.000000	1	1.324224	0.608900	2.056539	0.289358
124.250000	0	0.087381	0.011753	0.433038	0.046680
124.250000	1	1.386537	0.309779	4.112070	0.373549
124.500000	0	0.083892	0.010814	0.424446	0.040922
124.500000	1	1.343085	0.315450	2.388823	0.282915
124.750000	0	0.081551	0.007592	0.401076	0.037930
124.750000	1	1.341311	0.481018	2.757749	0.317175
125.000000	0	0.084014	0.006237	0.415655	0.043803
125.000000	1	1.343556	0.686886	2.955374	0.337802
125.250000	0	0.082263	0.007223	0.421703	0.039552
125.250000	1	1.335036	0.612678	3.172485	0.312299
125.500000	0	0.086555	0.003021	0.577163	0.048752
125.500000	1	1.327726	0.579165	2.250662	0.308103
125.750000	0	0.084983	0.001271	0.617430	0.049745
125.750000	1	1.340709	0.429468	2.090410	0.317918
126.000000	0	0.083749	0.009351	0.509766	0.045530
126.000000	1	1.342240	0.802528	2.011004	0.226152
126.250000	0	0.084130	0.003427	0.498165	0.043151
126.250000	1	1.336109	0.721008	3.525003	0.385890
126.500000	0	0.088742	0.005245	1.030446	0.059365
126.500000	1	1.365866	0.590948	2.100754	0.294705
126.750000	0	0.084454	0.007153	0.524665	0.044827
126.750000	1	1.358457	0.814315	2.022007	0.237694
127.000000	0	0.083951	0.003444	0.442919	0.044210
127.000000	1	1.370057	0.241457	3.044951	0.350716
127.250000	0	0.084153	0.003915	0.412539	0.041119
127.250000	1	1.322439	0.654652	2.080146	0.216758
127.500000	0	0.086151	0.006829	0.778647	0.056654
127.500000	1	1.385955	0.489910	2.458979	0.304249
127.750000	0	0.081693	0.013379	0.407361	0.040047
127.750000	1	1.366016	0.665804	2.802077	0.288469
128.000000	0	0.083147	0.005505	0.728094	0.047225
128.000000	1	1.334971	0.541468	2.444952	0.307351
128.250000	0	0.084611	0.002384	0.635735	0.051234
128.250000	1	1.370596	0.705178	2.574704	0.254966
128.500000	0	0.087132	0.003589	0.504748	0.050343
128.500000	1	1.356894	0.652472	2.034519	0.259142
128.750000	0	0.084290	0.005578	0.700371	0.049861
128.750000	1	1.370298	0.356531	2.891477	0.352215
129.000000	0	0.084249	0.004552	0.383077	0.043255
129.000000	1	1.329279	0.463522	2.187099	0.246542
129.250000	0	0.083481	0.009468	0.515046	0.047676
129.250000	1	1.327890	0.484217	2.523752	0.264872
129.500000	0	0.084233	0.006985	0.504534	0.044780
129.500000	1	1.353533	0.641200	2.109762	0.254730
129.750000	0	0.086447	0.008871	0.980469	0.063532
129.750000	1	1.361028	0.479971	2.020061	0.226261
130.000000	0	0.082043	0.006295	0.541990	0.044399
130.000000	1	1.335778	0.853186	2.000889	0.199407
130.250000	0	0.081436	0.005864	0.342142	0.035714
130.250000	1	1.301636	0.692254	2.712596	0.314020
130.500000	0	0.085330	0.003068	0.494232	0.047899
130.500000	1	1.339284	0.610402	2.292788	0.283037
130.750000	0	0.084287	0.006062	0.533939	0.043392
130.750000	1	1.350633	0.442515	4.561101	0.449071
131.000000	0	0.086272	0.008929	0.476195	0.047043
131.000000	1	1.329640	0.229005	2.143870	0.252062
131.250000	0	0.085557	0.001070	0.958239	0.058931
131.250000	1	1.309204	0.460093	2.264732	0.294942
131.500000	0	0.089447	0.002437	1.447807	0.072208
131.500000	1	1.348457	0.607175	2.770096	0.298805
131.750000	0	0.086472	0.007169	0.699404	0.055844
131.750000	1	1.322051	0.461579	2.181263	0.300511
132.000000	0	0.087671	0.004887	0.635842	0.056438
132.000000	1	1.303098	0.321440	1.967567	0.265056
132.250000	0	0.085273	0.007144	0.653685	0.050737
132.250000	1	1.313522	0.206593	2.035740	0.280258
132.500000	0	0.086885	0.007747	0.765704	0.053101
132.500000	1	1.370753	0.690127	2.404436	0.284013
132.750000	0	0.084396	0.009684	0.986037	0.055234
132.750000	1	1.345930	0.718268	2.276058	0.256528
133.000000	0	0.083954	0.007299	0.486767	0.042506
133.000000	1	1.348792	0.868821	2.671255	0.285638
133.250000	0	0.083834	0.005112	0.759978	0.048335
133.250000	1	1.348184	0.640532	2.405975	0.313383
133.500000	0	0.083931	0.004546	0.726316	0.046021
133.500000	1	1.318312	0.395203	2.085169	0.249282
133.750000	0	0.083813	0.004110	0.579534	0.046565
133.750000	1	1.378280	0.530141	3.403912	0.355412
134.000000	0	0.082131	0.009552	0.373228	0.039014
134.000000	1	1.365142	0.035035	2.171260	0.282909
134.250000	0	0.084286	0.006010	0.400156	0.041573
134.250000	1	1.323720	0.599639	1.940957	0.235652
134.500000	0	0.085731	0.004616	0.820913	0.056917
134.500000	1	1.350372	0.607289	2.435467	0.280289
134.750000	0	0.081478	0.003584	0.344619	0.036531
134.750000	1	1.271681	0.782424	1.902826	0.209892
135.000000	0	0.085883	0.007386	0.767894	0.052802
135.000000	1	1.317582	0.143259	2.571219	0.299637
135.250000	0	0.086108	0.003172	0.765597	0.061964
135.250000	1	1.311352	0.623852	2.097291	0.257629
135.500000	0	0.087062	0.011183	0.376989	0.044419
135.500000	1	1.341701	0.764348	2.540162	0.275008
135.750000	0	0.085546	0.007780	0.889005	0.057556
135.750000	1	1.328229	0.636749	2.260602	0.308587
136.000000	0	0.090288	0.008198	0.672844	0.056782
136.000000	1	1.321618	0.364287	2.633510	0.304472
136.250000	0	0.085497	0.005060	0.657190	0.048887
136.250000	1	1.351418	0.189297	3.052250	0.360635
136.500000	0	0.086722	0.003598	0.744137	0.049278
136.500000	1	1.310721	0.459383	2.539694	0.279917
136.750000	0	0.086662	0.009821	0.745221	0.052759
136.750000	1	1.325148	0.476782	2.355436	0.313155
137.000000	0	0.090570	0.005287	0.905959	0.070996
137.000000	1	1.365091	0.579865	3.887949	0.427940
137.250000	0	0.088420	0.013039	0.432202	0.048458
137.250000	1	1.372858	0.602270	2.465688	0.316869
137.500000	0	0.088366	0.005498	1.426211	0.070069
137.500000	1	1.277833	0.245024	2.240349	0.301964
137.750000	0	0.086479	0.002512	0.470755	0.048480
137.750000	1	1.345407	0.276956	2.304546	0.317831
138.000000	0	0.085215	0.008699	0.634379	0.043859
138.000000	1	1.356027	0.633711	2.099276	0.234729
138.250000	0	0.087713	0.012577	1.513628	0.075538
138.250000	1	1.344077	0.558007	3.321790	0.338835
138.500000	0	0.086147	0.005880	0.388618	0.044448
138.500000	1	1.317807	0.627820	2.242560	0.244862
138.750000	0	0.085872	0.010192	0.579316	0.047626
138.750000	1	1.329321	0.755675	2.195818	0.241000
139.000000	0	0.083399	0.007230	0.943025	0.052554
139.000000	1	1.322467	0.677905	1.965208	0.241717
139.250000	0	0.086914	0.001978	1.098009	0.058634
139.250000	1	1.295400	0.327259	2.133871	0.293498
139.500000	0	0.083896	0.004002	0.644372	0.044678
139.500000	1	1.342551	0.588901	3.592559	0.316311
139.750000	0	0.084947	0.007047	0.314144	0.040804
139.750000	1	1.291226	0.563528	1.787128	0.254738
140.000000	0	0.082786	0.005660	0.469056	0.042242
140.000000	1	1.324762	0.570918	2.109900	0.259109
140.250000	0	0.083047	0.008702	0.392036	0.036520
140.250000	1	1.329480	0.609292	2.170209	0.251814
140.500000	0	0.082587	0.004883	0.338855	0.037328
140.500000	1	1.289314	0.555161	2.202508	0.271441
140.750000	0	0.086501	0.005178	0.515546	0.044980
140.750000	1	1.332012	0.459890	2.908718	0.314468
141.000000	0	0.085667	0.008646	0.573743	0.049829
141.000000	1	1.398389	0.751097	2.785143	0.312275
141.250000	0	0.085546	0.005341	1.395554	0.067144
141.250000	1	1.371137	0.478762	2.267118	0.270634
141.500000	0	0.086813	0.005085	0.893987	0.055863
141.500000	1	1.289877	0.724699	1.913908	0.216812
141.750000	0	0.089109	0.008460	0.590988	0.053886
141.750000	1	1.360342	0.652193	2.600583	0.292720
142.000000	0	0.086002	0.020438	0.489487	0.046017
142.000000	1	1.286012	0.645801	2.455939	0.275521
142.250000	0	0.086500	0.013740	0.969941	0.055446
142.250000	1	1.320220	0.160506	3.197903	0.316031
142.500000	0	0.087494	0.007282	0.440373	0.049295
142.500000	1	1.305463	0.545091	2.072944	0.237365
142.750000	0	0.086448	0.004213	0.846349	0.059218
142.750000	1	1.316888	0.402042	2.581632	0.331352
143.000000	0	0.085633	0.010968	0.954592	0.058391
143.000000	1	1.347364	0.795855	2.195089	0.256615
143.250000	0	0.086278	0.009889	0.641184	0.048157
143.250000	1	1.373451	0.648809	2.728344	0.292598
143.500000	0	0.083733	0.004639	0.442056	0.041393
143.500000	1	1.295496	0.725042	2.160448	0.231196
143.750000	0	0.085337	0.004741	0.552583	0.050793
143.750000	1	1.350419	0.550565	2.260192	0.317799
144.000000	0	0.085184	0.005322	0.614329	0.046779
144.000000	1	1.350067	0.463477	2.369850	0.303618
144.250000	0	0.086660	0.008040	0.478326	0.047130
144.250000	1	1.334832	0.596715	2.380711	0.277179
144.500000	0	0.084035	0.006664	0.723543	0.049478
144.500000	1	1.328488	0.320676	3.439069	0.388490
144.750000	0	0.085753	0.006861	0.609947	0.051306
144.750000	1	1.375448	0.660520	2.849421	0.340547
145.000000	0	0.084495	0.004664	0.490369	0.045596
145.000000	1	1.353334	0.442490	2.450203	0.339985
145.250000	0	0.085209	0.006979	0.996691	0.060696
145.250000	1	1.280999	0.104371	2.600709	0.316193
145.500000	0	0.086334	0.004954	0.521571	0.044945
145.500000	1	1.335257	0.244449	2.488295	0.334132
145.750000	0	0.085281	0.009647	0.337170	0.041119
145.750000	1	1.316147	0.238065	2.044911	0.277620
146.000000	0	0.082665	0.006589	0.319433	0.039269
146.000000	1	1.363894	0.489563	2.973827	0.302356
146.250000	0	0.083784	0.006115	0.455872	0.042368
146.250000	1	1.344520	0.740493	2.303586	0.270741
146.500000	0	0.083679	0.009191	0.419614	0.042227
146.500000	1	1.365455	0.320909	2.282727	0.308150
146.750000	0	0.083901	0.006687	0.360419	0.040356
146.750000	1	1.379849	0.662518	5.118806	0.510947
147.000000	0	0.087967	0.002024	0.625237	0.053216
147.000000	1	1.345835	0.602151	2.635601	0.335041
147.250000	0	0.083770	0.013707	0.591028	0.045677
147.250000	1	1.343448	0.054918	2.636758	0.332119
147.500000	0	0.086657	0.003109	0.909200	0.054734
147.500000	1	1.365982	0.688192	2.753999	0.332272
147.750000	0	0.087550	0.003020	0.449358	0.046991
147.750000	1	1.284755	0.398904	2.185734	0.289366
148.000000	0	0.087399	0.006970	0.635890	0.055165
148.000000	1	1.341909	0.456224	2.238219	0.255018
148.250000	0	0.084558	0.007879	0.423592	0.045978
148.250000	1	1.368130	0.643620	2.737221	0.269024
148.500000	0	0.086519	0.005648	0.458749	0.045954
148.500000	1	1.318062	0.500373	2.395581	0.307079
148.750000	0	0.082267	0.003039	0.481739	0.043926
148.750000	1	1.312986	0.530092	2.533281	0.292667
149.000000	0	0.084557	0.006031	0.456950	0.046128
149.000000	1	1.336948	0.562458	2.327162	0.295337
149.250000	0	0.083564	0.003763	0.438658	0.044506
149.250000	1	1.326216	0.473376	2.258321	0.281304
149.500000	0	0.084636	0.008159	0.394561	0.042925
149.500000	1	1.315677	0.080511	2.673289	0.297708
149.750000	0	0.084865	0.003954	0.527515	0.047108
149.750000	1	1.311391	0.648160	2.262366	0.262396
150.000000	0	0.085900	0.009690	0.866077	0.057069
150.000000	1	1.336161	0.775114	2.938818	0.301273
150.250000	0	0.084424	0.005179	0.420166	0.045293
150.250000	1	1.331978	0.461261	2.209929	0.305128
150.500000	0	0.081917	0.010012	0.309432	0.037735
150.500000	1	1.276084	0.620571	1.791333	0.255812
150.750000	0	0.086836	0.004546	2.381622	0.096126
150.750000	1	1.343373	0.523055	3.272890	0.358938
151.000000	0	0.087266	0.005923	0.472198	0.046212
151.000000	1	1.351780	0.764472	2.358080	0.281610
151.250000	0	0.085649	0.006010	0.394736	0.041869
151.250000	1	1.400963	0.597558	2.565070	0.328625
151.500000	0	0.083958	0.004687	0.402025	0.038343
151.500000	1	1.315000	0.327766	2.121851	0.255639
151.750000	0	0.085953	0.012446	0.675601	0.051601
151.750000	1	1.311890	0.451924	2.782177	0.321852
152.000000	0	0.084477	0.007831	0.496641	0.045455
152.000000	1	1.352944	0.573095	2.190965	0.276025
152.250000	0	0.082265	0.003861	0.307130	0.038918
152.250000	1	1.366083	0.728303	2.050964	0.251567
152.500000	0	0.082811	0.009157	0.468393	0.043423
152.500000	1	1.322537	0.549898	2.296331	0.260328
152.750000	0	0.085687	0.002091	0.595166	0.048889
152.750000	1	1.534124	0.694348	10.711710	1.221176
153.000000	0	0.084340	0.010130	0.699039	0.045611
153.000000	1	1.319970	0.604000	2.680728	0.314368
153.250000	0	0.083494	0.004105	0.427990	0.041164
153.250000	1	1.368870	0.573675	5.114584	0.448253
153.500000	0	0.087247	0.013185	0.611172	0.051874
153.500000	1	1.332988	0.442940	2.277346	0.260101
153.750000	0	0.086221	0.012602	0.577065	0.051269
153.750000	1	1.353968	0.722020	2.240786	0.255062
154.000000	0	0.084072	0.003096	0.394482	0.043223
154.000000	1	1.310244	0.639395	1.885712	0.236029
154.250000	0	0.084473	0.007495	0.882326	0.054867
154.250000	1	1.293763	0.189984	2.295454	0.322183
154.500000	0	0.090326	0.012537	1.889760	0.086722
154.500000	1	1.378224	0.180788	3.330706	0.391162
154.750000	0	0.084718	0.004946	0.415643	0.045296
154.750000	1	1.312588	0.442845	2.330800	0.295289
155.000000	0	0.085143	0.012823	0.390482	0.041366
155.000000	1	1.338348	0.443488	2.703793	0.339540
155.250000	0	0.084349	0.007965	0.313298	0.043431
155.250000	1	1.331731	0.655962	2.591941	0.301074
155.500000	0	0.089502	0.003865	0.577226	0.052168
155.500000	1	1.339357	0.469343	2.514587	0.337785
155.750000	0	0.086519	0.003378	0.809248	0.054754
155.750000	1	1.310482	0.537535	2.011853	0.273601
156.000000	0	0.084350	0.013329	0.591771	0.043493
156.000000	1	1.336868	0.602320	2.178885	0.265074
156.250000	0	0.083890	0.012720	0.306261	0.039512
156.250000	1	1.324390	0.518389	1.932160	0.201736
156.500000	0	0.088662	0.002649	1.045141	0.065340
156.500000	1	1.373279	0.692814	2.879388	0.314153
156.750000	0	0.084416	0.003239	0.446815	0.044924
156.750000	1	1.331698	0.472298	2.180877	0.269245
157.000000	0	0.086166	0.006155	0.350831	0.043897
157.000000	1	1.376187	0.609952	2.171385	0.267085
157.250000	0	0.082831	0.008037	0.716621	0.044519
157.250000	1	1.323588	0.553112	2.280172	0.253524
157.500000	0	0.083827	0.007582	0.680065	0.048445
157.500000	1	1.349731	0.371217	3.204335	0.335234
157.750000	0	0.083947	0.012156	0.444458	0.040876
157.750000	1	1.328487	0.698041	2.109359	0.250357
158.000000	0	0.085875	0.014346	0.436466	0.044802
158.000000	1	1.299952	0.628285	2.323186	0.256811
158.250000	0	0.086259	0.006843	0.661212	0.050332
158.250000	1	1.364100	0.520476	2.625594	0.323892
158.500000	0	0.084636	0.006257	0.908842	0.051327
158.500000	1	1.358660	0.439075	2.391264	0.295526
158.750000	0	0.085206	0.004294	0.722868	0.052663
158.750000	1	1.323623	0.804755	2.291945	0.240347
159.000000	0	0.087976	0.002661	0.468764	0.049457
159.000000	1	1.317622	0.446897	2.210241	0.283824
159.250000	0	0.084634	0.008778	0.492544	0.043231
159.250000	1	1.375809	0.443164	2.473091	0.339003
159.500000	0	0.086700	0.008483	0.636828	0.050727
159.500000	1	1.321286	0.512234	2.195505	0.249429
159.750000	0	0.086356	0.012792	0.782370	0.056142
159.750000	1	1.336836	0.563570	2.070587	0.266136
160.000000	0	0.083389	0.006326	0.493036	0.043718
160.000000	1	1.360643	0.193492	2.592978	0.321600
160.250000	0	0.082548	0.002523	0.450414	0.041043
160.250000	1	1.350378	0.851736	5.168171	0.413796
160.500000	0	0.083395	0.004918	0.415160	0.041787
160.500000	1	1.339114	0.683510	2.170403	0.266042
160.750000	0	0.086609	0.007887	0.899737	0.055014
160.750000	1	1.374436	0.528409	4.141842	0.401445
161.000000	0	0.083474	0.010735	0.418068	0.042474
161.000000	1	1.330170	0.367256	2.313439	0.286614
161.250000	0	0.083918	0.014461	0.513253	0.043559
161.250000	1	1.328162	0.833611	2.385221	0.250782
161.500000	0	0.084997	0.014007	0.517790	0.042377
161.500000	1	1.348297	0.616817	2.498332	0.267843
161.750000	0	0.086002	0.000808	0.548285	0.048495
161.750000	1	1.362292	0.522273	2.184781	0.285855
162.000000	0	0.083628	0.005470	0.415699	0.041717
162.000000	1	1.338820	0.452018	2.873409	0.339285
162.250000	0	0.086567	0.013731	0.922974	0.056785
162.250000	1	1.359207	0.087632	2.605843	0.285835
162.500000	0	0.082383	0.007236	0.355893	0.037189
162.500000	1	1.315892	0.297022	1.943858	0.232915
162.750000	0	0.084078	0.016827	0.346620	0.037481
162.750000	1	1.374742	0.611586	2.808611	0.312805
163.000000	0	0.096483	0.005146	8.629976	0.321691
163.000000	1	1.438454	0.154544	9.290982	0.811021
163.250000	0	0.086400	0.001434	0.903523	0.059167
163.250000	1	1.358842	0.577711	2.488467	0.278760
163.500000	0	0.084300	0.003311	0.515273	0.047038
163.500000	1	1.335748	0.683134	2.278138	0.266110
163.750000	0	0.083972	0.003738	0.704404	0.049689
163.750000	1	1.382688	0.580526	2.537643	0.294317
164.000000	0	0.080864	0.001881	0.422647	0.037699
164.000000	1	1.337586	0.844570	2.145015	0.265094
164.250000	0	0.083856	0.003165	0.533211	0.048759
164.250000	1	1.314762	0.669758	1.839100	0.210605
164.500000	0	0.083850	0.012710	0.409123	0.041502
164.500000	1	1.291477	0.349907	2.137010	0.289572
164.750000	0	0.084176	0.008701	0.552736	0.047010
164.750000	1	1.384823	0.667278	2.566804	0.320314
165.000000	0	0.083827	0.009039	0.725222	0.049398
165.000000	1	1.323389	0.624056	2.041322	0.264842
165.250000	0	0.082531	0.002207	0.356852	0.038156
165.250000	1	1.323452	0.652638	2.629273	0.271965
165.500000	0	0.086845	0.011890	0.433781	0.046046
165.500000	1	1.385432	0.273010	3.040249	0.311551
165.750000	0	0.083304	0.006777	0.564104	0.042795
165.750000	1	1.319733	0.662859	2.106595	0.249804
166.000000	0	0.085753	0.008302	0.449365	0.048277
166.000000	1	1.342562	0.495567	2.253864	0.301436
166.250000	0	0.089393	0.010161	1.326980	0.066239
166.250000	1	1.354817	0.416629	2.224835	0.278003
166.500000	0	0.084166	0.010084	0.514274	0.042548
166.500000	1	1.343081	0.654533	2.672439	0.302910
166.750000	0	0.084045	0.005664	0.375797	0.043435
166.750000	1	1.309279	0.524403	2.560610	0.303538
167.000000	0	0.085740	0.004879	0.439680	0.043326
167.000000	1	1.304467	0.226471	2.305671	0.294808
167.250000	0	0.087988	0.006011	0.448138	0.048785
167.250000	1	1.327676	0.360264	2.230620	0.285147
167.500000	0	0.084398	0.008224	0.384884	0.045982
167.500000	1	1.315477	0.556395	2.109994	0.267544
167.750000	0	0.095883	0.008145	1.137312	0.085834
167.750000	1	1.349531	0.165814	2.655599	0.373802
168.000000	0	0.086828	0.007756	0.549124	0.053699
168.000000	1	1.319357	0.382529	2.313897	0.302394
168.250000	0	0.084774	0.004637	0.395405	0.040620
168.250000	1	1.350769	0.880474	2.173523	0.232534
168.500000	0	0.084502	0.008199	0.488913	0.044617
168.500000	1	1.362363	0.350789	2.038800	0.284681
168.750000	0	0.086056	0.004975	0.477106	0.047180
168.750000	1	1.312261	0.435513	2.360367	0.241133
169.000000	0	0.085445	0.013757	0.714606	0.047018
169.000000	1	1.284304	0.271282	2.160227	0.272183
169.250000	0	0.086983	0.004400	1.593249	0.074641
169.250000	1	1.356586	0.470456	2.468165	0.308260
169.500000	0	0.086799	0.007355	0.591712	0.050109
169.500000	1	1.397879	0.630314	4.727901	0.483543
169.750000	0	0.085309	0.006775	0.405425	0.041769
169.750000	1	1.313446	0.469993	2.210367	0.255828
170.000000	0	0.085187	0.008880	0.871648	0.049735
170.000000	1	1.382996	0.564330	3.154402	0.354703
170.250000	0	0.085220	0.005734	0.499749	0.046381
170.250000	1	1.344287	0.341744	2.330497	0.282821
170.500000	0	0.084616	0.005897	0.410252	0.044553
170.500000	1	1.356421	0.657950	2.974410	0.303363
170.750000	0	0.083568	0.010827	0.560217	0.045348
170.750000	1	1.369572	0.724425	2.897377	0.287985
171.000000	0	0.084307	0.003672	0.683687	0.046468
171.000000	1	1.278933	0.258798	2.096873	0.284914
171.250000	0	0.088347	0.001453	0.650046	0.056697
171.250000	1	1.323803	0.431703	2.610655	0.307522
171.500000	0	0.085473	0.016374	0.747171	0.055147
171.500000	1	1.325632	0.280652	2.176223	0.279354
171.750000	0	0.086702	0.008669	0.551346	0.048896
171.750000	1	1.316549	0.485639	2.871408	0.295711
172.000000	0	0.084099	0.008155	0.451741	0.042262
172.000000	1	1.344481	0.284946	2.120567	0.259876
172.250000	0	0.084749	0.006175	0.390888	0.045566
172.250000	1	1.377189	0.663604	3.136177	0.300050
172.500000	0	0.082938	0.010217	0.415219	0.040117
172.500000	1	1.326380	0.594847	1.956336	0.209984
172.750000	0	0.085650	0.000930	0.573257	0.047300
172.750000	1	1.320515	0.411457	2.070911	0.263358
173.000000	0	0.082132	0.013216	0.452995	0.038193
173.000000	1	1.344335	0.231149	3.541133	0.365867
173.250000	0	0.083467	0.012770	0.636290	0.046006
173.250000	1	1.346904	0.397119	2.680391	0.332821
173.500000	0	0.084256	0.005114	0.389639	0.043246
173.500000	1	1.388822	0.414806	2.299367	0.320465
173.750000	0	0.082999	0.004470	0.465533	0.040249
173.750000	1	1.328743	0.501057	2.460942	0.356832
174.000000	0	0.083805	0.003922	0.482000	0.040674
174.000000	1	1.390527	0.411980	2.868151	0.314199
174.250000	0	0.082469	0.007766	0.613736	0.044021
174.250000	1	1.289119	0.662860	2.327841	0.238973
174.500000	0	0.088585	0.006617	0.375751	0.048093
174.500000	1	1.334507	0.484232	2.161663	0.303127
174.750000	0	0.084057	0.007440	0.607513	0.048814
174.750000	1	1.316454	0.641591	2.341431	0.299390
175.000000	0	0.087291	0.011980	0.583210	0.046884
175.000000	1	1.340884	0.323933	2.166707	0.266230
175.250000	0	0.084003	0.012420	0.586744	0.045112
175.250000	1	1.312464	0.443574	2.194472	0.294496
175.500000	0	0.081514	0.005511	0.625489	0.042940
175.500000	1	1.311719	0.228346	2.549823	0.339714
175.750000	0	0.085329	0.005566	0.630026	0.050718
175.750000	1	1.314206	0.133562	2.589796	0.301938
176.000000	0	0.089374	0.008384	0.731643	0.060387
176.000000	1	1.403255	0.633828	4.497111	0.455109
176.250000	0	0.086827	0.007437	0.616944	0.053039
176.250000	1	1.315950	0.164947	2.419263	0.327782
176.500000	0	0.084841	0.011528	0.660069	0.045801
176.500000	1	1.352713	0.122283	2.930295	0.337225
176.750000	0	0.084262	0.005782	0.676846	0.048367
176.750000	1	1.383118	0.816390	2.387279	0.288561
177.000000	0	0.083519	0.002697	0.665396	0.046628
177.000000	1	1.363694	0.548260	2.501182	0.288648
177.250000	0	0.082213	0.009607	0.360218	0.040276
177.250000	1	1.328210	0.343540	2.368860	0.297195
177.500000	0	0.086239	0.003011	0.458783	0.049744
177.500000	1	1.308006	0.668272	2.236744	0.249607
177.750000	0	0.087472	0.014789	0.921749	0.056750
177.750000	1	1.320347	0.208211	3.218808	0.401676
178.000000	0	0.088608	0.010458	0.489481	0.053412
178.000000	1	1.423690	0.855620	3.039597	0.373271
178.250000	0	0.083560	0.003190	0.509621	0.044347
178.250000	1	1.318422	0.622405	2.179945	0.249610
178.500000	0	0.084458	0.008978	0.537930	0.046949
178.500000	1	1.318232	0.649945	2.304760	0.270789
178.750000	0	0.084372	0.004882	0.399435	0.041328
178.750000	1	1.296253	0.607833	1.887078	0.255930
179.000000	0	0.084822	0.003510	0.563324	0.050955
179.000000	1	1.256066	0.694659	2.078743	0.244016
179.250000	0	0.088448	0.009737	0.699312	0.052052
179.250000	1	1.374183	0.607753	2.840631	0.346445
179.500000	0	0.086088	0.004810	0.517077	0.047332
179.500000	1	1.354288	0.395379	2.400459	0.329863
179.750000	0	0.086303	0.020370	0.732754	0.051339
179.750000	1	1.354988	0.665435	2.390944	0.286057
180.000000	0	0.084349	0.000776	0.407360	0.039578
180.000000	1	1.332977	0.128564	2.187293	0.268276
180.250000	0	0.085947	0.005009	0.359392	0.045009
180.250000	1	1.307474	0.619385	2.301624	0.252758
180.500000	0	0.082837	0.005976	0.346997	0.038778
180.500000	1	1.281758	0.643418	2.750811	0.291381
180.750000	0	0.088041	0.004909	0.909542	0.065808
180.750000	1	1.351190	0.493429	2.237592	0.316696
181.000000	0	0.082444	0.011848	0.387983	0.036997
181.000000	1	1.352502	0.537834	3.185474	0.342444
181.250000	0	0.085875	0.001848	0.947739	0.057419
181.250000	1	1.367155	0.533019	2.877195	0.303490
181.500000	0	0.081384	0.002666	0.664731	0.043432
181.500000	1	1.325797	0.221411	2.414707	0.257434
181.750000	0	0.085579	0.008043	0.892739	0.053723
181.750000	1	1.303849	0.576244	2.502554	0.304045
182.000000	0	0.086318	0.014815	0.717394	0.054638
182.000000	1	1.352608	0.523798	2.401253	0.308331
182.250000	0	0.087916	0.003547	1.643723	0.079844
182.250000	1	1.380293	0.741984	4.032826	0.355522
182.500000	0	0.085284	0.006250	0.444550	0.044210
182.500000	1	1.356485	0.368838	2.703435	0.285324
182.750000	0	0.080298	0.009543	0.289340	0.035236
182.750000	1	1.361566	0.462589	2.557506	0.319887
183.000000	0	0.086113	0.009437	0.727537	0.048512
183.000000	1	1.320422	0.694336	2.534816	0.280917
183.250000	0	0.087341	0.004486	1.126282	0.063649
183.250000	1	1.424748	0.832577	7.098759	0.693593
183.500000	0	0.084492	0.009931	0.514115	0.046401
183.500000	1	1.362313	0.541660	2.434194	0.303705
183.750000	0	0.084864	0.003045	0.382839	0.044101
183.750000	1	1.316907	0.481499	2.268141	0.287768
184.000000	0	0.083271	0.011817	0.772650	0.049083
184.000000	1	1.392070	0.554744	6.478588	0.636206
184.250000	0	0.087307	0.003906	2.099366	0.089689
184.250000	1	1.344315	0.721185	2.455260	0.264254
184.500000	0	0.085986	0.007488	0.908717	0.060490
184.500000	1	1.292854	0.765828	2.726013	0.259565
184.750000	0	0.086900	0.007919	0.829100	0.060389
184.750000	1	1.296265	0.446345	1.907756	0.253038
185.000000	0	0.086820	0.012453	0.445267	0.047465
185.000000	1	1.363765	0.602673	2.052691	0.247967
185.250000	0	0.083908	0.007975	0.331994	0.040072
185.250000	1	1.306493	0.404622	1.837374	0.236400
185.500000	0	0.085428	0.012788	0.532944	0.049082
185.500000	1	1.388390	0.391868	3.007870	0.364394
185.750000	0	0.083536	0.004099	0.388041	0.038880
185.750000	1	1.384177	0.521381	4.079418	0.479532
186.000000	0	0.085760	0.006655	0.968766	0.055163
186.000000	1	1.378220	0.596289	2.979279	0.298423
186.250000	0	0.087096	0.013212	0.541952	0.045265
186.250000	1	1.304152	0.456191	2.159126	0.249433
186.500000	0	0.083602	0.002849	0.401636	0.042822
186.500000	1	1.312668	0.428849	2.629315	0.303836
186.750000	0	0.090877	0.007221	0.996681	0.066394
186.750000	1	1.355311	0.271279	2.525350	0.341266
187.000000	0	0.084153	0.008454	0.352114	0.040790
187.000000	1	1.350307	0.418812	2.702136	0.284824
187.250000	0	0.086505	0.008536	0.557514	0.044713
187.250000	1	1.357507	0.533778	5.130952	0.511664
187.500000	0	0.085430	0.007873	0.761029	0.051514
187.500000	1	1.314322	0.230197	2.154005	0.305393
187.750000	0	0.085465	0.006090	0.531819	0.049363
187.750000	1	1.329337	0.264618	2.993070	0.339057
188.000000	0	0.088250	0.009425	1.327056	0.071194
188.000000	1	1.332016	0.533535	2.506782	0.301829
188.250000	0	0.082498	0.003227	0.320112	0.039616
188.250000	1	1.308107	0.292093	2.494306	0.304391
188.500000	0	0.083789	0.008009	0.384814	0.038701
188.500000	1	1.344885	0.664484	3.605522	0.364796
188.750000	0	0.084685	0.007237	0.441341	0.046254
188.750000	1	1.350257	0.490579	2.416260	0.309980
189.000000	0	0.084131	0.008720	0.745133	0.049202
189.000000	1	1.299463	0.666163	2.302619	0.274378
189.250000	0	0.084932	0.005770	0.392977	0.047215
189.250000	1	1.340440	0.823995	2.563915	0.270271
189.500000	0	0.084031	0.011603	0.694977	0.049603
189.500000	1	1.415967	0.633674	3.668624	0.409806
189.750000	0	0.084386	0.000657	0.660517	0.047995
189.750000	1	1.333612	0.460767	1.921012	0.237106
190.000000	0	0.083262	0.006250	0.398977	0.039377
190.000000	1	1.288188	0.535815	1.868203	0.244516
190.250000	0	0.082830	0.013911	0.378974	0.040979
190.250000	1	1.354125	0.560347	2.297593	0.267182
190.500000	0	0.084998	0.007348	0.638047	0.050292
190.500000	1	1.349862	0.406311	2.479649	0.253476
190.750000	0	0.086313	0.008562	0.459204	0.047980
190.750000	1	1.311741	0.469746	2.137809	0.268659
191.000000	0	0.089023	0.014542	0.575289	0.052359
191.000000	1	1.365080	0.665942	2.931825	0.300592
191.250000	0	0.085918	0.016059	0.445045	0.044510
191.250000	1	1.349746	0.917352	1.958594	0.227770
191.500000	0	0.086219	0.010979	0.451066	0.042747
191.500000	1	1.361279	0.699792	3.072257	0.297982
191.750000	0	0.085327	0.002263	0.784959	0.050264
191.750000	1	1.318708	0.621837	3.544919	0.358137
192.000000	0	0.085436	0.006084	0.633924	0.050644
192.000000	1	1.330598	0.791780	2.016556	0.224204
192.250000	0	0.085356	0.018498	0.936495	0.054312
192.250000	1	1.312881	0.515670	2.049806	0.254915
192.500000	0	0.085144	0.005780	0.512130	0.047270
192.500000	1	1.292753	0.454509	2.175811	0.287177
192.750000	0	0.086102	0.004254	0.603394	0.051475
192.750000	1	1.384326	0.727328	2.634949	0.309303
193.000000	0	0.085935	0.017142	0.669716	0.047014
193.000000	1	1.293259	0.675563	2.088432	0.245618
193.250000	0	0.086911	0.009200	0.916287	0.057587
193.250000	1	1.447061	0.365763	8.015823	0.854711
193.500000	0	0.089962	0.002776	0.855958	0.058602
193.500000	1	1.348324	0.656876	2.488002	0.272001
193.750000	0	0.088331	0.002169	1.143295	0.064561
193.750000	1	1.358761	0.539497	1.861604	0.229554
194.000000	0	0.085898	0.008166	0.596705	0.049730
194.000000	1	1.349938	0.307047	3.456169	0.328119
194.250000	0	0.084426	0.004593	0.376505	0.043450
194.250000	1	1.288792	0.400895	2.272611	0.284194
194.500000	0	0.088222	0.017182	0.797706	0.056534
194.500000	1	1.449319	0.482361	6.066726	0.657185
194.750000	0	0.086507	0.005211	0.408781	0.046212
194.750000	1	1.340965	0.238388	2.395246	0.322788
195.000000	0	0.086684	0.010749	0.911024	0.062299
195.000000	1	1.324340	0.539890	2.781077	0.323070
195.250000	0	0.085902	0.010483	0.423924	0.046294
195.250000	1	1.400712	0.278414	6.856442	0.722509
195.500000	0	0.086077	0.009629	0.666122	0.053314
195.500000	1	1.354554	0.320613	2.232032	0.311495
195.750000	0	0.085366	0.005718	0.985032	0.052188
195.750000	1	1.302212	0.419391	2.327047	0.288167
196.000000	0	0.084905	0.008394	0.533959	0.044525
196.000000	1	1.394610	0.533645	4.194777	0.455273
196.250000	0	0.086835	0.002485	0.407109	0.048148
196.250000	1	1.342983	0.526200	2.430875	0.291427
196.500000	0	0.086388	0.007216	0.460005	0.046536
196.500000	1	1.310243	0.596072	2.180955	0.281958
196.750000	0	0.087023	0.008143	1.269536	0.061917
196.750000	1	1.294936	0.411595	1.871093	0.235992
197.000000	0	0.087225	0.005945	0.462084	0.048730
197.000000	1	1.544985	0.513175	14.667096	1.713036
197.250000	0	0.084646	0.000528	0.357851	0.045607
197.250000	1	1.313195	0.595577	2.274280	0.260930
197.500000	0	0.087670	0.008457	1.041039	0.063379
197.500000	1	1.396770	0.487015	2.291948	0.325349
197.750000	0	0.087021	0.004880	0.478183	0.049073
197.750000	1	1.339046	0.323821	2.616603	0.321977
198.000000	0	0.085911	0.001573	0.388333	0.047561
198.000000	1	1.299908	0.172441	2.143815	0.275016
198.250000	0	0.085546	0.009868	0.539319	0.050072
198.250000	1	1.393800	0.466307	3.176479	0.386482
198.500000	0	0.085629	0.005432	0.660206	0.050587
198.500000	1	1.307885	0.553593	2.425718	0.286986
198.750000	0	0.085875	0.005246	0.507414	0.045291
198.750000	1	1.351608	0.481059	2.694655	0.317430
199.000000	0	0.082226	0.003336	0.396445	0.039651
199.000000	1	1.351862	0.375785	3.181963	0.346368
199.250000	0	0.083883	0.004182	0.708656	0.047384
199.250000	1	1.369534	0.889873	2.865321	0.271048
199.500000	0	0.084680	0.008570	0.908188	0.052727
199.500000	1	1.300402	0.326652	2.811960	0.341042
199.750000	0	0.080912	0.009026	0.317909	0.036939
199.750000	1	1.312718	0.723041	2.046016	0.236199
200.000000	0	0.084474	0.007553	0.360985	0.039521
200.000000	1	1.329655	0.647124	2.310420	0.263860
200.250000	0	0.083898	0.008484	0.452085	0.042947
200.250000	1	1.339966	0.480984	3.271464	0.352151
200.500000	0	0.083461	0.002388	0.661395	0.046085
200.500000	1	1.346608	0.156013	3.091981	0.329286
200.750000	0	0.085351	0.006820	0.637283	0.045658
200.750000	1	1.361467	0.579501	2.045076	0.262427
201.000000	0	0.081456	0.000718	0.348976	0.038597
201.000000	1	1.369868	0.635917	2.170456	0.244364
201.250000	0	0.083406	0.010377	0.528463	0.041810
201.250000	1	1.357818	0.874002	2.389379	0.246657
201.500000	0	0.081115	0.003833	0.289163	0.035455
201.500000	1	1.365506	0.485141	2.558569	0.285844
201.750000	0	0.081046	0.002907	0.446081	0.037971
201.750000	1	1.322469	0.334170	2.370854	0.266285
202.000000	0	0.083456	0.002193	0.708903	0.046388
202.000000	1	1.340189	0.292022	3.026900	0.299566
202.250000	0	0.085561	0.004456	0.917484	0.054796
202.250000	1	1.374290	0.486367	2.748603	0.341260
202.500000	0	0.083016	0.009270	0.430483	0.042492
202.500000	1	1.354126	0.468128	2.255754	0.259252
202.750000	0	0.085866	0.005920	0.583513	0.049892
202.750000	1	1.346957	0.734448	2.390786	0.265636
203.000000	0	0.082527	0.009152	0.290380	0.036685
203.000000	1	1.379525	0.359116	2.481701	0.326362
203.250000	0	0.078399	0.004954	0.300676	0.032131
203.250000	1	1.326669	0.742597	2.420759	0.249443
203.500000	0	0.082445	0.009169	0.375210	0.039646
203.500000	1	1.351246	0.445621	4.567939	0.419158
203.750000	0	0.084465	0.015292	0.551913	0.045252
203.750000	1	1.356213	0.382111	3.043705	0.346029
204.000000	0	0.082028	0.010100	0.359754	0.040183
204.000000	1	1.284896	0.448779	1.963854	0.250900
204.250000	0	0.083813	0.003965	0.682062	0.047752
204.250000	1	1.348924	0.433326	2.976173	0.309277
204.500000	0	0.085783	0.002890	0.456963	0.046488
204.500000	1	1.380633	0.235897	3.294178	0.339610
204.750000	0	0.084995	0.010976	0.577764	0.050727
204.750000	1	1.322554	0.345042	2.069032	0.248543
205.000000	0	0.082975	0.005201	0.406338	0.040013
205.000000	1	1.356461	0.830253	2.451930	0.282147
205.250000	0	0.086466	0.008158	0.867998	0.058618
205.250000	1	1.338028	0.517829	2.199968	0.274402
205.500000	0	0.085924	0.004140	0.773256	0.052790
205.500000	1	1.305829	0.643665	2.031223	0.228132
205.750000	0	0.084180	0.008335	0.315377	0.040826
205.750000	1	1.374183	0.508843	3.183414	0.399106
206.000000	0	0.087739	0.005279	1.089557	0.060411
206.000000	1	1.286187	0.364878	3.111317	0.329866
206.250000	0	0.086658	0.000585	0.455813	0.047960
206.250000	1	1.357928	0.351298	2.778614	0.347534
206.500000	0	0.086423	0.009046	0.769675	0.053698
206.500000	1	1.332097	0.258395	2.242963	0.263837
206.750000	0	0.086906	0.003289	0.796784	0.053351
206.750000	1	1.297060	0.344149	2.201152	0.269877
207.000000	0	0.087132	0.003811	0.558274	0.055281
207.000000	1	1.356855	0.587783	2.104122	0.280684
207.250000	0	0.084399	0.004668	0.745733	0.055089
207.250000	1	1.366455	0.790420	2.363437	0.275981
207.500000	0	0.083405	0.006511	0.380089	0.041038
207.500000	1	1.308703	0.535767	2.167422	0.254159
207.750000	0	0.083562	0.004533	0.677857	0.048146
207.750000	1	1.313932	0.138766	2.709098	0.322202
208.000000	0	0.082976	0.005322	0.536090	0.044806
208.000000	1	1.340354	0.682526	2.594259	0.269970
208.250000	0	0.085004	0.011760	0.739722	0.047880
208.250000	1	1.344284	0.923219	2.062542	0.218947
208.500000	0	0.085083	0.001586	0.435340	0.045833
208.500000	1	1.308746	0.383003	2.007789	0.273805
208.750000	0	0.084936	0.006474	0.483934	0.046931
208.750000	1	1.373502	0.695694	3.113712	0.318415
209.000000	0	0.084864	0.006891	0.461589	0.042275
209.000000	1	1.320584	0.620990	2.494638	0.263977
209.250000	0	0.085506	0.010685	0.641816	0.052821
209.250000	1	1.328132	0.620914	2.151561	0.271229
209.500000	0	0.086567	0.004788	0.595288	0.050048
209.500000	1	1.325442	0.308537	2.450320	0.303446
209.750000	0	0.085398	0.004185	0.363931	0.044052
209.750000	1	1.363137	0.579910	3.854405	0.385926
210.000000	0	0.086454	0.007902	0.441460	0.045918
210.000000	1	1.366237	0.844912	2.164395	0.251157
210.250000	0	0.081628	0.007395	0.283306	0.036536
210.250000	1	1.303286	0.579408	2.095569	0.222376
210.500000	0	0.084161	0.011471	0.411067	0.044859
210.500000	1	1.293303	0.358943	2.118101	0.268758
210.750000	0	0.085681	0.019447	0.468168	0.043221
210.750000	1	1.334333	0.225170	2.721629	0.361589
211.000000	0	0.084805	0.002910	0.502878	0.045888
211.000000	1	1.341446	0.362776	2.299459	0.278013
211.250000	0	0.083607	0.000857	0.440109	0.044477
211.250000	1	1.330453	0.615809	2.289709	0.261501
211.500000	0	0.087333	0.005954	0.473215	0.046941
211.500000	1	1.372742	0.487750	2.132251	0.284045
211.750000	0	0.083418	0.003315	0.324071	0.038059
211.750000	1	1.372801	0.401357	2.299733	0.297036
212.000000	0	0.083516	0.004525	0.346919	0.039202
212.000000	1	1.344159	0.591698	2.324537	0.248293
212.250000	0	0.084518	0.006150	0.546936	0.046637
212.250000	1	1.290753	0.444272	2.599398	0.319178
212.500000	0	0.084802	0.009310	0.587699	0.047943
212.500000	1	1.338721	0.593844	1.842812	0.219413
212.750000	0	0.084816	0.008212	0.573034	0.044900
212.750000	1	1.357233	0.496790	2.403316	0.301573
213.000000	0	0.086641	0.008537	0.684250	0.050526
213.000000	1	1.358001	0.290506	2.538430	0.296423
213.250000	0	0.083181	0.005905	0.755689	0.046502
213.250000	1	1.330156	0.367423	2.511879	0.311794
213.500000	0	0.084556	0.018220	0.464164	0.046040
213.500000	1	1.317690	0.406559	2.660905	0.319414
213.750000	0	0.087663	0.003286	0.612673	0.054446
213.750000	1	1.362330	0.633931	2.496717	0.281538
214.000000	0	0.086651	0.003494	0.473957	0.047086
214.000000	1	1.345853	0.387412	2.582127	0.296256
214.250000	0	0.085314	0.004560	0.359440	0.042161
214.250000	1	1.301591	0.382617	2.051720	0.255385
214.500000	0	0.084013	0.009152	0.468424	0.045613
214.500000	1	1.376097	0.534624	2.634751	0.295369
214.750000	0	0.084722	0.015094	0.540483	0.047678
214.750000	1	1.339237	0.475376	3.361821	0.315361
215.000000	0	0.083854	0.002975	0.411701	0.043165
215.000000	1	1.371937	0.447216	2.319963	0.306224
215.250000	0	0.084949	0.004031	0.382553	0.041402
215.250000	1	1.298162	0.414181	1.821786	0.240646
215.500000	0	0.086370	0.013873	0.736415	0.054432
215.500000	1	1.422494	0.643721	2.924085	0.353359
215.750000	0	0.083813	0.002701	0.529658	0.042516
215.750000	1	1.353319	0.487714	2.051131	0.218479
216.000000	0	0.079183	0.007007	0.284344	0.035394
216.000000	1	1.278784	0.366830	3.388456	0.312086
216.250000	0	0.089091	0.006090	0.645371	0.056831
216.250000	1	1.360483	0.704967	4.050759	0.412652
216.500000	0	0.087552	0.002166	0.856795	0.053297
216.500000	1	1.330462	0.256193	2.460299	0.347637
216.750000	0	0.084344	0.009462	0.457365	0.043064
216.750000	1	1.359792	0.736797	3.111070	0.337540
217.000000	0	0.083225	0.007845	0.597909	0.041012
217.000000	1	1.322255	0.196755	2.192141	0.288627
217.250000	0	0.085110	0.017685	1.518465	0.067098
217.250000	1	1.298966	0.327043	3.318888	0.346280
217.500000	0	0.082733	0.012740	0.439160	0.041865
217.500000	1	1.329219	0.383658	2.109791	0.286149
217.750000	0	0.086477	0.008921	0.493838	0.045173
217.750000	1	1.329759	0.581245	3.332796	0.301780
218.000000	0	0.082351	0.004207	0.522134	0.041706
218.000000	1	1.323591	0.643195	2.571253	0.306092
218.250000	0	0.083141	0.006348	0.566056	0.042601
218.250000	1	1.304388	0.657252	2.098286	0.254569
218.500000	0	0.086971	0.009526	0.544742	0.057530
218.500000	1	1.350441	0.198142	2.468065	0.312364
218.750000	0	0.083708	0.014357	0.796872	0.049417
218.750000	1	1.287156	0.103562	2.172196	0.287072
219.000000	0	0.086219	0.004366	0.794268	0.056209
219.000000	1	1.305478	0.323616	2.513156	0.290043
219.250000	0	0.085057	0.001904	0.572479	0.048457
219.250000	1	1.295529	0.430406	2.045282	0.260624
219.500000	0	0.083916	0.004341	0.590716	0.046624
219.500000	1	1.366704	0.296509	2.502067	0.293405
219.750000	0	0.082818	0.006430	0.401191	0.042098
219.750000	1	1.329815	0.587982	1.965390	0.231760
220.000000	0	0.083330	0.006021	0.580687	0.044093
220.000000	1	1.394588	0.054964	2.361969	0.329476
220.250000	0	0.083452	0.007550	0.441888	0.043290
220.250000	1	1.320275	0.628614	2.233470	0.236325
220.500000	0	0.084705	0.001844	0.616212	0.046909
220.500000	1	1.325588	0.405663	2.217403	0.235817
220.750000	0	0.082494	0.007945	0.356673	0.037193
220.750000	1	1.384980	0.893115	2.114644	0.253149
221.000000	0	0.083174	0.004926	0.343614	0.038127
221.000000	1	1.340378	0.621083	3.219898	0.308673
221.250000	0	0.081641	0.003555	0.353921	0.037367
221.250000	1	1.340504	0.418862	2.568816	0.287507
221.500000	0	0.084291	0.010314	0.332766	0.043311
221.500000	1	1.307817	0.617116	2.353190	0.280064
221.750000	0	0.091157	0.004411	0.841202	0.063751
221.750000	1	1.360279	0.650669	2.560632	0.317785
222.000000	0	0.082922	0.010640	0.532808	0.041744
222.000000	1	1.440073	0.334006	12.485460	1.055586
222.250000	0	0.086200	0.006175	0.633788	0.050691
222.250000	1	1.345383	0.532502	2.458453	0.258347
222.500000	0	0.085735	0.004383	0.686762	0.052810
222.500000	1	1.360156	0.202170	2.599961	0.320397
222.750000	0	0.088393	0.004312	0.620569	0.055852
222.750000	1	1.304926	0.495820	2.238225	0.279833
223.000000	0	0.084820	0.012428	0.397823	0.044550
223.000000	1	1.384896	0.523195	2.819826	0.349494
223.250000	0	0.085983	0.000577	0.702438	0.047907
223.250000	1	1.347156	0.646573	2.355879	0.291154
223.500000	0	0.084512	0.003922	0.455641	0.045125
223.500000	1	1.368365	0.583176	3.395503	0.343879
223.750000	0	0.082115	0.004669	0.381742	0.041481
223.750000	1	1.327251	0.815360	1.969214	0.217421
224.000000	0	0.081481	0.012769	0.524546	0.042670
224.000000	1	1.315129	0.412984	1.956799	0.228318
224.250000	0	0.085980	0.004643	0.460393	0.046944
224.250000	1	1.292142	0.333672	2.120603	0.243248
224.500000	0	0.086889	0.005112	0.515043	0.053318
224.500000	1	1.358595	0.790947	2.666350	0.285115
224.750000	0	0.085916	0.009211	0.482133	0.047684
224.750000	1	1.267347	0.332491	2.548601	0.297031
225.000000	0	0.085301	0.011286	0.442462	0.047714
225.000000	1	1.352114	0.461160	2.942170	0.326388
225.250000	0	0.087467	0.012095	0.868583	0.062472
225.250000	1	1.335004	0.400319	2.160413	0.265391
225.500000	0	0.084918	0.005738	0.483517	0.045630
225.500000	1	1.321262	0.114774	2.312749	0.247191
225.750000	0	0.086110	0.007634	0.550523	0.048304
225.750000	1	1.370384	0.654443	2.251924	0.265952
226.000000	0	0.086226	0.005058	0.880206	0.061043
226.000000	1	1.385194	0.677920	2.893581	0.341868
226.250000	0	0.088208	0.012292	0.819159	0.058412
226.250000	1	1.409817	0.664566	2.729055	0.320892
226.500000	0	0.081621	0.009354	0.426207	0.038035
226.500000	1	1.357798	0.541514	2.579748	0.268472
226.750000	0	0.081365	0.007076	0.450563	0.038163
226.750000	1	1.306883	0.591914	2.904138	0.265791
227.000000	0	0.082499	0.006709	0.396206	0.039880
227.000000	1	1.339995	0.408683	2.604666	0.276107
227.250000	0	0.082335	0.010434	0.339456	0.038529
227.250000	1	1.316744	0.549284	2.337212	0.260482
227.500000	0	0.082353	0.005844	0.451810	0.038787
227.500000	1	1.352513	0.445384	2.379216	0.270604
227.750000	0	0.083746	0.012541	0.338436	0.039094
227.750000	1	1.324539	0.206946	2.257476	0.261712
228.000000	0	0.085273	0.004038	0.764427	0.051395
228.000000	1	1.326846	0.325073	3.447765	0.322969
228.250000	0	0.082953	0.003927	0.585560	0.044588
228.250000	1	1.299634	0.610209	1.985280	0.214517
228.500000	0	0.086206	0.003756	0.564791	0.051966
228.500000	1	1.311281	0.687907	2.199095	0.257981
228.750000	0	0.088311	0.002306	0.873809	0.057276
228.750000	1	1.317345	0.220898	2.378740	0.298050
229.000000	0	0.086458	0.008620	0.838193	0.053470
229.000000	1	1.316940	0.192034	2.346958	0.303841
229.250000	0	0.087150	0.006599	0.655842	0.048251
229.250000	1	1.316321	0.173988	2.100135	0.283006
229.500000	0	0.086744	0.008415	0.649659	0.054555
229.500000	1	1.342317	0.612157	2.202386	0.275628
229.750000	0	0.082634	0.002768	0.352962	0.040403
229.750000	1	1.329294	0.580766	2.001636	0.268214
230.000000	0	0.086107	0.006141	0.569755	0.048571
230.000000	1	1.317770	0.605471	2.579078	0.277522
230.250000	0	0.086471	0.006222	0.346675	0.043789
230.250000	1	1.340019	0.706295	2.274115	0.257401
230.500000	0	0.086976	0.005264	0.726820	0.054110
230.500000	1	1.344428	0.736118	2.278116	0.268053
230.750000	0	0.082731	0.006302	0.482664	0.043182
230.750000	1	1.425631	0.471658	4.928001	0.549170
231.000000	0	0.087184	0.004647	0.706720	0.051661
231.000000	1	1.344033	0.698537	2.159518	0.260879
231.250000	0	0.085208	0.004202	0.714920	0.049392
231.250000	1	1.384239	0.549299	2.652412	0.310249
231.500000	0	0.082772	0.001119	0.679062	0.044643
231.500000	1	1.308511	0.445181	2.150779	0.257045
231.750000	0	0.085423	0.008491	0.969316	0.055923
231.750000	1	1.307053	0.595004	2.203597	0.262537
232.000000	0	0.085837	0.001288	0.533091	0.048934
232.000000	1	1.346858	0.597858	2.173429	0.275377
232.250000	0	0.087882	0.004216	0.939540	0.056517
232.250000	1	1.301041	0.668057	3.134466	0.299618
232.500000	0	0.088263	0.008052	0.684119	0.054134
232.500000	1	1.381303	0.247674	3.924593	0.406264
232.750000	0	0.089057	0.001868	0.673115	0.054278
232.750000	1	1.342544	0.392122	2.253301	0.282797
233.000000	0	0.085209	0.002071	0.648261	0.050198
233.000000	1	1.349007	0.470162	3.129130	0.347778
233.250000	0	0.087114	0.009438	0.503648	0.051880
233.250000	1	1.374844	0.512442	2.025317	0.295728
233.500000	0	0.084140	0.008635	0.651063	0.048364
233.500000	1	1.360403	0.573511	2.497498	0.281973
233.750000	0	0.086092	0.013732	0.470212	0.047779
233.750000	1	1.325789	0.618577	2.193666	0.290661
234.000000	0	0.084888	0.007532	0.699489	0.048373
234.000000	1	1.367042	0.042421	3.106829	0.330397
234.250000	0	0.083121	0.009168	0.320753	0.037669
234.250000	1	1.345368	0.126939	2.373468	0.283522
234.500000	0	0.083736	0.009708	0.469286	0.040967
234.500000	1	1.298511	0.230146	2.052075	0.288163
234.750000	0	0.081953	0.010511	0.331997	0.037744
234.750000	1	1.314255	0.525268	2.484989	0.314034
235.000000	0	0.084692	0.008525	0.376970	0.042599
235.000000	1	1.363566	0.491050	2.127872	0.277357
235.250000	0	0.089025	0.005583	0.996338	0.067146
235.250000	1	1.387693	0.767023	3.153563	0.340396
235.500000	0	0.082742	0.003222	0.306179	0.038666
235.500000	1	1.278544	0.694328	2.005320	0.220215
235.750000	0	0.087295	0.009108	1.222848	0.064086
235.750000	1	1.298529	0.425838	2.314443	0.291714
236.000000	0	0.087361	0.011944	1.132508	0.058597
236.000000	1	1.344598	0.704613	2.135446	0.241868
236.250000	0	0.085168	0.005278	0.710972	0.052596
236.250000	1	1.298197	0.380379	2.337433	0.318644
236.500000	0	0.086720	0.008216	0.408936	0.046585
236.500000	1	1.366966	0.492451	2.368528	0.312063
236.750000	0	0.082497	0.021732	0.342313	0.035325
236.750000	1	1.314302	0.620779	2.173657	0.285406
237.000000	0	0.081121	0.007554	0.425524	0.037379
237.000000	1	1.362820	0.393178	4.173226	0.435454
237.250000	0	0.085356	0.003039	0.670743	0.050226
237.250000	1	1.355013	0.528317	2.392138	0.296834
237.500000	0	0.087239	0.011617	0.717692	0.049966
237.500000	1	1.341979	0.622453	2.122847	0.261771
237.750000	0	0.085461	0.001882	0.472429	0.049790
237.750000	1	1.369345	0.376752	2.640860	0.325974
238.000000	0	0.086129	0.006245	0.677614	0.046952
238.000000	1	1.354071	0.649912	2.255844	0.280197
238.250000	0	0.086639	0.009723	0.406524	0.045716
238.250000	1	1.330186	0.671429	2.461517	0.291104
238.500000	0	0.086046	0.006586	0.659164	0.050836
238.500000	1	1.276884	0.405885	2.349303	0.286985
238.750000	0	0.087882	0.016105	0.628406	0.053744
238.750000	1	1.365447	0.397318	2.992748	0.346752
239.000000	0	0.083387	0.006515	0.433331	0.042187
239.000000	1	1.402629	0.524266	4.365038	0.469003
239.250000	0	0.083076	0.009371	0.426974	0.040325
239.250000	1	1.293437	0.572417	2.093403	0.235781
239.500000	0	0.085923	0.011584	0.450593	0.043258
239.500000	1	1.317301	0.580984	2.139729	0.259894
239.750000	0	0.087158	0.008407	0.650150	0.051540
239.750000	1	1.396674	0.408916	2.515442	0.325700
240.000000	0	0.083792	0.001686	0.502462	0.042422
240.000000	1	1.345249	0.450654	1.913091	0.244495
240.250000	0	0.086305	0.008940	0.871172	0.054836
240.250000	1	1.351143	0.636675	2.067454	0.249409
240.500000	0	0.086213	0.009071	0.887922	0.053600
240.500000	1	1.315107	0.268682	2.170133	0.268358
240.750000	0	0.085281	0.004350	1.013436	0.057446
240.750000	1	1.367204	0.715076	2.267822	0.274928
241.000000	0	0.081858	0.008046	0.730168	0.043124
241.000000	1	1.342619	0.456238	2.930537	0.336710
241.250000	0	0.086106	0.013060	0.607219	0.050590
241.250000	1	1.305726	0.234646	2.365688	0.320823
241.500000	0	0.083735	0.005005	0.958098	0.057010
241.500000	1	1.365848	0.537570	3.067619	0.358774
241.750000	0	0.084512	0.008139	0.434346	0.042102
241.750000	1	1.332331	0.311819	2.177281	0.257100
242.000000	0	0.082008	0.005540	0.573673	0.042040
242.000000	1	1.366770	0.506250	3.869476	0.398452
242.250000	0	0.087517	0.004591	0.657810	0.051921
242.250000	1	1.316894	0.596382	2.231250	0.244833
242.500000	0	0.086573	0.004547	0.947388	0.053495
242.500000	1	1.360742	0.047468	2.718448	0.300089
242.750000	0	0.083480	0.007358	0.456144	0.041608
242.750000	1	1.309606	0.809386	1.926328	0.216906
243.000000	0	0.086839	0.010359	0.956735	0.055004
243.000000	1	1.356569	0.385039	2.821526	0.336140
243.250000	0	0.085410	0.005479	0.602747	0.047034
243.250000	1	1.383125	0.585240	2.834899	0.293475
243.500000	0	0.081837	0.008977	0.456154	0.036989
243.500000	1	1.330447	0.339051	2.267134	0.295468
243.750000	0	0.081885	0.007222	0.422200	0.039903
243.750000	1	1.305086	0.361507	2.150879	0.271560
244.000000	0	0.085246	0.012046	0.679666	0.047209
244.000000	1	1.385059	0.722402	2.344112	0.300497
244.250000	0	0.082952	0.010199	0.516838	0.043696
244.250000	1	1.294716	0.486196	1.943417	0.240618
244.500000	0	0.082431	0.004696	0.454830	0.042860
244.500000	1	1.333442	0.684075	2.236458	0.268792
244.750000	0	0.088473	0.005169	0.587215	0.052798
244.750000	1	1.315870	0.494882	2.257611	0.300105
245.000000	0	0.084766	0.000651	0.386323	0.044007
245.000000	1	1.330208	0.709125	3.111137	0.322984
245.250000	0	0.088354	0.007792	0.925558	0.062848
245.250000	1	1.373294	0.268417	2.160794	0.298895
245.500000	0	0.082377	0.002350	0.548666	0.041692
245.500000	1	1.342025	0.477448	2.360779	0.277282
245.750000	0	0.085781	0.005742	0.674765	0.051566
245.750000	1	1.317340	0.503104	1.990288	0.255243
246.000000	0	0.083497	0.011460	0.618564	0.048553
246.000000	1	1.315753	0.464778	1.987232	0.263622
246.250000	0	0.083325	0.012827	0.675803	0.049739
246.250000	1	1.329100	0.373747	2.280799	0.291422
246.500000	0	0.086915	0.003165	0.738446	0.058697
246.500000	1	1.357479	0.514149	2.402426	0.313531
246.750000	0	0.085090	0.001576	0.890872	0.054489
246.750000	1	1.341163	0.490133	2.253976	0.258071
247.000000	0	0.085079	0.007253	0.515226	0.045320
247.000000	1	1.360055	0.520446	3.544516	0.353734
247.250000	0	0.085496	0.002126	0.478999	0.043973
247.250000	1	1.304680	0.709321	2.282215	0.262318
247.500000	0	0.086508	0.011833	0.627489	0.050781
247.500000	1	1.340123	0.415261	2.600709	0.340993
247.750000	0	0.085178	0.010498	0.496369	0.050668
247.750000	1	1.349680	0.232940	2.438624	0.322734
248.000000	0	0.083210	0.010996	0.459025	0.046864
248.000000	1	1.390680	0.418295	3.003854	0.339165
248.250000	0	0.086143	0.007130	0.709955	0.045908
248.250000	1	1.374666	0.648613	2.951577	0.317619
248.500000	0	0.087354	0.001724	0.691310	0.054544
248.500000	1	1.379475	0.723146	2.433905	0.265395
248.750000	0	0.084487	0.002155	0.571262	0.045434
248.750000	1	1.308072	0.390136	1.975659	0.234363
249.000000	0	0.084336	0.012273	0.406379	0.042275
249.000000	1	1.331691	0.347086	2.175093	0.262148
249.250000	0	0.081872	0.010157	0.390243	0.042786
249.250000	1	1.302047	0.722767	2.166321	0.227848
249.500000	0	0.083569	0.006251	0.298511	0.038791
249.500000	1	1.300315	0.303825	2.178797	0.277083
249.750000	0	0.082831	0.002424	0.388920	0.042921
249.750000	1	1.309627	0.571772	2.260813	0.294573
250.000000	0	0.088705	0.015233	0.746494	0.054432
250.000000	1	1.328686	0.191546	2.678628	0.345932
250.250000	0	0.083635	0.010406	0.463211	0.042438
250.250000	1	1.342137	0.309246	2.348426	0.302154
250.500000	0	0.085366	0.008327	0.556525	0.046624
250.500000	1	1.345077	0.713844	2.227595	0.257596
250.750000	0	0.083396	0.005085	0.494286	0.044270
250.750000	1	1.319317	0.594139	2.130880	0.287593
251.000000	0	0.085715	0.006531	0.659382	0.051085
251.000000	1	1.366228	0.099976	3.810390	0.421255
251.250000	0	0.084015	0.006107	0.551726	0.045338
251.250000	1	1.331308	0.676894	2.898411	0.267631
251.500000	0	0.084698	0.008867	0.614952	0.048389
251.500000	1	1.377534	0.471372	4.301373	0.434191
251.750000	0	0.082727	0.004090	0.630521	0.048283
251.750000	1	1.327646	0.465719	2.432872	0.271465
252.000000	0	0.085935	0.006839	0.669029	0.051084
252.000000	1	1.453214	0.532504	7.439865	0.807159
252.250000	0	0.085467	0.008005	0.641089	0.050572
252.250000	1	1.326664	0.226708	2.626765	0.369997
252.500000	0	0.085663	0.009774	0.591411	0.045172
252.500000	1	1.371832	0.301548	2.427310	0.298549
252.750000	0	0.087982	0.003237	0.379708	0.049407
252.750000	1	1.372366	0.806407	2.866180	0.350799
253.000000	0	0.085111	0.001291	0.562224	0.048243
253.000000	1	1.289565	0.437707	2.278442	0.285156
253.250000	0	0.081139	0.005825	0.439839	0.039318
253.250000	1	1.297763	0.353775	2.719804	0.355880
253.500000	0	0.085373	0.006805	0.653945	0.049339
253.500000	1	1.331953	0.271793	3.682257	0.350734
253.750000	0	0.084603	0.015495	0.365625	0.042141
253.750000	1	1.263759	0.580027	2.107113	0.275859
254.000000	0	0.086740	0.002903	0.991136	0.056371
254.000000	1	1.358222	0.715550	2.244866	0.279748
254.250000	0	0.081373	0.010530	0.335018	0.036720
254.250000	1	1.297742	0.464799	2.288665	0.284745
254.500000	0	0.083067	0.015109	0.446321	0.041632
254.500000	1	1.353855	0.419229	2.371371	0.325991
254.750000	0	0.082984	0.001710	0.577623	0.045253
254.750000	1	1.353287	0.524055	2.442139	0.271754
255.000000	0	0.082302	0.005172	0.352455	0.039947
255.000000	1	1.340929	0.769428	2.248937	0.260723
255.250000	0	0.081645	0.008120	0.560256	0.041789
255.250000	1	1.339191	0.706757	2.435787	0.272450
255.500000	0	0.084284	0.016432	0.353498	0.039793
255.500000	1	1.325189	0.433252	1.920660	0.275193
255.750000	0	0.085522	0.009611	0.644594	0.049103
255.750000	1	1.291831	0.402255	2.186733	0.308761
256.000000	0	0.085772	0.005569	0.453832	0.043724
256.000000	1	1.344042	0.320803	2.765510	0.355855
256.250000	0	0.087316	0.003371	0.439875	0.048470
256.250000	1	1.399095	0.196562	2.661201	0.347817
256.500000	0	0.083256	0.003153	0.438621	0.043171
256.500000	1	1.353363	0.611721	2.669781	0.315231
256.750000	0	0.083743	0.011400	0.885965	0.050569
256.750000	1	1.314423	0.705939	2.494510	0.250665
257.000000	0	0.086259	0.009578	0.603528	0.052139
257.000000	1	1.329647	0.487055	2.458089	0.350340
257.250000	0	0.088141	0.004820	0.412940	0.049442
257.250000	1	1.350916	0.464152	2.465860	0.299664
257.500000	0	0.084019	0.009059	0.602360	0.046819
257.500000	1	1.324025	0.207130	2.211515	0.301885
257.750000	0	0.085270	0.002538	0.448221	0.045737
257.750000	1	1.297752	0.413826	2.144844	0.256406
258.000000	0	0.086155	0.001480	0.899706	0.055395
258.000000	1	1.353721	0.715348	2.351451	0.275109
258.250000	0	0.086454	0.011098	0.390816	0.045322
258.250000	1	1.345099	0.475694	2.471862	0.301092
258.500000	0	0.089417	0.008677	0.743681	0.054622
258.500000	1	1.323120	0.269712	2.609568	0.331532
258.750000	0	0.085358	0.003352	0.605805	0.051763
258.750000	1	1.340981	0.613485	2.578252	0.261173
259.000000	0	0.084264	0.002938	0.386467	0.042485
259.000000	1	1.367768	0.371605	2.408143	0.282120
259.250000	0	0.081211	0.009110	0.371106	0.040173
259.250000	1	1.341304	0.371698	2.490058	0.274934
259.500000	0	0.081613	0.007003	0.424603	0.037900
259.500000	1	1.268414	0.137554	2.664031	0.308667
259.750000	0	0.082491	0.002417	0.341424	0.035459
259.750000	1	1.366617	0.852859	2.590804	0.246842
260.000000	0	0.082199	0.004122	0.337419	0.039146
260.000000	1	1.342736	0.463877	1.962070	0.220015
260.250000	0	0.083195	0.006422	0.639596	0.047441
260.250000	1	1.331998	0.626386	2.425112	0.259264
260.500000	0	0.084418	0.004515	0.729657	0.045051
260.500000	1	1.374110	0.626592	2.682721	0.329886
260.750000	0	0.083574	0.005868	0.461298	0.040979
260.750000	1	1.302588	0.184786	2.387621	0.253795
261.000000	0	0.083449	0.014685	0.419648	0.041887
261.000000	1	1.307161	0.722057	2.251827	0.261034
261.250000	0	0.086542	0.011325	0.614086	0.050533
261.250000	1	1.321135	0.545165	1.888064	0.262063
261.500000	0	0.086951	0.007368	0.905896	0.054352
261.500000	1	1.362633	0.533167	2.244905	0.292166
261.750000	0	0.082604	0.003334	0.344347	0.039565
261.750000	1	1.318768	0.459160	2.328545	0.248167
262.000000	0	0.081448	0.006066	0.574624	0.041324
262.000000	1	1.376432	0.576284	2.338874	0.280881
262.250000	0	0.081398	0.003618	0.503905	0.039814
262.250000	1	1.369845	0.483696	2.249443	0.262384
262.500000	0	0.083106	0.008823	0.811818	0.045763
262.500000	1	1.310092	0.726297	1.862935	0.214606
262.750000	0	0.079937	0.002403	0.368158	0.038221
262.750000	1	1.371215	0.472662	2.429912	0.270705
263.000000	0	0.083186	0.013951	0.577508	0.039223
263.000000	1	1.309846	0.178629	2.288761	0.295895
263.250000	0	0.083221	0.010027	0.803575	0.048320
263.250000	1	1.327155	0.601055	2.103408	0.282857
263.500000	0	0.083839	0.002621	0.488867	0.044968
263.500000	1	1.312560	0.786514	2.328045	0.245810
263.750000	0	0.086745	0.011044	0.722060	0.054113
263.750000	1	1.330027	0.350410	2.500463	0.321868
264.000000	0	0.084573	0.003692	0.663477	0.050506
264.000000	1	1.372726	0.163748	2.508134	0.344844
264.250000	0	0.085500	0.005412	0.740845	0.050193
264.250000	1	1.291767	0.332954	2.231271	0.278731
264.500000	0	0.083092	0.004581	0.563351	0.045816
264.500000	1	1.340805	0.398380	2.489784	0.327449
264.750000	0	0.085546	0.007749	0.463130	0.045265
264.750000	1	1.368008	0.682949	2.652820	0.280696
265.000000	0	0.083786	0.007781	0.430848	0.044092
265.000000	1	1.363803	0.582675	3.814394	0.369838
265.250000	0	0.084557	0.006945	0.717931	0.046736
265.250000	1	1.315387	0.284120	2.106032	0.274457
265.500000	0	0.085561	0.003943	0.348876	0.045261
265.500000	1	1.322377	0.363306	2.366225	0.331663
265.750000	0	0.087226	0.001732	0.587642	0.049309
265.750000	1	1.356873	0.852071	2.651577	0.293156
266.000000	0	0.083626	0.007394	0.594288	0.046563
266.000000	1	1.354395	0.588636	2.682897	0.269632
266.250000	0	0.084135	0.003552	0.749246	0.049479
266.250000	1	1.318955	0.153145	2.448904	0.272812
266.500000	0	0.085101	0.009844	0.980550	0.052845
266.500000	1	1.335179	0.675909	3.199622	0.292460
266.750000	0	0.087752	0.007635	0.694583	0.054743
266.750000	1	1.336130	0.499658	2.101658	0.283333
267.000000	0	0.087126	0.004084	0.671156	0.052109
267.000000	1	1.379286	0.241210	2.563483	0.302806
267.250000	0	0.084201	0.006168	0.382747	0.041638
267.250000	1	1.335195	0.727930	2.359578	0.247932
267.500000	0	0.087136	0.013996	0.595266	0.049552
267.500000	1	1.294217	0.326335	2.580815	0.274693
267.750000	0	0.086682	0.006609	0.415730	0.044265
267.750000	1	1.351472	0.271728	2.414574	0.313322
268.000000	0	0.084789	0.001019	0.513358	0.042745
268.000000	1	1.330514	0.496800	3.054796	0.327089
268.250000	0	0.081830	0.008753	0.422501	0.037541
268.250000	1	1.303900	0.281958	2.523234	0.285226
268.500000	0	0.087476	0.005966	0.646331	0.050668
268.500000	1	1.352621	0.732399	2.466138	0.339461
268.750000	0	0.083302	0.013004	0.630066	0.051796
268.750000	1	1.354933	0.456040	2.334164	0.319428
269.000000	0	0.083381	0.008175	0.474720	0.044154
269.000000	1	1.324030	0.417475	2.660471	0.298666
269.250000	0	0.085792	0.005086	0.555965	0.049444
269.250000	1	1.372313	0.185515	2.220439	0.306357
269.500000	0	0.086376	0.008128	0.839159	0.062743
269.500000	1	1.386301	0.697938	4.554963	0.481988
269.750000	0	0.085846	0.011052	0.551415	0.048062
269.750000	1	1.413248	0.514339	2.275716	0.290526
270.000000	0	0.082020	0.007195	0.435348	0.038112
270.000000	1	1.341933	0.195900	4.280039	0.402718
270.250000	0	0.087386	0.010393	1.832994	0.082659
270.250000	1	1.351198	0.547301	2.909664	0.301426
270.500000	0	0.086633	0.007937	0.582410	0.046694
270.500000	1	1.320220	0.663069	2.250816	0.233977
270.750000	0	0.082906	0.006202	0.385776	0.040105
270.750000	1	1.393642	0.681059	4.746574	0.442419
271.000000	0	0.081572	0.002874	0.346626	0.038273
271.000000	1	1.311403	0.164519	2.409215	0.287277
271.250000	0	0.084248	0.003102	0.592202	0.045276
271.250000	1	1.367215	0.571848	2.089901	0.246882
271.500000	0	0.082369	0.011580	0.431790	0.043073
271.500000	1	1.312739	0.852594	2.444502	0.213555
271.750000	0	0.086510	0.005348	0.519403	0.047465
271.750000	1	1.309771	0.692846	1.926940	0.236381
272.000000	0	0.084844	0.009839	0.452037	0.043880
272.000000	1	1.301945	0.662565	2.258686	0.291928
272.250000	0	0.084976	0.003545	0.511193	0.044100
272.250000	1	1.313162	0.554761	2.161884	0.262009
272.500000	0	0.086132	0.016771	0.732951	0.052275
272.500000	1	1.350756	0.799846	2.325831	0.285221
272.750000	0	0.084772	0.008181	0.591709	0.042528
272.750000	1	1.347897	0.579443	2.336209	0.324718
273.000000	0	0.083604	0.004039	0.350197	0.039181
273.000000	1	1.320846	0.289005	2.132704	0.255495
273.250000	0	0.083541	0.005611	0.978552	0.052669
273.250000	1	1.323268	0.515394	2.895702	0.325695
273.500000	0	0.086076	0.011640	0.654766	0.052521
273.500000	1	1.357950	0.142302	2.424642	0.326205
273.750000	0	0.086120	0.004890	0.541735	0.052319
273.750000	1	1.331951	0.495014	2.328860	0.248205
274.000000	0	0.084566	0.004360	0.585084	0.043940
274.000000	1	1.334152	0.723408	2.141657	0.250461
274.250000	0	0.082623	0.004139	0.436649	0.042116
274.250000	1	1.382072	0.576761	3.974193	0.437996
274.500000	0	0.082238	0.004312	1.099787	0.053833
274.500000	1	1.300609	0.650947	2.282571	0.252845
274.750000	0	0.087206	0.001451	0.518856	0.046792
274.750000	1	1.302041	0.390954	1.992113	0.271407
275.000000	0	0.086032	0.006937	0.675825	0.053461
275.000000	1	1.371676	0.325819	2.535574	0.303580
275.250000	0	0.085860	0.005671	0.483179	0.045318
275.250000	1	1.346845	0.840986	2.022412	0.211376
275.500000	0	0.085052	0.007511	0.479206	0.042305
275.500000	1	1.295160	0.488469	2.201442	0.279963
275.750000	0	0.085715	0.010641	0.694418	0.054552
275.750000	1	1.364305	0.219467	2.684262	0.342488
276.000000	0	0.085142	0.003953	0.416526	0.043587
276.000000	1	1.306987	0.333352	1.937012	0.266895
276.250000	0	0.084700	0.006021	0.927330	0.053656
276.250000	1	1.344776	0.186152	2.619997	0.334372
276.500000	0	0.084203	0.008225	0.494615	0.046733
276.500000	1	1.329865	0.609289	2.136394	0.271991
276.750000	0	0.083014	0.009667	0.308674	0.036951
276.750000	1	1.354004	0.237192	2.546143	0.317007
277.000000	0	0.081901	0.004401	0.337135	0.037169
277.000000	1	1.426881	0.468252	7.386449	0.810535
277.250000	0	0.083747	0.014727	0.419359	0.040975
277.250000	1	1.366732	0.193704	3.002198	0.398014
277.500000	0	0.084727	0.004658	0.533805	0.048017
277.500000	1	1.318952	0.349061	2.216555	0.252386
277.750000	0	0.082430	0.007116	0.496749	0.042399
277.750000	1	1.336712	0.555626	2.237716	0.221070
278.000000	0	0.083236	0.006303	0.384506	0.039979
278.000000	1	1.326783	0.879643	1.947179	0.220430
278.250000	0	0.083114	0.002924	0.494831	0.044270
278.250000	1	1.363112	0.696841	3.651329	0.394132
278.500000	0	0.086905	0.006205	0.714711	0.050182
278.500000	1	1.325994	0.609152	3.025135	0.352647
278.750000	0	0.088677	0.014233	0.842514	0.060918
278.750000	1	1.380554	0.669987	2.622954	0.310333
279.000000	0	0.088080	0.008262	0.697316	0.052024
279.000000	1	1.362872	0.647837	2.153048	0.282960
279.250000	0	0.085465	0.007534	0.626220	0.048604
279.250000	1	1.366208	0.624069	2.927837	0.376861
279.500000	0	0.086171	0.002266	0.414217	0.044046
279.500000	1	1.326646	0.596071	2.296184	0.276230
279.750000	0	0.085551	0.012841	0.651098	0.049190
279.750000	1	1.289727	0.500497	2.356605	0.263340
280.000000	0	0.082444	0.006523	0.498207	0.046312
280.000000	1	1.343700	0.258050	2.347662	0.308179
280.250000	0	0.082199	0.006327	0.862077	0.047020
280.250000	1	1.294049	0.400888	2.830605	0.297513
280.500000	0	0.088234	0.006460	0.470066	0.050165
280.500000	1	1.351050	0.211775	2.799197	0.360345
280.750000	0	0.084353	0.007305	0.589621	0.048840
280.750000	1	1.333592	0.485050	2.268430	0.290055
281.000000	0	0.082341	0.001750	0.421786	0.042217
281.000000	1	1.368036	0.724737	2.338710	0.311152
281.250000	0	0.082870	0.003440	0.372192	0.037243
281.250000	1	1.348127	0.722224	2.245886	0.275328
281.500000	0	0.081367	0.003615	0.415306	0.037433
281.500000	1	1.296049	0.652103	2.557301	0.259377
281.750000	0	0.084924	0.003894	0.493548	0.048490
281.750000	1	1.382753	0.069496	2.857821	0.397269
282.000000	0	0.083500	0.003335	1.027057	0.053554
282.000000	1	1.335155	0.696722	2.510312	0.266972
282.250000	0	0.086511	0.009860	1.049081	0.055901
282.250000	1	1.337228	0.175108	3.460529	0.345754
282.500000	0	0.087338	0.007743	0.761536	0.053672
282.500000	1	1.303869	0.643979	2.120708	0.258264
282.750000	0	0.089831	0.008840	0.821957	0.059878
282.750000	1	1.351709	0.270687	3.436224	0.407190
283.000000	0	0.085797	0.007192	0.383508	0.045989
283.000000	1	1.422519	0.299637	4.383119	0.535380
283.250000	0	0.091152	0.008969	0.798721	0.067728
283.250000	1	1.318599	0.116549	2.125343	0.323630
283.500000	0	0.086528	0.011393	0.588319	0.046277
283.500000	1	1.390991	0.704039	2.939743	0.361043
283.750000	0	0.086808	0.007904	0.512453	0.044494
283.750000	1	1.334338	0.303262	2.076823	0.303551
284.000000	0	0.084090	0.005266	0.582449	0.047209
284.000000	1	1.348423	0.654073	2.022867	0.258629
284.250000	0	0.083341	0.004500	0.537305	0.043653
284.250000	1	1.302949	0.365914	2.240194	0.281411
284.500000	0	0.085982	0.005087	0.877727	0.055456
284.500000	1	1.342411	0.482795	3.124907	0.324593
284.750000	0	0.084220	0.002597	0.665470	0.051399
284.750000	1	1.376582	0.477462	3.545751	0.359036
285.000000	0	0.084950	0.007806	0.722243	0.048609
285.000000	1	1.367801	0.367716	2.415491	0.329366
285.250000	0	0.084527	0.010901	0.735554	0.049602
285.250000	1	1.375106	0.274285	2.491811	0.317574
285.500000	0	0.085360	0.004667	0.520900	0.046406
285.500000	1	1.310236	0.626126	1.787719	0.240442
285.750000	0	0.086036	0.003164	0.717561	0.047211
285.750000	1	1.395757	0.607484	2.571352	0.287327
286.000000	0	0.082207	0.004187	0.501876	0.040560
286.000000	1	1.312678	0.482786	3.140028	0.293647
286.250000	0	0.082336	0.005271	0.426097	0.041199
286.250000	1	1.343855	0.425255	2.420216	0.322148
286.500000	0	0.085404	0.012341	0.600185	0.043848
286.500000	1	1.308905	0.506117	2.553736	0.306356
286.750000	0	0.086139	0.007121	0.772307	0.048268
286.750000	1	1.315389	0.178822	2.142177	0.294825
287.000000	0	0.082873	0.009179	0.387706	0.039141
287.000000	1	1.356275	0.680729	2.094727	0.237357
287.250000	0	0.083192	0.013282	0.574368	0.044462
287.250000	1	1.328559	0.694456	2.471946	0.234968
287.500000	0	0.082927	0.004934	0.339059	0.041794
287.500000	1	1.347285	0.548806	2.601207	0.316138
287.750000	0	0.079682	0.008009	0.322040	0.036910
287.750000	1	1.324010	0.407936	2.087183	0.239950
288.000000	0	0.082506	0.009386	0.477043	0.043584
288.000000	1	1.336116	0.633798	1.822656	0.210684
288.250000	0	0.081841	0.009925	0.437839	0.037990
288.250000	1	1.330434	0.562209	2.024316	0.249966
288.500000	0	0.082632	0.004496	0.477640	0.041685
288.500000	1	1.348752	0.797392	2.422812	0.265667
288.750000	0	0.084708	0.010140	0.613448	0.042213
288.750000	1	1.289407	0.560912	2.096843	0.253129
289.000000	0	0.082949	0.000786	0.380044	0.035946
289.000000	1	1.321311	0.414552	2.723953	0.332679
289.250000	0	0.083613	0.008477	0.528578	0.045211
289.250000	1	1.354472	0.446382	2.637144	0.303094
289.500000	0	0.079744	0.006613	0.305893	0.036066
289.500000	1	1.368178	0.462116	2.808695	0.328726
289.750000	0	0.082592	0.004612	0.420528	0.041301
289.750000	1	1.475507	0.612305	6.505527	0.719202
290.000000	0	0.083294	0.005886	0.499128	0.044486
290.000000	1	1.336232	0.727328	2.254361	0.269556
290.250000	0	0.083592	0.007442	0.480348	0.043941
290.250000	1	1.315340	0.579335	2.026638	0.258712
290.500000	0	0.084441	0.004148	0.632717	0.046247
290.500000	1	1.339101	0.216771	2.238006	0.313241
290.750000	0	0.081477	0.008390	0.416918	0.037705
290.750000	1	1.300136	0.239111	2.333294	0.273500
291.000000	0	0.082941	0.006704	0.401919	0.042906
291.000000	1	1.326355	0.285326	2.066468	0.276334
291.250000	0	0.085879	0.005994	0.432424	0.045607
291.250000	1	1.301503	0.744328	2.047813	0.221589
291.500000	0	0.084695	0.008959	0.642873	0.046426
291.500000	1	1.302335	0.173792	2.381878	0.311677
291.750000	0	0.086295	0.016173	0.883686	0.060005
291.750000	1	1.374804	0.466143	2.845116	0.366026
292.000000	0	0.086723	0.007843	0.572232	0.049725
292.000000	1	1.327414	0.594087	2.507545	0.303435
292.250000	0	0.081517	0.002712	0.850440	0.048232
292.250000	1	1.362388	0.490573	2.289153	0.269046
292.500000	0	0.084006	0.004200	1.183541	0.057972
292.500000	1	1.388317	0.623414	3.147820	0.384001
292.750000	0	0.084043	0.009746	0.485060	0.046083
292.750000	1	1.303216	0.502406	2.408738	0.287391
293.000000	0	0.086144	0.007117	0.744292	0.052737
293.000000	1	1.375370	0.403821	2.810403	0.327867
293.250000	0	0.087784	0.009537	0.591859	0.051811
293.250000	1	1.376792	0.781013	2.589450	0.252574
293.500000	0	0.082538	0.003765	0.563877	0.044783
293.500000	1	1.308084	0.090018	2.632716	0.302462
293.750000	0	0.082477	0.007540	0.737652	0.050495
293.750000	1	1.327328	0.280128	2.047382	0.278280
294.000000	0	0.087798	0.003531	0.645866	0.051836
294.000000	1	1.313855	0.518249	2.297013	0.255687
294.250000	0	0.084795	0.010302	0.497545	0.044670
294.250000	1	1.330479	0.240573	3.271343	0.400890
294.500000	0	0.085483	0.007852	0.387466	0.041777
294.500000	1	1.396339	0.764096	2.208855	0.265647
294.750000	0	0.085432	0.008022	0.756267	0.052987
294.750000	1	1.367536	0.661524	3.098137	0.308509
295.000000	0	0.084851	0.006737	0.339561	0.042446
295.000000	1	1.309178	0.202013	2.443037	0.326086
295.250000	0	0.084543	0.006043	0.398327	0.041288
295.250000	1	1.300118	0.441492	2.493389	0.283556
295.500000	0	0.086571	0.015170	0.490212	0.049926
295.500000	1	1.402552	0.561271	3.576315	0.368955
295.750000	0	0.084242	0.003397	0.501447	0.046793
295.750000	1	1.332501	0.560729	2.250944	0.269589
296.000000	0	0.086110	0.013177	0.735751	0.054529
296.000000	1	1.316088	0.424757	2.219607	0.254959
296.250000	0	0.086745	0.007801	1.034406	0.059290
296.250000	1	1.545537	0.458039	18.196170	2.099060
296.500000	0	0.091212	0.014809	1.566013	0.078215
296.500000	1	1.345115	0.211515	3.715484	0.435309
296.750000	0	0.088422	0.006701	0.488738	0.053020
296.750000	1	1.356053	0.368321	3.205186	0.361781
297.000000	0	0.085688	0.004903	0.851089	0.056991
297.000000	1	1.276596	0.416065	1.825301	0.235516
297.250000	0	0.089007	0.006786	0.584362	0.059218
297.250000	1	1.312797	0.472028	2.824699	0.326214
297.500000	0	0.090703	0.005823	0.513490	0.054954
297.500000	1	1.345297	0.655743	2.002433	0.253324
297.750000	0	0.091663	0.004387	0.855753	0.067076
297.750000	1	1.308321	0.200419	2.566998	0.307037
298.000000	0	0.091914	0.014547	0.917427	0.067504
298.000000	1	1.399336	0.502026	2.643980	0.316008
298.250000	0	0.088419	0.005496	0.503879	0.054834
298.250000	1	1.288101	0.263759	2.887232	0.321826
298.500000	0	0.088429	0.003579	0.846488	0.059314
298.500000	1	1.367118	0.506624	4.222375	0.441706
298.750000	0	0.087559	0.004450	0.587528	0.050658
298.750000	1	1.355328	0.550344	2.348274	0.294169
299.000000	0	0.085438	0.008539	0.860699	0.051639
299.000000	1	1.346823	0.522026	2.745291	0.289413
299.250000	0	0.085337	0.006901	0.856958	0.049658
299.250000	1	1.374298	0.458353	2.312087	0.253758
299.500000	0	0.082191	0.003194	0.397557	0.040334
299.500000	1	1.320123	0.593135	1.894113	0.219958
299.750000	0	0.083116	0.007968	0.538454	0.046024
299.750000	1	1.322770	0.830981	2.601992	0.253632
300.000000	0	0.085031	0.001803	0.432394	0.043857
300.000000	1	1.324578	0.188095	2.404634	0.299042
300.250000	0	0.087407	0.003536	0.731337	0.053772
300.250000	1	1.337348	0.455455	2.361871	0.310272
300.500000	0	0.087877	0.007722	0.659336	0.052758
300.500000	1	1.328766	0.278498	2.083299	0.251129
300.750000	0	0.083571	0.007320	0.472012	0.043454
300.750000	1	1.328107	0.520254	2.301088	0.269831
301.000000	0	0.083821	0.010265	0.491391	0.041065
301.000000	1	1.312750	0.605892	2.070783	0.223359
301.250000	0	0.082764	0.005049	0.541524	0.045015
301.250000	1	1.338870	0.574582	2.432584	0.258211
301.500000	0	0.085103	0.009574	0.477562	0.045394
301.500000	1	1.360324	0.632104	2.349461	0.313068
301.750000	0	0.083272	0.009997	0.392270	0.040264
301.750000	1	1.366717	0.472643	2.620010	0.279686
302.000000	0	0.085026	0.003449	0.921306	0.054931
302.000000	1	1.382783	0.402673	2.361906	0.313004
302.250000	0	0.085586	0.001730	0.680426	0.050691
302.250000	1	1.356950	0.658796	2.411244	0.272939
302.500000	0	0.082673	0.012325	0.440013	0.039314
302.500000	1	1.367265	0.654217	5.507241	0.545866
302.750000	0	0.082871	0.007799	0.298679	0.035840
302.750000	1	1.341906	0.422859	2.553249	0.328166
303.000000	0	0.082685	0.003263	0.707692	0.047241
303.000000	1	1.352437	0.650140	2.253297	0.256876
303.250000	0	0.081881	0.007742	0.423544	0.037811
303.250000	1	1.313184	0.769887	3.131016	0.297553
303.500000	0	0.083647	0.017953	0.730680	0.050937
303.500000	1	1.339564	0.252632	2.520104	0.339689
303.750000	0	0.084997	0.005844	0.700239	0.046859
303.750000	1	1.313384	0.561106	2.637550	0.272649
304.000000	0	0.082758	0.005305	0.622962	0.045909
304.000000	1	1.360983	0.808710	2.753705	0.283655
304.250000	0	0.086924	0.010092	0.667488	0.047642
304.250000	1	1.354402	0.657893	2.193553	0.252214
304.500000	0	0.083918	0.003961	0.617574	0.048891
304.500000	1	1.293640	0.583312	2.257305	0.271018
304.750000	0	0.087116	0.005381	0.578446	0.048270
304.750000	1	1.286437	0.282529	1.960839	0.292775
305.000000	0	0.088232	0.005127	1.426711	0.067886
305.000000	1	1.368778	0.254758	3.323655	0.405577
305.250000	0	0.086478	0.004913	0.543254	0.051935
305.250000	1	1.372366	0.622255	2.443151	0.306931
305.500000	0	0.083016	0.012182	0.482525	0.044015
305.500000	1	1.317727	0.342941	2.231738	0.273323
305.750000	0	0.085706	0.002550	0.459282	0.044044
305.750000	1	1.318614	0.582849	2.541669	0.307534
306.000000	0	0.086268	0.004349	0.613143	0.049249
306.000000	1	1.488876	0.635396	9.334657	1.048992
306.250000	0	0.087044	0.009998	0.551883	0.050996
306.250000	1	1.334406	0.658695	2.434780	0.283245
306.500000	0	0.088578	0.015515	0.780639	0.065602
306.500000	1	1.353823	0.196420	2.285594	0.274602
306.750000	0	0.084133	0.005501	0.433570	0.041142
306.750000	1	1.275852	0.361335	2.668092	0.291740
307.000000	0	0.088954	0.004586	1.503093	0.073724
307.000000	1	1.315997	0.049607	2.478858	0.331087
307.250000	0	0.083579	0.001703	0.387078	0.038724
307.250000	1	1.369044	0.599055	2.873316	0.303307
307.500000	0	0.083239	0.006203	0.287879	0.039443
307.500000	1	1.280680	0.427612	1.914359	0.238110
307.750000	0	0.084064	0.001507	0.406418	0.040759
307.750000	1	1.340100	0.229107	4.112753	0.453046
308.000000	0	0.082603	0.002363	0.341925	0.041422
308.000000	1	1.332492	0.208180	2.422438	0.345360
308.250000	0	0.084723	0.007860	0.592619	0.046262
308.250000	1	1.357575	0.346991	2.896989	0.349248
308.500000	0	0.086027	0.008802	1.148157	0.063027
308.500000	1	1.280113	0.441128	2.320118	0.282761
308.750000	0	0.092940	0.013886	0.827772	0.070246
308.750000	1	1.410688	0.621097	2.438962	0.323213
309.000000	0	0.087244	0.001047	0.599719	0.050097
309.000000	1	1.379187	0.677135	2.712475	0.302065
309.250000	0	0.082395	0.006153	0.956455	0.050987
309.250000	1	1.354205	0.048888	2.616823	0.328760
309.500000	0	0.081312	0.011896	0.330462	0.037963
309.500000	1	1.311026	0.744617	2.007137	0.222850
309.750000	0	0.086547	0.006717	0.797982	0.054971
309.750000	1	1.295514	0.311579	2.413641	0.311149
310.000000	0	0.085910	0.006066	0.459508	0.045896
310.000000	1	1.378626	0.395233	2.847674	0.338827
310.250000	0	0.087426	0.017393	0.907386	0.060039
310.250000	1	1.324142	0.376698	3.166050	0.315357
310.500000	0	0.084682	0.007014	0.600039	0.046163
310.500000	1	1.346006	0.637550	2.366421	0.244641
310.750000	0	0.084043	0.005783	0.488042	0.046416
310.750000	1	1.320988	0.314545	2.468584	0.296966
311.000000	0	0.081487	0.010563	0.660835	0.048542
311.000000	1	1.350877	0.322325	2.678892	0.300720
311.250000	0	0.086105	0.012995	0.473162	0.044162
311.250000	1	1.394176	0.442640	2.886638	0.340813
311.500000	0	0.084187	0.018878	0.492446	0.044386
311.500000	1	1.318837	0.644993	2.222569	0.252054
311.750000	0	0.084374	0.008046	0.467537	0.043949
311.750000	1	1.345655	0.636180	2.657497	0.272323
312.000000	0	0.084707	0.003129	0.504043	0.044280
312.000000	1	1.308640	0.379014	2.216490	0.272519
312.250000	0	0.086354	0.004037	0.622237	0.053110
312.250000	1	1.337701	0.159212	2.430902	0.323670
312.500000	0	0.085693	0.009509	0.543747	0.043568
312.500000	1	1.324516	0.660840	2.215924	0.245605
312.750000	0	0.087024	0.011271	0.670108	0.049629
312.750000	1	1.277358	0.442300	2.142557	0.252827
313.000000	0	0.088271	0.007819	1.161487	0.059950
313.000000	1	1.363656	0.358283	2.437419	0.304730
313.250000	0	0.085135	0.005713	0.428792	0.046127
313.250000	1	1.337925	0.663046	2.469972	0.313751
313.500000	0	0.087098	0.005106	0.625512	0.048215
313.500000	1	1.360202	0.595493	2.485363	0.330678
313.750000	0	0.086285	0.005833	0.814715	0.050321
313.750000	1	1.298520	0.387486	2.345101	0.311835
314.000000	0	0.089503	0.003956	0.798705	0.065126
314.000000	1	1.357600	0.839598	2.861436	0.302646
314.250000	0	0.088621	0.002785	0.946704	0.065860
314.250000	1	1.356595	0.208145	2.167470	0.280114
314.500000	0	0.083031	0.004399	0.416068	0.041925
314.500000	1	1.329312	0.375220	2.382764	0.278145
314.750000	0	0.085649	0.004664	0.362692	0.043408
314.750000	1	1.299518	0.679953	2.349255	0.259923
315.000000	0	0.085450	0.011890	0.737148	0.052296
315.000000	1	1.365691	0.333556	2.849516	0.364042
315.250000	0	0.083912	0.003974	0.504654	0.041216
315.250000	1	1.323706	0.471099	2.115060	0.267706
315.500000	0	0.084252	0.000976	0.975916	0.052032
315.500000	1	1.367030	0.198565	2.339443	0.304152
315.750000	0	0.079834	0.002006	0.419400	0.038457
315.750000	1	1.323856	0.808273	2.147800	0.241074
316.000000	0	0.080587	0.002034	0.289846	0.035018
316.000000	1	1.296696	0.660602	2.331648	0.241857
316.250000	0	0.084918	0.004822	0.899056	0.058540
316.250000	1	1.346145	0.574951	2.238592	0.237344
316.500000	0	0.081062	0.005416	0.488349	0.038424
316.500000	1	1.356038	0.455909	2.396930	0.260438
316.750000	0	0.081991	0.006545	0.292625	0.034929
316.750000	1	1.355388	0.675185	3.085320	0.307425
317.000000	0	0.082736	0.011407	0.392052	0.038922
317.000000	1	1.318247	0.770436	2.413270	0.261720
317.250000	0	0.080951	0.003546	0.337031	0.038226
317.250000	1	1.324844	0.287216	2.640869	0.298783
317.500000	0	0.086885	0.009261	1.096090	0.057980
317.500000	1	1.386085	0.650342	3.032305	0.363663
317.750000	0	0.083819	0.005985	0.366392	0.040136
317.750000	1	1.338220	0.404293	2.305843	0.292372
318.000000	0	0.084825	0.016503	0.525202	0.045899
318.000000	1	1.343661	0.242049	2.597549	0.317482
318.250000	0	0.083583	0.011111	0.657936	0.050158
318.250000	1	1.317968	0.459931	2.811633	0.319441
318.500000	0	0.083871	0.007017	0.862317	0.051510
318.500000	1	1.340248	0.644306	2.725251	0.297026
318.750000	0	0.085076	0.009992	0.476155	0.046182
318.750000	1	1.371577	0.831098	2.330697	0.242473
319.000000	0	0.084018	0.004073	0.489294	0.045623
319.000000	1	1.322138	0.193121	2.568225	0.306151
319.250000	0	0.083698	0.004777	0.373724	0.039633
319.250000	1	1.363645	0.300626	2.723847	0.368207
319.500000	0	0.080870	0.005544	0.355374	0.036561
319.500000	1	1.342085	0.818335	2.827598	0.266420
319.750000	0	0.082921	0.008725	0.659884	0.046390
319.750000	1	1.397544	0.678779	2.258360	0.265732
320.000000	0	0.079590	0.004662	0.330696	0.035746
320.000000	1	1.293235	0.748011	1.849807	0.197818
320.250000	0	0.083996	0.004277	1.182881	0.056583
320.250000	1	1.314744	0.501163	2.962691	0.314059
320.500000	0	0.084503	0.011073	0.580418	0.045903
320.500000	1	1.330656	0.544569	2.135098	0.237666
320.750000	0	0.082380	0.004455	0.512768	0.042508
320.750000	1	1.303537	0.532072	2.438396	0.319619
321.000000	0	0.083644	0.009600	0.621139	0.047818
321.000000	1	1.340458	0.482353	2.575062	0.290127
321.250000	0	0.085017	0.005852	1.051066	0.059958
321.250000	1	1.322949	0.358293	2.424799	0.280859
321.500000	0	0.084023	0.007876	0.554690	0.046514
321.500000	1	1.319922	0.365065	2.152211	0.243078
321.750000	0	0.084447	0.003183	0.471323	0.047226
321.750000	1	1.322885	0.240497	1.977017	0.254964
322.000000	0	0.085687	0.003921	0.724406	0.050506
322.000000	1	1.378803	0.582486	3.526033	0.376378
322.250000	0	0.084190	0.008441	0.386120	0.040162
322.250000	1	1.288117	0.287040	2.263730	0.306186
322.500000	0	0.086097	0.008351	0.493981	0.048123
322.500000	1	1.337650	0.166927	3.309403	0.394222
322.750000	0	0.085387	0.008803	0.483460	0.047789
322.750000	1	1.397039	0.714510	2.677019	0.307744
323.000000	0	0.083086	0.006779	1.051725	0.054673
323.000000	1	1.316876	0.718824	2.306521	0.221229
323.250000	0	0.084441	0.006090	0.518493	0.043360
323.250000	1	1.316729	0.377269	2.305898	0.281651
323.500000	0	0.082777	0.008146	0.451063	0.044047
323.500000	1	1.359758	0.742347	2.260997	0.283633
323.750000	0	0.085188	0.005636	0.736374	0.051384
323.750000	1	1.309027	0.551688	2.574250	0.302479
324.000000	0	0.085212	0.006312	0.955215	0.057310
324.000000	1	1.358557	0.511784	2.373966	0.284245
324.250000	0	0.080843	0.003854	0.460092	0.038752
324.250000	1	1.345605	0.649823	1.874966	0.213140
324.500000	0	0.081182	0.001888	0.703477	0.048279
324.500000	1	1.350775	0.462987	3.353026	0.309486
324.750000	0	0.086237	0.004629	0.764832	0.057662
324.750000	1	1.343174	0.531201	2.646178	0.294682
325.000000	0	0.083065	0.005005	0.370573	0.039373
325.000000	1	1.335829	0.680311	2.394480	0.246116
325.250000	0	0.082112	0.009458	0.482439	0.042970
325.250000	1	1.380341	0.216624	3.227380	0.362640
325.500000	0	0.089305	0.002372	0.642327	0.054146
325.500000	1	1.365027	0.351954	2.434697	0.297066
325.750000	0	0.083010	0.005176	0.689092	0.046897
325.750000	1	1.277316	0.368693	1.878698	0.251327
326.000000	0	0.082868	0.009079	0.524322	0.042148
326.000000	1	1.330694	0.630664	2.562980	0.315082
326.250000	0	0.082259	0.007727	0.422744	0.041497
326.250000	1	1.300444	0.274120	1.967781	0.277218
326.500000	0	0.086440	0.003402	0.567746	0.046403
326.500000	1	1.337890	0.627777	2.530078	0.297999
326.750000	0	0.086203	0.013001	0.764417	0.047753
326.750000	1	1.319693	0.407199	2.336179	0.284885
327.000000	0	0.084736	0.005448	0.877876	0.053804
327.000000	1	1.333081	0.505474	2.842428	0.344970
327.250000	0	0.085603	0.009888	0.533979	0.045584
327.250000	1	1.320831	0.348496	2.228076	0.269060
327.500000	0	0.083068	0.001739	0.484318	0.043432
327.500000	1	1.348070	0.326597	2.472023	0.287824
327.750000	0	0.087003	0.011755	0.642686	0.052226
327.750000	1	1.367646	0.549182	2.092892	0.257410
328.000000	0	0.080336	0.004022	0.403409	0.037506
328.000000	1	1.347625	0.616804	1.895495	0.238083
328.250000	0	0.082777	0.008195	0.535460	0.043351
328.250000	1	1.312647	0.840901	2.113271	0.219819
328.500000	0	0.083468	0.005623	0.649172	0.047782
328.500000	1	1.336625	0.280242	2.423151	0.304131
328.750000	0	0.084547	0.021916	0.525209	0.045268
328.750000	1	1.301159	0.502491	2.097081	0.271405
329.000000	0	0.085430	0.009623	0.518984	0.045363
329.000000	1	1.328507	0.321476	3.894816	0.367681
329.250000	0	0.086396	0.003916	0.745180	0.052955
329.250000	1	1.410674	0.205629	3.570779	0.408105
329.500000	0	0.087443	0.006304	0.537770	0.051009
329.500000	1	1.314460	0.424012	2.620512	0.285142
329.750000	0	0.086100	0.011694	0.734784	0.052833
329.750000	1	1.345722	0.629187	2.434495	0.288683
330.000000	0	0.082974	0.004793	0.604803	0.044361
330.000000	1	1.355478	0.797331	1.975817	0.206063
330.250000	0	0.085943	0.010401	0.782850	0.054656
330.250000	1	1.317979	0.448614	2.170099	0.277797
330.500000	0	0.086531	0.014003	0.664331	0.053557
330.500000	1	1.341413	0.694903	2.454094	0.299223
330.750000	0	0.083779	0.002231	0.498813	0.043316
330.750000	1	1.292412	0.413335	2.153738	0.286474
331.000000	0	0.085125	0.012444	0.441430	0.041965
331.000000	1	1.269645	0.545682	1.851976	0.253606
331.250000	0	0.081760	0.006796	0.364617	0.036533
331.250000	1	1.369939	0.491050	3.696853	0.371632
331.500000	0	0.084642	0.002569	0.668973	0.050004
331.500000	1	1.372051	0.340066	4.205747	0.466282
331.750000	0	0.084427	0.002975	0.441068	0.043653
331.750000	1	1.335259	0.332399	2.181326	0.270776
332.000000	0	0.086927	0.005064	1.111384	0.060660
332.000000	1	1.322900	0.416914	2.520497	0.310135
332.250000	0	0.087428	0.009816	0.765417	0.060940
332.250000	1	1.351665	0.441637	2.598061	0.330043
332.500000	0	0.086422	0.001707	0.835369	0.062662
332.500000	1	1.338744	0.577690	2.685615	0.303718
332.750000	0	0.084385	0.009487	0.315616	0.038495
332.750000	1	1.327826	0.360837	2.287104	0.243997
333.000000	0	0.084490	0.012923	0.579798	0.046482
333.000000	1	1.314255	0.663757	2.181367	0.253382
333.250000	0	0.083100	0.007143	0.339751	0.038771
333.250000	1	1.342554	0.232292	2.510437	0.306763
333.500000	0	0.084543	0.008227	0.814434	0.054838
333.500000	1	1.295783	0.415784	2.705783	0.288759
333.750000	0	0.088466	0.006515	1.083751	0.061868
333.750000	1	1.426939	0.780519	2.727927	0.355608
334.000000	0	0.082437	0.006076	0.511301	0.040715
334.000000	1	1.365310	0.153845	2.369416	0.261452
334.250000	0	0.083122	0.004116	0.751785	0.042322
334.250000	1	1.325891	0.639682	2.391429	0.231235
334.500000	0	0.082877	0.003353	0.298663	0.040145
334.500000	1	1.328990	0.842089	2.855878	0.282974
334.750000	0	0.081045	0.002638	0.408976	0.040613
334.750000	1	1.331571	0.431961	2.926693	0.296341
335.000000	0	0.082978	0.012961	0.385666	0.040160
335.000000	1	1.334786	0.438673	2.174399	0.267667
335.250000	0	0.084395	0.005245	0.381026	0.041481
335.250000	1	1.322449	0.572557	3.347234	0.336587
335.500000	0	0.087536	0.004666	1.083720	0.060149
335.500000	1	1.349253	0.432992	2.368985	0.297892
335.750000	0	0.084918	0.004849	0.425044	0.047855
335.750000	1	1.415818	0.421014	4.250007	0.491446
336.000000	0	0.084511	0.013007	0.540958	0.046705
336.000000	1	1.331822	0.651424	2.836042	0.310760
336.250000	0	0.087070	0.000448	0.566882	0.050439
336.250000	1	1.350204	0.382786	2.466385	0.291432
336.500000	0	0.083428	0.005602	0.720661	0.049058
336.500000	1	1.365155	0.726269	4.079160	0.366678
336.750000	0	0.084650	0.014441	0.428054	0.043378
336.750000	1	1.351247	0.688575	3.414462	0.350661
337.000000	0	0.083719	0.006191	0.417417	0.043153
337.000000	1	1.345018	0.462255	2.167071	0.281610
337.250000	0	0.084575	0.004324	0.442666	0.044413
337.250000	1	1.311392	0.727479	2.496087	0.257629
337.500000	0	0.084528	0.006723	0.441924	0.043406
337.500000	1	1.296197	0.558807	2.502878	0.257298
337.750000	0	0.085715	0.007034	0.713459	0.049428
337.750000	1	1.369573	0.566614	2.905225	0.347550
338.000000	0	0.086203	0.003190	0.676128	0.049647
338.000000	1	1.315559	0.106008	2.671665	0.334492
338.250000	0	0.083750	0.015343	0.331171	0.039087
338.250000	1	1.342301	0.304189	2.726468	0.306938
338.500000	0	0.082061	0.019674	0.555779	0.042669
338.500000	1	1.291959	0.189251	2.214748	0.300428
338.750000	0	0.084059	0.006762	0.428654	0.046422
338.750000	1	1.366578	0.801645	2.250850	0.264491
339.000000	0	0.085625	0.010995	0.368842	0.041184
339.000000	1	1.343411	0.670226	2.243716	0.286313
339.250000	0	0.083853	0.005457	0.571309	0.045293
339.250000	1	1.374464	0.486717	2.208139	0.301975
339.500000	0	0.085869	0.011900	0.654530	0.046290
339.500000	1	1.345978	0.024546	2.232168	0.288011
339.750000	0	0.082422	0.009996	0.277758	0.035449
339.750000	1	1.305544	0.299863	2.093099	0.286924
340.000000	0	0.084132	0.006761	0.467185	0.043211
340.000000	1	1.336485	0.463852	2.585830	0.324829
340.250000	0	0.088184	0.004967	0.994030	0.069873
340.250000	1	1.367111	0.482195	2.494440	0.291600
340.500000	0	0.083038	0.006954	1.001613	0.052719
340.500000	1	1.331812	0.135279	2.340558	0.302164
340.750000	0	0.079624	0.005790	0.255510	0.033064
340.750000	1	1.299381	0.701025	2.223763	0.260060
341.000000	0	0.082032	0.008469	0.330198	0.035334
341.000000	1	1.329101	0.226316	3.628426	0.343910
341.250000	0	0.083002	0.011413	0.439701	0.045615
341.250000	1	1.371432	0.390787	2.225872	0.271220
341.500000	0	0.083101	0.006170	0.401673	0.039750
341.500000	1	1.310593	0.617332	2.167911	0.249328
341.750000	0	0.081282	0.009094	0.385360	0.040098
341.750000	1	1.346163	0.339350	3.746643	0.423142
342.000000	0	0.082242	0.005980	0.386304	0.040490
342.000000	1	1.333348	0.604734	2.394727	0.310134
342.250000	0	0.081442	0.006365	0.457169	0.038530
342.250000	1	1.359247	0.516521	2.425393	0.274074
342.500000	0	0.081320	0.013277	0.430685	0.037287
342.500000	1	1.365781	0.687342	3.066929	0.310532
342.750000	0	0.081175	0.009837	0.689542	0.044995
342.750000	1	1.324241	0.398628	2.957519	0.322455
343.000000	0	0.082846	0.002340	0.743296	0.044248
343.000000	1	1.317281	0.286151	2.303488	0.307893
343.250000	0	0.084301	0.007506	0.443219	0.042779
343.250000	1	1.396528	0.564238	5.549185	0.532268
343.500000	0	0.080570	0.009194	0.379476	0.034469
343.500000	1	1.343636	0.697391	2.874799	0.270388
343.750000	0	0.080372	0.004815	0.393067	0.036809
343.750000	1	1.322653	0.633854	1.957547	0.228801
344.000000	0	0.080974	0.008145	0.305914	0.034816
344.000000	1	1.336723	0.610624	2.302886	0.261381
344.250000	0	0.080689	0.012690	0.386667	0.039510
344.250000	1	1.344929	0.003665	2.582632	0.299914
344.500000	0	0.081548	0.006459	0.291781	0.036202
344.500000	1	1.336985	0.799960	2.141068	0.231273
344.750000	0	0.082329	0.007671	0.607263	0.045598
344.750000	1	1.338837	0.382891	2.196191	0.308067
345.000000	0	0.083519	0.006174	0.385916	0.037796
345.000000	1	1.355932	0.111952	2.617451	0.338450
345.250000	0	0.084105	0.006354	0.593848	0.049227
345.250000	1	1.327362	0.582775	2.174924	0.267252
345.500000	0	0.078674	0.003317	0.368365	0.032260
345.500000	1	1.314905	0.306887	2.125309	0.262843
345.750000	0	0.084376	0.006788	1.228602	0.061022
345.750000	1	1.361029	0.377405	2.698431	0.271827
346.000000	0	0.081893	0.005922	0.356828	0.038287
346.000000	1	1.310740	0.579785	1.881024	0.227901
346.250000	0	0.081022	0.008690	0.450764	0.037817
346.250000	1	1.379541	0.401571	3.287041	0.335147
346.500000	0	0.079708	0.009684	0.318491	0.035553
346.500000	1	1.302816	0.594179	2.166634	0.240139
346.750000	0	0.083500	0.008883	0.526717	0.044441
346.750000	1	1.346467	0.184088	2.758043	0.350981
347.000000	0	0.081883	0.004872	0.523676	0.041080
347.000000	1	1.324761	0.263991	2.134507	0.286046
347.250000	0	0.081618	0.007978	0.394944	0.039331
347.250000	1	1.318806	0.047253	2.534638	0.294855
347.500000	0	0.081729	0.005271	0.319795	0.037339
347.500000	1	1.371614	0.029015	2.568222	0.310433
347.750000	0	0.082296	0.001216	0.661859	0.041400
347.750000	1	1.341999	0.827237	2.478354	0.243780
348.000000	0	0.079470	0.002345	0.316355	0.034640
348.000000	1	1.373099	0.406542	2.969799	0.284689
348.250000	0	0.081678	0.008106	0.514763	0.042868
348.250000	1	1.287623	0.329234	1.883070	0.228533
348.500000	0	0.083629	0.003719	0.371057	0.038826
348.500000	1	1.336242	0.224799	2.206219	0.290460
348.750000	0	0.084374	0.007844	0.342441	0.039287
348.750000	1	1.319111	0.311109	2.436899	0.290546
349.000000	0	0.080705	0.005541	0.428174	0.040803
349.000000	1	1.311716	0.806193	1.951256	0.242542
349.250000	0	0.082872	0.010741	0.549457	0.043002
349.250000	1	1.388543	0.641942	3.640923	0.404509
349.500000	0	0.081809	0.006279	0.369247	0.037855
349.500000	1	1.418118	0.751230	2.677706	0.315425
349.750000	0	0.080581	0.007031	0.324312	0.035252
349.750000	1	1.369102	0.860236	3.624100	0.320920
350.000000	0	0.084104	0.012746	0.798128	0.046142
350.000000	1	1.291107	0.724181	2.326087	0.232552
350.250000	0	0.084379	0.007036	0.493420	0.041980
350.250000	1	1.325185	0.712189	2.242453	0.262032
350.500000	0	0.084749	0.017877	1.384345	0.071770
350.500000	1	1.360657	0.460811	2.564032	0.300915
350.750000	0	0.086314	0.005820	0.622664	0.052780
350.750000	1	1.277710	0.308697	2.259467	0.276885
351.000000	0	0.086475	0.007118	0.701941	0.057136
351.000000	1	1.340793	0.626821	2.282897	0.307773
351.250000	0	0.086268	0.002540	0.959147	0.059443
351.250000	1	1.304346	0.429342	2.307908	0.298107
351.500000	0	0.088148	0.009332	0.654852	0.056503
351.500000	1	1.292064	0.204659	2.010784	0.306784
351.750000	0	0.086241	0.012601	0.427171	0.044989
351.750000	1	1.338525	0.544034	2.211653	0.257572
352.000000	0	0.085467	0.005490	0.499721	0.050132
352.000000	1	1.347731	0.694146	3.206442	0.323715
352.250000	0	0.084084	0.003074	0.385197	0.044165
352.250000	1	1.302725	0.340286	2.949772	0.331511
352.500000	0	0.088319	0.002544	0.490701	0.051500
352.500000	1	1.356866	0.140388	2.589360	0.348986
352.750000	0	0.084167	0.006388	0.507218	0.045102
352.750000	1	1.310311	0.458169	2.281279	0.257704
353.000000	0	0.085214	0.009654	0.518459	0.044386
353.000000	1	1.328937	0.089779	2.468012	0.324058
353.250000	0	0.082856	0.008713	0.921547	0.052590
353.250000	1	1.316114	0.595712	2.688557	0.351790
353.500000	0	0.083685	0.006812	0.593276	0.047236
353.500000	1	1.390836	0.454738	3.833515	0.431360
353.750000	0	0.082055	0.004610	0.456547	0.040611
353.750000	1	1.299452	0.487232	2.482655	0.265794
354.000000	0	0.083316	0.005485	0.420193	0.040543
354.000000	1	1.338482	0.301432	2.971076	0.316238
354.250000	0	0.082188	0.005034	0.323727	0.039294
354.250000	1	1.339993	0.421590	2.569871	0.311776
354.500000	0	0.082520	0.005599	0.489890	0.042948
354.500000	1	1.372851	0.680813	2.680810	0.282395
354.750000	0	0.080554	0.013772	0.585660	0.043781
354.750000	1	1.380833	0.427711	3.916860	0.384818
355.000000	0	0.083113	0.006925	0.522834	0.046675
355.000000	1	1.323562	0.632996	2.121134	0.253005
355.250000	0	0.082573	0.012609	0.495014	0.043360
355.250000	1	1.303230	0.468039	2.112360	0.282163
355.500000	0	0.084025	0.009307	1.224031	0.060591
355.500000	1	1.524256	0.474840	12.302518	1.322531
355.750000	0	0.084124	0.003075	0.429112	0.044393
355.750000	1	1.336237	0.421347	2.199379	0.294164
356.000000	0	0.083700	0.008536	0.479663	0.043882
356.000000	1	1.327657	0.287894	2.326791	0.278547
356.250000	0	0.086329	0.004426	0.565513	0.048454
356.250000	1	1.351051	0.362813	2.901218	0.333749
356.500000	0	0.083965	0.002714	0.420431	0.041686
356.500000	1	1.384149	0.884601	2.755177	0.286820
356.750000	0	0.086471	0.012468	0.502590	0.047277
356.750000	1	1.297918	0.521255	2.246678	0.281879
357.000000	0	0.085806	0.009202	0.692131	0.054257
357.000000	1	1.336681	0.333847	4.410847	0.480074
357.250000	0	0.083344	0.014324	0.505600	0.042055
357.250000	1	1.340714	0.205717	2.341563	0.299798
357.500000	0	0.080605	0.008997	0.343139	0.036409
357.500000	1	1.320032	0.202090	2.022562	0.263302
357.750000	0	0.079070	0.003300	0.372295	0.034387
357.750000	1	1.327446	0.390356	2.527187	0.297031
358.000000	0	0.083209	0.010824	1.048578	0.051058
358.000000	1	1.320650	0.593048	2.291148	0.290686
358.250000	0	0.080637	0.008285	0.297758	0.037255
358.250000	1	1.362812	0.691690	2.492325	0.286913
358.500000	0	0.083982	0.007746	0.901090	0.056332
358.500000	1	1.278270	0.589602	2.043452	0.252788
358.750000	0	0.084764	0.012736	0.501937	0.045729
358.750000	1	1.323540	0.611933	2.498910	0.328671
359.000000	0	0.086396	0.001173	0.534571	0.053815
359.000000	1	1.320764	0.417852	2.307937	0.264095
359.250000	0	0.084452	0.009860	0.662262	0.046600
359.250000	1	1.324626	0.526421	2.379599	0.285301
359.500000	0	0.085213	0.013136	0.566622	0.046458
359.500000	1	1.368588	0.354928	5.241109	0.535337
359.750000	0	0.085104	0.008090	0.692605	0.052984
359.750000	1	1.304012	0.508160	2.146293	0.253261
360.000000	0	0.084788	0.017604	0.396458	0.041449
360.000000	1	1.315929	0.259118	2.151539	0.280877
360.250000	0	0.085157	0.003912	0.429638	0.045509
360.250000	1	1.386038	0.538937	2.823422	0.337338
360.500000	0	0.082595	0.009502	0.445285	0.043745
360.500000	1	1.335311	0.296961	2.519858	0.323476
360.750000	0	0.087594	0.004771	0.466399	0.050351
360.750000	1	1.345819	0.334947	2.262954	0.297690
361.000000	0	0.085097	0.000304	0.600507	0.049216
361.000000	1	1.327308	0.472032	2.227058	0.303356
361.250000	0	0.084559	0.005658	0.433398	0.046493
361.250000	1	1.383777	0.676035	2.277271	0.298287
361.500000	0	0.084795	0.004943	0.727084	0.049242
361.500000	1	1.328341	0.477099	2.565618	0.265406
361.750000	0	0.085601	0.007000	0.811912	0.051996
361.750000	1	1.312453	0.465125	2.660859	0.282947
362.000000	0	0.086491	0.004313	0.461224	0.045523
362.000000	1	1.324281	0.140212	2.380672	0.315629
362.250000	0	0.085996	0.010386	0.815900	0.056477
362.250000	1	1.371904	0.622348	2.898781	0.314565
362.500000	0	0.084476	0.011059	0.625218	0.050329
362.500000	1	1.334490	0.220165	2.037728	0.272906
362.750000	0	0.084152	0.012930	0.894581	0.056337
362.750000	1	1.343976	0.920472	1.968847	0.211798
363.000000	0	0.084699	0.006789	0.443560	0.044048
363.000000	1	1.328585	0.386476	2.345220	0.276733
363.250000	0	0.084738	0.004049	0.477519	0.043397
363.250000	1	1.362642	0.444913	2.396653	0.277783
363.500000	0	0.086532	0.008449	0.715910	0.053034
363.500000	1	1.338019	0.760928	2.224751	0.253846
363.750000	0	0.082664	0.007814	0.631503	0.040674
363.750000	1	1.335938	0.170458	2.233415	0.251132
364.000000	0	0.086790	0.004383	0.551717	0.049490
364.000000	1	1.299183	0.377632	2.044814	0.261324
364.250000	0	0.084013	0.006427	0.382556	0.041520
364.250000	1	1.369309	0.641564	3.105031	0.375553
364.500000	0	0.085269	0.005610	0.525765	0.047487
364.500000	1	1.332911	0.596116	2.416067	0.288739
364.750000	0	0.084950	0.002999	0.953053	0.053402
364.750000	1	1.296749	0.316999	2.438840	0.329326
365.000000	0	0.086109	0.014567	0.799281	0.054320
365.000000	1	1.390839	0.637807	2.709051	0.329178
365.250000	0	0.080348	0.005457	0.251190	0.032192
365.250000	1	1.353590	0.686793	2.708020	0.274136
365.500000	0	0.080002	0.006444	0.453347	0.038831
365.500000	1	1.329603	0.644364	2.294062	0.263046
365.750000	0	0.083896	0.008760	0.321730	0.040205
365.750000	1	1.339902	0.657805	2.247721	0.261507
366.000000	0	0.082683	0.011385	0.408563	0.040035
366.000000	1	1.256227	0.254575	2.127737	0.286872
366.250000	0	0.084116	0.006283	0.628312	0.050360
366.250000	1	1.345802	0.559905	2.238428	0.296527
366.500000	0	0.085065	0.004751	0.939546	0.067082
366.500000	1	1.342477	0.536759	1.995975	0.269833
366.750000	0	0.084889	0.002885	0.484615	0.046766
366.750000	1	1.363475	0.252575	2.718643	0.339283
367.000000	0	0.081902	0.005588	0.487065	0.041434
367.000000	1	1.326021	0.387667	2.370520	0.294891
367.250000	0	0.084280	0.005475	0.443450	0.042137
367.250000	1	1.335185	0.562239	2.252114	0.285493
367.500000	0	0.084536	0.001625	0.610840	0.049096
367.500000	1	1.342876	0.780670	2.104178	0.245112
367.750000	0	0.082008	0.007021	0.401060	0.039332
367.750000	1	1.347045	0.482627	2.899148	0.302039
368.000000	0	0.083733	0.008515	0.498095	0.046327
368.000000	1	1.313601	0.418600	1.977501	0.277961
368.250000	0	0.084262	0.008941	0.822685	0.050271
368.250000	1	1.355715	0.567573	2.811617	0.310296
368.500000	0	0.085088	0.001860	0.494266	0.045145
368.500000	1	1.318969	0.609667	2.651701	0.283634
368.750000	0	0.081932	0.011442	0.514186	0.041062
368.750000	1	1.305534	0.127777	2.271803	0.316445
369.000000	0	0.084816	0.009978	0.571938	0.043073
369.000000	1	1.334198	0.449624	2.369605	0.328491
369.250000	0	0.082149	0.004171	0.432674	0.041862
369.250000	1	1.367239	0.328554	3.213638	0.347541
369.500000	0	0.082526	0.004203	0.346859	0.036692
369.500000	1	1.337101	0.773182	2.154582	0.246597
369.750000	0	0.083601	0.007473	1.225503	0.061717
369.750000	1	1.315884	0.529791	2.036255	0.241008
370.000000	0	0.082151	0.011016	0.344069	0.035170
370.000000	1	1.343966	0.743731	2.040380	0.233605
370.250000	0	0.085748	0.011132	0.629819	0.048295
370.250000	1	1.302707	0.695657	1.911645	0.223695
370.500000	0	0.082557	0.007866	0.568462	0.048598
370.500000	1	1.301138	0.533959	1.970021	0.270990
370.750000	0	0.082267	0.009048	0.500101	0.045082
370.750000	1	1.333526	0.706530	2.083443	0.274933
371.000000	0	0.082130	0.010314	0.324516	0.038876
371.000000	1	1.331247	0.274221	2.366275	0.321878
371.250000	0	0.081366	0.008473	0.482384	0.039498
371.250000	1	1.308571	0.589303	2.329168	0.277895
371.500000	0	0.083906	0.011659	0.641818	0.044353
371.500000	1	1.319284	0.225042	2.298504	0.375619
371.750000	0	0.085941	0.007008	0.721736	0.056006
371.750000	1	1.354008	0.571089	2.430523	0.301992
372.000000	0	0.082705	0.006275	1.769449	0.077627
372.000000	1	1.320366	0.557227	2.265225	0.264965
372.250000	0	0.083003	0.007026	0.334115	0.041128
372.250000	1	1.280397	0.529432	1.977363	0.263589
372.500000	0	0.082771	0.007151	0.426580	0.040062
372.500000	1	1.344645	0.292102	2.139389	0.290962
372.750000	0	0.083049	0.005140	0.528731	0.041871
372.750000	1	1.320916	0.474661	2.736739	0.328167
373.000000	0	0.084904	0.003958	1.622676	0.072192
373.000000	1	1.328011	0.372781	3.096271	0.310685
373.250000	0	0.084578	0.008205	0.443479	0.046240
373.250000	1	1.341465	0.491199	2.216611	0.276128
373.500000	0	0.087276	0.005405	0.778794	0.052970
373.500000	1	1.274054	0.277739	2.315724	0.288945
373.750000	0	0.086437	0.010605	0.706143	0.053466
373.750000	1	1.345441	0.783884	2.041047	0.250639
374.000000	0	0.082335	0.006253	0.560761	0.044931
374.000000	1	1.342444	0.489619	2.614176	0.304917
374.250000	0	0.083029	0.002654	0.600904	0.046126
374.250000	1	1.313136	0.302678	2.159589	0.294998
374.500000	0	0.084376	0.004238	0.758340	0.051315
374.500000	1	1.334953	0.316528	2.227040	0.320862
374.750000	0	0.082398	0.018381	0.461083	0.039558
374.750000	1	1.319890	0.454020	2.657768	0.288669
375.000000	0	0.081464	0.009861	0.367899	0.040348
375.000000	1	1.289051	0.140806	2.886163	0.340814
375.250000	0	0.086258	0.001381	0.840174	0.055302
375.250000	1	1.381890	0.736797	3.574381	0.333905
375.500000	0	0.083337	0.015127	0.755706	0.050958
375.500000	1	1.355921	0.337474	2.449416	0.318656
375.750000	0	0.082480	0.005924	0.665990	0.052883
375.750000	1	1.327727	0.282159	2.576949	0.347395
376.000000	0	0.079643	0.010313	0.630864	0.036603
376.000000	1	1.338903	0.490966	1.972503	0.256376
376.250000	0	0.081790	0.008594	0.423263	0.044245
376.250000	1	1.268072	0.470140	2.081282	0.252431
376.500000	0	0.083186	0.007878	0.521759	0.046733
376.500000	1	1.349956	0.323498	2.579616	0.345491
376.750000	0	0.084080	0.014773	0.364841	0.041414
376.750000	1	1.286027	0.424680	2.103600	0.262335
377.000000	0	0.084643	0.002695	0.632742	0.049916
377.000000	1	1.300778	0.256161	2.780228	0.325241
377.250000	0	0.088204	0.005031	0.757791	0.062751
377.250000	1	1.390103	0.345361	2.183680	0.312217
377.500000	0	0.084992	0.009408	0.501163	0.047223
377.500000	1	1.307263	0.418637	1.875020	0.239788
377.750000	0	0.082323	0.003185	0.920676	0.047550
377.750000	1	1.318198	0.773650	2.123552	0.240053
378.000000	0	0.083724	0.011164	0.349465	0.039329
378.000000	1	1.370853	0.473914	2.594987	0.316128
378.250000	0	0.084553	0.005792	0.719918	0.048969
378.250000	1	1.304527	0.481052	2.431470	0.308231
378.500000	0	0.086783	0.004476	0.586680	0.052350
378.500000	1	1.318586	0.434183	2.076263	0.266529
378.750000	0	0.083176	0.009774	1.206239	0.056883
378.750000	1	1.332377	0.602626	2.301174	0.319957
379.000000	0	0.083964	0.008202	0.638923	0.046172
379.000000	1	1.316674	0.384971	2.803684	0.313578
379.250000	0	0.083491	0.008631	0.368533	0.043187
379.250000	1	1.299778	0.624458	2.147031	0.279843
379.500000	0	0.086594	0.006294	1.206845	0.067527
379.500000	1	1.350243	0.428738	2.409203	0.314430
379.750000	0	0.083078	0.011955	0.426918	0.039295
379.750000	1	1.326708	0.533625	2.126381	0.269329
380.000000	0	0.082196	0.015054	0.303342	0.036640
380.000000	1	1.363293	0.306293	2.749621	0.325445
380.250000	0	0.081066	0.004849	0.431351	0.037736
380.250000	1	1.315693	0.443368	2.370673	0.254283
380.500000	0	0.080894	0.000723	0.738251	0.045041
380.500000	1	1.406826	0.532303	3.435143	0.350412
380.750000	0	0.081058	0.000463	0.639284	0.043243
380.750000	1	1.325296	0.802556	1.963838	0.211932
381.000000	0	0.083208	0.001477	0.683825	0.047369
381.000000	1	1.326411	0.570319	2.619343	0.269205
381.250000	0	0.082225	0.010230	0.421832	0.041583
381.250000	1	1.343743	0.642182	2.281942	0.260209
381.500000	0	0.082152	0.003990	0.322486	0.037477
381.500000	1	1.346965	0.728660	2.428382	0.285551
381.750000	0	0.081264	0.004357	0.425889	0.039155
381.750000	1	1.295263	0.442039	2.393831	0.254379
382.000000	0	0.083821	0.012437	0.517016	0.045101
382.000000	1	1.333280	0.384868	2.243329	0.278767
382.250000	0	0.082255	0.005816	0.433184	0.040962
382.250000	1	1.366620	0.720837	2.539065	0.261416
382.500000	0	0.080481	0.010235	0.321741	0.034802
382.500000	1	1.302393	0.611824	1.992245	0.240433
382.750000	0	0.082843	0.001091	0.332313	0.036532
382.750000	1	1.342963	0.647452	2.519609	0.287836
383.000000	0	0.082858	0.011047	1.308625	0.059538
383.000000	1	1.376825	0.659697	2.394219	0.275716
383.250000	0	0.080958	0.012006	0.362815	0.035334
383.250000	1	1.366949	0.739162	2.164054	0.263536
383.500000	0	0.081116	0.004637	0.296284	0.037223
383.500000	1	1.333044	0.623954	2.143133	0.251658
383.750000	0	0.079402	0.007012	0.335547	0.032991
383.750000	1	1.308278	0.656599	2.826580	0.274670
384.000000	0	0.081033	0.003524	0.315842	0.035923
384.000000	1	1.357616	0.460952	2.168952	0.291572
384.250000	0	0.080126	0.011171	0.326602	0.036289
384.250000	1	1.368353	0.394701	2.628945	0.326886
384.500000	0	0.083912	0.006687	0.545215	0.044630
384.500000	1	1.351335	0.717567	2.443423	0.238982
384.750000	0	0.081371	0.012784	0.427097	0.038350
384.750000	1	1.322803	0.663687	2.225876	0.264282
385.000000	0	0.084737	0.002559	0.501144	0.044634
385.000000	1	1.364282	0.430786	4.718647	0.520786
385.250000	0	0.083482	0.005031	0.860931	0.051187
385.250000	1	1.395753	0.718848	3.081061	0.327246
385.500000	0	0.081589	0.003687	0.316554	0.039664
385.500000	1	1.356929	0.665117	2.824704	0.328900
385.750000	0	0.081523	0.004211	0.374393	0.039663
385.750000	1	1.353092	0.326385	2.481140	0.318543
386.000000	0	0.082790	0.003688	0.302041	0.038934
386.000000	1	1.298446	0.493800	2.286980	0.231068
386.250000	0	0.082638	0.009012	0.320674	0.038301
386.250000	1	1.319119	0.366579	2.588644	0.267675
386.500000	0	0.082182	0.005513	0.341783	0.036739
386.500000	1	1.393614	0.271215	2.296281	0.313165
386.750000	0	0.081003	0.005369	0.379305	0.034307
386.750000	1	1.306111	0.516405	2.178773	0.260377
387.000000	0	0.078262	0.001818	0.285955	0.031255
387.000000	1	1.304294	0.609021	2.316848	0.224803
387.250000	0	0.081972	0.007475	0.532018	0.040774
387.250000	1	1.359075	0.403588	2.461828	0.316873
387.500000	0	0.081916	0.004161	0.305605	0.035857
387.500000	1	1.307792	0.263299	2.253598	0.267756
387.750000	0	0.081158	0.011036	0.737979	0.040532
387.750000	1	1.360551	0.436928	2.398433	0.290503
388.000000	0	0.079308	0.010884	0.401473	0.036800
388.000000	1	1.344281	0.594014	3.438498	0.403956
388.250000	0	0.083008	0.006328	0.453156	0.047247
388.250000	1	1.371447	0.422521	2.830708	0.377481
388.500000	0	0.084496	0.013664	0.795060	0.057856
388.500000	1	1.447883	0.424269	9.453234	1.041307
388.750000	0	0.081476	0.007405	0.327161	0.039707
388.750000	1	1.292918	0.387440	2.131489	0.292352
389.000000	0	0.085350	0.016136	0.600766	0.045728
389.000000	1	1.352815	0.245622	2.488064	0.344684
389.250000	0	0.083460	0.002100	0.408258	0.041251
389.250000	1	1.337258	0.201229	2.194725	0.288497
389.500000	0	0.084943	0.007666	0.611091	0.049310
389.500000	1	1.306451	0.401562	2.034471	0.269465
389.750000	0	0.083113	0.004648	0.290109	0.039272
389.750000	1	1.344985	0.270600	2.320776	0.303840
390.000000	0	0.082398	0.005413	1.128801	0.054168
390.000000	1	1.341152	0.217567	2.451848	0.295728
390.250000	0	0.081706	0.003960	0.953870	0.048890
390.250000	1	1.379857	0.640431	2.944109	0.347880
390.500000	0	0.083051	0.004195	0.389933	0.038787
390.500000	1	1.306602	0.222967	2.259439	0.292049
390.750000	0	0.083373	0.016200	0.548765	0.044610
390.750000	1	1.357214	0.598874	2.693934	0.291459
391.000000	0	0.082501	0.008245	0.374188	0.039907
391.000000	1	1.322762	0.700281	2.088891	0.253388
391.250000	0	0.080613	0.014479	0.301210	0.034650
391.250000	1	1.324058	0.315041	2.185925	0.313726
391.500000	0	0.082714	0.011196	0.378441	0.039066
391.500000	1	1.350444	0.392052	2.559088	0.308551
391.750000	0	0.079088	0.008262	0.481466	0.037606
391.750000	1	1.346530	0.135799	3.118197	0.344290
392.000000	0	0.081676	0.008457	0.794346	0.048450
392.000000	1	1.336963	0.542711	2.980974	0.309681
392.250000	0	0.082955	0.009410	0.578496	0.042118
392.250000	1	1.303000	0.100260	1.956135	0.262973
392.500000	0	0.081001	0.006845	0.386545	0.037957
392.500000	1	1.304006	0.457297	2.298124	0.273903
392.750000	0	0.082893	0.007655	0.375911	0.039458
392.750000	1	1.311744	0.468214	2.783750	0.281963
393.000000	0	0.085782	0.012308	0.613162	0.050437
393.000000	1	1.328818	0.475608	2.326125	0.311640
393.250000	0	0.083687	0.002468	0.517675	0.044056
393.250000	1	1.342099	0.591943	2.186400	0.264078
393.500000	0	0.082435	0.008030	0.454726	0.040831
393.500000	1	1.380909	0.474975	2.117957	0.280830
393.750000	0	0.081019	0.004376	0.316553	0.035969
393.750000	1	1.357317	0.783509	2.177137	0.232228
394.000000	0	0.080181	0.003833	0.466362	0.036695
394.000000	1	1.347041	0.460889	2.434831	0.315722
394.250000	0	0.084900	0.012503	0.523299	0.044588
394.250000	1	1.366203	0.639062	2.714231	0.265888
394.500000	0	0.082624	0.010278	0.624982	0.046334
394.500000	1	1.353972	0.747609	1.998045	0.244152
394.750000	0	0.080888	0.007745	0.321594	0.034373
394.750000	1	1.329969	0.560592	3.046132	0.325356
395.000000	0	0.080765	0.004776	0.544761	0.038434
395.000000	1	1.355737	0.642570	2.972141	0.297212
395.250000	0	0.083297	0.001172	0.502247	0.041334
395.250000	1	1.314575	0.420064	2.458801	0.290472
395.500000	0	0.081835	0.004058	0.329082	0.036746
395.500000	1	1.284507	0.308252	2.669670	0.335837
395.750000	0	0.080472	0.004634	0.482565	0.037973
395.750000	1	1.280574	0.415875	2.061312	0.269417
396.000000	0	0.083562	0.008759	0.385163	0.038831
396.000000	1	1.349541	0.397059	3.412133	0.364790
396.250000	0	0.082573	0.005623	0.785235	0.049310
396.250000	1	1.282246	0.449925	1.976926	0.283330
396.500000	0	0.082837	0.005363	0.581726	0.045997
396.500000	1	1.341339	0.449499	2.164583	0.275322
396.750000	0	0.081827	0.010620	0.409754	0.039843
396.750000	1	1.325016	0.469241	2.121464	0.282698
397.000000	0	0.081542	0.008555	0.329158	0.035950
397.000000	1	1.390499	0.350992	2.914698	0.400902
397.250000	0	0.083935	0.012762	0.767550	0.050359
397.250000	1	1.346904	0.546708	2.559013	0.261172
397.500000	0	0.081243	0.012176	0.590947	0.041196
397.500000	1	1.298874	0.513988	1.993995	0.247166
397.750000	0	0.084758	0.005930	0.395373	0.043535
397.750000	1	1.389848	0.509310	2.777207	0.332713
398.000000	0	0.080515	0.004240	0.259725	0.033675
398.000000	1	1.365230	0.642121	2.296286	0.273476
398.250000	0	0.083383	0.004018	0.488519	0.044319
398.250000	1	1.360994	0.178308	2.860639	0.339870
398.500000	0	0.080687	0.006015	0.669591	0.041457
398.500000	1	1.296684	0.655506	2.456079	0.275502
398.750000	0	0.084537	0.005420	0.366356	0.041915
398.750000	1	1.348178	0.497405	2.157398	0.261081
399.000000	0	0.082640	0.011791	0.800621	0.048349
399.000000	1	1.322999	0.523677	3.244573	0.355599
399.250000	0	0.084228	0.005361	0.464210	0.048492
399.250000	1	1.403950	0.465721	3.788041	0.431463
399.500000	0	0.085526	0.002267	0.601050	0.048845
399.500000	1	1.279930	0.264232	2.695590	0.332333
399.750000	0	0.083067	0.002028	0.725957	0.048885
399.750000	1	1.345596	0.729953	2.878535	0.356766
400.000000	0	0.082451	0.007219	0.542277	0.046386
400.000000	1	1.389274	0.527880	2.635603	0.342595
400.250000	0	0.083150	0.008004	1.208167	0.054732
400.250000	1	1.320236	0.255828	2.974537	0.301019
400.500000	0	0.081506	0.009990	0.329556	0.034892
400.500000	1	1.329031	0.733528	1.943744	0.254427
400.750000	0	0.083043	0.013562	0.480116	0.040414
400.750000	1	1.396569	0.420437	3.020457	0.347303
401.000000	0	0.083391	0.013309	0.263532	0.037431
401.000000	1	1.380384	0.903697	2.152332	0.244273
401.250000	0	0.079960	0.004117	0.324264	0.036051
401.250000	1	1.335655	0.699927	1.936865	0.209080
401.500000	0	0.080563	0.009311	0.583739	0.043016
401.500000	1	1.326008	0.563518	2.634863	0.250407
401.750000	0	0.081920	0.005520	0.396122	0.037529
401.750000	1	1.287026	0.586284	2.584471	0.279759
402.000000	0	0.082762	0.003752	0.503256	0.044858
402.000000	1	1.359344	0.243785	3.675735	0.372166
402.250000	0	0.085595	0.002578	1.079227	0.055272
402.250000	1	1.311229	0.221938	2.163729	0.260988
402.500000	0	0.086204	0.012277	1.369845	0.070178
402.500000	1	1.467209	0.670109	8.260195	0.904655
402.750000	0	0.086528	0.001383	0.464942	0.051234
402.750000	1	1.328800	0.384122	2.065476	0.312212
403.000000	0	0.087122	0.006460	0.461552	0.048430
403.000000	1	1.363579	0.748003	2.718396	0.338914
403.250000	0	0.087476	0.002486	0.513680	0.051034
403.250000	1	1.352427	0.357666	2.239827	0.292688
403.500000	0	0.083167	0.006457	0.451705	0.040232
403.500000	1	1.428399	0.394411	2.904476	0.384366
403.750000	0	0.084511	0.008104	0.495940	0.044602
403.750000	1	1.344449	0.630881	1.922371	0.214860
404.000000	0	0.080912	0.006597	0.340803	0.037292
404.000000	1	1.345416	0.653683	2.091971	0.258536
404.250000	0	0.082818	0.012083	0.692592	0.046653
404.250000	1	1.357398	0.754409	2.379135	0.269098
404.500000	0	0.083846	0.006722	0.749445	0.049234
404.500000	1	1.344029	0.502773	2.699972	0.309481
404.750000	0	0.083085	0.002576	0.716649	0.048510
404.750000	1	1.297120	0.326940	2.289447	0.262426
405.000000	0	0.084165	0.007417	0.390324	0.041258
405.000000	1	1.355837	0.691793	2.260530	0.256101
405.250000	0	0.082225	0.010752	0.432083	0.039362
405.250000	1	1.394824	0.911487	2.221377	0.259592
405.500000	0	0.079735	0.011248	0.360779	0.032706
405.500000	1	1.330659	0.526849	2.110629	0.246403
405.750000	0	0.083479	0.007305	0.525312	0.042764
405.750000	1	1.317976	0.398312	2.485177	0.325103
406.000000	0	0.081995	0.016470	0.434011	0.040801
406.000000	1	1.278343	0.416680	2.192508	0.247302
406.250000	0	0.084932	0.001353	0.690459	0.046252
406.250000	1	1.340071	0.191560	2.983049	0.343476
406.500000	0	0.083862	0.008638	0.432619	0.042685
406.500000	1	1.317485	0.471669	2.140467	0.252511
406.750000	0	0.083576	0.013786	0.787384	0.044411
406.750000	1	1.397244	0.657074	2.689159	0.322071
407.000000	0	0.080788	0.008097	0.407450	0.037922
407.000000	1	1.298090	0.550921	2.061232	0.234564
407.250000	0	0.082200	0.007340	0.419628	0.039358
407.250000	1	1.334500	0.343508	2.054032	0.270430
407.500000	0	0.080661	0.004386	0.779698	0.045641
407.500000	1	1.316767	0.531889	3.481499	0.321727
407.750000	0	0.083073	0.011215	0.643306	0.042967
407.750000	1	1.367224	0.679042	2.594059	0.282817
408.000000	0	0.082513	0.009213	0.489870	0.043410
408.000000	1	1.320655	0.276958	2.236566	0.278888
408.250000	0	0.083729	0.006278	0.793919	0.051632
408.250000	1	1.355045	0.084487	4.388693	0.502857
408.500000	0	0.083796	0.004166	0.669956	0.054046
408.500000	1	1.286766	0.470184	1.999766	0.273770
408.750000	0	0.081579	0.004994	0.315269	0.039312
408.750000	1	1.337316	0.555524	2.745301	0.304696
409.000000	0	0.083553	0.008846	0.660494	0.051093
409.000000	1	1.365830	0.611523	2.100644	0.270522
409.250000	0	0.081471	0.007392	0.676487	0.043894
409.250000	1	1.357696	0.707454	2.228441	0.257582
409.500000	0	0.085271	0.007406	0.979121	0.059601
409.500000	1	1.313528	0.490636	2.758464	0.316320
409.750000	0	0.084411	0.005804	0.569425	0.044014
409.750000	1	1.324692	0.662836	2.781988	0.310800
410.000000	0	0.087734	0.005928	1.630113	0.080837
410.000000	1	1.347523	0.802859	2.451832	0.261852
410.250000	0	0.085449	0.010138	0.389844	0.045907
410.250000	1	1.333514	0.510187	2.122530	0.271618
410.500000	0	0.085610	0.006628	0.757711	0.051688
410.500000	1	1.321938	0.669158	2.142933	0.273063
410.750000	0	0.087873	0.008465	0.605290	0.050942
410.750000	1	1.342080	0.444620	2.392064	0.290883
411.000000	0	0.084600	0.004845	0.376460	0.044375
411.000000	1	1.354947	0.551554	1.879116	0.238222
411.250000	0	0.081761	0.009059	0.644484	0.044213
411.250000	1	1.331156	0.608037	2.216389	0.250622
411.500000	0	0.084417	0.011192	0.449841	0.040583
411.500000	1	1.349983	0.254355	3.230807	0.346690
411.750000	0	0.082924	0.004766	0.429081	0.042390
411.750000	1	1.334081	0.457573	2.492640	0.275145
412.000000	0	0.083688	0.013680	0.497535	0.041880
412.000000	1	1.353311	0.162139	2.809365	0.335694
412.250000	0	0.081872	0.004690	0.513829	0.040307
412.250000	1	1.332456	0.638098	2.043026	0.235354
412.500000	0	0.080378	0.004138	0.359148	0.037720
412.500000	1	1.323913	0.484083	2.140483	0.272783
412.750000	0	0.081980	0.012424	0.722042	0.048922
412.750000	1	1.357643	0.556160	2.848708	0.330388
413.000000	0	0.084003	0.006874	1.051603	0.055921
413.000000	1	1.347567	0.518099	2.359501	0.312294
413.250000	0	0.080747	0.017657	0.394034	0.037842
413.250000	1	1.382414	0.284417	3.226084	0.402513
413.500000	0	0.079984	0.006667	0.464521	0.037058
413.500000	1	1.331227	0.672792	2.186944	0.241871
413.750000	0	0.085038	0.008081	0.641432	0.050791
413.750000	1	1.259061	0.241025	2.514427	0.278560
414.000000	0	0.083898	0.006787	0.656370	0.049666
414.000000	1	1.328346	0.484100	3.200997	0.341000
414.250000	0	0.083436	0.005803	0.480170	0.046505
414.250000	1	1.331066	0.563890	2.702887	0.298744
414.500000	0	0.084237	0.010170	0.759236	0.049476
414.500000	1	1.316318	0.225019	1.829938	0.249930
414.750000	0	0.087579	0.002851	1.628579	0.072408
414.750000	1	1.337188	0.295600	3.531788	0.384915
415.000000	0	0.083795	0.008733	1.148113	0.057909
415.000000	1	1.315914	0.328628	2.527062	0.298844
415.250000	0	0.081000	0.005170	0.443520	0.038160
415.250000	1	1.329511	0.560548	2.063897	0.251466
415.500000	0	0.081959	0.005104	0.354259	0.040886
415.500000	1	1.310242	0.114682	2.215394	0.297298
415.750000	0	0.083373	0.009897	0.611918	0.045781
415.750000	1	1.345012	0.106452	3.041430	0.315917
416.000000	0	0.082924	0.007945	0.690736	0.046586
416.000000	1	1.347157	0.501069	2.294602	0.286224
416.250000	0	0.084365	0.002727	0.417736	0.040501
416.250000	1	1.317647	0.285664	3.218016	0.320021
416.500000	0	0.083945	0.010789	0.413159	0.042318
416.500000	1	1.322047	0.524701	2.747179	0.306976
416.750000	0	0.088022	0.008437	0.477065	0.051943
416.750000	1	1.322652	0.170740	2.376646	0.330327
417.000000	0	0.084660	0.005066	0.774281	0.050961
417.000000	1	1.308632	0.603716	2.089746	0.275464
417.250000	0	0.086715	0.007663	0.841102	0.057657
417.250000	1	1.298760	0.346428	2.549276	0.327129
417.500000	0	0.086896	0.005045	0.637491	0.052030
417.500000	1	1.348065	0.316223	2.236381	0.290116
417.750000	0	0.085182	0.004439	0.415913	0.042972
417.750000	1	1.329952	0.525386	2.615455	0.339480
418.000000	0	0.087482	0.012180	0.605847	0.054671
418.000000	1	1.399312	0.794866	3.134071	0.358180
418.250000	0	0.085338	0.005976	0.576484	0.053694
418.250000	1	1.318733	0.431434	4.510172	0.450650
418.500000	0	0.086232	0.009159	0.723378	0.053328
418.500000	1	1.399723	0.309573	3.936727	0.357870
418.750000	0	0.087380	0.016183	1.083443	0.067216
418.750000	1	1.332442	0.098625	2.200407	0.287250
419.000000	0	0.084332	0.003964	0.509016	0.048337
419.000000	1	1.286093	0.494808	2.339582	0.285576
419.250000	0	0.088294	0.004475	1.126243	0.062160
419.250000	1	1.299108	0.476818	2.798006	0.309248
419.500000	0	0.087739	0.003795	0.754079	0.057275
419.500000	1	1.374331	0.602908	2.814017	0.317036
419.750000	0	0.081108	0.000230	0.348108	0.037014
419.750000	1	1.368406	0.456375	2.725395	0.330947
420.000000	0	0.082796	0.015714	0.499247	0.038800
420.000000	1	1.317005	0.556769	2.456999	0.274267
420.250000	0	0.083049	0.006719	0.404718	0.038870
420.250000	1	1.325273	0.020859	2.499881	0.298710
420.500000	0	0.084216	0.005383	0.371821	0.042162
420.500000	1	1.421834	0.641990	6.588497	0.708178
420.750000	0	0.088159	0.009062	0.547211	0.054514
420.750000	1	1.318808	0.505314	2.211711	0.286530
421.000000	0	0.084704	0.004797	0.950079	0.057225
421.000000	1	1.369315	0.373149	2.567118	0.321768
421.250000	0	0.082037	0.009024	0.580433	0.043711
421.250000	1	1.269606	0.351014	2.148314	0.274246
421.500000	0	0.084466	0.001813	0.421453	0.043517
421.500000	1	1.336293	0.543579	3.223160	0.322234
421.750000	0	0.083895	0.002343	0.444890	0.043085
421.750000	1	1.369764	0.434280	2.677186	0.356260
422.000000	0	0.082607	0.000895	0.392113	0.039662
422.000000	1	1.312822	0.601705	2.386101	0.295685
422.250000	0	0.085256	0.003207	0.538108	0.048952
422.250000	1	1.375180	0.393032	2.523783	0.300012
422.500000	0	0.082109	0.004393	0.320921	0.039895
422.500000	1	1.288299	0.297551	2.134167	0.268478
422.750000	0	0.082388	0.012814	0.427935	0.039712
422.750000	1	1.336203	0.312919	2.378285	0.277307
423.000000	0	0.081815	0.002084	0.838907	0.048626
423.000000	1	1.374495	0.785143	2.221907	0.277957
423.250000	0	0.081704	0.008873	0.473525	0.040521
423.250000	1	1.341136	0.686270	2.158891	0.235975
423.500000	0	0.083611	0.005027	0.574253	0.046026
423.500000	1	1.386339	0.472635	3.764120	0.369641
423.750000	0	0.081928	0.002622	0.453414	0.042897
423.750000	1	1.333385	0.412486	2.515448	0.280735
424.000000	0	0.081775	0.005074	0.490897	0.044458
424.000000	1	1.293332	0.651771	2.454945	0.243542
424.250000	0	0.088285	0.008230	0.690305	0.057235
424.250000	1	1.335332	0.069912	2.130570	0.312136
424.500000	0	0.082955	0.002157	0.327899	0.039604
424.500000	1	1.293726	0.732526	1.952817	0.242746
424.750000	0	0.083243	0.005860	0.441700	0.044220
424.750000	1	1.379150	0.659796	2.466429	0.313640
425.000000	0	0.084643	0.006207	0.764797	0.049521
425.000000	1	1.344088	0.453519	2.411096	0.331392
425.250000	0	0.081846	0.003757	0.340240	0.036956
425.250000	1	1.345150	0.539514	2.095517	0.244635
425.500000	0	0.084849	0.018832	0.380592	0.041511
425.500000	1	1.360057	0.405889	2.253589	0.257414
425.750000	0	0.083708	0.001261	0.377060	0.043661
425.750000	1	1.336180	0.470529	2.398453	0.312080
426.000000	0	0.084676	0.011287	0.414674	0.045674
426.000000	1	1.350159	0.565396	2.594979	0.339451
426.250000	0	0.086465	0.007513	0.581527	0.051228
426.250000	1	1.334552	0.585164	2.207630	0.258464
426.500000	0	0.085140	0.011141	0.528500	0.050983
426.500000	1	1.327015	0.664510	3.098824	0.294596
426.750000	0	0.084404	0.007676	0.500979	0.047797
426.750000	1	1.313663	0.575539	2.050832	0.276404
427.000000	0	0.083910	0.009108	0.464428	0.044951
427.000000	1	1.382559	0.441645	2.580275	0.336024
427.250000	0	0.084173	0.006728	0.402328	0.040382
427.250000	1	1.364967	0.642800	2.136413	0.231123
427.500000	0	0.081787	0.003949	0.569478	0.041021
427.500000	1	1.350874	0.315082	2.364710	0.265379
427.750000	0	0.079142	0.010562	0.341591	0.033586
427.750000	1	1.313484	0.656951	1.946411	0.201218
428.000000	0	0.081297	0.009104	0.665281	0.044846
428.000000	1	1.292987	0.214776	2.582307	0.314939
428.250000	0	0.083463	0.006482	0.508097	0.041606
428.250000	1	1.431747	0.810316	3.455289	0.398894
428.500000	0	0.081743	0.005634	0.397924	0.043446
428.500000	1	1.343689	0.466222	2.435640	0.295258
428.750000	0	0.083969	0.006618	0.681978	0.045324
428.750000	1	1.304429	0.624358	2.531582	0.276894
429.000000	0	0.085052	0.008876	0.724290	0.056387
429.000000	1	1.327274	0.200648	2.098461	0.299177
429.250000	0	0.082883	0.008536	0.328297	0.041280
429.250000	1	1.338834	0.550902	2.026245	0.242511
429.500000	0	0.082187	0.001167	0.529749	0.041174
429.500000	1	1.337396	0.693136	1.980131	0.210448
429.750000	0	0.081496	0.006648	0.377349	0.036092
429.750000	1	1.343677	0.612176	2.314088	0.248518
430.000000	0	0.081842	0.009658	0.371562	0.037345
430.000000	1	1.307833	0.593237	2.617478	0.277494
430.250000	0	0.085032	0.002085	0.425497	0.047605
430.250000	1	1.339413	0.654805	2.809224	0.340614
430.500000	0	0.083799	0.007891	0.599527	0.045678
430.500000	1	1.322562	0.586249	2.159480	0.267532
430.750000	0	0.082961	0.003162	0.491448	0.041250
430.750000	1	1.336832	0.622767	2.089112	0.267416
431.000000	0	0.082561	0.003732	0.312019	0.038072
431.000000	1	1.381132	0.674170	2.692263	0.321658
431.250000	0	0.083789	0.005556	0.465647	0.041799
431.250000	1	1.294222	0.355075	2.495816	0.296699
431.500000	0	0.083083	0.005424	0.748179	0.047204
431.500000	1	1.376395	0.242299	3.130164	0.340792
431.750000	0	0.083062	0.006805	0.569190	0.041749
431.750000	1	1.336638	0.303917	2.653507	0.305675
432.000000	0	0.085794	0.006482	0.660715	0.046907
432.000000	1	1.321972	0.540126	2.265765	0.269311
432.250000	0	0.085798	0.007839	0.549693	0.049189
432.250000	1	1.487561	0.538214	6.124417	0.725110
432.500000	0	0.087441	0.006067	1.408857	0.072030
432.500000	1	1.343853	0.691125	2.151580	0.254784
432.750000	0	0.086187	0.009986	0.452390	0.049025
432.750000	1	1.345480	0.665587	1.908272	0.254934
433.000000	0	0.081671	0.006202	0.387320	0.041212
433.000000	1	1.303330	0.525338	2.709749	0.273668
433.250000	0	0.088151	0.014032	1.202596	0.061365
433.250000	1	1.393588	0.371779	5.416579	0.532484
433.500000	0	0.083881	0.004115	0.473094	0.043178
433.500000	1	1.311565	0.126304	2.425888	0.286586
433.750000	0	0.083844	0.005725	0.407754	0.044674
433.750000	1	1.362139	0.483458	2.749081	0.376214
434.000000	0	0.085040	0.007623	0.838111	0.052536
434.000000	1	1.372024	0.736898	2.475874	0.279310
434.250000	0	0.084315	0.000933	0.471969	0.044275
434.250000	1	1.313952	0.623491	2.191954	0.239142
434.500000	0	0.081202	0.008712	0.321985	0.036011
434.500000	1	1.331126	0.330299	2.225224	0.306074
434.750000	0	0.084688	0.005731	0.516862	0.048187
434.750000	1	1.335634	0.399222	3.093363	0.328649
435.000000	0	0.083311	0.004959	0.482497	0.045863
435.000000	1	1.345434	0.529531	3.442912	0.351593
435.250000	0	0.082952	0.001949	0.418760	0.040425
435.250000	1	1.313020	0.393060	2.058777	0.266547
435.500000	0	0.082268	0.009190	0.498342	0.044189
435.500000	1	1.385405	0.430076	3.818887	0.422642
435.750000	0	0.081656	0.002253	0.662411	0.043078
435.750000	1	1.303318	0.571625	2.378302	0.269150
436.000000	0	0.084007	0.017523	0.628668	0.048663
436.000000	1	1.283885	0.492025	2.276461	0.304070
436.250000	0	0.084190	0.004612	0.435800	0.041849
436.250000	1	1.304267	0.499052	3.676191	0.371390
436.500000	0	0.083882	0.005618	0.412693	0.045867
436.500000	1	1.343273	0.513832	2.616585	0.330320
436.750000	0	0.083766	0.006209	0.666361	0.049617
436.750000	1	1.357960	0.682805	2.607036	0.300174
437.000000	0	0.081405	0.002409	0.380283	0.037481
437.000000	1	1.341507	0.821507	2.646701	0.279938
437.250000	0	0.085381	0.008001	0.571493	0.048012
437.250000	1	1.312730	0.610289	2.170810	0.259378
437.500000	0	0.084211	0.002621	0.375696	0.044089
437.500000	1	1.350570	0.688461	2.459150	0.272871
437.750000	0	0.081659	0.008963	0.526376	0.039902
437.750000	1	1.335860	0.543819	2.436217	0.275284
438.000000	0	0.083683	0.013404	1.064078	0.059220
438.000000	1	1.324848	0.132408	3.010931	0.322082
438.250000	0	0.084107	0.001698	0.546146	0.043181
438.250000	1	1.406748	0.569507	4.533960	0.449413
438.500000	0	0.085217	0.005326	0.340734	0.044057
438.500000	1	1.341380	0.539732	2.704777	0.325644
438.750000	0	0.084208	0.007254	0.624573	0.048466
438.750000	1	1.324613	0.443531	3.510242	0.386995
439.000000	0	0.088034	0.005958	0.732873	0.057148
439.000000	1	1.351277	0.167090	2.704268	0.384811
439.250000	0	0.084900	0.004782	0.455601	0.042614
439.250000	1	1.355082	0.523881	2.719834	0.305651
439.500000	0	0.083245	0.012245	1.369519	0.062483
439.500000	1	1.333557	0.475175	2.633728	0.282732
439.750000	0	0.082935	0.015799	0.823916	0.047393
439.750000	1	1.393381	0.645496	2.457022	0.258406
440.000000	0	0.081071	0.008090	0.338198	0.035740
440.000000	1	1.328999	0.360819	2.434833	0.237823
440.250000	0	0.081070	0.005036	0.459919	0.040483
440.250000	1	1.320734	0.403788	2.102559	0.237617
440.500000	0	0.084733	0.002259	0.726908	0.047427
440.500000	1	1.318982	0.285423	2.476919	0.304022
440.750000	0	0.082260	0.009727	0.548251	0.041689
440.750000	1	1.350251	0.488886	2.795592	0.329709
441.000000	0	0.081855	0.003744	0.559630	0.043238
441.000000	1	1.354684	0.445105	2.091401	0.275615
441.250000	0	0.080820	0.003451	0.582214	0.041667
441.250000	1	1.336297	0.715427	2.740399	0.266359
441.500000	0	0.081919	0.012735	0.340150	0.038038
441.500000	1	1.299504	0.488252	2.139161	0.274192
441.750000	0	0.081751	0.011974	0.397524	0.038121
441.750000	1	1.332351	0.644154	2.239915	0.265500
442.000000	0	0.082612	0.008695	0.324375	0.040357
442.000000	1	1.416567	0.707970	5.403606	0.530759
442.250000	0	0.083118	0.002788	1.190423	0.061759
442.250000	1	1.335667	0.708105	2.522345	0.272162
442.500000	0	0.084797	0.003162	0.498247	0.047084
442.500000	1	1.314353	0.452793	2.308305	0.283927
442.750000	0	0.083184	0.014159	0.432667	0.041807
442.750000	1	1.383474	0.416357	3.966998	0.384871
443.000000	0	0.079914	0.003609	0.679772	0.038477
443.000000	1	1.319240	0.296632	3.162623	0.340201
443.250000	0	0.081878	0.006944	0.309164	0.036358
443.250000	1	1.362142	0.364044	2.516313	0.313454
443.500000	0	0.081711	0.004561	0.376109	0.039036
443.500000	1	1.382167	0.651762	2.866503	0.288094
443.750000	0	0.081502	0.005504	0.454673	0.038133
443.750000	1	1.359989	0.209785	3.096313	0.325882
444.000000	0	0.080478	0.011971	0.310416	0.033844
444.000000	1	1.312524	0.200323	1.901760	0.251886
444.250000	0	0.082711	0.009247	1.011408	0.054252
444.250000	1	1.304403	0.068878	2.217154	0.285127
444.500000	0	0.083010	0.007985	0.494101	0.045117
444.500000	1	1.358473	0.461252	2.944685	0.326308
444.750000	0	0.082152	0.002920	0.565725	0.040886
444.750000	1	1.317522	0.646497	1.937081	0.205761
445.000000	0	0.083236	0.008803	0.697220	0.049700
445.000000	1	1.306261	0.740448	2.246662	0.238395
445.250000	0	0.084611	0.007183	0.732285	0.050268
445.250000	1	1.360319	0.587327	2.264637	0.274054
445.500000	0	0.084077	0.007206	0.302931	0.039011
445.500000	1	1.282862	0.203555	2.533817	0.272733
445.750000	0	0.084577	0.006648	0.651699	0.053195
445.750000	1	1.393444	0.250707	3.524999	0.427772
446.000000	0	0.087207	0.016138	0.753523	0.052286
446.000000	1	1.321437	0.350763	2.288827	0.278433
446.250000	0	0.082713	0.001618	0.366028	0.040501
446.250000	1	1.342113	0.485533	3.023679	0.378296
446.500000	0	0.082390	0.003890	0.519068	0.041134
446.500000	1	1.306347	0.496269	2.278048	0.236577
446.750000	0	0.082837	0.002396	0.333278	0.039297
446.750000	1	1.352936	0.570957	2.051205	0.249330
447.000000	0	0.083218	0.005608	0.390208	0.040494
447.000000	1	1.322507	0.659484	2.368213	0.270361
447.250000	0	0.084633	0.005596	0.713505	0.045729
447.250000	1	1.362184	0.176414	2.179124	0.264900
447.500000	0	0.084891	0.016367	0.401343	0.044746
447.500000	1	1.356470	0.728247	3.011827	0.278848
447.750000	0	0.084574	0.007336	0.480370	0.044033
447.750000	1	1.328019	0.324423	2.801823	0.300489
448.000000	0	0.082155	0.015963	0.571026	0.043057
448.000000	1	1.322297	0.606872	2.310237	0.277495
448.250000	0	0.084886	0.011192	1.311031	0.061519
448.250000	1	1.323224	0.694507	2.419426	0.239791
448.500000	0	0.083657	0.003644	1.135513	0.056415
448.500000	1	1.387611	0.597614	2.771182	0.338345
448.750000	0	0.082080	0.011102	0.740216	0.048392
448.750000	1	1.348501	0.684215	2.236409	0.258758
449.000000	0	0.080947	0.005643	0.393706	0.039097
449.000000	1	1.327211	0.607274	2.651730	0.310868
449.250000	0	0.081863	0.002573	0.575523	0.042303
449.250000	1	1.319202	0.359338	2.623808	0.292425
449.500000	0	0.083397	0.011530	0.536674	0.044466
449.500000	1	1.322497	0.556605	2.054637	0.269906
449.750000	0	0.083667	0.002485	0.699190	0.047159
449.750000	1	1.367915	0.591036	2.135216	0.280736
450.000000	0	0.079226	0.012783	0.307871	0.033398
450.000000	1	1.325338	0.586406	1.940015	0.235560
450.250000	0	0.081497	0.010083	0.529855	0.038046
450.250000	1	1.331373	0.188257	2.054900	0.294818
450.500000	0	0.081002	0.007376	0.673299	0.043972
450.500000	1	1.313835	0.153981	2.662078	0.339174
450.750000	0	0.082381	0.006511	0.736295	0.047322
450.750000	1	1.300625	0.123015	2.351822	0.301134
451.000000	0	0.083763	0.008595	0.401351	0.044697
451.000000	1	1.371845	0.611691	2.464618	0.306620
451.250000	0	0.084191	0.004022	0.342371	0.040691
451.250000	1	1.272850	0.288701	2.642461	0.281802
451.500000	0	0.082182	0.003063	0.503961	0.042061
451.500000	1	1.369697	0.112339	2.477335	0.339472
451.750000	0	0.081190	0.003533	0.304258	0.036119
451.750000	1	1.298282	0.553055	2.198485	0.269623
452.000000	0	0.083075	0.008041	0.421422	0.043996
452.000000	1	1.362490	0.566516	3.822680	0.348005
452.250000	0	0.084145	0.009696	0.763902	0.050583
452.250000	1	1.402624	0.718927	3.025768	0.353185
452.500000	0	0.083075	0.002389	0.352867	0.039982
452.500000	1	1.360560	0.578378	2.358933	0.312869
452.750000	0	0.084586	0.008674	0.454943	0.042967
452.750000	1	1.346048	0.323891	2.125917	0.298341
453.000000	0	0.081078	0.012168	0.671860	0.043391
453.000000	1	1.341049	0.520545	2.657360	0.291207
453.250000	0	0.084038	0.004949	0.306933	0.040159
453.250000	1	1.310828	0.492358	2.393630	0.313111
453.500000	0	0.084139	0.003839	1.002078	0.057901
453.500000	1	1.321773	0.593101	2.589834	0.302250
453.750000	0	0.082818	0.009947	0.366217	0.038139
453.750000	1	1.314795	0.742629	2.685087	0.274837
454.000000	0	0.081755	0.014176	0.458138	0.042305
454.000000	1	1.371313	0.382514	2.102060	0.255413
454.250000	0	0.082116	0.007601	0.389809	0.040537
454.250000	1	1.342765	0.248006	3.001515	0.335856
454.500000	0	0.080411	0.000343	0.536117	0.039369
454.500000	1	1.304874	0.405449	2.436628	0.282393
454.750000	0	0.083256	0.010352	0.825652	0.049280
454.750000	1	1.336730	0.450802	2.718617	0.292182
455.000000	0	0.082338	0.010170	0.620131	0.046317
455.000000	1	1.334105	0.422813	2.145278	0.269643
455.250000	0	0.083400	0.012561	0.595478	0.045594
455.250000	1	1.338908	0.473125	2.326744	0.262179
455.500000	0	0.080665	0.007031	0.421528	0.040298
455.500000	1	1.322208	0.260653	2.176410	0.246043
455.750000	0	0.083923	0.011739	0.446460	0.042878
455.750000	1	1.354950	0.341400	4.292754	0.394521
456.000000	0	0.084361	0.009422	0.437170	0.045808
456.000000	1	1.314008	0.081900	2.244986	0.277201
456.250000	0	0.085564	0.010737	1.920493	0.084743
456.250000	1	1.340522	0.478081	1.936761	0.267611
456.500000	0	0.082740	0.001607	0.543967	0.042214
456.500000	1	1.338103	0.810865	2.412801	0.230418
456.750000	0	0.082936	0.007422	0.802307	0.049322
456.750000	1	1.339375	0.574270	2.555870	0.279657
457.000000	0	0.080650	0.009314	0.329536	0.037748
457.000000	1	1.325863	0.606240	1.858496	0.236259
457.250000	0	0.082347	0.007229	0.271975	0.036158
457.250000	1	1.357692	0.315242	3.132110	0.305503
457.500000	0	0.082252	0.011366	0.722179	0.047016
457.500000	1	1.340767	0.312769	2.264388	0.303626
457.750000	0	0.082273	0.008848	0.752954	0.046572
457.750000	1	1.398287	0.427905	4.123396	0.375121
458.000000	0	0.081462	0.009249	0.320538	0.037615
458.000000	1	1.364360	0.759245	2.879414	0.293134
458.250000	0	0.080019	0.007385	0.323570	0.035158
458.250000	1	1.408886	0.819975	3.414866	0.334804
458.500000	0	0.081204	0.003857	0.355938	0.035113
458.500000	1	1.364741	0.744667	3.026868	0.331135
458.750000	0	0.082630	0.004443	0.685052	0.047326
458.750000	1	1.315370	0.529923	2.265726	0.257120
459.000000	0	0.080669	0.008215	0.312515	0.036395
459.000000	1	1.336620	0.549700	2.305800	0.267967
459.250000	0	0.083691	0.002327	0.508657	0.041167
459.250000	1	1.308275	0.279866	2.272746	0.278156
459.500000	0	0.082393	0.008719	0.412116	0.040791
459.500000	1	1.316012	0.693550	2.372829	0.302120
459.750000	0	0.080833	0.012488	0.386921	0.036329
459.750000	1	1.350580	0.233167	2.337421	0.307857
460.000000	0	0.081694	0.006744	0.626374	0.043053
460.000000	1	1.371170	0.803234	2.523832	0.248966
460.250000	0	0.082719	0.004911	0.795233	0.048039
460.250000	1	1.348304	0.570363	2.147484	0.254663
460.500000	0	0.086711	0.008182	1.546921	0.076616
460.500000	1	1.267139	0.249296	2.395743	0.263651
460.750000	0	0.083417	0.003375	0.808783	0.046137
460.750000	1	1.390345	0.610073	2.477124	0.282040
461.000000	0	0.081964	0.005192	1.090448	0.055943
461.000000	1	1.394898	0.631353	3.081816	0.316240
461.250000	0	0.083304	0.002713	0.515983	0.048351
461.250000	1	1.320554	0.380232	2.335600	0.272219
461.500000	0	0.083781	0.004935	0.433750	0.042128
461.500000	1	1.367208	0.571140	2.212842	0.249509
461.750000	0	0.080608	0.004746	0.387144	0.034980
461.750000	1	1.338032	0.830301	2.420833	0.263620
462.000000	0	0.081867	0.006420	0.455500	0.037567
462.000000	1	1.322025	0.363711	2.140985	0.303085
462.250000	0	0.081012	0.003339	0.405651	0.039018
462.250000	1	1.331176	0.664628	3.259311	0.349230
462.500000	0	0.085356	0.015805	0.629737	0.050666
462.500000	1	1.410574	0.470733	4.002005	0.446178
462.750000	0	0.080332	0.005921	0.318270	0.035620
462.750000	1	1.307709	0.264643	2.159028	0.288703
463.000000	0	0.083524	0.006026	0.878375	0.050486
463.000000	1	1.346659	0.224788	2.133638	0.277234
463.250000	0	0.084341	0.005631	0.547407	0.045084
463.250000	1	1.338475	0.432722	3.015746	0.325396
463.500000	0	0.082503	0.008060	0.740812	0.044176
463.500000	1	1.345421	0.540928	2.622272	0.339533
463.750000	0	0.084993	0.006625	0.717912	0.052102
463.750000	1	1.310934	0.296587	2.702465	0.368908
464.000000	0	0.085980	0.013651	0.769551	0.055812
464.000000	1	1.305847	0.411238	2.052908	0.272932
464.250000	0	0.082750	0.008732	0.372654	0.040479
464.250000	1	1.325155	0.444650	2.068431	0.278434
464.500000	0	0.084627	0.004560	0.619778	0.049937
464.500000	1	1.368435	0.695845	2.002014	0.238567
464.750000	0	0.083457	0.008200	0.572303	0.045659
464.750000	1	1.310562	0.369283	2.079339	0.248598
465.000000	0	0.085544	0.010137	1.132572	0.062272
465.000000	1	1.320629	0.635506	1.883204	0.258066
465.250000	0	0.086463	0.007354	1.228541	0.068252
465.250000	1	1.337240	0.362997	3.693465	0.425627
465.500000	0	0.086872	0.000790	1.239762	0.065632
465.500000	1	1.366357	0.086171	2.955474	0.350832
465.750000	0	0.081582	0.005260	0.806181	0.048113
465.750000	1	1.365333	0.892477	2.547646	0.264146
466.000000	0	0.080146	0.006635	0.386666	0.037881
466.000000	1	1.344852	0.470845	3.283264	0.347674
466.250000	0	0.083071	0.001233	0.502967	0.043677
466.250000	1	1.273709	0.258068	2.219929	0.293836
466.500000	0	0.083391	0.001184	0.383820	0.041035
466.500000	1	1.390893	0.694966	3.026017	0.350019
466.750000	0	0.080420	0.009392	0.508151	0.037397
466.750000	1	1.400421	0.840306	2.956303	0.343792
467.000000	0	0.083883	0.006533	0.614193	0.045712
467.000000	1	1.345855	0.439390	2.237872	0.297279
467.250000	0	0.080998	0.011245	0.323304	0.035235
467.250000	1	1.318483	0.615129	2.113963	0.245254
467.500000	0	0.082527	0.003303	0.884656	0.051545
467.500000	1	1.327841	0.538123	2.410569	0.250778
467.750000	0	0.082302	0.012894	0.693973	0.049107
467.750000	1	1.362000	0.495177	2.571043	0.308022
468.000000	0	0.082979	0.000705	0.516927	0.045450
468.000000	1	1.308552	0.070146	2.228917	0.251972
468.250000	0	0.082146	0.003626	0.496649	0.041245
468.250000	1	1.374300	0.234404	2.572401	0.367909
468.500000	0	0.084043	0.001856	0.436916	0.042463
468.500000	1	1.334492	0.473093	2.509998	0.287012
468.750000	0	0.080761	0.006878	0.378028	0.035315
468.750000	1	1.315864	0.654428	1.983931	0.228500
469.000000	0	0.086243	0.008875	0.906149	0.056346
469.000000	1	1.350540	0.198102	2.276447	0.327770
469.250000	0	0.084886	0.012945	0.432288	0.048151
469.250000	1	1.370300	0.492850	2.537253	0.332591
469.500000	0	0.081908	0.014976	0.347869	0.034587
469.500000	1	1.350989	0.227254	3.226891	0.315442
469.750000	0	0.082348	0.009251	0.638313	0.039449
469.750000	1	1.378714	0.372905	2.338220	0.316527
470.000000	0	0.082151	0.017081	0.436531	0.037691
470.000000	1	1.371963	0.852934	2.218928	0.258694
470.250000	0	0.081255	0.000939	0.493850	0.041196
470.250000	1	1.339220	0.568577	2.266924	0.242719
470.500000	0	0.082866	0.007105	0.529934	0.045785
470.500000	1	1.390750	0.570177	3.453708	0.326205
470.750000	0	0.081257	0.013823	0.449523	0.040845
470.750000	1	1.308233	0.610898	2.124183	0.263131
471.000000	0	0.084019	0.002191	0.580633	0.044107
471.000000	1	1.346096	0.466237	2.696591	0.367389
471.250000	0	0.086473	0.003983	0.704193	0.057347
471.250000	1	1.375928	0.390575	2.858338	0.364106
471.500000	0	0.085269	0.007145	0.934071	0.053605
471.500000	1	1.389478	0.018481	2.241128	0.306550
471.750000	0	0.084446	0.006261	0.851123	0.053222
471.750000	1	1.305233	0.302126	2.422856	0.257704
472.000000	0	0.080945	0.005514	0.780146	0.045891
472.000000	1	1.325373	0.789690	3.401569	0.316679
472.250000	0	0.082884	0.004759	0.495922	0.042031
472.250000	1	1.364238	0.244698	2.978085	0.335282
472.500000	0	0.083811	0.006020	0.400348	0.042544
472.500000	1	1.299176	0.667235	2.154436	0.233666
472.750000	0	0.084573	0.011864	0.535699	0.046962
472.750000	1	1.371493	0.672287	2.549124	0.270946
473.000000	0	0.083482	0.010758	0.509758	0.039256
473.000000	1	1.403617	0.801583	3.462076	0.365466
473.250000	0	0.082055	0.006817	0.436555	0.039362
473.250000	1	1.304301	0.416662	2.693223	0.286297
473.500000	0	0.082299	0.008773	0.286609	0.037477
473.500000	1	1.372490	0.160089	2.309143	0.293626
473.750000	0	0.081072	0.004810	0.360825	0.036516
473.750000	1	1.389225	0.710997	3.685213	0.382167
474.000000	0	0.078930	0.003420	0.355711	0.033279
474.000000	1	1.315403	0.534158	1.861436	0.216866
474.250000	0	0.079272	0.009345	0.338769	0.035278
474.250000	1	1.325739	0.386072	2.008757	0.247492
474.500000	0	0.084130	0.009751	0.454007	0.042180
474.500000	1	1.395026	0.197708	3.110753	0.352101
474.750000	0	0.082853	0.012101	0.420648	0.042220
474.750000	1	1.379739	0.517246	3.082497	0.305374
475.000000	0	0.079464	0.001482	0.288964	0.033190
475.000000	1	1.429034	0.190149	8.984527	0.912617
475.250000	0	0.082493	0.011744	0.850822	0.050243
475.250000	1	1.388348	0.721840	2.514979	0.291772
475.500000	0	0.084696	0.015773	1.852182	0.078174
475.500000	1	1.406524	0.440033	5.685784	0.592950
475.750000	0	0.082916	0.007284	0.398162	0.038601
475.750000	1	1.341464	0.657835	2.908423	0.299985
476.000000	0	0.084475	0.003944	0.905536	0.053578
476.000000	1	1.279893	0.391339	2.685317	0.334275
476.250000	0	0.082380	0.006794	0.441062	0.039109
476.250000	1	1.330513	0.597825	2.827252	0.312113
476.500000	0	0.083673	0.005076	0.565401	0.045020
476.500000	1	1.345739	0.686651	2.268689	0.282510
476.750000	0	0.082109	0.008432	0.336012	0.040563
476.750000	1	1.373987	0.673099	2.456881	0.268931
477.000000	0	0.081089	0.005141	0.358075	0.034751
477.000000	1	1.380012	0.727397	2.497383	0.305175
477.250000	0	0.081444	0.003161	0.568158	0.043861
477.250000	1	1.343767	0.201693	2.397924	0.306005
477.500000	0	0.083225	0.010678	0.391570	0.040382
477.500000	1	1.302617	0.280245	2.107413	0.288933
477.750000	0	0.082188	0.003464	0.339183	0.036442
477.750000	1	1.369843	0.719072	2.373817	0.286748
478.000000	0	0.079591	0.013247	0.286664	0.032816
478.000000	1	1.357151	0.322686	2.465727	0.293749
478.250000	0	0.082093	0.005512	0.672115	0.043196
478.250000	1	1.331044	0.715411	2.288131	0.284062
478.500000	0	0.082238	0.007518	0.613873	0.040352
478.500000	1	1.312635	0.448260	2.744198	0.335860
478.750000	0	0.082404	0.004847	0.390214	0.042066
478.750000	1	1.336353	0.046517	2.426871	0.344639
479.000000	0	0.084790	0.012570	1.150909	0.058963
479.000000	1	1.359371	0.525271	2.260850	0.273127
479.250000	0	0.082103	0.002873	0.753383	0.048133
479.250000	1	1.269688	0.652711	2.174493	0.232045
479.500000	0	0.083927	0.004914	0.500138	0.047095
479.500000	1	1.358512	0.633539	2.399765	0.298440
479.750000	0	0.082616	0.009330	1.094928	0.053604
479.750000	1	1.383857	0.272993	2.891335	0.376284
480.000000	0	0.084559	0.009162	0.715391	0.045069
480.000000	1	1.344262	0.504462	3.083528	0.329142
480.250000	0	0.083285	0.006698	0.683584	0.046122
480.250000	1	1.331262	0.302400	2.309651	0.290522
480.500000	0	0.086074	0.011364	0.425223	0.043259
480.500000	1	1.299783	0.629342	2.117031	0.243189
480.750000	0	0.082115	0.006071	0.365170	0.040211
480.750000	1	1.340643	0.682194	2.748583	0.329997
481.000000	0	0.085046	0.007497	0.731205	0.050994
481.000000	1	1.344040	0.614959	2.766368	0.299902
481.250000	0	0.080704	0.005653	0.372982	0.038346
481.250000	1	1.321889	0.035812	2.513097	0.344071
481.500000	0	0.085915	0.004982	0.959670	0.059142
481.500000	1	1.477409	0.258056	7.820048	0.893901
481.750000	0	0.087663	0.010252	1.634100	0.073510
481.750000	1	1.401838	0.392387	3.706987	0.487716
482.000000	0	0.084966	0.006444	0.511474	0.044055
482.000000	1	1.327958	0.733656	2.398092	0.263141
482.250000	0	0.083628	0.010454	0.731259	0.048150
482.250000	1	1.357585	0.571957	2.806845	0.313491
482.500000	0	0.084216	0.014519	0.335333	0.042574
482.500000	1	1.306283	0.713171	2.181713	0.234803
482.750000	0	0.084357	0.004282	0.437850	0.044908
482.750000	1	1.294075	0.233789	2.253588	0.303191
483.000000	0	0.083853	0.011004	0.540359	0.047660
483.000000	1	1.414477	0.883301	3.038442	0.328621
483.250000	0	0.082989	0.005974	0.516373	0.042603
483.250000	1	1.333565	0.660986	2.183277	0.262360
483.500000	0	0.082065	0.015258	0.379019	0.036279
483.500000	1	1.307659	0.393094	2.404252	0.287118
483.750000	0	0.084958	0.004428	1.068478	0.065591
483.750000	1	1.398346	0.786877	2.998567	0.350528
484.000000	0	0.080698	0.004120	0.664053	0.041421
484.000000	1	1.339824	0.655592	2.150850	0.232538
484.250000	0	0.084371	0.007940	1.858004	0.076985
484.250000	1	1.336613	0.365925	2.476306	0.322205
484.500000	0	0.082504	0.008492	0.648901	0.047408
484.500000	1	1.326525	0.752527	2.134794	0.252318
484.750000	0	0.081915	0.009092	0.433716	0.042263
484.750000	1	1.375630	0.453751	3.931869	0.369750
485.000000	0	0.083024	0.013071	0.678207	0.045801
485.000000	1	1.423104	0.465318	6.678609	0.651123
485.250000	0	0.083251	0.010665	0.629034	0.046564
485.250000	1	1.305331	0.342776	2.524725	0.286185
485.500000	0	0.079812	0.004434	0.393027	0.037998
485.500000	1	1.319228	0.339521	2.067849	0.302782
485.750000	0	0.082756	0.009621	0.458856	0.042347
485.750000	1	1.386142	0.573165	2.604527	0.333192
486.000000	0	0.085920	0.010253	0.550628	0.046842
486.000000	1	1.358000	0.191466	3.867934	0.392040
486.250000	0	0.082228	0.010457	0.680893	0.045137
486.250000	1	1.528453	0.192117	29.567378	2.593452
486.500000	0	0.087321	0.013127	0.491178	0.053094
486.500000	1	1.278934	0.498783	1.761118	0.244096
486.750000	0	0.084341	0.003017	0.548952	0.048447
486.750000	1	1.365610	0.432725	2.089768	0.303239
487.000000	0	0.087102	0.006995	0.691862	0.054162
487.000000	1	1.333647	0.640553	2.565045	0.249533
487.250000	0	0.080269	0.004534	0.265874	0.033704
487.250000	1	1.359712	0.376973	2.298032	0.264883
487.500000	0	0.083170	0.005829	0.763284	0.045488
487.500000	1	1.341205	0.119558	2.081023	0.268138
487.750000	0	0.083716	0.006606	0.936748	0.050473
487.750000	1	1.346725	0.474955	2.530056	0.281386
488.000000	0	0.083005	0.009081	0.418709	0.039926
488.000000	1	1.342653	0.084665	3.080940	0.349872
488.250000	0	0.084744	0.005080	0.818363	0.048220
488.250000	1	1.337574	0.470895	2.334996	0.292305
488.500000	0	0.081466	0.005323	0.344671	0.037543
488.500000	1	1.396409	0.647581	2.711360	0.339175
488.750000	0	0.081257	0.005293	0.443252	0.042053
488.750000	1	1.318366	0.123678	2.022827	0.263333
489.000000	0	0.081417	0.016529	0.375822	0.037803
489.000000	1	1.370563	0.463092	2.489405	0.288041
489.250000	0	0.083018	0.001275	0.458856	0.043983
489.250000	1	1.312938	0.531649	2.606136	0.296383
489.500000	0	0.081534	0.003929	0.543575	0.039810
489.500000	1	1.359093	0.611502	2.461243	0.295302
489.750000	0	0.083605	0.007879	0.637445	0.042941
489.750000	1	1.314227	0.452318	2.477147	0.296565
490.000000	0	0.083528	0.003513	1.522255	0.066304
490.000000	1	1.344147	0.676883	2.245639	0.271196
490.250000	0	0.085402	0.007753	0.752325	0.056380
490.250000	1	1.296235	0.384329	2.654334	0.294747
490.500000	0	0.082946	0.004825	0.426103	0.041778
490.500000	1	1.339925	0.439211	2.381531	0.330506
490.750000	0	0.081626	0.018106	0.333461	0.036397
490.750000	1	1.399195	0.328583	2.893780	0.371843
491.000000	0	0.080471	0.004363	0.618812	0.037527
491.000000	1	1.355430	0.693199	2.115000	0.234911
491.250000	0	0.083296	0.008638	1.363988	0.060534
491.250000	1	1.335145	0.848661	2.135250	0.227566
491.500000	0	0.080061	0.010761	0.466501	0.037965
491.500000	1	1.343154	0.626585	2.315813	0.264586
491.750000	0	0.080749	0.010674	0.314562	0.036828
491.750000	1	1.329917	0.575437	2.415083	0.266820
492.000000	0	0.085144	0.000980	0.835838	0.051997
492.000000	1	1.294154	0.536142	1.983965	0.245383
492.250000	0	0.082182	0.006048	0.601936	0.041270
492.250000	1	1.303238	0.361430	2.074702	0.280495
492.500000	0	0.082161	0.013576	0.355960	0.036932
492.500000	1	1.344144	0.747194	2.817501	0.337188
492.750000	0	0.083358	0.005778	0.371823	0.040247
492.750000	1	1.304636	0.438779	2.201080	0.228970
493.000000	0	0.085069	0.007763	0.549081	0.044152
493.000000	1	1.372504	0.757225	3.080606	0.319418
493.250000	0	0.081753	0.003163	0.528076	0.042952
493.250000	1	1.299856	0.199402	2.239833	0.282581
493.500000	0	0.082614	0.006413	0.370525	0.040058
493.500000	1	1.329501	0.664776	1.994065	0.262277
493.750000	0	0.087138	0.005164	2.037997	0.099624
493.750000	1	1.308484	0.641365	3.475187	0.299178
494.000000	0	0.084554	0.010141	0.612324	0.050878
494.000000	1	1.322189	0.523014	1.903947	0.263064
494.250000	0	0.083822	0.006945	0.840316	0.050368
494.250000	1	1.315629	0.537865	2.117793	0.253293
494.500000	0	0.086488	0.011004	0.492554	0.047925
494.500000	1	1.325134	0.237412	2.887249	0.326330
494.750000	0	0.083484	0.009435	0.431695	0.045878
494.750000	1	1.311507	0.105230	2.187003	0.278317
495.000000	0	0.084905	0.007982	0.599980	0.051957
495.000000	1	1.348611	0.612607	2.191899	0.271542
495.250000	0	0.082323	0.004299	0.413091	0.041628
495.250000	1	1.340242	0.218355	2.379146	0.315558
495.500000	0	0.083846	0.007918	0.631557	0.045447
495.500000	1	1.381188	0.426605	2.514128	0.319731
495.750000	0	0.084075	0.005671	0.397983	0.041450
495.750000	1	1.310637	0.806916	2.508612	0.259322
496.000000	0	0.083683	0.002952	0.393181	0.042426
496.000000	1	1.312010	0.373040	1.993081	0.253461
496.250000	0	0.082799	0.004724	0.472522	0.043655
496.250000	1	1.293850	0.677646	2.175633	0.256726
496.500000	0	0.082908	0.011829	0.552055	0.047728
496.500000	1	1.351429	0.520106	2.105701	0.272963
496.750000	0	0.084308	0.004037	1.003439	0.054898
496.750000	1	1.354089	0.431274	2.514936	0.326477
497.000000	0	0.084466	0.004630	0.624002	0.047958
497.000000	1	1.310592	0.235727	1.918191	0.253765
497.250000	0	0.082605	0.002940	0.500335	0.044019
497.250000	1	1.324992	0.771424	2.491405	0.275134
497.500000	0	0.087212	0.005618	0.891256	0.057679
497.500000	1	1.339619	0.435776	2.738085	0.362196
497.750000	0	0.082909	0.002143	0.537321	0.043652
497.750000	1	1.332525	0.680353	2.512798	0.270473
498.000000	0	0.084049	0.011551	0.418805	0.041846
498.000000	1	1.345762	0.667081	2.254196	0.289549
498.250000	0	0.082341	0.011115	0.595900	0.041915
498.250000	1	1.321298	0.080493	2.630853	0.324236
498.500000	0	0.082882	0.004804	0.659267	0.043339
498.500000	1	1.313010	0.428114	2.071628	0.249504
498.750000	0	0.083520	0.006981	1.347155	0.059473
498.750000	1	1.402438	0.831399	2.913069	0.286936
499.000000	0	0.082428	0.007970	0.618859	0.047194
499.000000	1	1.325886	0.811230	2.004401	0.225171
499.250000	0	0.078984	0.007714	0.389829	0.035150
499.250000	1	1.332064	0.819374	2.209726	0.250903
499.500000	0	0.081392	0.006447	0.321622	0.038000
499.500000	1	1.342030	0.262382	4.366528	0.389197
499.750000	0	0.083356	0.010349	0.547801	0.044926
499.750000	1	1.371633	0.209789	2.714994	0.307627
500.000000	0	0.082935	0.004440	0.507782	0.042312
500.000000	1	1.341754	0.628154	2.268803	0.273107
500.250000	0	0.084219	0.008251	0.571992	0.045238
500.250000	1	1.302542	0.479181	2.030640	0.255154
500.500000	0	0.085277	0.003356	0.778490	0.052676
500.500000	1	1.333344	0.844832	2.173995	0.251671
500.750000	0	0.085031	0.002222	0.578275	0.049467
500.750000	1	1.340634	0.582520	2.203622	0.258257
