Time	Cell_type	Mean	Min	Max	Std
0.250000	0	0.119670	0.010754	0.565111	0.071799
0.250000	1	1.123113	0.609196	1.523608	0.191781
0.500000	0	0.118624	0.007244	0.723980	0.074427
0.500000	1	1.139334	0.520145	2.180744	0.259010
0.750000	0	0.118291	0.002469	0.825727	0.072514
0.750000	1	1.171067	0.321580	2.128254	0.261856
1.000000	0	0.115632	0.003658	1.038329	0.072563
1.000000	1	1.127845	0.184624	2.191774	0.282597
1.250000	0	0.110815	0.005688	0.540625	0.066735
1.250000	1	1.093280	0.439708	1.974166	0.240732
1.500000	0	0.115033	0.003897	0.665489	0.066852
1.500000	1	1.134324	0.284256	2.160016	0.312316
1.750000	0	0.113061	0.005012	0.499454	0.060767
1.750000	1	1.194382	0.638094	2.024733	0.241222
2.000000	0	0.109134	0.011657	0.588798	0.054560
2.000000	1	1.100922	0.425847	2.089383	0.222296
2.250000	0	0.110611	0.002291	0.567139	0.060654
2.250000	1	1.165925	0.388024	2.089039	0.259988
2.500000	0	0.110358	0.010714	0.521536	0.056668
2.500000	1	1.089149	0.344536	1.625347	0.202517
2.750000	0	0.108121	0.008027	0.630425	0.057754
2.750000	1	1.183580	0.521119	3.052957	0.343925
3.000000	0	0.109909	0.003803	0.610980	0.055972
3.000000	1	1.149604	0.299657	2.599482	0.325322
3.250000	0	0.109391	0.007695	0.759081	0.058792
3.250000	1	1.157360	0.499206	2.791316	0.303319
3.500000	0	0.108608	0.004326	0.482029	0.055132
3.500000	1	1.127991	0.229846	2.895001	0.355151
3.750000	0	0.112133	0.009819	1.365775	0.076948
3.750000	1	1.125472	0.559600	2.628871	0.289968
4.000000	0	0.109329	0.006248	0.690282	0.059121
4.000000	1	1.227005	0.587625	7.054300	0.612077
4.250000	0	0.111110	0.010340	0.530191	0.060396
4.250000	1	1.141150	0.197229	2.136682	0.269284
4.500000	0	0.110851	0.009468	1.150469	0.070894
4.500000	1	1.156013	0.282999	2.685910	0.320316
4.750000	0	0.108016	0.011554	0.869882	0.062031
4.750000	1	1.121095	0.392320	2.231881	0.259520
5.000000	0	0.108600	0.007735	0.429475	0.052037
5.000000	1	1.122371	0.175853	1.988766	0.256623
5.250000	0	0.106780	0.009951	0.510146	0.052502
5.250000	1	1.171474	0.545086	2.676787	0.302296
5.500000	0	0.107307	0.016139	0.862486	0.056228
5.500000	1	1.083335	0.325476	2.195877	0.290851
5.750000	0	0.108002	0.008062	0.456819	0.055062
5.750000	1	1.181113	0.576380	2.237323	0.327938
6.000000	0	0.107040	0.014325	0.540757	0.052297
6.000000	1	1.154561	0.547115	2.175133	0.259740
6.250000	0	0.106567	0.012494	0.506740	0.051980
6.250000	1	1.156544	0.602746	2.029642	0.278658
6.500000	0	0.106753	0.005003	0.632131	0.053743
6.500000	1	1.150711	0.354073	1.840853	0.234471
6.750000	0	0.106577	0.009188	0.411446	0.052989
6.750000	1	1.147893	0.095250	1.973510	0.275282
7.000000	0	0.108748	0.012264	0.593240	0.058113
7.000000	1	1.116484	0.211035	2.458165	0.300532
7.250000	0	0.109170	0.013810	0.860661	0.060378
7.250000	1	1.161858	0.228858	2.776342	0.418499
7.500000	0	0.103930	0.008524	0.755296	0.057303
7.500000	1	1.160778	0.256927	2.678558	0.353149
7.750000	0	0.105988	0.006758	0.832839	0.057901
7.750000	1	1.122972	0.652720	2.008970	0.242149
8.000000	0	0.108832	0.006571	0.667092	0.056905
8.000000	1	1.151185	0.146588	2.358801	0.285798
8.250000	0	0.107038	0.012867	0.899272	0.065643
8.250000	1	1.114461	0.670364	1.673386	0.202772
8.500000	0	0.108864	0.015721	0.711637	0.060586
8.500000	1	1.137482	0.023098	2.514230	0.305426
8.750000	0	0.110247	0.019017	0.480450	0.056630
8.750000	1	1.164998	0.601482	2.523050	0.296495
9.000000	0	0.107516	0.006731	0.514335	0.051320
9.000000	1	1.133677	0.046005	2.064274	0.295200
9.250000	0	0.110624	0.009346	0.641129	0.060648
9.250000	1	1.138853	0.394235	2.124223	0.280269
9.500000	0	0.106789	0.005204	0.531003	0.051910
9.500000	1	1.126296	0.342859	2.446899	0.273264
9.750000	0	0.107748	0.005167	0.618792	0.053651
9.750000	1	1.146024	0.272015	2.521355	0.319971
10.000000	0	0.107388	0.016397	0.762100	0.056845
10.000000	1	1.120934	0.451919	1.967991	0.261104
10.250000	0	0.109164	0.015670	0.735384	0.059580
10.250000	1	1.145502	0.236421	2.186035	0.294839
10.500000	0	0.110958	0.005507	0.822536	0.066197
10.500000	1	1.145118	0.341181	2.220829	0.282516
10.750000	0	0.106155	0.001642	0.519207	0.052293
10.750000	1	1.110471	0.335684	2.029209	0.305808
11.000000	0	0.107524	0.008326	0.748462	0.060424
11.000000	1	1.124939	0.273799	1.805640	0.257641
11.250000	0	0.107724	0.003301	0.914517	0.059464
11.250000	1	1.181811	0.075402	3.126583	0.361444
11.500000	0	0.106875	0.015700	0.703259	0.054545
11.500000	1	1.154060	0.329015	2.216381	0.296977
11.750000	0	0.107493	0.005428	0.740071	0.061693
11.750000	1	1.160422	0.194450	4.903311	0.549283
12.000000	0	0.107618	0.018660	0.493869	0.051864
12.000000	1	1.138021	0.053448	2.975351	0.388828
12.250000	0	0.109566	0.007479	0.655371	0.056465
12.250000	1	1.145085	0.339198	2.132620	0.304689
12.500000	0	0.106671	0.012517	0.477883	0.053572
12.500000	1	1.099793	0.402916	1.814334	0.263542
12.750000	0	0.105058	0.009346	0.685012	0.056316
12.750000	1	1.163712	0.169857	4.046751	0.410563
13.000000	0	0.100093	0.004600	0.391785	0.041164
13.000000	1	1.160175	0.428218	2.074911	0.262283
13.250000	0	0.106515	0.012853	0.791757	0.053076
13.250000	1	1.149394	0.467825	2.317500	0.258315
13.500000	0	0.105119	0.011164	0.561383	0.047861
13.500000	1	1.138709	0.508572	1.985544	0.295326
13.750000	0	0.107619	0.011308	0.654010	0.054415
13.750000	1	1.160154	0.652926	2.071218	0.249650
14.000000	0	0.108105	0.007470	0.712266	0.057244
14.000000	1	1.145341	0.134111	1.834661	0.269577
14.250000	0	0.106788	0.007619	1.391177	0.073875
14.250000	1	1.143750	0.114117	2.119956	0.274324
14.500000	0	0.106531	0.007882	0.637752	0.057005
14.500000	1	1.140514	0.450093	1.892746	0.245170
14.750000	0	0.103216	0.010605	0.441885	0.045598
14.750000	1	1.154898	0.131363	3.158028	0.376511
15.000000	0	0.106126	0.002900	0.952236	0.059114
15.000000	1	1.131953	0.045287	2.603474	0.288278
15.250000	0	0.106999	0.005371	0.944708	0.058573
15.250000	1	1.159161	0.342853	2.372360	0.309481
15.500000	0	0.107823	0.008398	0.573185	0.059040
15.500000	1	1.156669	0.401437	2.147581	0.295759
15.750000	0	0.107550	0.007541	0.608935	0.054414
15.750000	1	1.126351	0.415346	2.122001	0.246337
16.000000	0	0.106662	0.013950	0.475222	0.047692
16.000000	1	1.185354	0.254751	2.863286	0.342686
16.250000	0	0.106459	0.005650	0.678947	0.055013
16.250000	1	1.123762	0.564075	2.118635	0.223669
16.500000	0	0.103713	0.015473	0.541659	0.049424
16.500000	1	1.203657	0.287167	4.548656	0.526112
16.750000	0	0.106391	0.003567	0.714874	0.054363
16.750000	1	1.170548	0.386368	2.283008	0.254666
17.000000	0	0.105230	0.006168	0.531831	0.047455
17.000000	1	1.115886	0.511092	2.047968	0.227263
17.250000	0	0.106022	0.011663	0.408187	0.049395
17.250000	1	1.111870	0.221857	1.869523	0.281430
17.500000	0	0.104217	0.008424	0.389418	0.044849
17.500000	1	1.089351	0.176871	2.179976	0.280944
17.750000	0	0.105759	0.010609	0.492542	0.044539
17.750000	1	1.161978	0.489229	2.279424	0.285545
18.000000	0	0.103995	0.012334	0.493196	0.048538
18.000000	1	1.127281	0.630531	2.054781	0.256794
18.250000	0	0.109563	0.014319	1.019528	0.067393
18.250000	1	1.138238	0.204106	2.383905	0.304857
18.500000	0	0.108616	0.011161	0.575484	0.055448
18.500000	1	1.242428	0.335842	3.152187	0.398644
18.750000	0	0.104449	0.009383	0.795978	0.054620
18.750000	1	1.192226	0.338784	2.242344	0.323785
19.000000	0	0.108708	0.009127	1.102534	0.070382
19.000000	1	1.121454	0.483238	2.115840	0.291305
19.250000	0	0.104324	0.001317	0.649103	0.049948
19.250000	1	1.167655	0.439059	2.195914	0.302709
19.500000	0	0.102858	0.003443	0.618988	0.050870
19.500000	1	1.134014	0.271304	1.823874	0.248735
19.750000	0	0.106824	0.014340	0.483362	0.049542
19.750000	1	1.152282	0.526183	2.720730	0.287167
20.000000	0	0.102985	0.010776	0.408092	0.046230
20.000000	1	1.140846	0.310524	2.564979	0.316491
20.250000	0	0.103337	0.008389	0.664431	0.053235
20.250000	1	1.148477	0.602812	2.647042	0.286970
20.500000	0	0.101867	0.006117	0.445076	0.045743
20.500000	1	1.136286	0.163357	2.176949	0.293540
20.750000	0	0.105445	0.013052	0.496062	0.048775
20.750000	1	1.175346	0.207795	1.877017	0.260871
21.000000	0	0.102636	0.004176	0.559947	0.046619
21.000000	1	1.122498	0.395121	1.878665	0.268570
21.250000	0	0.105286	0.009208	0.482232	0.049045
21.250000	1	1.110267	0.105890	2.736521	0.345795
21.500000	0	0.106900	0.006539	0.807309	0.058614
21.500000	1	1.168231	0.133041	2.267561	0.313835
21.750000	0	0.100702	0.008370	0.528045	0.042524
21.750000	1	1.195705	0.357067	2.242997	0.250495
22.000000	0	0.101359	0.001323	0.326866	0.041948
22.000000	1	1.093481	0.130248	1.750761	0.223574
22.250000	0	0.105912	0.013461	0.683926	0.048953
22.250000	1	1.137401	0.271037	2.303106	0.292689
22.500000	0	0.103489	0.014798	0.543804	0.051192
22.500000	1	1.133933	0.316247	2.314079	0.305308
22.750000	0	0.104632	0.006834	0.644692	0.051875
22.750000	1	1.144101	0.428379	2.142104	0.270511
23.000000	0	0.105550	0.013589	0.548240	0.046939
23.000000	1	1.124277	0.498429	2.188976	0.266011
23.250000	0	0.106900	0.006144	0.518446	0.049408
23.250000	1	1.175854	0.236734	2.626575	0.338879
23.500000	0	0.101936	0.009285	0.512643	0.044167
23.500000	1	1.152039	0.400875	2.530715	0.312472
23.750000	0	0.099697	0.010714	0.360887	0.040189
23.750000	1	1.155364	0.551201	2.212367	0.266466
24.000000	0	0.104639	0.010136	0.785085	0.054433
24.000000	1	1.093602	0.445676	2.015835	0.264202
24.250000	0	0.105647	0.011159	0.772096	0.055464
24.250000	1	1.199882	0.572003	3.721439	0.437977
24.500000	0	0.103942	0.008939	0.477477	0.052768
24.500000	1	1.158421	0.284153	2.462044	0.329948
24.750000	0	0.105741	0.003738	0.540778	0.053513
24.750000	1	1.189361	0.289818	2.928809	0.371224
25.000000	0	0.107711	0.006777	0.995539	0.059140
25.000000	1	1.145983	0.264975	1.954936	0.224466
25.250000	0	0.101528	0.004238	0.329189	0.037973
25.250000	1	1.146600	0.385655	1.885952	0.278278
25.500000	0	0.105905	0.008344	0.597376	0.051505
25.500000	1	1.139417	0.520021	2.767509	0.342455
25.750000	0	0.103976	0.000712	0.499204	0.048850
25.750000	1	1.125901	0.374566	2.628460	0.340926
26.000000	0	0.108076	0.010784	0.820946	0.056942
26.000000	1	1.116369	0.117256	2.317773	0.325680
26.250000	0	0.105569	0.016277	0.565772	0.051549
26.250000	1	1.147615	0.161101	1.952614	0.272363
26.500000	0	0.102069	0.012792	0.460231	0.043458
26.500000	1	1.131540	0.425145	1.942685	0.252044
26.750000	0	0.106135	0.010213	0.678206	0.056317
26.750000	1	1.130642	0.502070	2.164397	0.264823
27.000000	0	0.102151	0.006638	0.474249	0.048202
27.000000	1	1.167688	0.388598	2.273974	0.255917
27.250000	0	0.100897	0.012537	0.391100	0.040824
27.250000	1	1.140456	0.475314	2.229716	0.293046
27.500000	0	0.102796	0.020496	0.805169	0.050981
27.500000	1	1.223840	0.320606	2.293546	0.304888
27.750000	0	0.101337	0.007775	0.511653	0.045318
27.750000	1	1.153164	0.300156	2.046075	0.277689
28.000000	0	0.103226	0.011865	0.454893	0.041640
28.000000	1	1.152014	0.529590	2.766548	0.302227
28.250000	0	0.103610	0.006018	0.374003	0.039348
28.250000	1	1.125578	0.539576	1.732656	0.200816
28.500000	0	0.104294	0.012070	0.542713	0.047544
28.500000	1	1.153698	0.397105	1.719348	0.263496
28.750000	0	0.103810	0.009773	0.373200	0.042566
28.750000	1	1.154837	0.391307	2.086566	0.287672
29.000000	0	0.100950	0.003300	0.334731	0.036299
29.000000	1	1.139195	0.404588	2.337726	0.264532
29.250000	0	0.102606	0.010779	0.569056	0.045211
29.250000	1	1.100465	0.283039	2.184232	0.296937
29.500000	0	0.104155	0.003258	0.683580	0.047512
29.500000	1	1.233035	0.319712	3.147431	0.439335
29.750000	0	0.101830	0.007157	0.363579	0.041823
29.750000	1	1.147147	0.114788	2.056801	0.260884
30.000000	0	0.103048	0.007013	0.472401	0.044618
30.000000	1	1.147513	0.179177	2.256312	0.317619
30.250000	0	0.101705	0.017140	0.576808	0.048439
30.250000	1	1.136803	0.169715	2.398079	0.290623
30.500000	0	0.106769	0.014074	0.575260	0.051655
30.500000	1	1.119644	0.257219	1.800671	0.261767
30.750000	0	0.103463	0.012778	0.490290	0.045614
30.750000	1	1.165729	0.022924	2.333980	0.333485
31.000000	0	0.102445	0.011481	0.422450	0.043129
31.000000	1	1.140369	0.646821	1.782100	0.203339
31.250000	0	0.100061	0.006410	0.361264	0.042134
31.250000	1	1.115260	0.409242	1.828861	0.240013
31.500000	0	0.101656	0.018417	0.676468	0.048575
31.500000	1	1.200598	0.508721	2.503421	0.305403
31.750000	0	0.102487	0.008545	0.468779	0.041852
31.750000	1	1.119652	0.238717	1.897878	0.259117
32.000000	0	0.103010	0.014508	0.378542	0.042374
32.000000	1	1.128907	0.160422	2.908723	0.332466
32.250000	0	0.102309	0.010142	0.591181	0.046225
32.250000	1	1.203661	0.219768	2.227548	0.339072
32.500000	0	0.103814	0.015530	0.578507	0.047864
32.500000	1	1.135722	0.436945	2.146521	0.278374
32.750000	0	0.101694	0.010172	0.393513	0.042974
32.750000	1	1.185508	0.340183	2.851879	0.347946
33.000000	0	0.102289	0.005679	0.407773	0.044056
33.000000	1	1.141411	0.299960	2.321825	0.256284
33.250000	0	0.100937	0.011146	0.705599	0.044232
33.250000	1	1.092956	0.245207	1.795478	0.224498
33.500000	0	0.104409	0.006949	0.458982	0.047015
33.500000	1	1.134932	0.483469	2.214649	0.263806
33.750000	0	0.102984	0.007916	0.410029	0.042424
33.750000	1	1.142360	0.207958	2.817249	0.394473
34.000000	0	0.101891	0.010169	0.295695	0.038167
34.000000	1	1.124818	0.527384	1.924924	0.233077
34.250000	0	0.103750	0.009245	0.474758	0.044463
34.250000	1	1.133272	0.520817	1.833829	0.225076
34.500000	0	0.101963	0.012740	0.439889	0.045861
34.500000	1	1.153783	0.440241	2.531766	0.291773
34.750000	0	0.106038	0.006876	0.507793	0.047935
34.750000	1	1.148447	0.491862	1.941844	0.245966
35.000000	0	0.105242	0.013416	0.427257	0.044227
35.000000	1	1.165189	0.255633	2.901941	0.317895
35.250000	0	0.102706	0.006222	0.591404	0.046349
35.250000	1	1.140299	0.232048	2.262733	0.335267
35.500000	0	0.101644	0.005393	0.570360	0.046270
35.500000	1	1.107663	0.286690	1.780902	0.218465
35.750000	0	0.105014	0.011270	0.431046	0.043579
35.750000	1	1.150470	0.456925	2.074124	0.235355
36.000000	0	0.105513	0.012547	0.551163	0.043449
36.000000	1	1.184602	0.336713	2.864852	0.340358
36.250000	0	0.102192	0.004866	0.595597	0.047799
36.250000	1	1.196130	0.652453	3.991306	0.381138
36.500000	0	0.105074	0.008637	0.525216	0.045707
36.500000	1	1.134720	0.478261	1.802325	0.233720
36.750000	0	0.101463	0.009185	0.329031	0.042416
36.750000	1	1.169663	0.567598	2.245215	0.300826
37.000000	0	0.102973	0.009299	0.637825	0.048348
37.000000	1	1.146565	0.344465	2.479402	0.282592
37.250000	0	0.101746	0.009817	0.559772	0.044663
37.250000	1	1.150585	0.094365	2.041580	0.291861
37.500000	0	0.101236	0.013967	0.621004	0.043709
37.500000	1	1.122775	0.263011	2.275642	0.276385
37.750000	0	0.102233	0.016529	0.390003	0.041141
37.750000	1	1.133346	0.266740	2.157504	0.293108
38.000000	0	0.103250	0.005880	0.627545	0.047636
38.000000	1	1.155913	0.082744	2.310763	0.298089
38.250000	0	0.106901	0.006589	1.076648	0.066971
38.250000	1	1.137418	0.133126	1.890599	0.262373
38.500000	0	0.102871	0.009676	0.448959	0.044613
38.500000	1	1.162342	0.218897	2.283933	0.311610
38.750000	0	0.103811	0.003665	0.409113	0.045334
38.750000	1	1.159343	0.474763	2.301650	0.293328
39.000000	0	0.106930	0.005987	0.447480	0.044187
39.000000	1	1.131729	0.650086	2.168542	0.246059
39.250000	0	0.102142	0.009181	0.381459	0.042591
39.250000	1	1.168647	0.345453	2.495890	0.323647
39.500000	0	0.105582	0.009655	1.393654	0.064372
39.500000	1	1.181739	0.340324	2.637061	0.342311
39.750000	0	0.104972	0.015926	0.621959	0.049115
39.750000	1	1.150548	0.100427	2.339848	0.285401
40.000000	0	0.104467	0.017703	1.009209	0.057633
40.000000	1	1.151164	0.361974	2.260497	0.291059
40.250000	0	0.104489	0.009868	0.482295	0.046208
40.250000	1	1.130778	0.396893	1.826278	0.279224
40.500000	0	0.102112	0.001187	0.426139	0.045686
40.500000	1	1.143012	0.191800	3.470520	0.341248
40.750000	0	0.102507	0.008455	0.452684	0.045664
40.750000	1	1.122991	0.498515	1.850185	0.239767
41.000000	0	0.099920	0.004552	0.670426	0.044301
41.000000	1	1.151210	0.325854	2.586809	0.343169
41.250000	0	0.102982	0.012089	0.489040	0.045864
41.250000	1	1.164843	0.589197	2.174263	0.292466
41.500000	0	0.105681	0.009192	0.484393	0.047348
41.500000	1	1.171803	0.173187	2.968968	0.345405
41.750000	0	0.102771	0.012111	0.591464	0.046301
41.750000	1	1.150186	0.123104	2.080451	0.288697
42.000000	0	0.102297	0.012632	0.451469	0.042683
42.000000	1	1.196390	0.360525	2.667493	0.316956
42.250000	0	0.101237	0.010372	0.369388	0.041904
42.250000	1	1.186937	0.581515	2.418929	0.288269
42.500000	0	0.101687	0.005967	0.510319	0.042575
42.500000	1	1.141936	0.221773	1.862375	0.203126
42.750000	0	0.102534	0.009577	1.246978	0.061752
42.750000	1	1.173241	0.047231	2.548002	0.332951
43.000000	0	0.100660	0.005453	0.348686	0.038960
43.000000	1	1.131910	0.636448	1.774276	0.194647
43.250000	0	0.103748	0.008853	0.550861	0.045069
43.250000	1	1.153575	0.532855	2.497566	0.279557
43.500000	0	0.101092	0.008480	0.386754	0.040387
43.500000	1	1.140500	0.518141	2.306467	0.269080
43.750000	0	0.100872	0.002938	0.449244	0.042223
43.750000	1	1.135801	0.022550	2.397394	0.297050
44.000000	0	0.100028	0.010055	0.420844	0.038175
44.000000	1	1.180600	0.405079	3.028650	0.334382
44.250000	0	0.102624	0.004302	0.389016	0.042257
44.250000	1	1.159387	0.310927	1.937370	0.239859
44.500000	0	0.100810	0.004199	0.588969	0.043941
44.500000	1	1.134253	0.376565	2.321672	0.309096
44.750000	0	0.103696	0.008780	0.522169	0.049607
44.750000	1	1.139454	0.428258	2.261563	0.275799
45.000000	0	0.103711	0.011468	0.618565	0.047948
45.000000	1	1.142163	0.565041	2.259273	0.247245
45.250000	0	0.102702	0.005750	0.816042	0.051181
45.250000	1	1.214961	0.363257	5.456251	0.598410
45.500000	0	0.104712	0.010110	0.634117	0.048502
45.500000	1	1.134245	0.236470	1.890106	0.275160
45.750000	0	0.105521	0.002398	0.516287	0.048060
45.750000	1	1.162793	0.114440	3.451691	0.413549
46.000000	0	0.106033	0.016355	0.878349	0.055189
46.000000	1	1.198087	0.300546	4.034942	0.405858
46.250000	0	0.102338	0.009697	0.398295	0.042495
46.250000	1	1.158926	0.216085	1.982493	0.288958
46.500000	0	0.103328	0.011194	0.487724	0.047255
46.500000	1	1.193323	0.495133	3.888541	0.406074
46.750000	0	0.104330	0.008949	0.647117	0.052965
46.750000	1	1.150426	0.468570	2.622943	0.272619
47.000000	0	0.106093	0.022862	0.609562	0.054626
47.000000	1	1.175144	0.361081	2.268982	0.292589
47.250000	0	0.103840	0.014560	0.421048	0.045781
47.250000	1	1.150283	0.709454	2.432536	0.280314
47.500000	0	0.106320	0.008610	0.803789	0.060092
47.500000	1	1.112632	0.244060	2.121596	0.267063
47.750000	0	0.104022	0.005153	0.576341	0.050036
47.750000	1	1.153800	0.229782	2.218511	0.333569
48.000000	0	0.104482	0.011379	0.779527	0.052714
48.000000	1	1.120418	0.417389	2.204814	0.243423
48.250000	0	0.102495	0.017074	0.536268	0.045547
48.250000	1	1.212224	0.475289	2.572744	0.343488
48.500000	0	0.101244	0.011098	0.660607	0.046871
48.500000	1	1.117258	0.099324	2.214283	0.276807
48.750000	0	0.103726	0.003758	0.630928	0.048930
48.750000	1	1.179923	0.391135	2.661619	0.311120
49.000000	0	0.101967	0.005875	0.480151	0.043306
49.000000	1	1.200418	0.319689	3.724078	0.392800
49.250000	0	0.102546	0.012495	0.699379	0.047220
49.250000	1	1.171063	0.402079	2.118603	0.300533
49.500000	0	0.100732	0.007799	0.537618	0.043910
49.500000	1	1.113735	0.381683	1.831726	0.239604
49.750000	0	0.102779	0.009634	0.669172	0.049709
49.750000	1	1.139878	0.549143	1.961868	0.285433
50.000000	0	0.103657	0.002466	0.462475	0.045860
50.000000	1	1.129569	0.331543	2.339328	0.264703
50.250000	0	0.101984	0.006335	0.550161	0.046221
50.250000	1	1.109441	0.304490	2.383360	0.277702
50.500000	0	0.104113	0.020996	0.610958	0.048207
50.500000	1	1.132231	0.401330	1.970582	0.281378
50.750000	0	0.102114	0.007928	0.355509	0.042060
50.750000	1	1.103320	0.207582	2.168630	0.301848
51.000000	0	0.102155	0.008078	0.434639	0.043607
51.000000	1	1.189791	0.360873	3.132244	0.390815
51.250000	0	0.103654	0.003075	0.574719	0.050995
51.250000	1	1.134978	0.182668	2.134186	0.306704
51.500000	0	0.101921	0.014402	0.580453	0.046522
51.500000	1	1.127648	0.545100	1.858752	0.225796
51.750000	0	0.103182	0.004648	0.644116	0.047446
51.750000	1	1.123855	0.234425	1.817838	0.254505
52.000000	0	0.102518	0.008920	0.648943	0.045840
52.000000	1	1.134081	0.349847	2.202481	0.255376
52.250000	0	0.105613	0.009514	0.962098	0.057740
52.250000	1	1.190257	0.358985	2.282577	0.316804
52.500000	0	0.103632	0.008042	0.425299	0.043626
52.500000	1	1.169170	0.298649	2.346914	0.288043
52.750000	0	0.101245	0.006143	0.320753	0.041047
52.750000	1	1.106368	0.411252	1.729443	0.212034
53.000000	0	0.102496	0.008036	0.512716	0.042364
53.000000	1	1.118483	0.107185	3.140808	0.359294
53.250000	0	0.100241	0.003355	0.432322	0.043202
53.250000	1	1.135303	0.166509	2.357420	0.325691
53.500000	0	0.102122	0.015195	0.507503	0.044673
53.500000	1	1.130357	0.402539	1.897035	0.255415
53.750000	0	0.102930	0.005652	0.950114	0.051694
53.750000	1	1.136295	0.312886	2.217598	0.283886
54.000000	0	0.105727	0.013995	1.908658	0.081195
54.000000	1	1.132638	0.392658	3.444973	0.314643
54.250000	0	0.100783	0.002507	0.484006	0.041966
54.250000	1	1.124397	0.440828	2.208993	0.265046
54.500000	0	0.102151	0.013584	0.617914	0.048761
54.500000	1	1.133675	0.586902	1.792634	0.232653
54.750000	0	0.104272	0.021447	0.650388	0.048466
54.750000	1	1.122801	0.239586	1.967418	0.278182
55.000000	0	0.102916	0.021464	0.476207	0.044490
55.000000	1	1.151131	0.084905	2.647244	0.344361
55.250000	0	0.104569	0.010981	0.613188	0.049349
55.250000	1	1.160441	0.558671	2.529371	0.281205
55.500000	0	0.104404	0.017440	0.632698	0.048501
55.500000	1	1.131428	0.288632	2.252737	0.280367
55.750000	0	0.102960	0.002781	0.572852	0.047486
55.750000	1	1.218871	0.544271	3.042616	0.336052
56.000000	0	0.101507	0.001895	0.351504	0.038863
56.000000	1	1.159622	0.600684	2.447662	0.271558
56.250000	0	0.106160	0.015998	0.758571	0.055788
56.250000	1	1.106787	0.233080	2.326594	0.309641
56.500000	0	0.103961	0.004367	0.408418	0.042860
56.500000	1	1.183299	0.222441	2.530978	0.366082
56.750000	0	0.102327	0.003771	0.417260	0.045026
56.750000	1	1.126204	0.345103	1.962893	0.246177
57.000000	0	0.101344	0.003909	0.427153	0.044431
57.000000	1	1.133840	0.049577	1.954521	0.266890
57.250000	0	0.104433	0.007510	0.728927	0.050666
57.250000	1	1.099434	0.444020	1.930331	0.262476
57.500000	0	0.105083	0.001414	0.641259	0.053406
57.500000	1	1.172009	0.426793	2.876131	0.328699
57.750000	0	0.105118	0.007436	1.017772	0.061756
57.750000	1	1.147654	0.427860	2.458109	0.284787
58.000000	0	0.104961	0.017937	0.564840	0.048499
58.000000	1	1.160761	0.518344	1.922454	0.248936
58.250000	0	0.102439	0.009394	0.592915	0.047267
58.250000	1	1.118670	0.262541	2.313646	0.290914
58.500000	0	0.102581	0.016283	0.494269	0.044413
58.500000	1	1.153239	0.374501	1.957581	0.217631
58.750000	0	0.103627	0.006070	0.445895	0.044814
58.750000	1	1.109280	0.257505	1.884349	0.276947
59.000000	0	0.101719	0.006679	0.552768	0.044998
59.000000	1	1.158174	0.117725	2.657458	0.363239
59.250000	0	0.100890	0.009918	0.739246	0.046993
59.250000	1	1.133483	0.097158	2.180369	0.314985
59.500000	0	0.102565	0.008659	0.433839	0.048464
59.500000	1	1.138557	0.058907	2.403307	0.337784
59.750000	0	0.102201	0.010421	0.321834	0.042463
59.750000	1	1.146230	0.233949	2.545068	0.315801
60.000000	0	0.101728	0.012621	0.422515	0.041714
60.000000	1	1.150745	0.154362	2.618133	0.317143
60.250000	0	0.103167	0.007480	0.605708	0.055340
60.250000	1	1.210863	0.542977	2.787164	0.374187
60.500000	0	0.102283	0.015530	0.495710	0.044270
60.500000	1	1.155026	0.434226	2.551653	0.320792
60.750000	0	0.099154	0.013260	0.488253	0.044570
60.750000	1	1.188184	0.437102	2.148586	0.299790
61.000000	0	0.101759	0.013488	0.586047	0.044349
61.000000	1	1.170584	0.452546	3.886416	0.409298
61.250000	0	0.100926	0.003450	0.511038	0.043045
61.250000	1	1.152707	0.443275	2.656126	0.302939
61.500000	0	0.102608	0.009653	0.500688	0.045447
61.500000	1	1.175155	0.248748	3.462284	0.387694
61.750000	0	0.104946	0.008062	0.551657	0.047622
61.750000	1	1.106012	0.441252	2.291153	0.278078
62.000000	0	0.100676	0.007567	0.728817	0.045124
62.000000	1	1.185092	0.249790	2.566821	0.304662
62.250000	0	0.100730	0.015509	0.656845	0.044094
62.250000	1	1.180589	0.370509	3.127182	0.368174
62.500000	0	0.099832	0.003980	0.377219	0.039851
62.500000	1	1.181314	0.296579	2.239578	0.306463
62.750000	0	0.100520	0.009172	0.347331	0.040708
62.750000	1	1.176269	0.644828	3.836501	0.380679
63.000000	0	0.104326	0.010863	0.600961	0.045964
63.000000	1	1.146224	0.449217	2.439364	0.273988
63.250000	0	0.107483	0.022134	0.817698	0.063300
63.250000	1	1.139698	0.307751	2.239317	0.315812
63.500000	0	0.100689	0.008691	0.383322	0.040346
63.500000	1	1.220363	0.169968	2.412957	0.384532
63.750000	0	0.103903	0.002049	0.478495	0.048841
63.750000	1	1.100579	0.384952	1.870813	0.254821
64.000000	0	0.103679	0.011815	0.709408	0.055128
64.000000	1	1.191569	0.498186	2.226164	0.292271
64.250000	0	0.102510	0.011493	0.568676	0.044790
64.250000	1	1.123575	0.399779	1.934557	0.247383
64.500000	0	0.102078	0.005747	0.918491	0.050970
64.500000	1	1.127743	0.286185	2.031706	0.297643
64.750000	0	0.099680	0.014683	0.591895	0.045257
64.750000	1	1.156505	0.042951	2.363080	0.328392
65.000000	0	0.100727	0.005725	0.535260	0.037435
65.000000	1	1.147127	0.111422	2.776936	0.349264
65.250000	0	0.100718	0.006790	0.305867	0.036168
65.250000	1	1.180297	0.366794	2.901154	0.322104
65.500000	0	0.099105	0.007253	0.447865	0.037143
65.500000	1	1.126144	0.492178	2.637459	0.285652
65.750000	0	0.098732	0.007010	0.335830	0.036614
65.750000	1	1.148811	0.629509	2.914040	0.297154
66.000000	0	0.103427	0.010661	0.584576	0.046691
66.000000	1	1.137625	0.184230	2.569625	0.347484
66.250000	0	0.098856	0.005870	0.351311	0.037421
66.250000	1	1.094606	0.354770	1.562738	0.183828
66.500000	0	0.102168	0.015481	0.721608	0.050315
66.500000	1	1.205815	0.231052	2.625414	0.318241
66.750000	0	0.101881	0.009466	0.655380	0.050703
66.750000	1	1.150044	0.382324	2.661619	0.290257
67.000000	0	0.102360	0.003547	0.483602	0.045206
67.000000	1	1.269026	0.596640	4.520854	0.498127
67.250000	0	0.100465	0.009106	0.318402	0.037236
67.250000	1	1.143029	0.350208	2.013816	0.236425
67.500000	0	0.100588	0.009191	0.632804	0.043249
67.500000	1	1.167113	0.404472	2.387215	0.283631
67.750000	0	0.099163	0.010155	0.373018	0.037635
67.750000	1	1.167489	0.135034	2.920440	0.336602
68.000000	0	0.100503	0.009738	0.565982	0.043213
68.000000	1	1.143502	0.540638	1.704513	0.212216
68.250000	0	0.100835	0.008078	0.442097	0.039699
68.250000	1	1.123485	0.469954	2.141008	0.230263
68.500000	0	0.100785	0.012267	0.428785	0.037876
68.500000	1	1.150189	0.688026	1.899682	0.192587
68.750000	0	0.100452	0.015910	0.356672	0.040819
68.750000	1	1.118196	0.579477	1.983365	0.222577
69.000000	0	0.101147	0.016265	0.474905	0.040922
69.000000	1	1.147588	0.463642	3.576499	0.322481
69.250000	0	0.104640	0.013089	0.427570	0.047731
69.250000	1	1.142046	0.223665	2.649055	0.332964
69.500000	0	0.102926	0.011368	0.466910	0.043584
69.500000	1	1.185326	0.452350	2.616686	0.349867
69.750000	0	0.102197	0.017618	0.786241	0.047859
69.750000	1	1.103138	0.230545	3.248817	0.345874
70.000000	0	0.103667	0.014149	0.467294	0.050605
70.000000	1	1.155622	0.264417	2.014589	0.313069
70.250000	0	0.101295	0.016138	0.383589	0.042637
70.250000	1	1.149892	0.535093	3.628425	0.394464
70.500000	0	0.103533	0.008006	0.369891	0.041316
70.500000	1	1.091110	0.467527	2.291383	0.286940
70.750000	0	0.101951	0.005875	0.490947	0.048599
70.750000	1	1.157023	0.195062	2.543192	0.330594
71.000000	0	0.100598	0.007341	0.356705	0.041686
71.000000	1	1.176519	0.467987	3.036864	0.341734
71.250000	0	0.101259	0.001788	0.383448	0.038646
71.250000	1	1.196696	0.352180	2.634352	0.356470
71.500000	0	0.099032	0.011479	0.336635	0.038637
71.500000	1	1.207797	0.543788	2.474152	0.323972
71.750000	0	0.101111	0.013992	0.337765	0.037886
71.750000	1	1.176201	0.413539	3.214485	0.354492
72.000000	0	0.101775	0.008707	0.353377	0.041660
72.000000	1	1.174324	0.306678	2.248275	0.308214
72.250000	0	0.100616	0.017616	0.431806	0.042279
72.250000	1	1.167338	0.466499	1.919651	0.257146
72.500000	0	0.100181	0.005685	0.322912	0.036920
72.500000	1	1.134121	0.489184	2.066918	0.221826
72.750000	0	0.102833	0.005211	0.946154	0.051789
72.750000	1	1.177873	0.154828	2.660173	0.319922
73.000000	0	0.103246	0.010343	0.510666	0.045048
73.000000	1	1.173097	0.477325	2.232302	0.333848
73.250000	0	0.102596	0.011223	0.427794	0.043499
73.250000	1	1.196628	0.357540	2.428413	0.330309
73.500000	0	0.101816	0.015331	0.389661	0.040714
73.500000	1	1.174673	0.400195	3.197903	0.322861
73.750000	0	0.102021	0.003771	0.419099	0.042782
73.750000	1	1.148030	0.458168	2.338699	0.296035
74.000000	0	0.103826	0.026401	0.580374	0.049378
74.000000	1	1.141255	0.182071	2.177399	0.283207
74.250000	0	0.099027	0.003866	0.377049	0.039669
74.250000	1	1.144908	0.650168	3.220882	0.297922
74.500000	0	0.103794	0.006362	0.499020	0.047567
74.500000	1	1.196412	0.680148	2.215936	0.281441
74.750000	0	0.101967	0.009587	0.472033	0.047571
74.750000	1	1.148761	0.611111	2.426631	0.237589
75.000000	0	0.102873	0.012773	0.569946	0.043454
75.000000	1	1.147164	0.325780	2.061335	0.258800
75.250000	0	0.102822	0.002405	0.444253	0.042941
75.250000	1	1.158102	0.335384	2.435868	0.327059
75.500000	0	0.102873	0.008790	0.469432	0.045506
75.500000	1	1.151823	0.094210	2.038920	0.314196
75.750000	0	0.101807	0.017274	0.731349	0.046312
75.750000	1	1.142886	0.403008	2.037215	0.257953
76.000000	0	0.100687	0.004508	0.667780	0.049066
76.000000	1	1.163535	0.229609	2.492122	0.276190
76.250000	0	0.100219	0.003807	0.358506	0.040177
76.250000	1	1.138277	0.292128	2.132355	0.289164
76.500000	0	0.101656	0.009139	0.673227	0.050745
76.500000	1	1.183348	0.189309	2.839018	0.329035
76.750000	0	0.102879	0.006671	0.463560	0.044179
76.750000	1	1.138154	0.508462	1.980314	0.239691
77.000000	0	0.101061	0.011306	0.471373	0.043610
77.000000	1	1.127979	0.198466	2.507311	0.263760
77.250000	0	0.103921	0.004227	0.703404	0.048428
77.250000	1	1.130556	0.329392	2.440024	0.263516
77.500000	0	0.103516	0.006243	1.378349	0.065800
77.500000	1	1.090850	0.101826	2.424338	0.290475
77.750000	0	0.102294	0.012689	0.485751	0.045944
77.750000	1	1.188522	0.326130	2.735217	0.356134
78.000000	0	0.106464	0.011715	0.707831	0.053544
78.000000	1	1.169033	0.134438	2.359353	0.324444
78.250000	0	0.103006	0.014362	0.771428	0.052435
78.250000	1	1.157669	0.321043	2.157147	0.272784
78.500000	0	0.103488	0.009968	0.504024	0.046086
78.500000	1	1.132357	0.591389	1.943624	0.251080
78.750000	0	0.103406	0.013209	0.866896	0.050179
78.750000	1	1.182150	0.486838	2.452723	0.343370
79.000000	0	0.101307	0.008585	0.757530	0.050277
79.000000	1	1.131944	0.465241	2.135005	0.274684
79.250000	0	0.102582	0.014137	0.745379	0.051561
79.250000	1	1.172384	0.134871	2.911492	0.345577
79.500000	0	0.098637	0.015745	0.274109	0.035739
79.500000	1	1.128092	0.519112	2.069297	0.249665
79.750000	0	0.100886	0.009256	0.407867	0.042845
79.750000	1	1.400133	0.430427	15.332144	1.828964
80.000000	0	0.105636	0.002972	0.435342	0.046657
80.000000	1	1.101303	0.361118	2.090489	0.259998
80.250000	0	0.101204	0.009999	0.481173	0.043755
80.250000	1	1.153056	0.275653	2.139726	0.288700
80.500000	0	0.105511	0.007456	0.599447	0.050935
80.500000	1	1.139019	0.227056	2.352277	0.363542
80.750000	0	0.103071	0.001974	0.491621	0.043227
80.750000	1	1.095391	0.200364	1.893079	0.265158
81.000000	0	0.103599	0.003969	0.517012	0.050300
81.000000	1	1.138208	0.070888	2.309756	0.296979
81.250000	0	0.105631	0.016010	0.520439	0.052038
81.250000	1	1.143208	0.525080	2.369840	0.288490
81.500000	0	0.102008	0.006508	0.500804	0.047880
81.500000	1	1.202253	0.398071	2.136499	0.332510
81.750000	0	0.105448	0.007146	0.840481	0.056001
81.750000	1	1.145113	0.463290	2.543785	0.299557
82.000000	0	0.102565	0.005003	0.743947	0.047644
82.000000	1	1.072382	0.276561	2.045169	0.287866
82.250000	0	0.100656	0.008648	0.424992	0.039838
82.250000	1	1.161539	0.254987	2.011076	0.277490
82.500000	0	0.104126	0.010440	0.847291	0.051441
82.500000	1	1.185594	0.455664	2.132922	0.274709
82.750000	0	0.103143	0.016935	0.848930	0.048460
82.750000	1	1.122508	0.505164	2.284056	0.262088
83.000000	0	0.104674	0.008528	0.601181	0.050015
83.000000	1	1.084168	0.214138	1.858273	0.270773
83.250000	0	0.105360	0.002195	0.622333	0.056269
83.250000	1	1.194653	0.222206	5.721315	0.647291
83.500000	0	0.102948	0.008016	0.713383	0.051951
83.500000	1	1.199305	0.455163	2.666984	0.344010
83.750000	0	0.105448	0.013516	0.736948	0.050664
83.750000	1	1.142130	0.451816	2.208553	0.272914
84.000000	0	0.101605	0.003672	0.535388	0.045601
84.000000	1	1.081612	0.426865	2.302231	0.274090
84.250000	0	0.100425	0.011233	0.676189	0.049144
84.250000	1	1.174605	0.074678	3.555760	0.423221
84.500000	0	0.106420	0.001131	0.517554	0.050546
84.500000	1	1.233779	0.437237	8.912883	0.983330
84.750000	0	0.106457	0.009074	0.547394	0.050407
84.750000	1	1.125134	0.231074	2.262073	0.346366
85.000000	0	0.103948	0.012213	0.486416	0.046244
85.000000	1	1.166012	0.291549	2.262070	0.291413
85.250000	0	0.102721	0.018385	0.417403	0.045322
85.250000	1	1.177879	0.528254	2.504940	0.350397
85.500000	0	0.102848	0.002997	0.668577	0.049711
85.500000	1	1.150671	0.098342	2.855521	0.333411
85.750000	0	0.103820	0.006915	0.730713	0.056102
85.750000	1	1.125137	0.351529	2.089840	0.273339
86.000000	0	0.101032	0.009229	0.421413	0.041572
86.000000	1	1.155164	0.325660	2.412864	0.320689
86.250000	0	0.103375	0.009689	0.708408	0.047921
86.250000	1	1.151271	0.211713	2.021829	0.330674
86.500000	0	0.104574	0.003323	0.493644	0.050126
86.500000	1	1.124688	0.194300	2.223918	0.305086
86.750000	0	0.104489	0.012190	0.432773	0.047453
86.750000	1	1.137450	0.472163	2.194009	0.295812
87.000000	0	0.103929	0.009225	0.419899	0.045252
87.000000	1	1.158201	0.232140	2.330583	0.300714
87.250000	0	0.101762	0.009795	0.301833	0.039419
87.250000	1	1.132992	0.626132	2.416574	0.252578
87.500000	0	0.101711	0.014883	0.745463	0.050346
87.500000	1	1.160666	0.257360	2.118176	0.261362
87.750000	0	0.104170	0.009180	0.686071	0.053215
87.750000	1	1.120085	0.522056	2.309423	0.243142
88.000000	0	0.100836	0.020542	0.447427	0.038940
88.000000	1	1.181573	0.500276	2.666858	0.357895
88.250000	0	0.102318	0.006709	0.376643	0.042802
88.250000	1	1.095526	0.399779	2.068645	0.266376
88.500000	0	0.103186	0.009596	0.599249	0.047518
88.500000	1	1.125550	0.346658	2.049508	0.259667
88.750000	0	0.104826	0.002300	0.505713	0.046299
88.750000	1	1.173074	0.305533	2.768642	0.334264
89.000000	0	0.101776	0.008143	0.511967	0.044812
89.000000	1	1.149573	0.268460	2.079171	0.266677
89.250000	0	0.105775	0.002546	1.140330	0.059189
89.250000	1	1.132318	0.316546	2.258265	0.288762
89.500000	0	0.102804	0.003921	0.646043	0.049404
89.500000	1	1.181517	0.438581	1.993978	0.274632
89.750000	0	0.103767	0.003004	0.530532	0.047893
89.750000	1	1.166556	0.248347	2.360594	0.280601
90.000000	0	0.103387	0.008470	0.390549	0.042488
90.000000	1	1.117391	0.346586	3.030584	0.330497
90.250000	0	0.103947	0.007785	0.723229	0.049497
90.250000	1	1.147155	0.135695	2.550520	0.331922
90.500000	0	0.103523	0.004570	0.360350	0.046122
90.500000	1	1.163393	0.382096	2.260511	0.294921
90.750000	0	0.104014	0.002580	0.635478	0.049174
90.750000	1	1.142355	0.333501	2.055343	0.283954
91.000000	0	0.104239	0.006455	0.514044	0.047386
91.000000	1	1.243742	0.304383	6.204182	0.682553
91.250000	0	0.103967	0.015244	0.415359	0.043105
91.250000	1	1.185618	0.253825	2.662031	0.378485
91.500000	0	0.099422	0.009386	0.306192	0.037143
91.500000	1	1.192456	0.082981	2.397540	0.320083
91.750000	0	0.102178	0.012102	0.480719	0.043195
91.750000	1	1.144974	0.197697	2.213753	0.304601
92.000000	0	0.101396	0.004757	0.656542	0.045958
92.000000	1	1.121071	0.186067	1.660859	0.253449
92.250000	0	0.104864	0.010210	0.584304	0.051217
92.250000	1	1.149954	0.134311	2.072177	0.289613
92.500000	0	0.105113	0.003863	1.319998	0.067623
92.500000	1	1.136717	0.061070	2.188872	0.321672
92.750000	0	0.100251	0.004305	0.531029	0.044483
92.750000	1	1.139570	0.250823	3.404962	0.356787
93.000000	0	0.103044	0.007463	0.555687	0.043397
93.000000	1	1.184934	0.431976	2.706666	0.326431
93.250000	0	0.100426	0.016966	0.523584	0.040444
93.250000	1	1.135384	0.476725	2.337548	0.317672
93.500000	0	0.104755	0.009514	1.035795	0.056161
93.500000	1	1.171392	0.385812	1.994298	0.256336
93.750000	0	0.099385	0.024626	0.506562	0.039722
93.750000	1	1.150861	0.040659	3.339390	0.402466
94.000000	0	0.104783	0.007085	0.863881	0.057732
94.000000	1	1.200635	0.398130	2.632688	0.312132
94.250000	0	0.101752	0.005041	0.389956	0.041572
94.250000	1	1.142145	0.390161	2.556989	0.281265
94.500000	0	0.103889	0.007472	0.530950	0.049707
94.500000	1	1.187712	0.209296	2.457239	0.298382
94.750000	0	0.104219	0.014847	0.428404	0.042562
94.750000	1	1.150150	0.271351	2.015912	0.277267
95.000000	0	0.103559	0.025239	0.452357	0.043869
95.000000	1	1.151248	0.094002	2.203252	0.336852
95.250000	0	0.099419	0.007535	0.553139	0.042314
95.250000	1	1.208225	0.370724	2.725517	0.351023
95.500000	0	0.101913	0.011159	0.721213	0.045099
95.500000	1	1.139449	0.491807	2.212180	0.262850
95.750000	0	0.104489	0.009435	0.411526	0.045680
95.750000	1	1.194887	0.268109	7.341994	0.652110
96.000000	0	0.102014	0.003206	0.772857	0.051843
96.000000	1	1.138410	0.293119	1.967359	0.275251
96.250000	0	0.104604	0.007521	0.359647	0.044397
96.250000	1	1.130155	0.225936	2.622134	0.270337
96.500000	0	0.103832	0.019088	0.377153	0.040676
96.500000	1	1.144733	0.072057	2.416688	0.303309
96.750000	0	0.104422	0.009902	0.783099	0.050738
96.750000	1	1.151454	0.181045	2.236794	0.269435
97.000000	0	0.105592	0.016663	0.471157	0.046326
97.000000	1	1.159589	0.573997	1.907150	0.255225
97.250000	0	0.102315	0.013821	0.588433	0.047812
97.250000	1	1.165065	0.565235	2.776246	0.267833
97.500000	0	0.102585	0.005103	0.493505	0.045067
97.500000	1	1.195448	0.185690	5.726065	0.578999
97.750000	0	0.103251	0.011133	0.553749	0.049451
97.750000	1	1.151224	0.494901	1.965871	0.245048
98.000000	0	0.101428	0.009307	0.408046	0.042709
98.000000	1	1.128441	0.253416	1.883380	0.246014
98.250000	0	0.103881	0.012091	0.835094	0.060645
98.250000	1	1.191174	0.466852	2.709954	0.329365
98.500000	0	0.101722	0.002791	0.555612	0.043001
98.500000	1	1.109161	0.376811	2.176411	0.279530
98.750000	0	0.101253	0.005353	0.335999	0.038757
98.750000	1	1.135155	0.119071	2.334211	0.333697
99.000000	0	0.104050	0.010685	1.142041	0.057694
99.000000	1	1.222546	0.470701	3.211112	0.410412
99.250000	0	0.098546	0.008386	0.621334	0.040984
99.250000	1	1.208104	0.087698	2.920031	0.405490
99.500000	0	0.103328	0.005805	0.953060	0.053376
99.500000	1	1.147411	0.237306	2.358933	0.319731
99.750000	0	0.102637	0.005013	0.464121	0.042296
99.750000	1	1.169824	0.180684	3.140740	0.371212
100.000000	0	0.105373	0.001068	1.001349	0.062072
100.000000	1	1.099352	0.379720	2.183551	0.281383
100.250000	0	0.105068	0.008921	0.569303	0.048341
100.250000	1	1.127508	0.208991	1.769810	0.251304
100.500000	0	0.102900	0.007687	0.703474	0.051050
100.500000	1	1.136767	0.689733	1.891887	0.231851
100.750000	0	0.102113	0.014245	0.567513	0.048105
100.750000	1	1.176130	0.253229	2.654657	0.331847
101.000000	0	0.097354	0.007492	0.450219	0.036470
101.000000	1	1.166130	0.537001	2.606031	0.297802
101.250000	0	0.103958	0.004288	0.773126	0.047783
101.250000	1	1.121456	0.443660	2.099255	0.249456
101.500000	0	0.101157	0.010212	0.526855	0.041202
101.500000	1	1.089703	0.349145	1.903678	0.266557
101.750000	0	0.100764	0.012605	0.476722	0.045559
101.750000	1	1.104149	0.229083	2.140603	0.332641
102.000000	0	0.104824	0.011500	0.367507	0.044043
102.000000	1	1.155555	0.106790	2.110489	0.310820
102.250000	0	0.102807	0.010651	0.518827	0.044691
102.250000	1	1.177865	0.544603	2.355936	0.254229
102.500000	0	0.100739	0.011795	0.690852	0.048679
102.500000	1	1.149521	0.637287	2.606122	0.279004
102.750000	0	0.103982	0.014530	0.737782	0.051120
102.750000	1	1.094010	0.050165	1.880968	0.276772
103.000000	0	0.099558	0.016420	0.375537	0.038008
103.000000	1	1.152802	0.464137	2.107533	0.250499
103.250000	0	0.103332	0.007495	0.619603	0.045855
103.250000	1	1.165443	0.669086	2.651245	0.281494
103.500000	0	0.101773	0.004983	0.772522	0.046064
103.500000	1	1.084587	0.188464	1.691585	0.239653
103.750000	0	0.099216	0.005346	0.512431	0.040668
103.750000	1	1.127374	0.293074	2.394209	0.301531
104.000000	0	0.102921	0.014165	0.460819	0.047424
104.000000	1	1.142062	0.276807	2.251960	0.304386
104.250000	0	0.100381	0.007192	0.352784	0.041600
104.250000	1	1.118151	0.623229	1.828989	0.215308
104.500000	0	0.100992	0.006340	0.922766	0.050386
104.500000	1	1.163689	0.435930	2.180078	0.258267
104.750000	0	0.102093	0.003755	0.600200	0.044079
104.750000	1	1.195666	0.741676	2.549603	0.292510
105.000000	0	0.102524	0.007386	0.845666	0.053333
105.000000	1	1.137707	0.247975	2.003735	0.270313
105.250000	0	0.100413	0.015476	0.390957	0.040271
105.250000	1	1.161389	0.262685	2.761593	0.306073
105.500000	0	0.101561	0.012849	0.514527	0.045346
105.500000	1	1.153975	0.567690	2.124000	0.253737
105.750000	0	0.100863	0.011223	0.328844	0.037833
105.750000	1	1.146545	0.520574	2.080658	0.251770
106.000000	0	0.099524	0.003105	0.470385	0.042366
106.000000	1	1.170192	0.547805	2.309806	0.314992
106.250000	0	0.101988	0.010292	0.447232	0.044220
106.250000	1	1.130292	0.453047	2.171102	0.288208
106.500000	0	0.105379	0.007028	0.478061	0.046449
106.500000	1	1.193601	0.491208	2.297799	0.311428
106.750000	0	0.102438	0.006219	0.687859	0.047642
106.750000	1	1.096759	0.520072	1.868398	0.225953
107.000000	0	0.104004	0.016736	0.480760	0.043168
107.000000	1	1.136494	0.298103	2.229174	0.289489
107.250000	0	0.103180	0.009128	0.369812	0.040697
107.250000	1	1.169795	0.488450	2.300917	0.312892
107.500000	0	0.100817	0.011848	0.556101	0.042242
107.500000	1	1.123434	0.409855	2.062411	0.253393
107.750000	0	0.100378	0.010427	0.446998	0.041162
107.750000	1	1.208327	0.246441	3.762932	0.417901
108.000000	0	0.099146	0.012826	0.366732	0.038408
108.000000	1	1.121650	0.569207	2.440754	0.269108
108.250000	0	0.100436	0.004241	0.571989	0.044530
108.250000	1	1.118489	0.441755	1.869312	0.231473
108.500000	0	0.105083	0.008588	0.629050	0.053135
108.500000	1	1.119574	0.159771	2.360656	0.302301
108.750000	0	0.101833	0.003576	0.858607	0.050768
108.750000	1	1.163340	0.482186	2.044565	0.284280
109.000000	0	0.104384	0.012276	0.476702	0.046873
109.000000	1	1.126019	0.258786	1.771268	0.269870
109.250000	0	0.099482	0.008091	0.612214	0.045964
109.250000	1	1.138372	0.483035	2.183559	0.271510
109.500000	0	0.100027	0.015316	0.384470	0.037683
109.500000	1	1.174075	0.522209	2.551943	0.276579
109.750000	0	0.099820	0.008306	0.424018	0.041372
109.750000	1	1.200270	0.306074	6.868316	0.739579
110.000000	0	0.100005	0.011230	0.410639	0.041570
110.000000	1	1.174660	0.348688	2.992519	0.392294
110.250000	0	0.098966	0.005810	0.274319	0.035197
110.250000	1	1.122084	0.292985	1.829138	0.228188
110.500000	0	0.099435	0.006894	0.446481	0.037355
110.500000	1	1.171367	0.215359	2.035561	0.270879
110.750000	0	0.099914	0.006075	0.400182	0.039329
110.750000	1	1.166358	0.319828	2.648444	0.303780
111.000000	0	0.100228	0.007140	0.544691	0.040694
111.000000	1	1.134640	0.461570	2.331201	0.239284
111.250000	0	0.101139	0.008375	0.337623	0.039332
111.250000	1	1.135337	0.520885	1.808947	0.231751
111.500000	0	0.100316	0.005730	0.289792	0.034833
111.500000	1	1.137253	0.591733	2.740868	0.327419
111.750000	0	0.101759	0.004745	0.583990	0.044679
111.750000	1	1.163658	0.381731	1.889007	0.278949
112.000000	0	0.100589	0.011351	0.384527	0.040588
112.000000	1	1.086151	0.345551	1.599285	0.219434
112.250000	0	0.101528	0.013039	0.475383	0.041168
112.250000	1	1.091508	0.175385	1.992770	0.288844
112.500000	0	0.100169	0.010405	0.278620	0.035932
112.500000	1	1.155855	0.569799	2.466276	0.269671
112.750000	0	0.103324	0.003864	0.747820	0.047868
112.750000	1	1.131410	0.336748	1.874851	0.252643
113.000000	0	0.102427	0.013602	0.543209	0.047149
113.000000	1	1.145823	0.492216	2.084701	0.240067
113.250000	0	0.099506	0.013480	0.620611	0.046470
113.250000	1	1.141788	0.313452	2.722549	0.278540
113.500000	0	0.103774	0.005799	0.372772	0.041905
113.500000	1	1.109041	0.523963	1.949749	0.255357
113.750000	0	0.101692	0.009505	0.383788	0.039166
113.750000	1	1.166390	0.395996	2.468419	0.319073
114.000000	0	0.099724	0.000667	0.394171	0.038674
114.000000	1	1.235862	0.501579	3.413125	0.391031
114.250000	0	0.100293	0.000926	0.997896	0.052186
114.250000	1	1.092291	0.574975	1.950327	0.229002
114.500000	0	0.101918	0.015845	0.628254	0.045199
114.500000	1	1.156673	0.567382	2.174964	0.264227
114.750000	0	0.101927	0.011626	0.538347	0.044687
114.750000	1	1.141313	0.463347	1.887583	0.218161
115.000000	0	0.099891	0.016420	0.659984	0.045372
115.000000	1	1.163225	0.528658	2.626209	0.300502
115.250000	0	0.102270	0.004732	0.470955	0.041942
115.250000	1	1.128410	0.462575	2.906803	0.331478
115.500000	0	0.102610	0.008026	0.738007	0.048936
115.500000	1	1.144940	0.169298	2.419050	0.364054
115.750000	0	0.101441	0.015145	0.553967	0.044056
115.750000	1	1.119765	0.136619	2.552685	0.349402
116.000000	0	0.098774	0.008131	0.393127	0.039207
116.000000	1	1.133944	0.061799	2.263989	0.305926
116.250000	0	0.100683	0.004982	0.444604	0.043795
116.250000	1	1.127519	0.371710	2.269273	0.259510
116.500000	0	0.099228	0.012265	0.459258	0.039466
116.500000	1	1.167917	0.171860	3.174046	0.367996
116.750000	0	0.102695	0.004564	0.515423	0.044594
116.750000	1	1.134600	0.212501	2.434545	0.311301
117.000000	0	0.104664	0.009002	0.675109	0.048517
117.000000	1	1.137694	0.567028	2.564941	0.265764
117.250000	0	0.101746	0.010165	0.734893	0.051342
117.250000	1	1.159000	0.294531	2.400234	0.292403
117.500000	0	0.103030	0.006292	0.483750	0.042576
117.500000	1	1.125021	0.607567	1.740422	0.218255
117.750000	0	0.102491	0.013016	0.424962	0.043646
117.750000	1	1.172222	0.428480	2.096641	0.296385
118.000000	0	0.103537	0.008701	0.515522	0.046678
118.000000	1	1.177783	0.455463	2.410746	0.314118
118.250000	0	0.101620	0.009934	0.650693	0.044133
118.250000	1	1.144090	0.180768	2.085179	0.284124
118.500000	0	0.100084	0.009146	0.454038	0.037929
118.500000	1	1.133033	0.296415	2.485972	0.282613
118.750000	0	0.099940	0.006123	0.338206	0.037749
118.750000	1	1.106100	0.103661	2.562281	0.286557
119.000000	0	0.101165	0.014267	0.326266	0.038983
119.000000	1	1.189949	0.483007	2.650696	0.309747
119.250000	0	0.101592	0.009116	0.536281	0.044120
119.250000	1	1.159527	0.604901	1.925274	0.245487
119.500000	0	0.101270	0.009523	0.634324	0.045417
119.500000	1	1.130658	0.240050	2.275279	0.319370
119.750000	0	0.100937	0.010317	0.580272	0.046104
119.750000	1	1.144481	0.620536	1.961355	0.234073
120.000000	0	0.101818	0.005899	0.848875	0.046886
120.000000	1	1.212543	0.429000	3.657049	0.387624
120.250000	0	0.099370	0.009715	0.475618	0.038428
120.250000	1	1.198516	0.144865	3.238490	0.394700
120.500000	0	0.102390	0.001677	0.504922	0.045622
120.500000	1	1.163122	0.299404	2.673662	0.305129
120.750000	0	0.100545	0.023890	0.455335	0.040497
120.750000	1	1.106850	0.163616	1.961576	0.263681
121.000000	0	0.100239	0.004158	0.529702	0.046220
121.000000	1	1.135860	0.494964	2.379245	0.260474
121.250000	0	0.099899	0.003215	0.542157	0.040994
121.250000	1	1.181665	0.232770	2.558276	0.315196
121.500000	0	0.099226	0.006022	0.591700	0.041074
121.500000	1	1.135064	0.361092	1.820169	0.220106
121.750000	0	0.099575	0.009329	0.352481	0.037271
121.750000	1	1.122241	0.282050	2.216852	0.290698
122.000000	0	0.097751	0.011824	0.342693	0.036431
122.000000	1	1.152713	0.439638	2.139413	0.276308
122.250000	0	0.101537	0.003011	0.449524	0.039553
122.250000	1	1.129526	0.409837	2.144284	0.271212
122.500000	0	0.100230	0.006632	0.694151	0.046363
122.500000	1	1.087626	0.218963	2.583912	0.288582
122.750000	0	0.098819	0.014809	0.517961	0.041815
122.750000	1	1.169276	0.242957	2.584053	0.356196
123.000000	0	0.100876	0.000338	0.432165	0.040839
123.000000	1	1.126485	0.439177	3.224802	0.378596
123.250000	0	0.103296	0.019885	0.745831	0.048058
123.250000	1	1.168498	0.148070	2.548765	0.378881
123.500000	0	0.106007	0.004689	0.653416	0.049320
123.500000	1	1.111560	0.439642	2.239027	0.292464
123.750000	0	0.102500	0.017373	0.416669	0.042632
123.750000	1	1.253630	0.178978	8.399093	0.988576
124.000000	0	0.105714	0.005157	1.475888	0.076382
124.000000	1	1.177072	0.171416	3.399618	0.397302
124.250000	0	0.103024	0.004054	0.880424	0.055531
124.250000	1	1.125510	0.603386	2.195471	0.247722
124.500000	0	0.101109	0.009656	0.551358	0.043138
124.500000	1	1.209793	0.260504	2.529478	0.343122
124.750000	0	0.099194	0.004232	0.500965	0.040802
124.750000	1	1.153859	0.497629	2.050655	0.279524
125.000000	0	0.101061	0.017969	0.728116	0.048286
125.000000	1	1.121898	0.369096	2.584381	0.320093
125.250000	0	0.099181	0.011533	0.460411	0.042408
125.250000	1	1.129164	0.461289	2.128703	0.244378
125.500000	0	0.101007	0.008751	0.711782	0.042785
125.500000	1	1.181699	0.402546	2.192492	0.290698
125.750000	0	0.100508	0.008072	0.388072	0.039388
125.750000	1	1.119839	0.508335	1.859282	0.245622
126.000000	0	0.098658	0.013366	0.395059	0.037811
126.000000	1	1.110641	0.459555	2.371515	0.296544
126.250000	0	0.098438	0.004407	0.331473	0.036430
126.250000	1	1.133967	0.244787	2.333556	0.328067
126.500000	0	0.104052	0.009319	0.671324	0.052961
126.500000	1	1.187712	0.370248	3.963381	0.445012
126.750000	0	0.101361	0.001740	0.491933	0.042157
126.750000	1	1.176594	0.304244	2.077174	0.311053
127.000000	0	0.100285	0.009487	0.424921	0.041075
127.000000	1	1.118223	0.637545	1.824923	0.200013
127.250000	0	0.101941	0.011404	0.839047	0.047772
127.250000	1	1.143072	0.475118	2.141760	0.264667
127.500000	0	0.102212	0.014784	0.501861	0.043630
127.500000	1	1.190363	0.220195	2.181362	0.275898
127.750000	0	0.100432	0.012386	0.425915	0.040761
127.750000	1	1.182653	0.361871	2.275340	0.269895
128.000000	0	0.100125	0.006036	0.348722	0.039323
128.000000	1	1.148103	0.096721	2.429874	0.313791
128.250000	0	0.102197	0.009444	0.544051	0.050842
128.250000	1	1.163782	0.332392	2.308346	0.334510
128.500000	0	0.101433	0.010341	0.892162	0.046841
128.500000	1	1.139214	0.789934	2.035180	0.202539
128.750000	0	0.101545	0.007403	0.497690	0.042276
128.750000	1	1.152410	0.626699	2.121422	0.249005
129.000000	0	0.102530	0.014249	0.709715	0.046133
129.000000	1	1.146043	0.391985	2.371161	0.259515
129.250000	0	0.098639	0.005460	0.394109	0.036714
129.250000	1	1.128634	0.497758	2.497823	0.272205
129.500000	0	0.101185	0.013764	0.315722	0.037118
129.500000	1	1.146409	0.086424	2.355961	0.319002
129.750000	0	0.101600	0.012621	0.755210	0.050368
129.750000	1	1.153933	0.246575	2.198278	0.269805
130.000000	0	0.100799	0.008448	0.510567	0.041259
130.000000	1	1.145011	0.354341	1.799938	0.227102
130.250000	0	0.101780	0.005387	0.509123	0.045011
130.250000	1	1.110651	0.497493	2.077026	0.272163
130.500000	0	0.102304	0.015692	0.441516	0.041274
130.500000	1	1.174077	0.312319	2.345792	0.308542
130.750000	0	0.103375	0.005873	0.702825	0.048576
130.750000	1	1.074807	0.323393	1.949029	0.251658
131.000000	0	0.101604	0.008961	0.375530	0.041577
131.000000	1	1.176368	0.264094	2.489690	0.338160
131.250000	0	0.103041	0.020899	0.548357	0.045209
131.250000	1	1.141854	0.450659	2.154736	0.258515
131.500000	0	0.103393	0.003774	0.425309	0.042672
131.500000	1	1.103169	0.166447	2.599749	0.309926
131.750000	0	0.102070	0.000327	0.433045	0.047176
131.750000	1	1.151575	0.163630	2.339708	0.382684
132.000000	0	0.104608	0.003339	0.433972	0.047580
132.000000	1	1.135243	0.353776	1.851770	0.247297
132.250000	0	0.102638	0.015984	0.541619	0.048194
132.250000	1	1.160120	0.247574	2.582546	0.308485
132.500000	0	0.102098	0.007476	0.459962	0.042678
132.500000	1	1.172231	0.355617	2.457769	0.297050
132.750000	0	0.101567	0.022292	0.326990	0.040234
132.750000	1	1.194348	0.520161	2.857479	0.320372
133.000000	0	0.101319	0.025001	0.424613	0.039926
133.000000	1	1.192005	0.165350	2.470163	0.346820
133.250000	0	0.101116	0.013213	0.489948	0.044166
133.250000	1	1.115874	0.594565	1.849393	0.227631
133.500000	0	0.100911	0.015363	0.473115	0.043609
133.500000	1	1.133028	0.216428	2.272761	0.314608
133.750000	0	0.102801	0.007451	0.546805	0.045421
133.750000	1	1.151447	0.378649	2.389771	0.292171
134.000000	0	0.101181	0.014926	0.395492	0.040375
134.000000	1	1.139419	0.319744	1.839320	0.222497
134.250000	0	0.100188	0.016689	0.323864	0.040584
134.250000	1	1.127729	0.539228	1.998004	0.248801
134.500000	0	0.100103	0.005654	0.557227	0.040258
134.500000	1	1.147475	0.320625	2.472698	0.305248
134.750000	0	0.101293	0.012436	0.587408	0.044628
134.750000	1	1.176268	0.654845	2.377935	0.311684
135.000000	0	0.101380	0.012601	0.907498	0.050068
135.000000	1	1.177743	0.638125	2.291524	0.281589
135.250000	0	0.100363	0.004087	0.373099	0.042774
135.250000	1	1.077633	0.142372	1.820153	0.239366
135.500000	0	0.102629	0.005540	0.383980	0.041277
135.500000	1	1.158792	0.418235	3.123158	0.350530
135.750000	0	0.099675	0.012779	0.381187	0.039711
135.750000	1	1.118212	0.505994	1.955497	0.257095
136.000000	0	0.103935	0.016521	0.357830	0.043900
136.000000	1	1.139118	0.171236	2.738835	0.318964
136.250000	0	0.102622	0.007081	0.607413	0.051538
136.250000	1	1.148759	0.517682	2.937202	0.343608
136.500000	0	0.100897	0.005165	0.677285	0.050232
136.500000	1	1.175445	0.110923	3.199374	0.426871
136.750000	0	0.103767	0.005061	0.498385	0.044846
136.750000	1	1.151751	0.626458	3.394201	0.378418
137.000000	0	0.102545	0.007209	0.604531	0.047230
137.000000	1	1.157172	0.421147	2.739226	0.346196
137.250000	0	0.101813	0.006081	0.569111	0.047636
137.250000	1	1.150396	0.300132	2.160078	0.302976
137.500000	0	0.100851	0.015935	0.385518	0.043503
137.500000	1	1.129258	0.179890	2.260976	0.287427
137.750000	0	0.103054	0.020702	0.384560	0.041075
137.750000	1	1.234753	0.424863	3.339672	0.357097
138.000000	0	0.102520	0.015733	0.595991	0.043923
138.000000	1	1.147653	0.285570	1.919291	0.282326
138.250000	0	0.101162	0.006560	0.505194	0.044178
138.250000	1	1.161147	0.437673	2.657868	0.287375
138.500000	0	0.099025	0.013717	0.423584	0.039538
138.500000	1	1.107810	0.360129	1.874245	0.225332
138.750000	0	0.101198	0.001360	0.550879	0.044762
138.750000	1	1.119650	0.405090	2.430685	0.261674
139.000000	0	0.100999	0.008720	0.343818	0.040165
139.000000	1	1.117837	0.185092	2.463342	0.295452
139.250000	0	0.100142	0.000935	0.690057	0.045217
139.250000	1	1.148778	0.325839	2.036075	0.271473
139.500000	0	0.100946	0.019454	0.496635	0.043566
139.500000	1	1.191189	0.364007	2.754437	0.311626
139.750000	0	0.100220	0.004218	0.774939	0.048624
139.750000	1	1.145390	0.322532	2.210183	0.251706
140.000000	0	0.101045	0.011714	0.331854	0.039647
140.000000	1	1.113650	0.101909	1.855021	0.213880
140.250000	0	0.101487	0.005982	0.378611	0.041391
140.250000	1	1.163330	0.476186	2.067184	0.289324
140.500000	0	0.100708	0.009303	0.417058	0.039213
140.500000	1	1.150755	0.482813	2.159431	0.305992
140.750000	0	0.098658	0.011797	0.430248	0.038469
140.750000	1	1.135339	0.361343	3.318963	0.351287
141.000000	0	0.103741	0.017560	0.482302	0.046882
141.000000	1	1.133872	0.301299	2.346637	0.312767
141.250000	0	0.099845	0.003268	0.512189	0.039557
141.250000	1	1.129825	0.411988	2.100555	0.290997
141.500000	0	0.104561	0.011749	0.393304	0.045749
141.500000	1	1.144809	0.271362	2.145513	0.288089
141.750000	0	0.097813	0.010374	0.317166	0.036181
141.750000	1	1.125708	0.060001	2.206775	0.309953
142.000000	0	0.101081	0.010397	0.417571	0.041001
142.000000	1	1.164200	0.597032	2.349858	0.272238
142.250000	0	0.099307	0.001422	0.765148	0.049023
142.250000	1	1.220546	0.181366	6.701277	0.694264
142.500000	0	0.103716	0.011540	1.441050	0.066103
142.500000	1	1.201951	0.273241	2.588789	0.330068
142.750000	0	0.100151	0.016289	0.443887	0.042741
142.750000	1	1.144549	0.539045	1.929616	0.234541
143.000000	0	0.101882	0.015088	0.663773	0.046741
143.000000	1	1.134239	0.191286	2.041469	0.271587
143.250000	0	0.099965	0.009700	0.321948	0.039072
143.250000	1	1.149494	0.121022	2.442770	0.335662
143.500000	0	0.102875	0.006968	0.351692	0.041386
143.500000	1	1.175994	0.616706	2.624010	0.290860
143.750000	0	0.098049	0.012455	0.308705	0.037973
143.750000	1	1.115028	0.133726	2.122615	0.298194
144.000000	0	0.101171	0.002146	0.413080	0.045415
144.000000	1	1.140037	0.255671	2.625787	0.299947
144.250000	0	0.100680	0.005681	0.347152	0.038583
144.250000	1	1.182416	0.556420	2.520286	0.283376
144.500000	0	0.098895	0.019684	0.363414	0.038326
144.500000	1	1.142059	0.388449	2.499090	0.290775
144.750000	0	0.103024	0.004106	0.449007	0.039542
144.750000	1	1.172642	0.281668	4.751635	0.465513
145.000000	0	0.099010	0.001746	0.502188	0.040412
145.000000	1	1.132573	0.245023	1.953792	0.265940
145.250000	0	0.099593	0.015931	0.538232	0.041361
145.250000	1	1.114485	0.409151	1.773607	0.242116
145.500000	0	0.100841	0.008861	0.421697	0.042112
145.500000	1	1.144624	0.148233	2.045258	0.271774
145.750000	0	0.102178	0.013701	0.934604	0.056124
145.750000	1	1.189980	0.618673	2.603154	0.285432
146.000000	0	0.099956	0.001936	0.519104	0.038870
146.000000	1	1.124214	0.377629	2.162270	0.289210
146.250000	0	0.102974	0.013182	0.438336	0.043225
146.250000	1	1.108163	0.238570	2.234193	0.301185
146.500000	0	0.100124	0.014143	0.461041	0.041011
146.500000	1	1.246182	0.566981	3.197553	0.391180
146.750000	0	0.100585	0.007460	0.589922	0.046829
146.750000	1	1.149153	0.267446	2.230104	0.297737
147.000000	0	0.102041	0.008877	0.518957	0.046801
147.000000	1	1.215177	0.611211	2.394238	0.337435
147.250000	0	0.102207	0.002530	0.516638	0.044166
147.250000	1	1.114744	0.492863	2.343076	0.257831
147.500000	0	0.102954	0.008061	0.469158	0.045909
147.500000	1	1.193792	0.477462	2.549431	0.322969
147.750000	0	0.104718	0.003250	1.459430	0.068150
147.750000	1	1.138935	0.361709	3.412357	0.324175
148.000000	0	0.099203	0.011571	0.337852	0.035808
148.000000	1	1.154822	0.521586	1.789241	0.246360
148.250000	0	0.099225	0.015680	0.497856	0.042925
148.250000	1	1.122236	0.258423	2.022058	0.239826
148.500000	0	0.103564	0.014161	0.914669	0.053851
148.500000	1	1.135481	0.603476	2.144072	0.263616
148.750000	0	0.100233	0.009295	0.467785	0.038521
148.750000	1	1.131725	0.302016	2.424508	0.305406
149.000000	0	0.098528	0.009437	0.356752	0.036167
149.000000	1	1.178323	0.072450	2.559893	0.371274
149.250000	0	0.101608	0.004889	0.362527	0.042245
149.250000	1	1.168356	0.324088	2.879777	0.359602
149.500000	0	0.103114	0.013221	0.398907	0.045231
149.500000	1	1.161374	0.261517	3.186435	0.327035
149.750000	0	0.102336	0.002796	0.424922	0.042896
149.750000	1	1.157461	0.509374	2.339801	0.329770
150.000000	0	0.099942	0.010282	0.517837	0.039027
150.000000	1	1.166106	0.208434	2.474294	0.383578
150.250000	0	0.102076	0.004960	0.634693	0.046062
150.250000	1	1.160292	0.242344	2.587902	0.326765
150.500000	0	0.098814	0.020815	0.431667	0.039252
150.500000	1	1.194448	0.396810	3.047440	0.340620
150.750000	0	0.102595	0.009445	0.642064	0.050717
150.750000	1	1.178932	0.130012	3.369381	0.390508
151.000000	0	0.101821	0.006495	0.357095	0.042622
151.000000	1	1.128988	0.259324	2.367623	0.287721
151.250000	0	0.098589	0.012436	0.317558	0.034841
151.250000	1	1.150166	0.072502	2.325461	0.340221
151.500000	0	0.099885	0.003002	1.057225	0.052325
151.500000	1	1.188155	0.510514	2.374823	0.301404
151.750000	0	0.102081	0.009804	0.380439	0.039638
151.750000	1	1.131527	0.052917	2.060215	0.295056
152.000000	0	0.101091	0.005295	0.598086	0.042685
152.000000	1	1.112415	0.366443	2.129927	0.262857
152.250000	0	0.101161	0.013555	0.359748	0.040894
152.250000	1	1.179828	0.704587	2.164992	0.256734
152.500000	0	0.098741	0.007128	0.466843	0.037800
152.500000	1	1.119361	0.221298	1.977901	0.266882
152.750000	0	0.102426	0.009513	0.512944	0.045406
152.750000	1	1.152272	0.497747	2.292909	0.265967
153.000000	0	0.102947	0.015482	0.720506	0.050396
153.000000	1	1.141101	0.390696	2.069014	0.262679
153.250000	0	0.099873	0.002849	0.366297	0.041721
153.250000	1	1.155727	0.207254	2.099584	0.262977
153.500000	0	0.100705	0.009081	0.385169	0.039652
153.500000	1	1.157493	0.166575	2.119524	0.305939
153.750000	0	0.100977	0.020747	0.569322	0.040301
153.750000	1	1.126863	0.351293	2.130710	0.270562
154.000000	0	0.103079	0.019726	0.761290	0.046362
154.000000	1	1.185151	0.163118	2.484790	0.340878
154.250000	0	0.101825	0.015007	0.628926	0.043595
154.250000	1	1.136475	0.105134	2.013137	0.250039
154.500000	0	0.100236	0.006777	0.652414	0.044173
154.500000	1	1.162628	0.516121	2.062082	0.282397
154.750000	0	0.102301	0.006165	0.890691	0.048106
154.750000	1	1.131341	0.676774	2.006004	0.243114
155.000000	0	0.099279	0.018917	0.317476	0.033956
155.000000	1	1.124864	0.464453	1.862845	0.230691
155.250000	0	0.099287	0.005368	0.346215	0.033447
155.250000	1	1.161828	0.104068	2.475863	0.350682
155.500000	0	0.101578	0.018933	0.560537	0.040345
155.500000	1	1.190511	0.418143	2.317810	0.313098
155.750000	0	0.097230	0.006327	0.381841	0.036428
155.750000	1	1.144393	0.578905	2.267122	0.270884
156.000000	0	0.101183	0.019079	0.547220	0.043733
156.000000	1	1.117223	0.491940	3.000790	0.309141
156.250000	0	0.104218	0.022603	0.595161	0.047449
156.250000	1	1.165200	0.197403	2.663846	0.376024
156.500000	0	0.102961	0.004498	0.430122	0.044209
156.500000	1	1.131562	0.193513	2.274353	0.245395
156.750000	0	0.102188	0.008906	0.560662	0.041698
156.750000	1	1.144511	0.046224	2.087158	0.301604
157.000000	0	0.102054	0.011678	0.454535	0.043200
157.000000	1	1.141735	0.181382	1.955106	0.265608
157.250000	0	0.100703	0.005765	0.564155	0.045798
157.250000	1	1.173781	0.486816	2.001760	0.265424
157.500000	0	0.102156	0.016124	0.467595	0.043639
157.500000	1	1.166498	0.462166	2.423872	0.292421
157.750000	0	0.100408	0.006140	0.511423	0.042283
157.750000	1	1.170290	0.200569	2.969824	0.371850
158.000000	0	0.100361	0.005132	0.331449	0.038567
158.000000	1	1.125292	0.300700	2.259619	0.289556
158.250000	0	0.101016	0.009938	0.483355	0.040164
158.250000	1	1.176479	0.691237	1.878702	0.216138
158.500000	0	0.102167	0.016657	0.437084	0.042551
158.500000	1	1.131516	0.512279	2.271682	0.264264
158.750000	0	0.097683	0.010167	0.321122	0.035554
158.750000	1	1.179653	0.182463	2.071723	0.254641
159.000000	0	0.101704	0.009840	0.400235	0.041365
159.000000	1	1.132504	0.344485	2.145861	0.272667
159.250000	0	0.102749	0.010618	0.428980	0.042976
159.250000	1	1.242115	0.023940	8.409364	0.961051
159.500000	0	0.100734	0.004379	0.500652	0.040947
159.500000	1	1.162935	0.353363	2.140572	0.317303
159.750000	0	0.102363	0.009423	0.441409	0.041668
159.750000	1	1.175711	0.162546	2.479496	0.342086
160.000000	0	0.101540	0.020644	0.522868	0.039390
160.000000	1	1.152039	0.476492	2.170364	0.259978
160.250000	0	0.100166	0.019170	0.492063	0.044405
160.250000	1	1.121217	0.323917	2.040678	0.266762
160.500000	0	0.099031	0.017597	0.323508	0.035043
160.500000	1	1.113181	0.252323	1.719989	0.245360
160.750000	0	0.104491	0.005889	0.583801	0.049334
160.750000	1	1.155579	0.278454	2.430426	0.292488
161.000000	0	0.101290	0.007781	0.426938	0.042519
161.000000	1	1.163642	0.247646	2.303075	0.261049
161.250000	0	0.101560	0.009959	0.505620	0.042430
161.250000	1	1.146419	0.584179	2.005575	0.246514
161.500000	0	0.102391	0.002752	0.322769	0.039138
161.500000	1	1.211279	0.318297	4.060152	0.476098
161.750000	0	0.104416	0.019416	0.609415	0.051446
161.750000	1	1.139110	0.224468	2.085285	0.282083
162.000000	0	0.102422	0.008361	0.479689	0.042547
162.000000	1	1.156694	0.429155	2.506633	0.288982
162.250000	0	0.101785	0.005891	0.892375	0.050600
162.250000	1	1.142777	0.442166	2.139445	0.249955
162.500000	0	0.102792	0.025012	0.487236	0.041654
162.500000	1	1.135136	0.496824	2.316191	0.242989
162.750000	0	0.103117	0.004444	0.627819	0.045669
162.750000	1	1.165506	0.404294	2.530938	0.325811
163.000000	0	0.101614	0.007825	0.512900	0.042628
163.000000	1	1.183268	0.479338	2.048225	0.277916
163.250000	0	0.100805	0.013327	0.630570	0.046310
163.250000	1	1.141770	0.469936	2.075540	0.246115
163.500000	0	0.100152	0.002360	0.343237	0.040410
163.500000	1	1.125699	0.188533	2.365852	0.228848
163.750000	0	0.103221	0.001544	0.599818	0.050118
163.750000	1	1.131029	0.461550	1.891998	0.232127
164.000000	0	0.101873	0.008928	0.652810	0.047865
164.000000	1	1.134407	0.112003	2.085671	0.276868
164.250000	0	0.099889	0.009761	0.343819	0.037688
164.250000	1	1.190575	0.474114	3.865717	0.384065
164.500000	0	0.099747	0.017302	0.473112	0.040094
164.500000	1	1.129169	0.486079	1.896371	0.246060
164.750000	0	0.100124	0.004055	0.426730	0.040907
164.750000	1	1.153086	0.490281	1.943519	0.269003
165.000000	0	0.102942	0.015246	0.736110	0.050345
165.000000	1	1.138821	0.511089	2.063433	0.291910
165.250000	0	0.099381	0.007313	0.510639	0.040144
165.250000	1	1.147194	0.509071	2.543270	0.300164
165.500000	0	0.097312	0.001908	0.391843	0.042453
165.500000	1	1.138723	0.349960	2.098651	0.296676
165.750000	0	0.102362	0.004763	0.983119	0.058558
165.750000	1	1.099114	0.054092	2.613799	0.289545
166.000000	0	0.104681	0.017307	0.633196	0.046811
166.000000	1	1.122000	0.506976	2.298566	0.274427
166.250000	0	0.099162	0.005568	0.416286	0.039662
166.250000	1	1.142899	0.344872	1.949212	0.260279
166.500000	0	0.101508	0.001902	0.477544	0.038604
166.500000	1	1.200153	0.365008	5.720116	0.555301
166.750000	0	0.100301	0.012618	0.432307	0.040628
166.750000	1	1.113051	0.529127	2.172164	0.268615
167.000000	0	0.099840	0.009053	0.410002	0.038378
167.000000	1	1.168001	0.417498	2.289227	0.304877
167.250000	0	0.102357	0.005972	0.490306	0.045073
167.250000	1	1.106635	0.384142	2.466518	0.243571
167.500000	0	0.101662	0.012993	0.521664	0.045620
167.500000	1	1.090945	0.405449	2.438887	0.272408
167.750000	0	0.103052	0.016231	1.058518	0.060036
167.750000	1	1.220342	0.542341	2.407643	0.346579
168.000000	0	0.102702	0.008087	0.743607	0.052335
168.000000	1	1.171217	0.305945	3.081307	0.382595
168.250000	0	0.104681	0.030987	0.724917	0.056309
168.250000	1	1.169514	0.495461	2.385618	0.290872
168.500000	0	0.100413	0.004815	0.400245	0.039580
168.500000	1	1.161164	0.122982	2.194487	0.285984
168.750000	0	0.101290	0.010646	0.344216	0.037948
168.750000	1	1.124597	0.452475	1.900560	0.264577
169.000000	0	0.098540	0.004137	0.424765	0.041149
169.000000	1	1.138918	0.155183	2.771868	0.349167
169.250000	0	0.099200	0.006676	0.412559	0.040471
169.250000	1	1.129813	0.567169	2.278665	0.266645
169.500000	0	0.099871	0.005963	0.489336	0.039436
169.500000	1	1.171695	0.432721	2.572111	0.309414
169.750000	0	0.101070	0.013969	0.318634	0.037603
169.750000	1	1.129985	0.695188	1.701941	0.202201
170.000000	0	0.099692	0.010157	0.323514	0.036205
170.000000	1	1.158936	0.683384	2.088534	0.241411
170.250000	0	0.097274	0.019290	0.532827	0.037547
170.250000	1	1.145445	0.404941	1.780305	0.216843
170.500000	0	0.100531	0.007180	0.522089	0.042292
170.500000	1	1.145383	0.625965	2.325016	0.251099
170.750000	0	0.101605	0.011177	0.562113	0.044088
170.750000	1	1.092465	0.219242	2.087553	0.256532
171.000000	0	0.100537	0.003788	0.477540	0.043409
171.000000	1	1.097463	0.500799	1.884314	0.238277
171.250000	0	0.100666	0.013097	0.398837	0.041589
171.250000	1	1.108990	0.218087	2.065673	0.314695
171.500000	0	0.103723	0.008014	0.484502	0.046823
171.500000	1	1.129122	0.080807	3.098823	0.416600
171.750000	0	0.102750	0.001894	0.452368	0.042060
171.750000	1	1.145041	0.243540	2.226053	0.297076
172.000000	0	0.103409	0.007648	0.538211	0.048847
172.000000	1	1.172333	0.617290	1.946431	0.261948
172.250000	0	0.101285	0.003287	0.619303	0.042303
172.250000	1	1.214246	0.333880	5.181367	0.499055
172.500000	0	0.098588	0.021325	0.364237	0.038044
172.500000	1	1.115864	0.465894	2.249560	0.259579
172.750000	0	0.100136	0.021118	0.492157	0.042546
172.750000	1	1.096311	0.404813	1.810633	0.241570
173.000000	0	0.100190	0.020419	0.598003	0.040409
173.000000	1	1.175481	0.343331	1.821642	0.254171
173.250000	0	0.098163	0.013976	0.293814	0.034790
173.250000	1	1.173552	0.243095	2.349002	0.323128
173.500000	0	0.099611	0.006025	0.359302	0.036363
173.500000	1	1.321626	0.035865	10.274318	1.166016
173.750000	0	0.098170	0.013956	0.322324	0.036872
173.750000	1	1.153453	0.569475	2.126861	0.255098
174.000000	0	0.101420	0.009071	0.830717	0.050625
174.000000	1	1.141843	0.529469	2.653803	0.281764
174.250000	0	0.099001	0.015754	0.525207	0.042218
174.250000	1	1.109633	0.322327	1.808501	0.283999
174.500000	0	0.101224	0.011524	0.498519	0.044183
174.500000	1	1.156694	0.280601	2.264858	0.324997
174.750000	0	0.102916	0.008265	0.460731	0.043295
174.750000	1	1.118209	0.516483	1.760341	0.247371
175.000000	0	0.099247	0.006310	0.487191	0.039773
175.000000	1	1.144172	0.099967	2.363279	0.328258
175.250000	0	0.105160	0.004015	1.069958	0.065189
175.250000	1	1.135624	0.214624	2.858687	0.361072
175.500000	0	0.098395	0.006342	0.477933	0.039876
175.500000	1	1.130167	0.325056	1.693084	0.246225
175.750000	0	0.100018	0.009579	0.421449	0.042373
175.750000	1	1.151918	0.305023	2.276660	0.307130
176.000000	0	0.100915	0.012965	0.423810	0.040803
176.000000	1	1.123468	0.184943	2.164154	0.312085
176.250000	0	0.100764	0.009214	0.500839	0.042797
176.250000	1	1.167258	0.196103	2.065648	0.285258
176.500000	0	0.100058	0.005845	0.458048	0.039241
176.500000	1	1.154315	0.469608	2.257089	0.255688
176.750000	0	0.101588	0.005689	1.031301	0.061482
176.750000	1	1.151059	0.319447	2.451568	0.267832
177.000000	0	0.103106	0.006150	0.733690	0.050631
177.000000	1	1.101618	0.334021	1.966206	0.287903
177.250000	0	0.104095	0.013108	1.120054	0.066231
177.250000	1	1.146360	0.200770	2.512980	0.374964
177.500000	0	0.103066	0.013212	0.551584	0.050148
177.500000	1	1.086940	0.354704	2.870749	0.318071
177.750000	0	0.100439	0.009318	0.521923	0.044054
177.750000	1	1.163544	0.299855	2.813858	0.318183
178.000000	0	0.101440	0.010306	0.518817	0.044473
178.000000	1	1.166317	0.345465	2.514474	0.297056
178.250000	0	0.099421	0.013965	0.382682	0.037183
178.250000	1	1.170803	0.453451	2.336692	0.289815
178.500000	0	0.101101	0.010825	0.718622	0.043783
178.500000	1	1.138397	0.544529	2.173679	0.239657
178.750000	0	0.101599	0.013682	0.603213	0.047370
178.750000	1	1.153433	0.529886	1.888076	0.227095
179.000000	0	0.100932	0.007493	0.371143	0.040462
179.000000	1	1.108670	0.562524	2.037831	0.248851
179.250000	0	0.102687	0.008860	0.751726	0.048317
179.250000	1	1.203857	0.613817	2.597566	0.313844
179.500000	0	0.102844	0.005979	0.521109	0.041280
179.500000	1	1.139104	0.467063	2.196081	0.239656
179.750000	0	0.099322	0.002928	0.397236	0.039084
179.750000	1	1.125163	0.252801	2.273768	0.264429
180.000000	0	0.100106	0.006136	0.409263	0.038600
180.000000	1	1.143565	0.433019	1.927342	0.256242
180.250000	0	0.099131	0.006170	0.410124	0.038925
180.250000	1	1.137705	0.498711	2.238614	0.243566
180.500000	0	0.104328	0.019981	0.430167	0.044637
180.500000	1	1.103827	0.269457	2.685235	0.279757
180.750000	0	0.101269	0.004058	0.436025	0.041948
180.750000	1	1.121488	0.478242	2.105663	0.289529
181.000000	0	0.100218	0.005198	0.497529	0.043335
181.000000	1	1.118290	0.314519	1.740100	0.241132
181.250000	0	0.101788	0.006217	0.708066	0.043523
181.250000	1	1.160763	0.274799	2.014478	0.279832
181.500000	0	0.100904	0.015341	0.698709	0.043091
181.500000	1	1.163007	0.248771	3.798670	0.381760
181.750000	0	0.105512	0.007276	0.523221	0.048371
181.750000	1	1.126148	0.310592	2.868508	0.355674
182.000000	0	0.101859	0.004679	0.603944	0.047058
182.000000	1	1.156289	0.526407	2.011626	0.267190
182.250000	0	0.100260	0.003543	0.382186	0.042096
182.250000	1	1.114530	0.724267	1.687088	0.189714
182.500000	0	0.100238	0.001862	0.423055	0.040447
182.500000	1	1.206702	0.611190	3.874785	0.434522
182.750000	0	0.099205	0.005647	0.324042	0.037105
182.750000	1	1.105225	0.099498	2.118369	0.303506
183.000000	0	0.101267	0.004549	0.546711	0.041890
183.000000	1	1.129548	0.269983	1.902016	0.324677
183.250000	0	0.097487	0.014686	0.317071	0.034144
183.250000	1	1.148577	0.343406	2.550342	0.302774
183.500000	0	0.100630	0.015619	0.590309	0.040394
183.500000	1	1.156417	0.077576	2.535766	0.344764
183.750000	0	0.100903	0.014165	0.524347	0.040678
183.750000	1	1.158325	0.241574	2.352963	0.327502
184.000000	0	0.101874	0.011898	0.553401	0.049103
184.000000	1	1.114541	0.402018	2.208913	0.263708
184.250000	0	0.102573	0.019885	0.796368	0.055583
184.250000	1	1.133304	0.522385	2.235038	0.261997
184.500000	0	0.100022	0.007104	0.350332	0.039500
184.500000	1	1.144801	0.491449	2.559926	0.338734
184.750000	0	0.103916	0.005406	0.316421	0.039659
184.750000	1	1.127548	0.336566	2.959852	0.355519
185.000000	0	0.102664	0.012889	0.483857	0.043505
185.000000	1	1.167068	0.322384	3.875436	0.424031
185.250000	0	0.100262	0.004589	0.336406	0.038974
185.250000	1	1.146563	0.439943	2.157696	0.293075
185.500000	0	0.098928	0.004770	0.437226	0.038983
185.500000	1	1.140689	0.390558	2.057641	0.274454
185.750000	0	0.102170	0.001910	0.379794	0.039543
185.750000	1	1.103230	0.186675	2.055232	0.279365
186.000000	0	0.104549	0.009096	0.581681	0.048452
186.000000	1	1.148177	0.107261	2.019142	0.319671
186.250000	0	0.098732	0.009352	1.092603	0.050239
186.250000	1	1.107420	0.552038	2.463196	0.245051
186.500000	0	0.100694	0.004632	0.556920	0.044780
186.500000	1	1.129947	0.170720	2.305319	0.310077
186.750000	0	0.104646	0.020407	0.577312	0.045498
186.750000	1	1.163541	0.462488	2.293869	0.288233
187.000000	0	0.101715	0.017919	0.406278	0.043510
187.000000	1	1.148233	0.507324	2.021415	0.281873
187.250000	0	0.104059	0.014499	0.440825	0.044403
187.250000	1	1.113599	0.531801	2.063824	0.251032
187.500000	0	0.101682	0.016790	0.463953	0.046404
187.500000	1	1.145438	0.394853	2.464962	0.273920
187.750000	0	0.100502	0.012690	0.399414	0.039179
187.750000	1	1.162690	0.335922	2.723263	0.344891
188.000000	0	0.104049	0.007334	0.401584	0.043224
188.000000	1	1.130455	0.270386	2.092303	0.281896
188.250000	0	0.103368	0.009625	0.709265	0.048050
188.250000	1	1.141812	0.425481	2.385284	0.275917
188.500000	0	0.103477	0.006316	1.468451	0.068415
188.500000	1	1.150313	0.643128	3.321739	0.320794
188.750000	0	0.102932	0.011740	0.529868	0.046519
188.750000	1	1.178103	0.353399	2.202913	0.276631
189.000000	0	0.101792	0.006826	0.722077	0.051412
189.000000	1	1.112417	0.158899	1.994350	0.240090
189.250000	0	0.102701	0.019427	0.547599	0.044150
189.250000	1	1.103592	0.283831	2.267937	0.308669
189.500000	0	0.101314	0.015090	0.654900	0.045552
189.500000	1	1.194864	0.546564	2.680496	0.302596
189.750000	0	0.101266	0.012449	0.376327	0.035592
189.750000	1	1.114322	0.312622	2.168060	0.298853
190.000000	0	0.101771	0.008495	0.501255	0.043675
190.000000	1	1.185518	0.033362	2.936694	0.421979
190.250000	0	0.100889	0.004499	0.500897	0.043730
190.250000	1	1.208995	0.297981	4.582913	0.583847
190.500000	0	0.100282	0.009321	0.543744	0.043971
190.500000	1	1.145239	0.526996	2.031252	0.252930
190.750000	0	0.099572	0.014903	0.712510	0.042601
190.750000	1	1.198030	0.293113	2.744673	0.362011
191.000000	0	0.098626	0.012435	0.356227	0.035915
191.000000	1	1.144100	0.483059	2.250373	0.279631
191.250000	0	0.100444	0.002339	0.336481	0.036009
191.250000	1	1.093709	0.482287	2.124804	0.213720
191.500000	0	0.102759	0.021601	0.489980	0.046804
191.500000	1	1.142624	0.533340	1.746901	0.259199
191.750000	0	0.102747	0.009614	0.459045	0.044785
191.750000	1	1.144999	0.426627	2.336625	0.324966
192.000000	0	0.105767	0.014728	0.518960	0.048208
192.000000	1	1.161062	0.410881	2.081390	0.264921
192.250000	0	0.099427	0.010382	0.807128	0.044083
192.250000	1	1.140692	0.556685	1.700266	0.179418
192.500000	0	0.099569	0.018741	0.468798	0.037080
192.500000	1	1.113103	0.714975	1.581835	0.179242
192.750000	0	0.100214	0.008389	0.385983	0.039417
192.750000	1	1.175160	0.645840	1.997960	0.245581
193.000000	0	0.099418	0.012748	0.424284	0.037887
193.000000	1	1.114902	0.569287	1.816875	0.207346
193.250000	0	0.098261	0.003943	0.667510	0.042140
193.250000	1	1.142928	0.486992	2.140062	0.254237
193.500000	0	0.101115	0.006986	0.444407	0.042598
193.500000	1	1.137696	0.525826	2.257587	0.277845
193.750000	0	0.100312	0.007923	0.308311	0.036015
193.750000	1	1.116878	0.422502	2.386382	0.277348
194.000000	0	0.100666	0.008951	0.528105	0.044329
194.000000	1	1.153560	0.035913	2.010133	0.266684
194.250000	0	0.101604	0.014227	0.578115	0.044568
194.250000	1	1.110094	0.361236	2.326739	0.254082
194.500000	0	0.102224	0.023070	0.631027	0.044945
194.500000	1	1.170554	0.209909	2.553395	0.304174
194.750000	0	0.104345	0.015462	1.121222	0.059411
194.750000	1	1.135480	0.542210	1.982810	0.230964
195.000000	0	0.103883	0.013646	0.446432	0.045652
195.000000	1	1.120895	0.180481	2.633720	0.298096
195.250000	0	0.101636	0.009999	0.507025	0.047332
195.250000	1	1.145772	0.367577	2.703385	0.327177
195.500000	0	0.103292	0.007888	0.435259	0.042645
195.500000	1	1.170402	0.430071	2.226153	0.283200
195.750000	0	0.102519	0.012634	0.699934	0.045391
195.750000	1	1.132197	0.475974	2.574165	0.318513
196.000000	0	0.102866	0.013891	0.568923	0.045448
196.000000	1	1.169604	0.272181	2.645628	0.326884
196.250000	0	0.102503	0.016281	0.357328	0.042152
196.250000	1	1.185530	0.369899	2.458944	0.376117
196.500000	0	0.099336	0.013859	0.377488	0.038800
196.500000	1	1.157983	0.586218	2.451233	0.299351
196.750000	0	0.102421	0.016831	0.611730	0.045865
196.750000	1	1.149803	0.259811	1.949446	0.291189
197.000000	0	0.102212	0.016288	1.007960	0.051837
197.000000	1	1.189372	0.282337	2.154942	0.330397
197.250000	0	0.097392	0.001483	0.347777	0.035150
197.250000	1	1.128579	0.427341	2.149481	0.278292
197.500000	0	0.100686	0.002083	0.591050	0.042605
197.500000	1	1.175160	0.310026	2.684157	0.309751
197.750000	0	0.103007	0.011008	0.508162	0.045398
197.750000	1	1.132880	0.411049	2.266410	0.269438
198.000000	0	0.099606	0.014249	0.635350	0.045724
198.000000	1	1.086129	0.468454	2.673962	0.292399
198.250000	0	0.103861	0.003262	0.734295	0.052593
198.250000	1	1.166862	0.549191	2.085216	0.265668
198.500000	0	0.101015	0.006551	0.444982	0.041851
198.500000	1	1.161861	0.358009	2.710404	0.288303
198.750000	0	0.101068	0.013346	0.589516	0.043876
198.750000	1	1.180710	0.203713	2.441587	0.291085
199.000000	0	0.101601	0.003409	0.356014	0.041554
199.000000	1	1.188332	0.741718	2.835109	0.297139
199.250000	0	0.102242	0.010917	0.617021	0.045569
199.250000	1	1.179768	0.568430	2.917044	0.354320
199.500000	0	0.101143	0.008196	0.745978	0.049664
199.500000	1	1.106532	0.207460	1.900520	0.269261
199.750000	0	0.102067	0.003164	0.507135	0.041647
199.750000	1	1.172169	0.267300	2.281855	0.343730
200.000000	0	0.100207	0.004229	0.813568	0.047239
200.000000	1	1.188749	0.269776	2.419757	0.304089
200.250000	0	0.102372	0.003412	0.785396	0.046641
200.250000	1	1.148895	0.430126	1.874608	0.246560
200.500000	0	0.100889	0.013401	0.494145	0.046118
200.500000	1	1.079088	0.208900	1.507631	0.225364
200.750000	0	0.101668	0.003834	0.743027	0.050716
200.750000	1	1.145171	0.260462	3.376495	0.369966
201.000000	0	0.101012	0.015098	0.534639	0.043206
201.000000	1	1.208779	0.189502	3.664294	0.412891
201.250000	0	0.101260	0.002042	0.398113	0.036921
201.250000	1	1.197893	0.498583	3.428723	0.417317
201.500000	0	0.099689	0.021554	0.467193	0.037270
201.500000	1	1.138824	0.492653	1.918636	0.263073
201.750000	0	0.099167	0.008015	0.638231	0.040615
201.750000	1	1.165316	0.300361	2.117366	0.295191
202.000000	0	0.098420	0.004353	0.471811	0.037949
202.000000	1	1.127001	0.407586	1.790306	0.208386
202.250000	0	0.100147	0.008283	0.556385	0.038995
202.250000	1	1.207551	0.457394	4.728103	0.497470
202.500000	0	0.100739	0.004056	0.402696	0.039367
202.500000	1	1.179668	0.348098	2.329666	0.325735
202.750000	0	0.100038	0.007913	0.728871	0.047313
202.750000	1	1.109100	0.491461	1.879250	0.232893
203.000000	0	0.100979	0.011194	0.504354	0.042236
203.000000	1	1.160754	0.388319	2.402614	0.290464
203.250000	0	0.102207	0.013227	0.611945	0.047596
203.250000	1	1.140491	0.323721	2.230152	0.297139
203.500000	0	0.100233	0.012274	0.424023	0.041145
203.500000	1	1.155789	0.635730	2.401412	0.263226
203.750000	0	0.100336	0.008615	0.723855	0.044835
203.750000	1	1.124862	0.306761	2.120915	0.273353
204.000000	0	0.102726	0.009143	0.470845	0.046556
204.000000	1	1.151304	0.255388	2.779773	0.371534
204.250000	0	0.102199	0.020312	0.473945	0.043858
204.250000	1	1.156781	0.382926	2.278526	0.288880
204.500000	0	0.101068	0.011808	0.529880	0.044101
204.500000	1	1.162914	0.440448	2.263739	0.271227
204.750000	0	0.101072	0.007808	0.510899	0.040495
204.750000	1	1.166668	0.375534	2.728789	0.323348
205.000000	0	0.101093	0.005896	0.440964	0.039540
205.000000	1	1.174260	0.517615	4.255528	0.460293
205.250000	0	0.103536	0.016315	0.963425	0.062046
205.250000	1	1.101440	0.053393	3.282705	0.338687
205.500000	0	0.100949	0.005481	0.343022	0.042469
205.500000	1	1.129887	0.517776	1.879630	0.268376
205.750000	0	0.099868	0.012189	0.575964	0.041689
205.750000	1	1.177992	0.356252	4.001130	0.414009
206.000000	0	0.101348	0.009290	0.930188	0.048662
206.000000	1	1.121089	0.351153	2.169245	0.328214
206.250000	0	0.102969	0.005756	0.364983	0.043419
206.250000	1	1.153983	0.510781	2.763013	0.303939
206.500000	0	0.101148	0.006805	0.624627	0.049677
206.500000	1	1.130292	0.226105	2.229862	0.355240
206.750000	0	0.103996	0.007073	0.536545	0.045385
206.750000	1	1.114776	0.390743	1.871465	0.243414
207.000000	0	0.103779	0.002457	0.836038	0.055145
207.000000	1	1.144418	0.337364	1.850893	0.254003
207.250000	0	0.103703	0.009264	0.520234	0.044032
207.250000	1	1.140465	0.311855	2.608901	0.337188
207.500000	0	0.102085	0.010337	0.600271	0.045022
207.500000	1	1.121765	0.438790	2.087857	0.253667
207.750000	0	0.101646	0.008375	0.526429	0.042976
207.750000	1	1.176173	0.153662	2.125649	0.303129
208.000000	0	0.100609	0.001807	0.455041	0.044886
208.000000	1	1.159290	0.497451	2.009705	0.253630
208.250000	0	0.103198	0.010008	0.685667	0.052820
208.250000	1	1.134336	0.166073	1.760942	0.244757
208.500000	0	0.100287	0.008948	0.413179	0.040342
208.500000	1	1.128071	0.204662	2.729775	0.292108
208.750000	0	0.102401	0.015332	0.601131	0.047698
208.750000	1	1.141343	0.175834	1.934629	0.238383
209.000000	0	0.100292	0.005208	0.469938	0.043390
209.000000	1	1.178565	0.515634	2.679661	0.296138
209.250000	0	0.103415	0.009271	0.475651	0.047904
209.250000	1	1.170903	0.594943	2.465256	0.265555
209.500000	0	0.106330	0.010210	0.533116	0.049673
209.500000	1	1.112588	0.220855	1.929778	0.246310
209.750000	0	0.104929	0.006120	0.362317	0.043600
209.750000	1	1.179446	0.476856	2.225631	0.326447
210.000000	0	0.100424	0.005496	0.458101	0.040809
210.000000	1	1.115544	0.372779	2.036175	0.283027
210.250000	0	0.101747	0.010560	0.830371	0.050844
210.250000	1	1.138894	0.138099	2.341397	0.323539
210.500000	0	0.099552	0.011703	0.325645	0.037978
210.500000	1	1.152182	0.289064	3.032368	0.351361
210.750000	0	0.101497	0.007987	0.527989	0.044158
210.750000	1	1.148012	0.401341	2.044934	0.262326
211.000000	0	0.100169	0.008632	0.358040	0.037778
211.000000	1	1.159554	0.563645	1.901568	0.207210
211.250000	0	0.098147	0.003709	0.359099	0.039186
211.250000	1	1.168194	0.563877	2.292280	0.248995
211.500000	0	0.102734	0.010199	0.827504	0.046127
211.500000	1	1.156297	0.535184	1.819955	0.238766
211.750000	0	0.099373	0.013197	0.302035	0.034039
211.750000	1	1.163800	0.468971	2.311174	0.275986
212.000000	0	0.098115	0.005596	0.621511	0.041216
212.000000	1	1.163893	0.123555	2.926836	0.353304
212.250000	0	0.099003	0.022418	0.573865	0.040429
212.250000	1	1.125847	0.446814	2.409331	0.322570
212.500000	0	0.101947	0.004916	0.700854	0.045548
212.500000	1	1.180962	0.544770	2.307589	0.287774
212.750000	0	0.103523	0.014942	1.301473	0.062339
212.750000	1	1.152173	0.623184	1.881805	0.227273
213.000000	0	0.099525	0.022772	0.409801	0.035938
213.000000	1	1.158587	0.551614	2.382907	0.280115
213.250000	0	0.099426	0.023389	0.370874	0.036420
213.250000	1	1.158781	0.286275	2.107964	0.294864
213.500000	0	0.101079	0.009041	0.401012	0.039703
213.500000	1	1.133796	0.106835	2.423162	0.345750
213.750000	0	0.099564	0.009574	0.385713	0.039626
213.750000	1	1.212925	0.594679	3.527779	0.400295
214.000000	0	0.100171	0.007879	0.433420	0.038569
214.000000	1	1.147554	0.241171	1.893826	0.280247
214.250000	0	0.098348	0.010462	0.682867	0.042159
214.250000	1	1.146992	0.555090	2.624978	0.270848
214.500000	0	0.100106	0.018509	0.394208	0.036351
214.500000	1	1.158876	0.497130	2.988205	0.325462
214.750000	0	0.099082	0.011214	0.534378	0.039991
214.750000	1	1.143002	0.262453	2.226828	0.273967
215.000000	0	0.101449	0.006406	0.552529	0.047257
215.000000	1	1.129714	0.339318	2.188399	0.255184
215.250000	0	0.099770	0.005003	0.561898	0.047218
215.250000	1	1.149075	0.406751	2.326593	0.269550
215.500000	0	0.099014	0.004454	0.611169	0.046140
215.500000	1	1.118314	0.144267	2.319093	0.280410
215.750000	0	0.100445	0.014148	0.436059	0.040756
215.750000	1	1.127448	0.421067	1.914661	0.252781
216.000000	0	0.098871	0.014943	0.288881	0.033529
216.000000	1	1.120702	0.490836	2.184169	0.251918
216.250000	0	0.103495	0.005127	0.897357	0.051618
216.250000	1	1.144489	0.437586	2.495445	0.274151
216.500000	0	0.103338	0.015487	0.561130	0.047581
216.500000	1	1.136688	0.278690	3.160690	0.324224
216.750000	0	0.101271	0.010393	0.369939	0.040515
216.750000	1	1.166294	0.167841	2.393210	0.332790
217.000000	0	0.101198	0.014276	0.372783	0.041940
217.000000	1	1.130644	0.180153	2.485109	0.364202
217.250000	0	0.102513	0.012986	0.544915	0.047897
217.250000	1	1.161901	0.048209	2.041228	0.290548
217.500000	0	0.100541	0.005649	0.435131	0.039769
217.500000	1	1.142054	0.306734	2.420936	0.300226
217.750000	0	0.101344	0.001801	0.761873	0.047802
217.750000	1	1.164047	0.255860	4.329219	0.393340
218.000000	0	0.099786	0.007936	0.455484	0.042049
218.000000	1	1.118928	0.229748	2.031011	0.251524
218.250000	0	0.100762	0.007839	0.381939	0.037930
218.250000	1	1.158826	0.292161	2.818760	0.359481
218.500000	0	0.099369	0.008158	0.308767	0.034781
218.500000	1	1.163120	0.100587	2.540946	0.318581
218.750000	0	0.099146	0.000891	0.473577	0.040517
218.750000	1	1.088868	0.074046	2.470958	0.292260
219.000000	0	0.100390	0.014806	0.375556	0.038662
219.000000	1	1.177424	0.136096	2.956872	0.342309
219.250000	0	0.100368	0.009787	0.495317	0.043806
219.250000	1	1.194212	0.388980	2.880269	0.353687
219.500000	0	0.103700	0.011057	0.547613	0.046805
219.500000	1	1.163982	0.216246	2.138210	0.318333
219.750000	0	0.098481	0.007417	0.412299	0.040813
219.750000	1	1.180011	0.205305	2.878132	0.363546
220.000000	0	0.102952	0.013796	1.174668	0.058166
220.000000	1	1.098185	0.145222	2.610400	0.341874
220.250000	0	0.097676	0.022262	0.431154	0.037111
220.250000	1	1.159504	0.378796	2.836408	0.338062
220.500000	0	0.101343	0.008257	0.714082	0.044739
220.500000	1	1.176102	0.337355	2.906127	0.345843
220.750000	0	0.098265	0.011811	0.524870	0.038702
220.750000	1	1.123537	0.446681	2.000495	0.248585
221.000000	0	0.101359	0.009293	0.640947	0.043910
221.000000	1	1.143582	0.238412	2.189905	0.302917
221.250000	0	0.099182	0.006329	0.334304	0.039418
221.250000	1	1.154005	0.340264	2.358846	0.270096
221.500000	0	0.100114	0.018247	0.554146	0.043328
221.500000	1	1.110875	0.391959	2.890028	0.300607
221.750000	0	0.102020	0.005660	1.550296	0.072717
221.750000	1	1.095106	0.258955	2.021712	0.282269
222.000000	0	0.102050	0.011516	0.640373	0.047445
222.000000	1	1.188058	0.591479	2.420106	0.284134
222.250000	0	0.100920	0.002642	0.567631	0.044376
222.250000	1	1.130076	0.543765	1.972705	0.226900
222.500000	0	0.101309	0.004478	0.368361	0.041464
222.500000	1	1.115747	0.460690	1.895699	0.266738
222.750000	0	0.099356	0.012391	0.353757	0.037004
222.750000	1	1.074359	0.255366	1.784465	0.240764
223.000000	0	0.098795	0.008512	0.429630	0.037219
223.000000	1	1.108678	0.241068	1.880132	0.258248
223.250000	0	0.100431	0.000376	0.809360	0.045137
223.250000	1	1.155863	0.710941	1.906385	0.201618
223.500000	0	0.098674	0.003444	0.623926	0.040686
223.500000	1	1.138373	0.457620	1.878899	0.217921
223.750000	0	0.099820	0.004670	0.346711	0.036826
223.750000	1	1.136402	0.477952	2.137752	0.220228
224.000000	0	0.097104	0.008828	0.430387	0.038035
224.000000	1	1.152344	0.318232	2.279099	0.322389
224.250000	0	0.102363	0.018057	1.519779	0.063877
224.250000	1	1.139651	0.184850	2.815189	0.295539
224.500000	0	0.100030	0.009755	0.431205	0.040217
224.500000	1	1.139470	0.336580	2.006294	0.235069
224.750000	0	0.099434	0.005403	0.468052	0.038149
224.750000	1	1.167154	0.753445	5.950667	0.588461
225.000000	0	0.101399	0.006128	0.785517	0.051548
225.000000	1	1.116807	0.484280	1.981380	0.245265
225.250000	0	0.104774	0.013771	1.116314	0.057289
225.250000	1	1.149821	0.599918	2.311442	0.288036
225.500000	0	0.101028	0.011974	0.427189	0.038879
225.500000	1	1.179465	0.271271	3.203260	0.338127
225.750000	0	0.102305	0.018841	0.540530	0.044683
225.750000	1	1.143153	0.467870	1.909345	0.229631
226.000000	0	0.101076	0.002267	0.508267	0.041621
226.000000	1	1.161562	0.088336	2.496713	0.321301
226.250000	0	0.099237	0.018012	0.368927	0.039922
226.250000	1	1.148362	0.405143	2.203194	0.242784
226.500000	0	0.101939	0.006926	0.884935	0.049473
226.500000	1	1.122904	0.185146	1.663628	0.220297
226.750000	0	0.100459	0.014224	0.455231	0.040306
226.750000	1	1.111508	0.140920	1.980657	0.274158
227.000000	0	0.100613	0.007644	1.108307	0.054015
227.000000	1	1.117265	0.238143	2.717882	0.331139
227.250000	0	0.097177	0.003982	0.337710	0.033540
227.250000	1	1.129507	0.308691	2.128576	0.300588
227.500000	0	0.100531	0.008971	0.400558	0.039172
227.500000	1	1.160390	0.108634	3.001262	0.352502
227.750000	0	0.100578	0.012243	0.553701	0.042603
227.750000	1	1.109540	0.219775	1.804653	0.227993
228.000000	0	0.099392	0.006792	0.443508	0.040216
228.000000	1	1.162229	0.279466	2.471147	0.338901
228.250000	0	0.101230	0.016725	0.878176	0.049776
228.250000	1	1.165763	0.557029	2.492454	0.273529
228.500000	0	0.099648	0.003294	0.321530	0.039399
228.500000	1	1.120755	0.514125	2.422983	0.241578
228.750000	0	0.101952	0.018023	0.413180	0.037591
228.750000	1	1.150187	0.734781	2.490776	0.262814
229.000000	0	0.103128	0.019097	0.498511	0.043341
229.000000	1	1.128343	0.387963	2.477237	0.275270
229.250000	0	0.101650	0.013032	0.343620	0.040709
229.250000	1	1.150494	0.210750	2.251887	0.294653
229.500000	0	0.101906	0.008890	0.580492	0.044906
229.500000	1	1.152959	0.221689	1.841841	0.263531
229.750000	0	0.100026	0.015782	0.681175	0.042932
229.750000	1	1.240837	0.469032	5.718220	0.542551
230.000000	0	0.105210	0.012613	0.887566	0.064604
230.000000	1	1.114894	0.044615	2.483663	0.318922
230.250000	0	0.104268	0.005644	1.212272	0.061808
230.250000	1	1.138105	0.517028	1.750020	0.224894
230.500000	0	0.102242	0.015137	0.707543	0.051894
230.500000	1	1.084707	0.227552	1.804535	0.231162
230.750000	0	0.104265	0.011575	0.539575	0.044953
230.750000	1	1.122850	0.196405	1.997967	0.331536
231.000000	0	0.102482	0.003467	0.388629	0.043978
231.000000	1	1.150593	0.269273	2.621491	0.352204
231.250000	0	0.099270	0.014061	0.687829	0.044840
231.250000	1	1.134567	0.455380	2.304573	0.309111
231.500000	0	0.103001	0.011406	0.848891	0.050002
231.500000	1	1.153886	0.053556	3.092739	0.360580
231.750000	0	0.100170	0.010291	0.351271	0.039783
231.750000	1	1.151896	0.277930	2.687254	0.292632
232.000000	0	0.100680	0.004267	0.322032	0.039679
232.000000	1	1.096863	0.279965	1.862810	0.265245
232.250000	0	0.103580	0.004545	1.135182	0.056644
232.250000	1	1.267894	0.373928	9.427428	0.984972
232.500000	0	0.105408	0.010892	0.734675	0.052493
232.500000	1	1.171843	0.321671	2.726811	0.307758
232.750000	0	0.101582	0.006245	0.385454	0.037889
232.750000	1	1.144840	0.180185	2.757009	0.305652
233.000000	0	0.102473	0.014476	0.361725	0.039458
233.000000	1	1.122826	0.553976	1.730516	0.214236
233.250000	0	0.101206	0.016455	0.361904	0.036568
233.250000	1	1.182224	0.500276	1.970106	0.297269
233.500000	0	0.099087	0.008084	0.488388	0.039493
233.500000	1	1.148040	0.263051	2.457024	0.286928
233.750000	0	0.100093	0.009641	0.495852	0.045901
233.750000	1	1.142669	0.319279	2.070868	0.255752
234.000000	0	0.100948	0.003767	0.393350	0.041788
234.000000	1	1.133067	0.256753	2.622182	0.290210
234.250000	0	0.103382	0.006069	0.836927	0.052712
234.250000	1	1.186789	0.439250	2.348583	0.300861
234.500000	0	0.100993	0.011612	0.565395	0.046478
234.500000	1	1.129059	0.247081	2.265051	0.327605
234.750000	0	0.102350	0.003289	0.471940	0.045998
234.750000	1	1.142562	0.468568	2.669190	0.315973
235.000000	0	0.103995	0.011652	0.821167	0.054098
235.000000	1	1.196916	0.027602	3.821431	0.444466
235.250000	0	0.101524	0.009851	0.581679	0.043416
235.250000	1	1.147228	0.193590	3.241433	0.301139
235.500000	0	0.100925	0.011542	0.583196	0.043830
235.500000	1	1.121882	0.549078	2.387094	0.267027
235.750000	0	0.099945	0.007469	0.729423	0.044728
235.750000	1	1.168813	0.316353	2.571149	0.285852
236.000000	0	0.101911	0.007166	0.526502	0.040187
236.000000	1	1.142362	0.258642	2.225856	0.283790
236.250000	0	0.099841	0.007776	0.337256	0.041146
236.250000	1	1.125667	0.256153	2.299945	0.312849
236.500000	0	0.100365	0.016144	0.374633	0.039875
236.500000	1	1.149822	0.432496	2.522199	0.300154
236.750000	0	0.102162	0.015581	0.650567	0.050297
236.750000	1	1.143549	0.316535	2.243381	0.294794
237.000000	0	0.101439	0.007717	0.707252	0.048720
237.000000	1	1.084851	0.426760	1.906616	0.231509
237.250000	0	0.103623	0.010447	1.214521	0.064645
237.250000	1	1.113064	0.362866	2.166255	0.281962
237.500000	0	0.102087	0.009105	0.528251	0.042126
237.500000	1	1.152051	0.344522	3.714482	0.420506
237.750000	0	0.103442	0.001127	0.693453	0.050413
237.750000	1	1.185946	0.166282	2.387509	0.342500
238.000000	0	0.100987	0.012775	0.911181	0.051277
238.000000	1	1.234980	0.236276	6.370276	0.729352
238.250000	0	0.104672	0.014084	0.959579	0.053354
238.250000	1	1.174657	0.307155	3.531151	0.371147
238.500000	0	0.099130	0.003023	0.286619	0.036420
238.500000	1	1.079013	0.261848	2.151200	0.267954
238.750000	0	0.103277	0.015968	0.377679	0.043603
238.750000	1	1.154429	0.319710	2.078876	0.300039
239.000000	0	0.102116	0.004810	0.450769	0.045654
239.000000	1	1.111923	0.217145	2.107933	0.278106
239.250000	0	0.104350	0.011272	0.458002	0.050351
239.250000	1	1.162596	0.359960	2.885380	0.352815
239.500000	0	0.105358	0.008809	0.866386	0.058285
239.500000	1	1.114412	0.562682	2.365781	0.315626
239.750000	0	0.102779	0.005402	0.671763	0.056551
239.750000	1	1.157618	0.070318	2.190787	0.308596
240.000000	0	0.100588	0.010179	0.447775	0.044427
240.000000	1	1.177321	0.565334	2.346536	0.290002
240.250000	0	0.097950	0.012198	0.314357	0.033762
240.250000	1	1.103854	0.144341	2.041331	0.243275
240.500000	0	0.102116	0.010445	0.401074	0.041345
240.500000	1	1.115002	0.415486	2.214424	0.243707
240.750000	0	0.099654	0.013373	0.723640	0.048279
240.750000	1	1.192993	0.133788	2.202621	0.289382
241.000000	0	0.098996	0.012145	0.658576	0.041714
241.000000	1	1.124131	0.451953	1.851337	0.232940
241.250000	0	0.103244	0.016321	0.914579	0.051530
241.250000	1	1.146443	0.255362	2.263938	0.278193
241.500000	0	0.101655	0.011816	0.408157	0.041367
241.500000	1	1.149623	0.670955	2.487097	0.254064
241.750000	0	0.099404	0.008302	0.427786	0.039007
241.750000	1	1.186258	0.082852	4.285832	0.443563
242.000000	0	0.103443	0.007250	0.527708	0.046435
242.000000	1	1.131471	0.410128	2.125078	0.242813
242.250000	0	0.098882	0.014439	0.411440	0.040262
242.250000	1	1.153707	0.359157	2.519742	0.321235
242.500000	0	0.102937	0.011696	0.368921	0.040916
242.500000	1	1.206504	0.467085	2.249210	0.276428
242.750000	0	0.098377	0.014560	0.351341	0.034659
242.750000	1	1.154824	0.555537	1.938700	0.249179
243.000000	0	0.099090	0.008746	0.818421	0.042757
243.000000	1	1.114011	0.233747	2.203402	0.256790
243.250000	0	0.101043	0.007495	0.383365	0.038780
243.250000	1	1.133635	0.113712	2.021162	0.293519
243.500000	0	0.100161	0.004059	0.372966	0.038885
243.500000	1	1.154890	0.555886	3.064379	0.307502
243.750000	0	0.098017	0.002650	0.414962	0.036128
243.750000	1	1.119567	0.348225	1.999828	0.254873
244.000000	0	0.100226	0.017634	0.473368	0.040221
244.000000	1	1.129766	0.278926	2.918525	0.311432
244.250000	0	0.100288	0.019157	0.342856	0.039375
244.250000	1	1.145791	0.236012	2.244434	0.292443
244.500000	0	0.100554	0.005560	0.632478	0.042782
244.500000	1	1.104679	0.048706	1.724339	0.233289
244.750000	0	0.104300	0.014699	0.816296	0.054108
244.750000	1	1.102302	0.262848	2.026591	0.301953
245.000000	0	0.103718	0.019765	0.623563	0.045206
245.000000	1	1.191348	0.682652	2.193957	0.270286
245.250000	0	0.098544	0.012451	0.409018	0.037905
245.250000	1	1.169609	0.717442	2.380633	0.233412
245.500000	0	0.099599	0.016103	0.352490	0.036377
245.500000	1	1.128134	0.375903	1.768352	0.215873
245.750000	0	0.102172	0.009414	0.689258	0.047126
245.750000	1	1.210813	0.599292	2.324779	0.313467
246.000000	0	0.098652	0.010205	0.482872	0.038259
246.000000	1	1.119757	0.387586	1.948905	0.231711
246.250000	0	0.100886	0.004576	0.335171	0.039959
246.250000	1	1.154376	0.605368	2.152499	0.255445
246.500000	0	0.099951	0.016592	0.759956	0.043429
246.500000	1	1.141181	0.582161	2.231634	0.257635
246.750000	0	0.099465	0.008423	0.409548	0.039474
246.750000	1	1.169969	0.391469	2.546291	0.257602
247.000000	0	0.099970	0.004087	0.276473	0.035517
247.000000	1	1.139990	0.183008	2.128112	0.311508
247.250000	0	0.100288	0.001244	1.053284	0.052636
247.250000	1	1.167769	0.187736	4.537023	0.485109
247.500000	0	0.100947	0.025444	0.372519	0.040132
247.500000	1	1.182411	0.653028	3.205936	0.356041
247.750000	0	0.103331	0.012203	0.909432	0.053515
247.750000	1	1.125732	0.417015	1.862548	0.252925
248.000000	0	0.102043	0.009216	0.434034	0.041159
248.000000	1	1.148534	0.246302	2.270715	0.310108
248.250000	0	0.100852	0.009520	0.341041	0.038614
248.250000	1	1.120431	0.454419	2.501496	0.272862
248.500000	0	0.099556	0.005256	0.398924	0.043852
248.500000	1	1.147473	0.353560	2.116129	0.285345
248.750000	0	0.102732	0.026882	0.376257	0.039750
248.750000	1	1.140476	0.535574	2.439182	0.284177
249.000000	0	0.098468	0.005720	0.443455	0.037903
249.000000	1	1.221528	0.275236	3.058597	0.387960
249.250000	0	0.100043	0.015049	0.437520	0.043623
249.250000	1	1.138526	0.705732	1.914601	0.220938
249.500000	0	0.100927	0.005723	0.593154	0.045656
249.500000	1	1.127582	0.593987	1.999786	0.265747
249.750000	0	0.098498	0.002961	0.437239	0.038632
249.750000	1	1.135413	0.075658	3.573398	0.363692
250.000000	0	0.100677	0.014009	0.373776	0.040371
250.000000	1	1.164623	0.436085	4.490538	0.400983
250.250000	0	0.099832	0.009610	0.320681	0.036132
250.250000	1	1.172593	0.572572	2.458099	0.306566
250.500000	0	0.101069	0.011963	0.445489	0.041208
250.500000	1	1.147690	0.072789	2.317770	0.295646
250.750000	0	0.097254	0.005389	0.396307	0.036980
250.750000	1	1.145374	0.535200	2.908254	0.290650
251.000000	0	0.099890	0.002324	0.756680	0.047601
251.000000	1	1.143856	0.180458	3.262546	0.324893
251.250000	0	0.100474	0.008125	0.954325	0.051348
251.250000	1	1.135263	0.563067	2.006502	0.256242
251.500000	0	0.100752	0.009640	0.516239	0.046109
251.500000	1	1.108926	0.445409	1.956951	0.227402
251.750000	0	0.102489	0.008492	0.424943	0.042320
251.750000	1	1.128828	0.239703	2.416187	0.287919
252.000000	0	0.103573	0.010464	0.642830	0.055191
252.000000	1	1.106971	0.100523	2.573531	0.313940
252.250000	0	0.099456	0.004194	0.588007	0.043675
252.250000	1	1.169839	0.570358	1.928137	0.261553
252.500000	0	0.098677	0.017302	0.410214	0.039891
252.500000	1	1.129685	0.172172	2.167563	0.299697
252.750000	0	0.102491	0.006979	0.494066	0.046633
252.750000	1	1.180385	0.105395	2.265490	0.317850
253.000000	0	0.101233	0.009447	0.549367	0.043345
253.000000	1	1.203565	0.484698	3.444873	0.364374
253.250000	0	0.099026	0.013348	0.371375	0.037769
253.250000	1	1.137351	0.441300	2.261358	0.259857
253.500000	0	0.100681	0.003930	0.716339	0.045993
253.500000	1	1.129715	0.060174	2.369692	0.385286
253.750000	0	0.102097	0.009971	0.618848	0.045672
253.750000	1	1.151952	0.358711	1.942890	0.265149
254.000000	0	0.101848	0.010288	0.379806	0.040199
254.000000	1	1.152561	0.597166	2.341084	0.276030
254.250000	0	0.098884	0.016518	0.424227	0.038640
254.250000	1	1.125583	0.553737	1.970454	0.257291
254.500000	0	0.098369	0.003417	0.375651	0.035525
254.500000	1	1.218745	0.148232	3.156172	0.396504
254.750000	0	0.099212	0.010472	0.606006	0.043802
254.750000	1	1.111394	0.272606	2.097787	0.272156
255.000000	0	0.098796	0.016308	0.549083	0.041358
255.000000	1	1.174464	0.749607	2.036628	0.252601
255.250000	0	0.100295	0.006234	0.510486	0.041474
255.250000	1	1.140220	0.675484	2.212942	0.255520
255.500000	0	0.099924	0.009555	0.396926	0.038425
255.500000	1	1.125599	0.211861	1.875882	0.279882
255.750000	0	0.100839	0.021661	0.425024	0.039122
255.750000	1	1.139133	0.392702	2.028750	0.256071
256.000000	0	0.100666	0.011942	0.333728	0.038258
256.000000	1	1.132341	0.463772	1.997215	0.259459
256.250000	0	0.101420	0.008041	0.491309	0.041826
256.250000	1	1.196543	0.215392	2.719335	0.301147
256.500000	0	0.101232	0.012560	0.780666	0.045767
256.500000	1	1.131841	0.178703	2.065182	0.302180
256.750000	0	0.100201	0.008659	0.473681	0.039654
256.750000	1	1.102083	0.228196	2.097196	0.242048
257.000000	0	0.099963	0.003886	0.326071	0.039015
257.000000	1	1.176505	0.690364	2.431416	0.270256
257.250000	0	0.098949	0.006370	0.481508	0.039291
257.250000	1	1.131435	0.570485	2.167059	0.247875
257.500000	0	0.097879	0.013493	0.374686	0.037145
257.500000	1	1.166621	0.383488	3.364965	0.322410
257.750000	0	0.099029	0.017711	0.459821	0.039331
257.750000	1	1.095668	0.293661	1.701652	0.219452
258.000000	0	0.097361	0.013727	0.444975	0.037008
258.000000	1	1.106555	0.457912	1.776770	0.223178
258.250000	0	0.101167	0.018414	0.348767	0.036605
258.250000	1	1.127129	0.463716	2.449987	0.273454
258.500000	0	0.102798	0.004991	0.533953	0.043205
258.500000	1	1.241158	0.352611	2.410449	0.350370
258.750000	0	0.100190	0.004560	0.590094	0.045496
258.750000	1	1.128166	0.337795	2.125132	0.256771
259.000000	0	0.100033	0.010840	0.385828	0.039017
259.000000	1	1.133506	0.331677	2.283981	0.251044
259.250000	0	0.099848	0.015770	0.700391	0.045281
259.250000	1	1.178580	0.403697	2.302658	0.306776
259.500000	0	0.098445	0.007172	0.444261	0.036562
259.500000	1	1.123893	0.493806	2.003241	0.242958
259.750000	0	0.103355	0.001204	0.549654	0.044552
259.750000	1	1.120786	0.269179	1.803438	0.248874
260.000000	0	0.099926	0.003522	0.723451	0.042621
260.000000	1	1.152214	0.617249	2.251620	0.245064
260.250000	0	0.097936	0.004601	0.572696	0.038101
260.250000	1	1.136970	0.301233	2.129064	0.254387
260.500000	0	0.100580	0.009402	0.331236	0.037220
260.500000	1	1.128468	0.526958	1.926980	0.245049
260.750000	0	0.099440	0.002157	0.361032	0.035643
260.750000	1	1.100727	0.245205	2.170812	0.291047
261.000000	0	0.102904	0.009672	0.489507	0.043168
261.000000	1	1.124222	0.414695	1.799494	0.234293
261.250000	0	0.102399	0.007502	0.827657	0.049906
261.250000	1	1.126199	0.268540	2.232783	0.297325
261.500000	0	0.098480	0.011588	0.511473	0.041059
261.500000	1	1.152084	0.086812	2.066529	0.275931
261.750000	0	0.102029	0.014687	0.571902	0.044115
261.750000	1	1.161137	0.353363	2.034342	0.277376
262.000000	0	0.097563	0.010658	0.404202	0.035654
262.000000	1	1.167112	0.587926	2.771089	0.296031
262.250000	0	0.097892	0.008053	0.376447	0.037615
262.250000	1	1.177262	0.566258	2.124641	0.264986
262.500000	0	0.102905	0.027077	0.439878	0.043565
262.500000	1	1.164072	0.505056	2.336314	0.279114
262.750000	0	0.099292	0.008633	0.817747	0.047616
262.750000	1	1.140605	0.417250	1.992523	0.233344
263.000000	0	0.101333	0.016445	0.486574	0.040669
263.000000	1	1.187012	0.552992	2.699677	0.322001
263.250000	0	0.100957	0.009735	0.524390	0.043676
263.250000	1	1.122152	0.482426	2.072943	0.251608
263.500000	0	0.101700	0.011719	0.458477	0.043432
263.500000	1	1.107294	0.359310	1.891100	0.292677
263.750000	0	0.102793	0.006387	0.439582	0.043251
263.750000	1	1.102971	0.084294	1.888013	0.245845
264.000000	0	0.102123	0.013840	0.457508	0.044120
264.000000	1	1.154935	0.056176	2.366278	0.357821
264.250000	0	0.101406	0.005357	0.531894	0.042602
264.250000	1	1.136128	0.561995	2.245416	0.268636
264.500000	0	0.101435	0.008702	0.409012	0.043109
264.500000	1	1.130984	0.250720	2.844323	0.367834
264.750000	0	0.104217	0.012714	0.778165	0.052920
264.750000	1	1.141309	0.021567	1.924039	0.329328
265.000000	0	0.100915	0.005142	0.677112	0.046258
265.000000	1	1.166751	0.494579	2.157618	0.300767
265.250000	0	0.100460	0.015241	0.321588	0.037657
265.250000	1	1.120423	0.515366	2.219705	0.260481
265.500000	0	0.102135	0.013894	0.635863	0.047968
265.500000	1	1.169120	0.257122	3.620208	0.408292
265.750000	0	0.102853	0.008835	0.443565	0.044013
265.750000	1	1.134589	0.296775	2.932463	0.349634
266.000000	0	0.100192	0.003205	0.558616	0.043179
266.000000	1	1.202927	0.635510	3.197572	0.391041
266.250000	0	0.099617	0.016932	0.379316	0.038760
266.250000	1	1.123598	0.308919	2.160290	0.248523
266.500000	0	0.101636	0.011450	0.528797	0.045004
266.500000	1	1.173751	0.595948	2.740111	0.284382
266.750000	0	0.100397	0.021191	0.329719	0.035588
266.750000	1	1.128843	0.247709	1.749930	0.242683
267.000000	0	0.100350	0.005932	0.618042	0.041985
267.000000	1	1.149750	0.376540	1.932332	0.254059
267.250000	0	0.098786	0.012634	0.670161	0.042099
267.250000	1	1.143238	0.282995	2.429110	0.268229
267.500000	0	0.101371	0.003023	0.552271	0.040848
267.500000	1	1.109629	0.438197	2.154909	0.271130
267.750000	0	0.099236	0.004666	0.413715	0.039629
267.750000	1	1.184596	0.239918	2.610267	0.330837
268.000000	0	0.102463	0.007910	0.680540	0.048047
268.000000	1	1.156681	0.564973	2.503162	0.278097
268.250000	0	0.098285	0.011621	0.486058	0.042884
268.250000	1	1.129833	0.168126	2.546194	0.290129
268.500000	0	0.100274	0.006907	0.342011	0.040673
268.500000	1	1.131754	0.323841	2.079517	0.292577
268.750000	0	0.100900	0.003059	0.434730	0.042392
268.750000	1	1.154970	0.381430	2.781768	0.327144
269.000000	0	0.101240	0.008351	0.595353	0.041827
269.000000	1	1.133707	0.407634	2.090581	0.242487
269.250000	0	0.098969	0.008059	0.498185	0.039708
269.250000	1	1.154960	0.515400	1.998835	0.240650
269.500000	0	0.100187	0.010916	0.461967	0.040008
269.500000	1	1.140286	0.528879	2.468593	0.263385
269.750000	0	0.101058	0.008720	0.904128	0.050584
269.750000	1	1.148948	0.386152	2.436539	0.279748
270.000000	0	0.099557	0.012982	0.490536	0.039034
270.000000	1	1.149268	0.304412	2.448740	0.292811
270.250000	0	0.099971	0.008196	0.507988	0.039461
270.250000	1	1.215338	0.473441	6.316665	0.717915
270.500000	0	0.098719	0.010868	0.692133	0.041680
270.500000	1	1.178957	0.474914	2.460962	0.274861
270.750000	0	0.100216	0.004822	0.373016	0.037645
270.750000	1	1.142394	0.470356	2.363615	0.270419
271.000000	0	0.098720	0.008415	0.360059	0.034477
271.000000	1	1.176813	0.421418	2.221415	0.319183
271.250000	0	0.100818	0.012423	0.707749	0.046048
271.250000	1	1.171200	0.326557	3.537639	0.406576
271.500000	0	0.100526	0.012941	0.524573	0.038760
271.500000	1	1.154389	0.345551	3.023179	0.399011
271.750000	0	0.099367	0.005122	0.464760	0.039950
271.750000	1	1.170217	0.417369	2.921444	0.295782
272.000000	0	0.101135	0.009741	0.446411	0.040983
272.000000	1	1.116138	0.061308	2.216706	0.257778
272.250000	0	0.097875	0.011173	0.313477	0.033530
272.250000	1	1.192355	0.052027	3.445043	0.423435
272.500000	0	0.098408	0.004014	0.409338	0.039686
272.500000	1	1.165795	0.486981	2.423959	0.302267
272.750000	0	0.100517	0.017044	0.503546	0.040247
272.750000	1	1.146399	0.525692	2.341803	0.275994
273.000000	0	0.100920	0.006302	0.384074	0.037879
273.000000	1	1.120569	0.303000	2.132559	0.299321
273.250000	0	0.100708	0.006006	0.638836	0.047450
273.250000	1	1.159642	0.501553	2.616370	0.318066
273.500000	0	0.097139	0.011447	0.828488	0.046075
273.500000	1	1.133459	0.343265	1.711336	0.253424
273.750000	0	0.099784	0.008929	0.765451	0.049987
273.750000	1	1.179294	0.505479	2.185578	0.294046
274.000000	0	0.098858	0.009542	0.408055	0.037671
274.000000	1	1.184133	0.553845	2.024153	0.276647
274.250000	0	0.101414	0.016859	0.460356	0.041908
274.250000	1	1.134033	0.175054	2.487689	0.322120
274.500000	0	0.099494	0.012160	0.386042	0.039534
274.500000	1	1.111125	0.302479	2.271107	0.284643
274.750000	0	0.100891	0.009983	0.469245	0.041152
274.750000	1	1.125707	0.376961	2.111151	0.272244
275.000000	0	0.099676	0.006549	0.682111	0.042253
275.000000	1	1.138930	0.091334	2.298255	0.271399
275.250000	0	0.100686	0.021023	0.373568	0.038221
275.250000	1	1.173756	0.392380	2.716048	0.348695
275.500000	0	0.101831	0.012383	0.405286	0.039484
275.500000	1	1.167898	0.220512	2.191538	0.315626
275.750000	0	0.097597	0.009482	0.429407	0.039722
275.750000	1	1.175005	0.427260	2.535054	0.340278
276.000000	0	0.099202	0.013100	0.527865	0.037789
276.000000	1	1.120079	0.639233	2.203133	0.240714
276.250000	0	0.100199	0.015361	0.391458	0.039596
276.250000	1	1.173320	0.087815	4.426571	0.427894
276.500000	0	0.101508	0.016483	0.374899	0.039420
276.500000	1	1.176637	0.518051	2.117034	0.257085
276.750000	0	0.099977	0.008017	0.287350	0.036130
276.750000	1	1.074443	0.154248	2.015624	0.278822
277.000000	0	0.099720	0.007293	0.326619	0.035529
277.000000	1	1.111518	0.315607	1.652250	0.246599
277.250000	0	0.101357	0.013299	0.366147	0.039979
277.250000	1	1.160630	0.095171	2.347996	0.294370
277.500000	0	0.099565	0.009906	0.481367	0.041042
277.500000	1	1.151805	0.482151	1.828209	0.242430
277.750000	0	0.100328	0.003809	0.478110	0.040755
277.750000	1	1.149017	0.387463	2.332556	0.276813
278.000000	0	0.099622	0.010232	0.465725	0.036108
278.000000	1	1.142394	0.275557	2.571846	0.304613
278.250000	0	0.102659	0.006089	0.670265	0.049066
278.250000	1	1.137155	0.161485	2.310562	0.327622
278.500000	0	0.101376	0.005879	0.589508	0.046830
278.500000	1	1.104969	0.253824	2.677170	0.319578
278.750000	0	0.104386	0.006208	0.608274	0.053444
278.750000	1	1.163190	0.077637	2.192706	0.287621
279.000000	0	0.101780	0.020734	0.900506	0.050414
279.000000	1	1.188206	0.365138	2.684434	0.358828
279.250000	0	0.099895	0.006757	0.566164	0.046419
279.250000	1	1.149915	0.290011	2.270804	0.304517
279.500000	0	0.102242	0.014474	0.519833	0.046663
279.500000	1	1.120972	0.149634	2.181079	0.320475
279.750000	0	0.100993	0.008387	0.637226	0.049295
279.750000	1	1.158062	0.145235	2.869811	0.378966
280.000000	0	0.105707	0.011706	0.907028	0.059418
280.000000	1	1.170246	0.346768	3.038392	0.360865
280.250000	0	0.101112	0.003646	0.461484	0.043788
280.250000	1	1.151948	0.354047	2.723285	0.296175
280.500000	0	0.100187	0.018375	0.389377	0.039812
280.500000	1	1.176192	0.123975	2.470971	0.349703
280.750000	0	0.099919	0.006178	0.365134	0.037283
280.750000	1	1.163279	0.536943	2.382364	0.291951
281.000000	0	0.096451	0.009437	0.327642	0.035108
281.000000	1	1.160014	0.256397	1.873275	0.224338
281.250000	0	0.098904	0.020000	0.307721	0.037462
281.250000	1	1.166078	0.710684	2.823205	0.291199
281.500000	0	0.096876	0.011098	0.305988	0.034927
281.500000	1	1.148782	0.414452	2.596201	0.326724
281.750000	0	0.102596	0.013547	1.336291	0.061952
281.750000	1	1.130191	0.124641	2.159549	0.306678
282.000000	0	0.098813	0.005953	0.385271	0.036138
282.000000	1	1.125707	0.177215	1.899770	0.255872
282.250000	0	0.101603	0.009164	0.467680	0.043897
282.250000	1	1.134235	0.362844	2.286840	0.291974
282.500000	0	0.103939	0.012587	0.403975	0.047071
282.500000	1	1.141400	0.257873	2.517270	0.291850
282.750000	0	0.100738	0.009144	0.402231	0.038858
282.750000	1	1.125735	0.419503	2.569773	0.292811
283.000000	0	0.099691	0.009283	0.402532	0.038621
283.000000	1	1.115631	0.291931	2.223782	0.238643
283.250000	0	0.100937	0.009022	0.440564	0.044210
283.250000	1	1.135528	0.506030	1.903745	0.291238
283.500000	0	0.104261	0.006516	0.961441	0.057821
283.500000	1	1.192587	0.135039	2.313515	0.351673
283.750000	0	0.099409	0.000987	1.073443	0.055047
283.750000	1	1.111283	0.260986	2.316431	0.341593
284.000000	0	0.102588	0.013244	0.443494	0.045205
284.000000	1	1.094661	0.208684	1.834534	0.281976
284.250000	0	0.101315	0.005613	0.474457	0.043706
284.250000	1	1.173256	0.343592	2.812984	0.339650
284.500000	0	0.099867	0.012409	0.994927	0.053158
284.500000	1	1.133791	0.348169	3.595512	0.376307
284.750000	0	0.100050	0.015788	0.538442	0.040288
284.750000	1	1.121448	0.352124	2.045141	0.279274
285.000000	0	0.103463	0.002761	0.480587	0.046906
285.000000	1	1.118558	0.324330	1.908041	0.233460
285.250000	0	0.101541	0.007922	0.555233	0.041006
285.250000	1	1.144226	0.623645	2.062961	0.225132
285.500000	0	0.099692	0.003418	0.458378	0.040202
285.500000	1	1.148124	0.290147	1.933629	0.259536
285.750000	0	0.099035	0.012087	0.562233	0.042946
285.750000	1	1.160036	0.537671	2.533252	0.262078
286.000000	0	0.101002	0.017990	0.468375	0.041282
286.000000	1	1.146078	0.204882	2.193864	0.289506
286.250000	0	0.096985	0.004746	0.646818	0.038660
286.250000	1	1.200253	0.184660	2.283480	0.297579
286.500000	0	0.098886	0.004777	0.594861	0.042046
286.500000	1	1.166512	0.362066	3.160236	0.360603
286.750000	0	0.097921	0.005816	0.472120	0.039275
286.750000	1	1.150263	0.352950	2.965069	0.329820
287.000000	0	0.098249	0.010622	0.405351	0.037997
287.000000	1	1.173530	0.222107	2.579949	0.325732
287.250000	0	0.099833	0.007394	0.457929	0.041900
287.250000	1	1.171180	0.445431	2.645155	0.269434
287.500000	0	0.097888	0.012127	0.332349	0.034683
287.500000	1	1.158372	0.777744	2.225798	0.237543
287.750000	0	0.098227	0.013265	0.604357	0.038593
287.750000	1	1.153418	0.488833	2.181915	0.284875
288.000000	0	0.098728	0.008756	0.352310	0.036029
288.000000	1	1.154385	0.166965	2.076339	0.303677
288.250000	0	0.098331	0.006217	0.332823	0.033716
288.250000	1	1.151888	0.113993	2.190000	0.293286
288.500000	0	0.101683	0.009252	0.444304	0.038656
288.500000	1	1.201415	0.367452	3.261641	0.359769
288.750000	0	0.100228	0.008326	0.362375	0.038760
288.750000	1	1.145561	0.207533	2.186645	0.301408
289.000000	0	0.102223	0.013503	0.707135	0.045023
289.000000	1	1.084713	0.256380	1.919463	0.239950
289.250000	0	0.099826	0.004107	0.668901	0.045679
289.250000	1	1.205517	0.517336	2.660262	0.341663
289.500000	0	0.099541	0.014918	0.354028	0.037820
289.500000	1	1.121426	0.376842	2.029322	0.222669
289.750000	0	0.098724	0.003814	0.284258	0.034259
289.750000	1	1.155294	0.462186	2.025268	0.282178
290.000000	0	0.101486	0.005674	0.538028	0.044534
290.000000	1	1.103193	0.340819	2.263308	0.284182
290.250000	0	0.100037	0.005036	0.455903	0.041892
290.250000	1	1.310952	0.586055	8.418051	0.912205
290.500000	0	0.105199	0.011476	1.455992	0.069250
290.500000	1	1.162355	0.321309	2.613550	0.341503
290.750000	0	0.099242	0.008986	0.635834	0.042756
290.750000	1	1.142739	0.186650	2.306877	0.275718
291.000000	0	0.100755	0.016964	0.407605	0.041013
291.000000	1	1.158534	0.416234	2.422101	0.317303
291.250000	0	0.100786	0.008995	0.742532	0.045211
291.250000	1	1.134450	0.416759	2.522600	0.328327
291.500000	0	0.100684	0.009094	0.401374	0.041275
291.500000	1	1.082147	0.560754	1.819690	0.223986
291.750000	0	0.102248	0.008957	0.453707	0.041914
291.750000	1	1.125268	0.430872	2.584784	0.312755
292.000000	0	0.100210	0.020255	0.639713	0.047005
292.000000	1	1.183397	0.442341	2.440261	0.326539
292.250000	0	0.101824	0.007285	0.504027	0.044590
292.250000	1	1.156182	0.166861	2.538203	0.293912
292.500000	0	0.100220	0.002996	0.708692	0.043587
292.500000	1	1.167600	0.572029	2.702551	0.301719
292.750000	0	0.100472	0.002618	0.500888	0.044559
292.750000	1	1.140787	0.292571	2.457790	0.304805
293.000000	0	0.102101	0.008391	0.408023	0.040107
293.000000	1	1.145420	0.221172	2.099650	0.288849
293.250000	0	0.101087	0.009942	0.561847	0.041771
293.250000	1	1.145778	0.585115	1.972330	0.234211
293.500000	0	0.099207	0.012125	0.423372	0.040503
293.500000	1	1.146000	0.572934	2.297657	0.238769
293.750000	0	0.100648	0.007140	0.477550	0.042060
293.750000	1	1.155380	0.389432	2.302674	0.307796
294.000000	0	0.102521	0.010852	0.662985	0.046810
294.000000	1	1.166117	0.473857	2.152677	0.263577
294.250000	0	0.098304	0.008873	0.381334	0.036825
294.250000	1	1.069381	0.394211	1.535144	0.211968
294.500000	0	0.102259	0.009288	0.727014	0.046629
294.500000	1	1.160779	0.170091	2.689935	0.341529
294.750000	0	0.102270	0.003727	0.612565	0.052605
294.750000	1	1.156044	0.282796	2.196037	0.262039
295.000000	0	0.099641	0.005390	0.549650	0.040979
295.000000	1	1.127669	0.134431	2.167161	0.249327
295.250000	0	0.100353	0.005854	0.290582	0.036570
295.250000	1	1.094117	0.218286	1.801696	0.269522
295.500000	0	0.100305	0.003150	0.378623	0.039265
295.500000	1	1.106216	0.276436	2.071500	0.301347
295.750000	0	0.099138	0.006569	0.765495	0.044756
295.750000	1	1.153147	0.293954	2.213694	0.286762
296.000000	0	0.100238	0.016327	0.481715	0.040547
296.000000	1	1.177978	0.280518	3.180038	0.340183
296.250000	0	0.098684	0.004390	0.424247	0.039854
296.250000	1	1.155153	0.238269	2.396875	0.324760
296.500000	0	0.103432	0.013272	0.779203	0.050497
296.500000	1	1.087755	0.383863	2.212064	0.281697
296.750000	0	0.100279	0.018635	0.501541	0.040950
296.750000	1	1.158436	0.040776	2.520532	0.356797
297.000000	0	0.098576	0.010557	0.427158	0.036513
297.000000	1	1.097355	0.198709	1.884087	0.283962
297.250000	0	0.100030	0.006785	0.560510	0.041173
297.250000	1	1.135686	0.333468	1.971142	0.293639
297.500000	0	0.102083	0.008869	0.495366	0.042477
297.500000	1	1.145776	0.569643	3.072474	0.315271
297.750000	0	0.100580	0.004757	0.439042	0.038066
297.750000	1	1.137398	0.274256	1.988761	0.303642
298.000000	0	0.099806	0.005704	0.519259	0.041514
298.000000	1	1.181829	0.281381	2.308087	0.310428
298.250000	0	0.100089	0.010635	0.635884	0.039785
298.250000	1	1.164472	0.418078	3.214284	0.385923
298.500000	0	0.103026	0.012285	0.799341	0.054448
298.500000	1	1.150448	0.161530	2.307416	0.334369
298.750000	0	0.101035	0.007314	0.287616	0.036277
298.750000	1	1.151819	0.373815	2.421166	0.297067
299.000000	0	0.099866	0.007423	0.557600	0.040687
299.000000	1	1.156269	0.399253	2.629598	0.338472
299.250000	0	0.099653	0.024855	0.327717	0.038974
299.250000	1	1.101838	0.406473	1.765158	0.266911
299.500000	0	0.101040	0.010122	0.656040	0.044525
299.500000	1	1.115631	0.214154	2.105059	0.333526
299.750000	0	0.098234	0.002801	0.398992	0.038537
299.750000	1	1.174940	0.527320	2.554763	0.356463
300.000000	0	0.100696	0.013741	0.508988	0.042317
300.000000	1	1.145528	0.566514	1.871374	0.252429
300.250000	0	0.100492	0.006537	0.593055	0.040892
300.250000	1	1.096400	0.134417	1.635388	0.242339
300.500000	0	0.098358	0.015564	0.329694	0.036165
300.500000	1	1.153734	0.475156	2.387487	0.312330
300.750000	0	0.098699	0.013754	0.464899	0.038075
300.750000	1	1.140612	0.479877	2.056671	0.233836
301.000000	0	0.096985	0.000696	0.345187	0.031538
301.000000	1	1.155387	0.376651	2.933030	0.354936
301.250000	0	0.099702	0.024488	0.690186	0.043952
301.250000	1	1.144179	0.484508	2.452105	0.285373
301.500000	0	0.102104	0.018894	0.585020	0.044509
301.500000	1	1.264121	0.541087	8.735374	0.901269
301.750000	0	0.101002	0.003446	0.485471	0.042972
301.750000	1	1.154434	0.324663	2.510959	0.316833
302.000000	0	0.102907	0.005434	0.429528	0.044494
302.000000	1	1.131873	0.284113	2.534264	0.282682
302.250000	0	0.099335	0.008048	0.415925	0.037438
302.250000	1	1.186834	0.500217	2.177298	0.267943
302.500000	0	0.099538	0.014078	0.324882	0.036319
302.500000	1	1.094694	0.568697	2.778923	0.242392
302.750000	0	0.097107	0.002365	0.456366	0.037210
302.750000	1	1.122699	0.360687	1.943452	0.250547
303.000000	0	0.096485	0.006594	0.318746	0.034260
303.000000	1	1.156621	0.404736	2.592725	0.339298
303.250000	0	0.100785	0.015135	0.364795	0.036067
303.250000	1	1.123720	0.317918	2.428687	0.300587
303.500000	0	0.100433	0.011283	0.600376	0.042606
303.500000	1	1.160025	0.221104	2.187594	0.327932
303.750000	0	0.098044	0.004939	0.318486	0.033967
303.750000	1	1.136558	0.424936	2.763747	0.288804
304.000000	0	0.100096	0.014747	0.563340	0.039445
304.000000	1	1.169064	0.629039	2.053129	0.267574
304.250000	0	0.099216	0.008777	0.569806	0.044239
304.250000	1	1.101567	0.330504	1.971010	0.229751
304.500000	0	0.101222	0.005138	0.337687	0.040715
304.500000	1	1.109134	0.448395	2.065973	0.270059
304.750000	0	0.102563	0.016729	0.616193	0.048490
304.750000	1	1.110008	0.223627	1.784279	0.261856
305.000000	0	0.103668	0.010319	0.739756	0.048476
305.000000	1	1.141306	0.258699	2.474255	0.325676
305.250000	0	0.101615	0.006570	0.576427	0.048571
305.250000	1	1.217037	0.286375	2.593751	0.370083
305.500000	0	0.100839	0.003353	0.681420	0.044098
305.500000	1	1.115210	0.603417	2.243608	0.232436
305.750000	0	0.102622	0.009644	0.455684	0.044320
305.750000	1	1.132396	0.540173	2.504865	0.307131
306.000000	0	0.101499	0.010490	0.650292	0.045086
306.000000	1	1.128723	0.254383	2.139282	0.319246
306.250000	0	0.100654	0.011432	0.629564	0.044354
306.250000	1	1.141159	0.328018	2.069910	0.247081
306.500000	0	0.104504	0.009091	0.527550	0.046180
306.500000	1	1.182431	0.421588	2.528875	0.313653
306.750000	0	0.100132	0.004732	0.598943	0.041572
306.750000	1	1.129070	0.298815	2.250986	0.302484
307.000000	0	0.099251	0.011553	0.382769	0.038298
307.000000	1	1.149860	0.267480	2.234559	0.295661
307.250000	0	0.100374	0.007205	0.539623	0.041502
307.250000	1	1.165433	0.564743	2.547930	0.263849
307.500000	0	0.096077	0.012885	0.260316	0.031883
307.500000	1	1.146185	0.364019	2.438541	0.300816
307.750000	0	0.102799	0.004026	0.410760	0.038923
307.750000	1	1.121919	0.222519	1.930554	0.254022
308.000000	0	0.102061	0.017261	0.979734	0.049998
308.000000	1	1.124008	0.171453	2.186506	0.257529
308.250000	0	0.098319	0.003354	0.346552	0.037480
308.250000	1	1.122312	0.236846	2.941311	0.360646
308.500000	0	0.099960	0.007707	0.628742	0.041519
308.500000	1	1.113279	0.182823	2.331669	0.319118
308.750000	0	0.104262	0.024863	0.623344	0.051299
308.750000	1	1.157523	0.422972	2.212076	0.288505
309.000000	0	0.100400	0.000720	0.705887	0.045060
309.000000	1	1.197944	0.568356	2.851507	0.360464
309.250000	0	0.101491	0.006279	0.548033	0.043962
309.250000	1	1.122502	0.637056	2.504043	0.271590
309.500000	0	0.100975	0.016661	0.584696	0.044247
309.500000	1	1.112172	0.273393	1.905810	0.301635
309.750000	0	0.103100	0.011249	0.748596	0.048658
309.750000	1	1.137481	0.427563	2.107217	0.303651
310.000000	0	0.102218	0.001204	0.553718	0.045136
310.000000	1	1.196316	0.346171	2.791217	0.348116
310.250000	0	0.100469	0.014559	0.351641	0.039196
310.250000	1	1.106875	0.104762	2.199087	0.273085
310.500000	0	0.104257	0.005282	1.136816	0.058893
310.500000	1	1.153310	0.414833	2.395103	0.278783
310.750000	0	0.100973	0.009480	0.474114	0.043989
310.750000	1	1.105011	0.358281	2.522560	0.289360
311.000000	0	0.099932	0.021138	0.292005	0.037474
311.000000	1	1.132339	0.160538	1.930135	0.253326
311.250000	0	0.098003	0.005585	0.313383	0.035697
311.250000	1	1.164729	0.642356	2.587559	0.279634
311.500000	0	0.101079	0.011253	0.544180	0.042082
311.500000	1	1.110467	0.194054	1.815242	0.247223
311.750000	0	0.100592	0.007658	0.398143	0.038035
311.750000	1	1.102918	0.218191	2.084441	0.255932
312.000000	0	0.100757	0.015037	0.877395	0.047250
312.000000	1	1.156484	0.310944	2.348539	0.329713
312.250000	0	0.099637	0.004753	0.439516	0.039341
312.250000	1	1.138379	0.403715	2.223337	0.272982
312.500000	0	0.098594	0.006435	0.358731	0.039934
312.500000	1	1.146254	0.184217	2.231052	0.279374
312.750000	0	0.101042	0.010712	0.594909	0.040929
312.750000	1	1.122885	0.122786	2.050315	0.295881
313.000000	0	0.098184	0.012530	0.387810	0.036566
313.000000	1	1.181351	0.497197	2.438904	0.324320
313.250000	0	0.103318	0.024366	0.615247	0.042427
313.250000	1	1.088001	0.214199	2.385261	0.290671
313.500000	0	0.097977	0.003656	0.323406	0.034694
313.500000	1	1.158150	0.197387	2.372777	0.345699
313.750000	0	0.102080	0.007363	0.624274	0.044942
313.750000	1	1.662434	0.474256	29.097197	3.489373
314.000000	0	0.104219	0.011966	0.815229	0.050311
314.000000	1	1.178294	0.275731	2.801759	0.355687
314.250000	0	0.102918	0.017788	0.421500	0.042365
314.250000	1	1.270006	0.236848	5.894576	0.756977
314.500000	0	0.104198	0.009628	0.619727	0.052393
314.500000	1	1.163358	0.390894	2.312583	0.310806
314.750000	0	0.102865	0.005500	0.452936	0.044365
314.750000	1	1.218088	0.383761	3.603074	0.406024
315.000000	0	0.098438	0.015540	0.379131	0.039552
315.000000	1	1.156951	0.468395	2.080294	0.246056
315.250000	0	0.101815	0.011553	0.372931	0.040811
315.250000	1	1.113017	0.484269	1.967240	0.242774
315.500000	0	0.100917	0.002145	0.600077	0.048184
315.500000	1	1.134551	0.178993	2.446276	0.274739
315.750000	0	0.098782	0.002819	0.379427	0.037147
315.750000	1	1.167554	0.496402	2.813838	0.321198
316.000000	0	0.099892	0.007930	0.587744	0.044041
316.000000	1	1.162563	0.104629	2.627436	0.345379
316.250000	0	0.100430	0.013572	0.373646	0.041417
316.250000	1	1.106638	0.348196	1.754440	0.240115
316.500000	0	0.098979	0.015295	0.984341	0.050911
316.500000	1	1.140696	0.151908	2.833924	0.346848
316.750000	0	0.104339	0.017608	0.681962	0.049427
316.750000	1	1.137366	0.090729	2.162639	0.345376
317.000000	0	0.100218	0.004643	0.532595	0.043590
317.000000	1	1.153221	0.387559	3.506557	0.373229
317.250000	0	0.102054	0.002697	0.371770	0.037985
317.250000	1	1.126899	0.319282	1.962821	0.256096
317.500000	0	0.101595	0.012580	0.326168	0.037939
317.500000	1	1.211556	0.614482	2.860721	0.402606
317.750000	0	0.100443	0.014183	0.580067	0.043604
317.750000	1	1.179733	0.335475	2.036649	0.284177
318.000000	0	0.099436	0.005373	0.459316	0.039776
318.000000	1	1.125907	0.343128	2.549495	0.284691
318.250000	0	0.099765	0.012134	0.478158	0.043529
318.250000	1	1.122103	0.490413	1.817570	0.239358
318.500000	0	0.099729	0.012003	0.633578	0.041953
318.500000	1	1.136966	0.253993	2.388533	0.326236
318.750000	0	0.102110	0.018981	0.577087	0.048616
318.750000	1	1.163374	0.409896	2.293474	0.291294
319.000000	0	0.101677	0.015332	0.705144	0.045478
319.000000	1	1.165096	0.636378	2.696013	0.300174
319.250000	0	0.097078	0.010293	0.270938	0.034099
319.250000	1	1.128431	0.349540	2.023556	0.223561
319.500000	0	0.098326	0.003713	0.750062	0.042551
319.500000	1	1.147985	0.137565	2.579191	0.327570
319.750000	0	0.100881	0.001189	0.425780	0.041143
319.750000	1	1.127767	0.348163	2.095453	0.238969
320.000000	0	0.099309	0.014650	0.448231	0.039158
320.000000	1	1.185603	0.431864	3.771713	0.392760
320.250000	0	0.100377	0.005825	0.573082	0.039860
320.250000	1	1.181505	0.231130	2.496364	0.325315
320.500000	0	0.102570	0.015980	0.875509	0.053276
320.500000	1	1.142832	0.721414	2.658841	0.266472
320.750000	0	0.101472	0.003903	0.459295	0.038115
320.750000	1	1.163425	0.665725	1.815147	0.213889
321.000000	0	0.099826	0.019311	0.532289	0.041963
321.000000	1	1.156968	0.480871	2.889854	0.352726
321.250000	0	0.099588	0.009321	0.426056	0.044617
321.250000	1	1.158644	0.200433	2.538584	0.343576
321.500000	0	0.103510	0.009125	0.708379	0.048861
321.500000	1	1.160456	0.350877	2.278485	0.293542
321.750000	0	0.099772	0.002563	0.274767	0.037168
321.750000	1	1.139822	0.262048	2.642668	0.310779
322.000000	0	0.102211	0.010599	0.557206	0.047356
322.000000	1	1.138027	0.319097	2.041613	0.289420
322.250000	0	0.099956	0.007312	0.657273	0.043987
322.250000	1	1.137450	0.437425	2.591323	0.307631
322.500000	0	0.101756	0.009903	0.629151	0.048960
322.500000	1	1.144024	0.407208	2.556656	0.322363
322.750000	0	0.098701	0.007127	0.519357	0.044815
322.750000	1	1.171741	0.193543	2.894116	0.328036
323.000000	0	0.098309	0.015873	0.357016	0.037748
323.000000	1	1.118134	0.096908	2.026654	0.281452
323.250000	0	0.104184	0.005966	0.679944	0.049457
323.250000	1	1.100535	0.013638	2.025241	0.291467
323.500000	0	0.097979	0.009604	0.477107	0.038476
323.500000	1	1.143465	0.454398	2.111198	0.285123
323.750000	0	0.099070	0.024123	0.484292	0.039105
323.750000	1	1.071437	0.153858	1.755220	0.244160
324.000000	0	0.100493	0.006638	0.402129	0.040025
324.000000	1	1.170803	0.469453	2.806610	0.346437
324.250000	0	0.100677	0.013358	0.554369	0.043473
324.250000	1	1.178237	0.103637	3.437996	0.349003
324.500000	0	0.105027	0.008802	0.620635	0.051133
324.500000	1	1.150506	0.594501	2.447401	0.252677
324.750000	0	0.098922	0.008838	0.712128	0.044061
324.750000	1	1.132313	0.227198	2.357528	0.294150
325.000000	0	0.100557	0.013600	0.369521	0.039073
325.000000	1	1.092084	0.409946	2.170585	0.258731
325.250000	0	0.100368	0.001007	0.500461	0.043129
325.250000	1	1.191647	0.282325	3.497927	0.403513
325.500000	0	0.101804	0.012460	0.720525	0.047469
325.500000	1	1.097235	0.024907	1.972147	0.283374
325.750000	0	0.104140	0.004037	0.468993	0.043446
325.750000	1	1.130705	0.120394	2.131318	0.288935
326.000000	0	0.104715	0.006424	0.577238	0.049773
326.000000	1	1.106079	0.262234	2.232340	0.274911
326.250000	0	0.101969	0.001664	0.375009	0.042631
326.250000	1	1.119786	0.384646	2.083499	0.252777
326.500000	0	0.103598	0.006223	0.461887	0.045234
326.500000	1	1.111561	0.283850	2.233087	0.269183
326.750000	0	0.101450	0.007559	0.735711	0.047551
326.750000	1	1.166323	0.353902	2.266266	0.306391
327.000000	0	0.103468	0.013440	0.475786	0.043810
327.000000	1	1.153060	0.257661	2.209770	0.323191
327.250000	0	0.102841	0.004490	0.746074	0.053528
327.250000	1	1.147180	0.352534	2.752962	0.336157
327.500000	0	0.100751	0.005236	0.381021	0.040658
327.500000	1	1.090379	0.332298	2.464335	0.326392
327.750000	0	0.100679	0.013590	0.387210	0.037897
327.750000	1	1.139014	0.155348	2.014971	0.273276
328.000000	0	0.100603	0.010213	0.372027	0.039889
328.000000	1	1.145932	0.306811	1.967215	0.295306
328.250000	0	0.100938	0.011094	0.456830	0.042156
328.250000	1	1.121159	0.484837	2.108871	0.257801
328.500000	0	0.103179	0.005011	0.439747	0.045563
328.500000	1	1.126969	0.657065	1.711320	0.209172
328.750000	0	0.097762	0.006588	0.389568	0.034548
328.750000	1	1.094777	0.166139	2.213771	0.264709
329.000000	0	0.102086	0.008069	0.514069	0.043005
329.000000	1	1.254645	0.265813	5.132146	0.610362
329.250000	0	0.109671	0.021787	2.362890	0.129930
329.250000	1	1.180669	0.301613	4.983929	0.470102
329.500000	0	0.100998	0.008827	0.447642	0.041983
329.500000	1	1.153246	0.418948	2.700114	0.325477
329.750000	0	0.102016	0.007536	0.473919	0.044657
329.750000	1	1.133175	0.105088	2.847246	0.371355
330.000000	0	0.101124	0.006567	0.421731	0.042703
330.000000	1	1.176251	0.466266	2.287662	0.324006
330.250000	0	0.101047	0.022818	0.416499	0.038037
330.250000	1	1.176294	0.097071	2.672531	0.360307
330.500000	0	0.101434	0.007464	0.393686	0.041398
330.500000	1	1.140355	0.423833	2.340865	0.307166
330.750000	0	0.101028	0.008397	0.408532	0.041337
330.750000	1	1.153483	0.530753	2.317707	0.277308
331.000000	0	0.102305	0.007112	0.447522	0.043869
331.000000	1	1.224824	0.347909	2.545245	0.372143
331.250000	0	0.098304	0.008889	0.322984	0.037518
331.250000	1	1.113455	0.272079	2.110188	0.283013
331.500000	0	0.096985	0.001557	0.293855	0.033458
331.500000	1	1.115888	0.062752	2.090240	0.276175
331.750000	0	0.100729	0.012459	0.374718	0.039080
331.750000	1	1.133019	0.147690	3.038371	0.332206
332.000000	0	0.103199	0.009059	1.025029	0.055337
332.000000	1	1.133297	0.301023	2.607237	0.293069
332.250000	0	0.101277	0.011278	0.405830	0.041391
332.250000	1	1.150839	0.376296	2.142593	0.279123
332.500000	0	0.100753	0.021526	0.598045	0.043063
332.500000	1	1.183607	0.344802	2.665647	0.288640
332.750000	0	0.099261	0.007991	0.609289	0.042277
332.750000	1	1.106242	0.498136	1.801244	0.223871
333.000000	0	0.101596	0.008594	0.427397	0.040387
333.000000	1	1.115048	0.241387	2.274314	0.286631
333.250000	0	0.102872	0.014446	0.634878	0.045785
333.250000	1	1.127607	0.444894	2.129414	0.249810
333.500000	0	0.100017	0.008076	0.497598	0.041538
333.500000	1	1.175621	0.323831	2.577474	0.331659
333.750000	0	0.100105	0.009015	0.553090	0.042957
333.750000	1	1.207553	0.441207	2.605032	0.340610
334.000000	0	0.101932	0.014603	0.350392	0.041194
334.000000	1	1.157947	0.240188	2.255482	0.302417
334.250000	0	0.098374	0.019758	0.323701	0.036446
334.250000	1	1.109053	0.216403	2.161008	0.230703
334.500000	0	0.098425	0.016344	0.437016	0.034453
334.500000	1	1.157606	0.532632	2.771779	0.258689
334.750000	0	0.098398	0.009038	0.386008	0.037859
334.750000	1	1.155906	0.287612	2.201430	0.262420
335.000000	0	0.098593	0.003402	0.419456	0.040120
335.000000	1	1.187766	0.559983	2.372805	0.302162
335.250000	0	0.101967	0.005069	0.634744	0.045127
335.250000	1	1.177260	0.262293	2.925679	0.399719
335.500000	0	0.099808	0.005389	0.308463	0.036095
335.500000	1	1.174897	0.268415	4.064859	0.434006
335.750000	0	0.098164	0.011891	0.357934	0.038271
335.750000	1	1.202736	0.671709	3.103970	0.367834
336.000000	0	0.100774	0.010108	0.346468	0.037421
336.000000	1	1.107257	0.229791	1.980963	0.259171
336.250000	0	0.102181	0.008600	1.040320	0.057136
336.250000	1	1.167330	0.339565	2.621636	0.346931
336.500000	0	0.101449	0.004375	0.735069	0.047856
336.500000	1	1.165759	0.295815	2.922695	0.325891
336.750000	0	0.098652	0.013931	0.385705	0.038516
336.750000	1	1.151843	0.415452	2.542019	0.278008
337.000000	0	0.101652	0.007627	0.554909	0.045502
337.000000	1	1.125752	0.216416	2.386563	0.297386
337.250000	0	0.105446	0.014312	1.358298	0.068329
337.250000	1	1.087772	0.128207	2.580079	0.326976
337.500000	0	0.104172	0.005886	0.770541	0.054429
337.500000	1	1.157093	0.335897	2.169097	0.276315
337.750000	0	0.101396	0.002052	0.483500	0.040946
337.750000	1	1.179048	0.332987	2.851016	0.363799
338.000000	0	0.103229	0.011921	0.631271	0.044544
338.000000	1	1.158449	0.268107	2.511107	0.348802
338.250000	0	0.100922	0.004322	0.425455	0.040255
338.250000	1	1.098516	0.397499	2.021477	0.248090
338.500000	0	0.101876	0.006220	0.463323	0.046911
338.500000	1	1.137610	0.133212	2.457951	0.316060
338.750000	0	0.102140	0.019508	0.747585	0.049766
338.750000	1	1.112864	0.532774	1.821144	0.221842
339.000000	0	0.102463	0.009473	0.632023	0.045142
339.000000	1	1.142491	0.668654	1.973756	0.238059
339.250000	0	0.102313	0.004674	0.704320	0.044481
339.250000	1	1.112966	0.462206	1.896561	0.268212
339.500000	0	0.100856	0.006393	0.397417	0.043124
339.500000	1	1.163068	0.254024	2.603277	0.381864
339.750000	0	0.100401	0.007241	0.552527	0.044550
339.750000	1	1.124576	0.566199	2.580074	0.330854
340.000000	0	0.103230	0.017090	0.876061	0.052191
340.000000	1	1.165677	0.145294	2.598400	0.325621
340.250000	0	0.102463	0.009322	0.436057	0.040019
340.250000	1	1.168989	0.557086	2.328095	0.289579
340.500000	0	0.100205	0.010309	0.537243	0.040220
340.500000	1	1.134504	0.455380	2.043755	0.246973
340.750000	0	0.102864	0.014340	0.799602	0.047753
340.750000	1	1.106488	0.500807	2.511553	0.282131
341.000000	0	0.101862	0.010944	0.477254	0.044968
341.000000	1	1.082954	0.228795	2.085810	0.266597
341.250000	0	0.102422	0.015517	0.608882	0.045819
341.250000	1	1.148701	0.433439	2.550618	0.308887
341.500000	0	0.099585	0.007126	0.426722	0.039165
341.500000	1	1.146292	0.139685	2.188833	0.322868
341.750000	0	0.100980	0.009277	0.529069	0.043041
341.750000	1	1.167070	0.350123	2.191757	0.278733
342.000000	0	0.100664	0.004271	0.480815	0.040148
342.000000	1	1.145729	0.256640	2.527648	0.283684
342.250000	0	0.102810	0.004057	0.678930	0.047592
342.250000	1	1.192154	0.361185	2.262520	0.296116
342.500000	0	0.098235	0.017854	0.366783	0.032513
342.500000	1	1.190106	0.472966	2.486649	0.349047
342.750000	0	0.099355	0.004302	0.536712	0.042869
342.750000	1	1.158641	0.391335	2.701048	0.271058
343.000000	0	0.102138	0.024872	0.533397	0.039853
343.000000	1	1.152557	0.505745	2.650549	0.272241
343.250000	0	0.099512	0.014607	0.565608	0.043622
343.250000	1	1.133439	0.487555	2.132522	0.275030
343.500000	0	0.101754	0.008938	0.349133	0.039575
343.500000	1	1.146192	0.309191	2.719388	0.310432
343.750000	0	0.099647	0.001667	0.550939	0.042766
343.750000	1	1.185838	0.304044	2.191607	0.348943
344.000000	0	0.097668	0.008322	0.322413	0.033903
344.000000	1	1.154742	0.658667	2.085188	0.234344
344.250000	0	0.101026	0.011805	0.458294	0.041154
344.250000	1	1.131459	0.225920	2.258224	0.297090
344.500000	0	0.099545	0.023378	0.557408	0.042567
344.500000	1	1.121393	0.228631	2.830335	0.274575
344.750000	0	0.102433	0.020481	0.477418	0.044410
344.750000	1	1.140082	0.233480	2.177673	0.271133
345.000000	0	0.100521	0.003444	0.349658	0.037747
345.000000	1	1.165043	0.180485	2.185252	0.289728
345.250000	0	0.097552	0.007565	0.389460	0.039003
345.250000	1	1.165794	0.345528	2.320610	0.279884
345.500000	0	0.098118	0.011411	0.437441	0.042801
345.500000	1	1.177137	0.256050	2.664797	0.334899
345.750000	0	0.097936	0.010945	0.317281	0.034981
345.750000	1	1.147646	0.707076	1.910584	0.208973
346.000000	0	0.099669	0.014410	0.408069	0.036578
346.000000	1	1.157224	0.488407	1.912857	0.206001
346.250000	0	0.099038	0.001959	0.381653	0.037964
346.250000	1	1.114097	0.400218	1.600112	0.190761
346.500000	0	0.098815	0.006219	0.349868	0.035431
346.500000	1	1.126792	0.302279	1.801122	0.243497
346.750000	0	0.099076	0.007573	0.388568	0.038506
346.750000	1	1.147706	0.301732	1.894974	0.264554
347.000000	0	0.099994	0.006107	0.506474	0.040243
347.000000	1	1.159652	0.159029	2.234419	0.300722
347.250000	0	0.099784	0.016529	0.677813	0.042073
347.250000	1	1.099861	0.438678	1.730679	0.228542
347.500000	0	0.099555	0.013694	0.362542	0.036554
347.500000	1	1.173067	0.383828	2.487761	0.325019
347.750000	0	0.101242	0.011945	0.518896	0.041505
347.750000	1	1.153108	0.377953	2.216873	0.304905
348.000000	0	0.097808	0.005663	0.328964	0.036416
348.000000	1	1.156366	0.626962	1.874578	0.241087
348.250000	0	0.099314	0.010599	0.374086	0.038134
348.250000	1	1.156390	0.630311	2.432835	0.211912
348.500000	0	0.099893	0.004835	0.852911	0.045774
348.500000	1	1.180047	0.437807	3.127500	0.321349
348.750000	0	0.102287	0.006181	0.329342	0.038950
348.750000	1	1.198432	0.481215	2.454321	0.292550
349.000000	0	0.101221	0.007710	0.552675	0.046819
349.000000	1	1.106928	0.461140	2.462519	0.251029
349.250000	0	0.100490	0.012289	0.661494	0.044338
349.250000	1	1.147325	0.225731	2.399906	0.365865
349.500000	0	0.098581	0.005311	0.423289	0.038632
349.500000	1	1.170876	0.369536	2.123895	0.322789
349.750000	0	0.098191	0.012778	0.311042	0.034631
349.750000	1	1.134279	0.356950	1.728345	0.220186
350.000000	0	0.100619	0.003907	0.454451	0.041853
350.000000	1	1.129426	0.241963	1.811572	0.257988
350.250000	0	0.101291	0.012019	0.415423	0.042062
350.250000	1	1.103564	0.141203	2.287010	0.281719
350.500000	0	0.103396	0.013601	0.511271	0.046245
350.500000	1	1.137719	0.405060	1.646482	0.224409
350.750000	0	0.101720	0.020442	0.775583	0.045302
350.750000	1	1.105383	0.584512	1.959973	0.228562
351.000000	0	0.099783	0.008812	0.369786	0.039134
351.000000	1	1.165751	0.358165	2.427392	0.331369
351.250000	0	0.102412	0.005781	0.604247	0.047714
351.250000	1	1.136478	0.356607	3.321017	0.377260
351.500000	0	0.101306	0.006409	0.420020	0.039270
351.500000	1	1.175085	0.254850	2.477547	0.363348
351.750000	0	0.103030	0.008949	0.297779	0.040818
351.750000	1	1.193285	0.424516	2.983988	0.305025
352.000000	0	0.099168	0.010318	0.401256	0.039592
352.000000	1	1.122618	0.255807	1.856723	0.234661
352.250000	0	0.099569	0.008997	0.421063	0.039714
352.250000	1	1.102918	0.476680	2.081028	0.280917
352.500000	0	0.102260	0.010665	0.399843	0.039421
352.500000	1	1.203029	0.272512	3.577163	0.442153
352.750000	0	0.098613	0.003206	0.425906	0.035010
352.750000	1	1.107589	0.441067	1.700235	0.234527
353.000000	0	0.101274	0.008186	0.481528	0.045166
353.000000	1	1.168548	0.418800	2.194110	0.304548
353.250000	0	0.100610	0.017082	0.685528	0.048892
353.250000	1	1.093146	0.179330	2.202011	0.251818
353.500000	0	0.098548	0.017206	0.657285	0.038844
353.500000	1	1.176037	0.420547	2.512264	0.274903
353.750000	0	0.098086	0.002826	0.284272	0.032301
353.750000	1	1.209008	0.504925	2.770254	0.330888
354.000000	0	0.100350	0.006230	0.385715	0.037084
354.000000	1	1.159289	0.478659	2.671225	0.270904
354.250000	0	0.101105	0.004799	0.793365	0.045752
354.250000	1	1.124262	0.470329	2.061366	0.264033
354.500000	0	0.099214	0.003661	0.482665	0.041504
354.500000	1	1.135628	0.280009	2.121832	0.258340
354.750000	0	0.099882	0.007106	0.375400	0.039591
354.750000	1	1.176867	0.149940	2.282360	0.323032
355.000000	0	0.099422	0.021227	0.398520	0.038057
355.000000	1	1.155237	0.459607	2.079902	0.259958
355.250000	0	0.099205	0.002370	0.377662	0.035791
355.250000	1	1.130591	0.480994	2.057550	0.222419
355.500000	0	0.100387	0.016222	0.487791	0.042083
355.500000	1	1.142481	0.523365	2.109827	0.244775
355.750000	0	0.100714	0.018234	0.312403	0.035712
355.750000	1	1.168960	0.314109	2.602337	0.325103
356.000000	0	0.098258	0.008016	0.507767	0.037867
356.000000	1	1.178246	0.101893	2.955513	0.350956
356.250000	0	0.098844	0.004754	0.576328	0.041010
356.250000	1	1.156706	0.324828	2.241730	0.296341
356.500000	0	0.096361	0.007672	0.265537	0.031420
356.500000	1	1.157077	0.356160	2.500906	0.303991
356.750000	0	0.099914	0.013252	0.355411	0.038568
356.750000	1	1.138404	0.265127	2.147624	0.262201
357.000000	0	0.102850	0.008208	0.842749	0.050723
357.000000	1	1.129558	0.181705	1.938435	0.258612
357.250000	0	0.100082	0.006630	0.622173	0.042795
357.250000	1	1.148015	0.462105	2.228217	0.248665
357.500000	0	0.100349	0.015295	0.305665	0.036632
357.500000	1	1.125058	0.083174	1.945509	0.256865
357.750000	0	0.103612	0.011836	1.156776	0.057707
357.750000	1	1.132469	0.236184	2.497454	0.291241
358.000000	0	0.101648	0.014398	0.529136	0.040435
358.000000	1	1.179724	0.276766	2.349444	0.316126
358.250000	0	0.100048	0.012714	0.376383	0.038140
358.250000	1	1.104628	0.546909	1.603164	0.171751
358.500000	0	0.101046	0.011081	0.557140	0.043326
358.500000	1	1.127368	0.107307	2.485626	0.355555
358.750000	0	0.104549	0.013603	0.552360	0.046206
358.750000	1	1.130730	0.199153	2.217470	0.315109
359.000000	0	0.100295	0.014686	0.689389	0.041061
359.000000	1	1.189369	0.482537	2.643919	0.347541
359.250000	0	0.103452	0.008295	0.558536	0.047781
359.250000	1	1.128753	0.193879	2.102068	0.296611
359.500000	0	0.103245	0.006213	0.476763	0.045887
359.500000	1	1.172998	0.177068	2.663815	0.374115
359.750000	0	0.100644	0.005322	0.354838	0.038162
359.750000	1	1.172088	0.531719	2.633336	0.324287
360.000000	0	0.099498	0.006634	0.728796	0.045347
360.000000	1	1.115605	0.143895	1.950560	0.273181
360.250000	0	0.103494	0.008551	1.185885	0.059332
360.250000	1	1.168090	0.385306	2.593964	0.293218
360.500000	0	0.098771	0.010105	0.636866	0.042274
360.500000	1	1.167402	0.541031	2.249982	0.260170
360.750000	0	0.098742	0.011950	0.758804	0.039548
360.750000	1	1.148609	0.486749	4.003876	0.371754
361.000000	0	0.098454	0.005150	0.377844	0.036747
361.000000	1	1.135571	0.092593	2.506843	0.314603
361.250000	0	0.098772	0.006203	0.334963	0.034577
361.250000	1	1.183283	0.232564	2.488393	0.339238
361.500000	0	0.098602	0.015378	0.279797	0.033614
361.500000	1	1.110724	0.185623	2.190325	0.274978
361.750000	0	0.099867	0.018985	0.337502	0.036329
361.750000	1	1.152247	0.360758	3.273251	0.352446
362.000000	0	0.100263	0.007037	0.564489	0.043410
362.000000	1	1.157610	0.299729	2.360263	0.308727
362.250000	0	0.101974	0.011855	0.416535	0.042911
362.250000	1	1.125930	0.261047	2.344029	0.291346
362.500000	0	0.101999	0.008376	0.501093	0.041828
362.500000	1	1.206650	0.306392	2.606414	0.389531
362.750000	0	0.099897	0.012109	0.400820	0.037731
362.750000	1	1.162631	0.412073	2.216626	0.289634
363.000000	0	0.099779	0.004826	0.314320	0.036545
363.000000	1	1.146103	0.490998	2.578862	0.272747
363.250000	0	0.097244	0.004627	0.307665	0.032807
363.250000	1	1.159505	0.244637	2.221100	0.280321
363.500000	0	0.102891	0.009023	0.313179	0.037623
363.500000	1	1.101152	0.212517	2.066442	0.263541
363.750000	0	0.100944	0.009021	0.539179	0.042553
363.750000	1	1.144123	0.505925	1.883832	0.275764
364.000000	0	0.099109	0.006460	0.430475	0.037333
364.000000	1	1.135774	0.307315	2.569738	0.310966
364.250000	0	0.098315	0.006712	0.306040	0.035627
364.250000	1	1.126675	0.572487	2.957184	0.301283
364.500000	0	0.101417	0.014649	0.633843	0.046173
364.500000	1	1.137221	0.405588	2.104009	0.281893
364.750000	0	0.100909	0.009995	0.322544	0.037745
364.750000	1	1.144533	0.241428	3.031192	0.314316
365.000000	0	0.100676	0.003646	0.389033	0.036642
365.000000	1	1.156514	0.361276	2.051173	0.289840
365.250000	0	0.097735	0.010441	0.266307	0.034872
365.250000	1	1.121844	0.300199	2.689415	0.326346
365.500000	0	0.100539	0.011834	0.315383	0.037067
365.500000	1	1.112809	0.532695	2.229521	0.283619
365.750000	0	0.100341	0.004544	0.354091	0.040676
365.750000	1	1.115614	0.498002	2.093918	0.278883
366.000000	0	0.103294	0.013485	0.709785	0.048937
366.000000	1	1.098155	0.228033	2.406848	0.327629
366.250000	0	0.098457	0.010320	0.537970	0.039614
366.250000	1	1.141652	0.475280	2.229821	0.308950
366.500000	0	0.101428	0.013592	0.450058	0.042855
366.500000	1	1.141673	0.266289	2.547356	0.314451
366.750000	0	0.102374	0.012368	0.336129	0.041060
366.750000	1	1.173583	0.172714	2.419448	0.314723
367.000000	0	0.099909	0.018018	0.460355	0.036947
367.000000	1	1.134298	0.247120	2.347954	0.280308
367.250000	0	0.100812	0.017445	0.519281	0.038021
367.250000	1	1.142118	0.488591	2.640196	0.257969
367.500000	0	0.099703	0.009414	0.367539	0.041710
367.500000	1	1.175561	0.215511	2.593888	0.325494
367.750000	0	0.098267	0.007692	0.378402	0.036333
367.750000	1	1.112682	0.102794	2.003733	0.264353
368.000000	0	0.098560	0.002943	0.394277	0.036468
368.000000	1	1.178076	0.196913	2.501266	0.385737
368.250000	0	0.100000	0.008818	0.804601	0.050678
368.250000	1	1.120544	0.286409	2.225769	0.291505
368.500000	0	0.099316	0.011914	0.606875	0.042949
368.500000	1	1.158995	0.596085	2.205144	0.272942
368.750000	0	0.099011	0.004765	0.455612	0.042269
368.750000	1	1.151472	0.507466	2.354185	0.270203
369.000000	0	0.098785	0.013794	0.322201	0.035661
369.000000	1	1.163043	0.269250	2.331773	0.273917
369.250000	0	0.100472	0.004104	0.553353	0.041855
369.250000	1	1.150923	0.383630	2.550921	0.293548
369.500000	0	0.101674	0.011739	0.503760	0.042188
369.500000	1	1.153645	0.436461	1.896254	0.266520
369.750000	0	0.100121	0.009208	0.355571	0.039357
369.750000	1	1.128180	0.522195	2.224222	0.271031
370.000000	0	0.099974	0.005917	0.467637	0.037696
370.000000	1	1.131220	0.305831	2.561926	0.340155
370.250000	0	0.100296	0.015499	0.630505	0.044439
370.250000	1	1.112898	0.405266	1.852234	0.239245
370.500000	0	0.097999	0.016989	0.521144	0.039202
370.500000	1	1.141758	0.445460	2.114860	0.270958
370.750000	0	0.098581	0.003080	0.442105	0.038430
370.750000	1	1.233177	0.339349	5.289685	0.547040
371.000000	0	0.099968	0.010993	0.628074	0.044266
371.000000	1	1.252820	0.640082	3.197082	0.424943
371.250000	0	0.100937	0.015017	0.394252	0.038217
371.250000	1	1.136125	0.160375	2.202940	0.279642
371.500000	0	0.101473	0.008423	1.041981	0.057714
371.500000	1	1.140742	0.604535	1.818389	0.201978
371.750000	0	0.101468	0.009529	0.631075	0.042818
371.750000	1	1.136076	0.253784	2.027269	0.261073
372.000000	0	0.100153	0.007235	0.483735	0.038182
372.000000	1	1.156242	0.407423	2.104261	0.273166
372.250000	0	0.099176	0.012305	0.371336	0.038835
372.250000	1	1.127447	0.328524	1.969261	0.288482
372.500000	0	0.099576	0.009566	0.458166	0.040997
372.500000	1	1.198324	0.390400	3.652914	0.451108
372.750000	0	0.099603	0.014439	0.634096	0.043751
372.750000	1	1.120257	0.218476	2.026262	0.259570
373.000000	0	0.100091	0.012484	0.827515	0.046859
373.000000	1	1.149721	0.444570	2.189751	0.315665
373.250000	0	0.097591	0.001194	0.446721	0.037204
373.250000	1	1.113012	0.234269	2.425720	0.297177
373.500000	0	0.100532	0.010013	0.541640	0.039035
373.500000	1	1.172077	0.138503	2.027223	0.326275
373.750000	0	0.098911	0.008894	0.407163	0.038067
373.750000	1	1.114667	0.560653	1.860921	0.232491
374.000000	0	0.100604	0.008887	0.475123	0.045981
374.000000	1	1.203450	0.087581	2.663459	0.374323
374.250000	0	0.098582	0.002543	0.360189	0.036824
374.250000	1	1.194532	0.346052	2.544607	0.331762
374.500000	0	0.100526	0.004507	0.815867	0.045170
374.500000	1	1.104228	0.269388	1.641164	0.249420
374.750000	0	0.102223	0.004925	0.491374	0.045504
374.750000	1	1.168409	0.432290	1.706175	0.262746
375.000000	0	0.100122	0.007238	0.378853	0.039654
375.000000	1	1.145748	0.018343	2.990502	0.365089
375.250000	0	0.100241	0.015424	0.726880	0.048049
375.250000	1	1.155390	0.472695	2.384607	0.266261
375.500000	0	0.100123	0.005598	0.456775	0.041917
375.500000	1	1.188710	0.485848	2.508353	0.274646
375.750000	0	0.105025	0.007687	0.746635	0.056206
375.750000	1	1.167000	0.329157	2.221213	0.294504
376.000000	0	0.099749	0.012571	0.351156	0.038023
376.000000	1	1.125010	0.489875	2.982177	0.298298
376.250000	0	0.100407	0.008427	0.623575	0.050104
376.250000	1	1.140265	0.362728	2.893980	0.340325
376.500000	0	0.103200	0.003047	0.671287	0.051817
376.500000	1	1.127119	0.461953	2.016135	0.247312
376.750000	0	0.101443	0.008744	0.560179	0.043424
376.750000	1	1.134295	0.237257	2.469733	0.291586
377.000000	0	0.099406	0.019736	0.910733	0.048020
377.000000	1	1.078573	0.217344	2.623768	0.309050
377.250000	0	0.102616	0.007940	0.872635	0.051198
377.250000	1	1.128867	0.483020	2.250993	0.283774
377.500000	0	0.100974	0.016702	0.695351	0.045919
377.500000	1	1.128849	0.206446	1.827204	0.244564
377.750000	0	0.102249	0.001967	0.677076	0.046557
377.750000	1	1.187404	0.227674	2.832306	0.379162
378.000000	0	0.101886	0.002379	0.636928	0.047351
378.000000	1	1.154984	0.318551	2.208177	0.296490
378.250000	0	0.100079	0.006169	0.418319	0.042687
378.250000	1	1.135861	0.283869	2.118200	0.290066
378.500000	0	0.101388	0.008696	0.571561	0.045885
378.500000	1	1.169166	0.613623	2.112616	0.286059
378.750000	0	0.100988	0.007797	0.692532	0.044488
378.750000	1	1.177048	0.307184	2.266228	0.293754
379.000000	0	0.100635	0.021227	0.840213	0.049635
379.000000	1	1.143902	0.461679	1.947216	0.251930
379.250000	0	0.100736	0.007743	0.382406	0.040812
379.250000	1	1.106512	0.559215	1.733386	0.203712
379.500000	0	0.098582	0.007628	0.540124	0.039809
379.500000	1	1.135610	0.605803	2.488191	0.311724
379.750000	0	0.100802	0.018690	0.608400	0.044701
379.750000	1	1.169481	0.333979	2.722747	0.304949
380.000000	0	0.102095	0.005342	0.420713	0.040017
380.000000	1	1.151522	0.199246	2.118980	0.291610
380.250000	0	0.099201	0.021073	0.742212	0.045090
380.250000	1	1.128852	0.374039	2.130307	0.277837
380.500000	0	0.099292	0.015978	0.494106	0.039584
380.500000	1	1.134683	0.292747	2.847184	0.316468
380.750000	0	0.099716	0.007818	0.394274	0.040449
380.750000	1	1.158249	0.338604	2.393775	0.277028
381.000000	0	0.101043	0.012777	0.402968	0.040558
381.000000	1	1.162360	0.405806	2.668123	0.318731
381.250000	0	0.100391	0.013111	0.379562	0.039192
381.250000	1	1.173144	0.466723	2.040970	0.251961
381.500000	0	0.100970	0.004587	0.570466	0.042249
381.500000	1	1.146841	0.437679	2.474505	0.280069
381.750000	0	0.102258	0.016133	0.560251	0.042823
381.750000	1	1.165045	0.481967	2.266094	0.292195
382.000000	0	0.098293	0.012452	0.390840	0.035206
382.000000	1	1.125127	0.326106	2.366906	0.287271
382.250000	0	0.102169	0.002204	0.429399	0.043397
382.250000	1	1.177251	0.339079	2.313763	0.291010
382.500000	0	0.100166	0.012732	0.971734	0.048699
382.500000	1	1.134741	0.328436	1.962857	0.268854
382.750000	0	0.098345	0.010867	0.350549	0.037110
382.750000	1	1.128663	0.437334	1.939175	0.211029
383.000000	0	0.100111	0.009961	0.797160	0.042835
383.000000	1	1.160386	0.448413	2.245403	0.227082
383.250000	0	0.097861	0.002377	0.344406	0.036192
383.250000	1	1.117800	0.331408	1.914684	0.219026
383.500000	0	0.098118	0.010997	0.311543	0.035819
383.500000	1	1.204176	0.400059	3.217099	0.338801
383.750000	0	0.098435	0.010856	0.530120	0.040326
383.750000	1	1.141388	0.221199	2.595272	0.314474
384.000000	0	0.099383	0.009460	0.378309	0.036572
384.000000	1	1.189260	0.337602	2.277270	0.312108
384.250000	0	0.095829	0.015019	0.327728	0.032130
384.250000	1	1.168447	0.680434	2.265829	0.247564
384.500000	0	0.098028	0.008221	0.503543	0.035988
384.500000	1	1.148136	0.510665	2.701857	0.244695
384.750000	0	0.098261	0.007944	0.316099	0.033641
384.750000	1	1.134685	0.327819	2.367133	0.307006
385.000000	0	0.099950	0.004778	0.659778	0.040315
385.000000	1	1.200680	0.161926	3.182532	0.433416
385.250000	0	0.098729	0.005287	0.318706	0.037163
385.250000	1	1.189982	0.679520	2.761344	0.278742
385.500000	0	0.098461	0.004539	0.464173	0.037214
385.500000	1	1.130722	0.345421	2.766607	0.298332
385.750000	0	0.099454	0.009064	0.304751	0.036819
385.750000	1	1.162474	0.417483	3.073593	0.302387
386.000000	0	0.098139	0.006049	0.327871	0.034986
386.000000	1	1.085500	0.417146	1.825817	0.228519
386.250000	0	0.098049	0.014107	0.319381	0.034826
386.250000	1	1.131463	0.057677	2.101987	0.312820
386.500000	0	0.100623	0.005197	0.445887	0.041546
386.500000	1	1.173202	0.342093	2.821056	0.323839
386.750000	0	0.099722	0.012119	0.396832	0.039110
386.750000	1	1.106052	0.350948	2.806380	0.265693
387.000000	0	0.102193	0.004473	0.553629	0.044420
387.000000	1	1.169390	0.039262	2.481735	0.365545
387.250000	0	0.102725	0.020390	0.336203	0.037447
387.250000	1	1.159061	0.349639	2.505199	0.324659
387.500000	0	0.099316	0.008242	0.615001	0.039063
387.500000	1	1.185126	0.488336	2.153803	0.279722
387.750000	0	0.097608	0.007977	0.426780	0.035777
387.750000	1	1.206878	0.465974	3.666301	0.348912
388.000000	0	0.096763	0.011326	0.285198	0.033424
388.000000	1	1.140465	0.349048	2.159697	0.288224
388.250000	0	0.102078	0.013990	0.475827	0.043502
388.250000	1	1.131363	0.101535	2.673371	0.315408
388.500000	0	0.100970	0.006793	0.911406	0.052452
388.500000	1	1.164858	0.121668	2.300009	0.296699
388.750000	0	0.098611	0.008644	0.435935	0.037719
388.750000	1	1.119932	0.271383	2.128157	0.312312
389.000000	0	0.101482	0.020464	0.405184	0.039761
389.000000	1	1.138941	0.386962	2.142149	0.287203
389.250000	0	0.102017	0.002140	0.709256	0.046531
389.250000	1	1.235634	0.481518	2.753190	0.392634
389.500000	0	0.098199	0.005203	0.360623	0.035856
389.500000	1	1.110342	0.137686	2.161777	0.253616
389.750000	0	0.101708	0.008807	0.492219	0.043030
389.750000	1	1.151057	0.351729	2.299431	0.317383
390.000000	0	0.101468	0.015164	0.648528	0.047954
390.000000	1	1.202658	0.361030	2.165584	0.310631
390.250000	0	0.098794	0.011392	0.493988	0.040648
390.250000	1	1.192430	0.488851	3.278258	0.347820
390.500000	0	0.097090	0.005997	0.247182	0.032343
390.500000	1	1.104732	0.595064	2.424683	0.273992
390.750000	0	0.101128	0.005924	0.500278	0.042334
390.750000	1	1.161685	0.157151	2.244210	0.305407
391.000000	0	0.099858	0.003393	0.336703	0.037500
391.000000	1	1.148097	0.629840	2.694016	0.314219
391.250000	0	0.097457	0.012943	0.303788	0.033357
391.250000	1	1.147073	0.185091	2.183719	0.274917
391.500000	0	0.099795	0.017479	0.339944	0.036102
391.500000	1	1.180462	0.448309	3.454150	0.407878
391.750000	0	0.102661	0.012717	0.881347	0.047543
391.750000	1	1.134600	0.372237	2.554878	0.287765
392.000000	0	0.098077	0.008360	0.392147	0.036938
392.000000	1	1.102679	0.321084	2.231856	0.286097
392.250000	0	0.100446	0.009646	0.463698	0.037876
392.250000	1	1.134684	0.196297	1.935071	0.261966
392.500000	0	0.099390	0.013983	0.284297	0.032053
392.500000	1	1.082104	0.396869	1.843081	0.245981
392.750000	0	0.098852	0.013879	0.521679	0.036402
392.750000	1	1.164030	0.421345	2.698019	0.340720
393.000000	0	0.101725	0.004457	0.455581	0.042225
393.000000	1	1.111518	0.311341	2.147923	0.238150
393.250000	0	0.101226	0.008161	0.429401	0.038866
393.250000	1	1.164900	0.211531	2.621729	0.321451
393.500000	0	0.099643	0.013933	0.645696	0.045590
393.500000	1	1.137436	0.213238	1.843458	0.256379
393.750000	0	0.100234	0.010717	0.360872	0.041601
393.750000	1	1.110232	0.167330	1.917484	0.295565
394.000000	0	0.101850	0.003253	0.437927	0.040596
394.000000	1	1.134494	0.136605	2.166341	0.297485
394.250000	0	0.100539	0.005183	0.601936	0.043301
394.250000	1	1.133308	0.336183	2.223727	0.283881
394.500000	0	0.100025	0.010208	0.345766	0.042160
394.500000	1	1.159561	0.269487	2.827915	0.290541
394.750000	0	0.100850	0.008457	0.619724	0.045464
394.750000	1	1.164426	0.319356	2.131633	0.290028
395.000000	0	0.099883	0.015273	0.412265	0.040650
395.000000	1	1.160272	0.587329	2.637837	0.271585
395.250000	0	0.098915	0.015515	0.316838	0.035518
395.250000	1	1.184528	0.082388	3.828716	0.382236
395.500000	0	0.099876	0.008920	0.361482	0.039673
395.500000	1	1.105667	0.444730	2.107744	0.276735
395.750000	0	0.097596	0.016982	0.454692	0.037268
395.750000	1	1.166279	0.323911	2.487759	0.297066
396.000000	0	0.099579	0.005010	0.280660	0.033235
396.000000	1	1.170264	0.417777	2.707149	0.373025
396.250000	0	0.099809	0.009753	0.536648	0.039050
396.250000	1	1.156399	0.318068	2.034356	0.287833
396.500000	0	0.097559	0.004555	0.375080	0.036571
396.500000	1	1.128410	0.240782	2.403374	0.268329
396.750000	0	0.100716	0.012523	0.372392	0.040209
396.750000	1	1.169465	0.246720	2.239333	0.306266
397.000000	0	0.100680	0.008280	0.478094	0.040650
397.000000	1	1.122979	0.370250	1.891880	0.249753
397.250000	0	0.099951	0.002958	0.381232	0.038251
397.250000	1	1.135246	0.126892	2.482552	0.301225
397.500000	0	0.100623	0.010929	0.887624	0.046220
397.500000	1	1.129384	0.436708	2.014708	0.266403
397.750000	0	0.100510	0.012434	0.378366	0.040652
397.750000	1	1.151695	0.489735	3.375914	0.333854
398.000000	0	0.101312	0.003219	1.013432	0.054849
398.000000	1	1.130016	0.457104	2.505537	0.258750
398.250000	0	0.102242	0.003422	0.475012	0.042922
398.250000	1	1.176950	0.463584	2.034863	0.242032
398.500000	0	0.100971	0.008766	0.428467	0.037717
398.500000	1	1.109042	0.547404	2.338472	0.231227
398.750000	0	0.099656	0.011898	0.435017	0.041347
398.750000	1	1.134119	0.183577	2.325910	0.276376
399.000000	0	0.100274	0.017245	0.419885	0.038217
399.000000	1	1.123230	0.475423	2.041422	0.241932
399.250000	0	0.101670	0.016283	0.497493	0.044435
399.250000	1	1.152303	0.106385	2.121894	0.312299
399.500000	0	0.099655	0.010213	0.420491	0.036246
399.500000	1	1.143370	0.499966	2.478295	0.292289
399.750000	0	0.099868	0.006997	0.286317	0.035363
399.750000	1	1.156770	0.484542	2.252395	0.318274
400.000000	0	0.099863	0.003270	0.328831	0.035829
400.000000	1	1.152993	0.554564	2.165486	0.303519
400.250000	0	0.101252	0.009515	0.644088	0.046074
400.250000	1	1.140893	0.381673	2.355585	0.311410
400.500000	0	0.100041	0.010122	0.375521	0.035978
400.500000	1	1.228173	0.513971	4.126677	0.457756
400.750000	0	0.099781	0.012794	0.593649	0.043043
400.750000	1	1.121116	0.033049	2.807398	0.353357
401.000000	0	0.101503	0.019920	0.417936	0.038995
401.000000	1	1.158158	0.402112	2.599586	0.327701
401.250000	0	0.097741	0.003007	0.321993	0.034563
401.250000	1	1.097492	0.400513	2.160185	0.306282
401.500000	0	0.098967	0.006850	0.471490	0.039886
401.500000	1	1.147017	0.481706	2.163223	0.278653
401.750000	0	0.100196	0.004141	0.502313	0.043365
401.750000	1	1.156686	0.416229	2.120625	0.269110
402.000000	0	0.101314	0.005035	0.337094	0.039184
402.000000	1	1.129562	0.493817	2.295041	0.242319
402.250000	0	0.099006	0.020273	0.558347	0.040198
402.250000	1	1.203313	0.120531	2.972155	0.376983
402.500000	0	0.097494	0.001150	0.322778	0.036866
402.500000	1	1.148044	0.599030	2.347008	0.247039
402.750000	0	0.101951	0.008775	1.168389	0.058503
402.750000	1	1.113663	0.217484	2.435603	0.314706
403.000000	0	0.103118	0.016401	0.909174	0.049214
403.000000	1	1.158506	0.483131	2.536908	0.311096
403.250000	0	0.100170	0.015275	0.385706	0.036131
403.250000	1	1.164623	0.039907	1.925085	0.268752
403.500000	0	0.102326	0.009169	0.507883	0.040960
403.500000	1	1.108946	0.421906	1.885068	0.262251
403.750000	0	0.102418	0.012558	0.791898	0.051253
403.750000	1	1.207032	0.590405	2.661791	0.299995
404.000000	0	0.099103	0.013636	0.566876	0.043576
404.000000	1	1.139549	0.638829	2.491696	0.260232
404.250000	0	0.098248	0.009725	0.331955	0.033863
404.250000	1	1.176403	0.379823	2.182749	0.269130
404.500000	0	0.099146	0.012892	0.370656	0.033065
404.500000	1	1.103010	0.129369	2.425578	0.309877
404.750000	0	0.098380	0.010284	0.571446	0.041692
404.750000	1	1.155995	0.399149	2.228236	0.277597
405.000000	0	0.099834	0.006206	0.345492	0.037635
405.000000	1	1.373781	0.351513	16.372326	1.905307
405.250000	0	0.102499	0.006694	0.620223	0.046164
405.250000	1	1.128440	0.290286	2.293913	0.296193
405.500000	0	0.100477	0.012297	0.677936	0.044671
405.500000	1	1.117018	0.526387	2.421677	0.245924
405.750000	0	0.100472	0.006866	0.654795	0.044143
405.750000	1	1.153825	0.324922	2.636036	0.306081
406.000000	0	0.099134	0.017660	0.522800	0.040362
406.000000	1	1.132578	0.602332	2.154312	0.264739
406.250000	0	0.102088	0.014161	0.368364	0.040252
406.250000	1	1.178467	0.146457	5.065507	0.598950
406.500000	0	0.102171	0.014418	0.513554	0.047069
406.500000	1	1.174744	0.145256	2.364370	0.333376
406.750000	0	0.100210	0.004203	0.386207	0.039151
406.750000	1	1.137321	0.363761	2.440936	0.275180
407.000000	0	0.098108	0.013565	0.254900	0.032086
407.000000	1	1.157437	0.405413	2.924446	0.360257
407.250000	0	0.101139	0.017663	0.650295	0.044440
407.250000	1	1.139208	0.241099	2.263659	0.293084
407.500000	0	0.101765	0.012002	0.639443	0.046343
407.500000	1	1.086638	0.214424	2.219777	0.232275
407.750000	0	0.101501	0.011696	0.439421	0.040001
407.750000	1	1.254425	0.385717	4.615839	0.485173
408.000000	0	0.101098	0.004098	0.661966	0.045368
408.000000	1	1.104448	0.169305	2.109157	0.260929
408.250000	0	0.100410	0.007356	0.495233	0.042605
408.250000	1	1.200864	0.377911	2.523712	0.344675
408.500000	0	0.098895	0.008047	0.573889	0.042314
408.500000	1	1.146321	0.346667	2.489907	0.273078
408.750000	0	0.102533	0.008170	0.748096	0.049878
408.750000	1	1.132637	0.217061	2.412643	0.308354
409.000000	0	0.099686	0.020352	0.273597	0.034174
409.000000	1	1.194736	0.429403	2.721873	0.356875
409.250000	0	0.100330	0.013324	0.451343	0.041569
409.250000	1	1.183472	0.262268	2.918861	0.343598
409.500000	0	0.101712	0.024065	0.488649	0.042858
409.500000	1	1.167211	0.341899	2.115007	0.280273
409.750000	0	0.099989	0.013856	0.372279	0.036663
409.750000	1	1.204199	0.575185	7.486489	0.765223
410.000000	0	0.100946	0.008010	0.491364	0.041834
410.000000	1	1.119147	0.542305	2.458041	0.247000
410.250000	0	0.100313	0.023102	0.605808	0.043056
410.250000	1	1.177166	0.691810	2.887941	0.278318
410.500000	0	0.100086	0.008512	0.666962	0.042491
410.500000	1	1.142537	0.274363	2.903918	0.337191
410.750000	0	0.098994	0.015886	0.456665	0.038649
410.750000	1	1.116279	0.398280	2.254170	0.272180
411.000000	0	0.099047	0.007401	0.523890	0.040310
411.000000	1	1.166385	0.632830	2.253509	0.278418
411.250000	0	0.099169	0.005192	0.319152	0.037082
411.250000	1	1.120332	0.354843	1.973152	0.217839
411.500000	0	0.100390	0.004940	0.414457	0.045225
411.500000	1	1.162082	0.474716	2.817334	0.320854
411.750000	0	0.100013	0.019015	0.680046	0.046354
411.750000	1	1.142125	0.309928	2.210976	0.295350
412.000000	0	0.099442	0.013279	0.322960	0.037317
412.000000	1	1.154545	0.342829	2.572951	0.339018
412.250000	0	0.104065	0.007855	0.744041	0.050292
412.250000	1	1.169560	0.414025	2.571658	0.313160
412.500000	0	0.098919	0.005055	0.738701	0.044923
412.500000	1	1.168676	0.218331	2.619562	0.322288
412.750000	0	0.096957	0.010133	0.369198	0.033897
412.750000	1	1.116883	0.171839	3.077383	0.308994
413.000000	0	0.100040	0.004830	0.407685	0.041045
413.000000	1	1.129673	0.206987	2.496118	0.279401
413.250000	0	0.101314	0.009725	0.596846	0.044777
413.250000	1	1.134813	0.186434	2.007529	0.260252
413.500000	0	0.099947	0.011604	0.465651	0.040373
413.500000	1	1.124455	0.273064	1.978017	0.235220
413.750000	0	0.099490	0.009533	0.311488	0.034652
413.750000	1	1.146046	0.272373	2.189766	0.265312
414.000000	0	0.101264	0.008395	0.855241	0.052129
414.000000	1	1.190789	0.380638	4.148262	0.426169
414.250000	0	0.100081	0.005943	0.392891	0.039896
414.250000	1	1.127211	0.367061	2.399419	0.290164
414.500000	0	0.099267	0.003896	0.628965	0.042936
414.500000	1	1.138583	0.534759	1.863712	0.240435
414.750000	0	0.102246	0.010755	0.889403	0.052547
414.750000	1	1.108136	0.624261	1.834185	0.229171
415.000000	0	0.102019	0.009817	0.660106	0.049296
415.000000	1	1.139302	0.677825	2.813455	0.261993
415.250000	0	0.099680	0.009224	0.495349	0.043252
415.250000	1	1.124106	0.146370	2.681513	0.313283
415.500000	0	0.103318	0.016744	0.684088	0.046694
415.500000	1	1.161612	0.235494	2.089373	0.299057
415.750000	0	0.101100	0.004485	0.529555	0.044034
415.750000	1	1.151890	0.383830	1.952458	0.259094
416.000000	0	0.099514	0.019647	0.317217	0.033930
416.000000	1	1.221274	0.713597	3.446676	0.391867
416.250000	0	0.099954	0.017836	0.363471	0.037940
416.250000	1	1.119838	0.201806	2.343165	0.277734
416.500000	0	0.097916	0.011700	0.568199	0.038620
416.500000	1	1.102085	0.352265	1.968920	0.260142
416.750000	0	0.101162	0.010194	0.510135	0.042079
416.750000	1	1.178608	0.314702	2.240991	0.265768
417.000000	0	0.099473	0.005912	0.528539	0.043097
417.000000	1	1.133498	0.376685	2.293541	0.270867
417.250000	0	0.098978	0.022647	0.342371	0.039563
417.250000	1	1.098751	0.026054	2.169169	0.261372
417.500000	0	0.102300	0.004174	0.351587	0.043814
417.500000	1	1.129614	0.542478	1.752657	0.220540
417.750000	0	0.102815	0.005878	0.568881	0.046642
417.750000	1	1.163028	0.368457	2.608197	0.327223
418.000000	0	0.100469	0.013172	0.461048	0.043010
418.000000	1	1.129022	0.327519	2.040555	0.259929
418.250000	0	0.102477	0.009066	0.536853	0.044347
418.250000	1	1.138486	0.184353	1.852378	0.279842
418.500000	0	0.100182	0.010804	0.314040	0.038630
418.500000	1	1.152711	0.600920	1.872429	0.238043
418.750000	0	0.098143	0.005343	0.563960	0.042169
418.750000	1	1.146795	0.288303	2.246162	0.288255
419.000000	0	0.100642	0.010086	0.383745	0.038865
419.000000	1	1.133523	0.588882	2.452479	0.303020
419.250000	0	0.104120	0.012365	1.390236	0.070061
419.250000	1	1.125824	0.289332	3.455164	0.326228
419.500000	0	0.102248	0.009033	0.834152	0.047516
419.500000	1	1.125925	0.409517	1.874951	0.253342
419.750000	0	0.101111	0.009646	0.466126	0.042649
419.750000	1	1.158345	0.599524	1.988663	0.254030
420.000000	0	0.100787	0.012524	0.549634	0.042264
420.000000	1	1.141076	0.539062	2.174506	0.257802
420.250000	0	0.105029	0.002847	0.924220	0.060238
420.250000	1	1.145491	0.419719	2.390702	0.290963
420.500000	0	0.102300	0.017490	0.398380	0.042057
420.500000	1	1.116822	0.173669	1.905635	0.272312
420.750000	0	0.102444	0.004003	1.570745	0.067377
420.750000	1	1.144333	0.465370	3.080394	0.333156
421.000000	0	0.102549	0.004779	0.856167	0.048471
421.000000	1	1.155913	0.489936	2.629039	0.289642
421.250000	0	0.100287	0.001634	0.735803	0.043266
421.250000	1	1.136888	0.487156	1.879760	0.262749
421.500000	0	0.100675	0.005255	0.430844	0.046153
421.500000	1	1.130582	0.565856	2.076405	0.245816
421.750000	0	0.100036	0.006693	0.470263	0.040697
421.750000	1	1.121652	0.359992	2.332029	0.324101
422.000000	0	0.102450	0.017523	0.511414	0.044517
422.000000	1	1.132658	0.135894	3.282366	0.403333
422.250000	0	0.103434	0.006819	0.778930	0.051879
422.250000	1	1.159952	0.505889	2.015430	0.289237
422.500000	0	0.100599	0.010860	0.420509	0.041899
422.500000	1	1.157204	0.429321	2.694277	0.288483
422.750000	0	0.101948	0.009343	0.797385	0.050776
422.750000	1	1.128058	0.259030	2.176652	0.310193
423.000000	0	0.101033	0.013179	0.611017	0.049027
423.000000	1	1.178665	0.552388	2.384349	0.278472
423.250000	0	0.101398	0.017541	0.515149	0.042340
423.250000	1	1.139315	0.380272	2.368050	0.294220
423.500000	0	0.098145	0.006259	0.429784	0.036389
423.500000	1	1.131432	0.616036	2.253539	0.291092
423.750000	0	0.101009	0.006718	0.568916	0.045811
423.750000	1	1.130278	0.082400	2.991773	0.327921
424.000000	0	0.100378	0.009060	0.411066	0.042939
424.000000	1	1.147930	0.321600	2.400367	0.307707
424.250000	0	0.101526	0.015527	0.605097	0.043184
424.250000	1	1.139027	0.454730	2.176452	0.269802
424.500000	0	0.100057	0.024230	0.347276	0.039570
424.500000	1	1.163930	0.375412	5.159314	0.488657
424.750000	0	0.103954	0.002276	0.672032	0.056169
424.750000	1	1.191081	0.489726	2.110772	0.287317
425.000000	0	0.103955	0.017151	1.265093	0.061725
425.000000	1	1.143589	0.320354	3.093995	0.289480
425.250000	0	0.103235	0.004574	1.146211	0.061192
425.250000	1	1.120994	0.390923	2.558706	0.259248
425.500000	0	0.100763	0.016950	0.472831	0.041135
425.500000	1	1.127150	0.254138	2.600236	0.298849
425.750000	0	0.099032	0.011304	0.613588	0.038859
425.750000	1	1.152071	0.235009	2.267445	0.272578
426.000000	0	0.100054	0.013343	0.347098	0.037333
426.000000	1	1.171445	0.602414	2.335261	0.250391
426.250000	0	0.097683	0.022106	0.461296	0.036411
426.250000	1	1.144482	0.240664	2.481982	0.275991
426.500000	0	0.099260	0.019621	0.475868	0.042472
426.500000	1	1.161085	0.526305	2.237412	0.273916
426.750000	0	0.100981	0.011722	0.449737	0.040269
426.750000	1	1.146860	0.421475	3.061627	0.354437
427.000000	0	0.100840	0.006830	0.640020	0.042072
427.000000	1	1.140922	0.390772	2.232155	0.306447
427.250000	0	0.099090	0.009088	0.402051	0.037975
427.250000	1	1.154194	0.461653	1.907366	0.222352
427.500000	0	0.098857	0.012675	0.331406	0.035228
427.500000	1	1.118589	0.080700	2.629936	0.337680
427.750000	0	0.098868	0.003391	0.509003	0.042548
427.750000	1	1.092134	0.430494	1.995492	0.274598
428.000000	0	0.098482	0.009726	0.337836	0.035342
428.000000	1	1.108666	0.528564	1.715980	0.211306
428.250000	0	0.100833	0.002239	0.419586	0.040171
428.250000	1	1.122555	0.307051	2.056686	0.298414
428.500000	0	0.101029	0.008101	0.381508	0.038131
428.500000	1	1.144009	0.064834	2.463497	0.345615
428.750000	0	0.100383	0.013288	0.541418	0.040143
428.750000	1	1.113135	0.183009	2.135110	0.309159
429.000000	0	0.101129	0.017475	0.479646	0.038636
429.000000	1	1.122011	0.207693	2.483415	0.337786
429.250000	0	0.099916	0.013681	0.465757	0.040740
429.250000	1	1.117668	0.421057	2.169442	0.247590
429.500000	0	0.099259	0.013496	0.446205	0.041002
429.500000	1	1.118584	0.466958	1.908302	0.219788
429.750000	0	0.099726	0.008248	0.344138	0.037528
429.750000	1	1.170191	0.205443	2.229612	0.299325
430.000000	0	0.098541	0.002306	0.575396	0.040713
430.000000	1	1.159447	0.420770	3.387963	0.403499
430.250000	0	0.103593	0.006648	0.333641	0.041100
430.250000	1	1.131616	0.173128	2.449241	0.324483
430.500000	0	0.099582	0.015576	0.432585	0.041489
430.500000	1	1.136592	0.210346	1.936512	0.269498
430.750000	0	0.100427	0.009612	0.548155	0.046295
430.750000	1	1.138227	0.245774	2.247844	0.276462
431.000000	0	0.098974	0.007118	0.518898	0.042623
431.000000	1	1.157532	0.437799	1.992037	0.272656
431.250000	0	0.099162	0.009270	0.737321	0.042134
431.250000	1	1.163676	0.447897	3.342434	0.373466
431.500000	0	0.098593	0.010936	0.397127	0.038237
431.500000	1	1.131459	0.325174	2.113619	0.257710
431.750000	0	0.101157	0.005194	0.491012	0.042463
431.750000	1	1.135838	0.566952	2.198291	0.278732
432.000000	0	0.100343	0.006947	0.766362	0.045741
432.000000	1	1.137784	0.265116	3.052662	0.349820
432.250000	0	0.099654	0.008601	0.504351	0.042055
432.250000	1	1.592048	0.193926	26.691836	3.262190
432.500000	0	0.102263	0.022622	1.114042	0.056130
432.500000	1	1.166151	0.426248	2.140939	0.298680
432.750000	0	0.102174	0.006611	0.467694	0.043955
432.750000	1	1.138127	0.116451	2.048306	0.298542
433.000000	0	0.098924	0.013840	0.362044	0.037249
433.000000	1	1.153315	0.557729	3.100818	0.309952
433.250000	0	0.104853	0.027089	1.212343	0.060046
433.250000	1	1.089620	0.212837	1.892077	0.234835
433.500000	0	0.101823	0.005460	0.490821	0.045032
433.500000	1	1.128296	0.333301	2.267005	0.323976
433.750000	0	0.102527	0.013580	0.438753	0.043549
433.750000	1	1.167568	0.281476	2.903314	0.333277
434.000000	0	0.102740	0.020855	0.760988	0.050373
434.000000	1	1.171127	0.260539	2.824516	0.347089
434.250000	0	0.099656	0.009714	0.329782	0.037255
434.250000	1	1.164517	0.452122	3.362279	0.376029
434.500000	0	0.103880	0.004627	0.513294	0.051127
434.500000	1	1.129158	0.225530	2.322756	0.287695
434.750000	0	0.100005	0.011956	0.461974	0.039644
434.750000	1	1.103480	0.280060	2.531639	0.306818
435.000000	0	0.098765	0.009615	0.707431	0.043402
435.000000	1	1.148439	0.388458	2.235706	0.308249
435.250000	0	0.099520	0.010949	0.544058	0.041452
435.250000	1	1.198077	0.248239	3.091359	0.336449
435.500000	0	0.098953	0.008743	0.408699	0.035301
435.500000	1	1.116469	0.365903	1.868195	0.254272
435.750000	0	0.098928	0.013207	0.651169	0.040403
435.750000	1	1.076288	0.184206	1.744570	0.235921
436.000000	0	0.098613	0.007504	0.404607	0.038888
436.000000	1	1.189063	0.146225	2.967370	0.367607
436.250000	0	0.098731	0.004578	0.460125	0.037446
436.250000	1	1.124842	0.522761	1.983018	0.223004
436.500000	0	0.099411	0.019645	0.395581	0.036154
436.500000	1	1.174270	0.476467	2.627860	0.335892
436.750000	0	0.100697	0.006819	0.617849	0.041825
436.750000	1	1.208117	0.275468	4.358459	0.453890
437.000000	0	0.099561	0.005059	0.343193	0.036768
437.000000	1	1.086140	0.259691	1.936678	0.245230
437.250000	0	0.099499	0.016946	0.335057	0.035282
437.250000	1	1.216064	0.513936	3.021806	0.339562
437.500000	0	0.098688	0.017162	0.375526	0.037007
437.500000	1	1.191290	0.194819	2.919051	0.320399
437.750000	0	0.101278	0.004577	0.667294	0.046818
437.750000	1	1.153595	0.318174	2.532262	0.275795
438.000000	0	0.098475	0.007006	0.648000	0.043329
438.000000	1	1.195591	0.345095	1.943953	0.266974
438.250000	0	0.100838	0.006872	0.501599	0.040901
438.250000	1	1.119731	0.421925	1.796585	0.207358
438.500000	0	0.098921	0.008927	0.437272	0.041201
438.500000	1	1.104226	0.226053	2.415433	0.282494
438.750000	0	0.099799	0.011985	0.533247	0.040234
438.750000	1	1.106777	0.210515	2.569982	0.335924
439.000000	0	0.102639	0.010666	0.417769	0.043168
439.000000	1	1.117935	0.112199	1.830582	0.281239
439.250000	0	0.100503	0.004613	0.495040	0.041968
439.250000	1	1.137306	0.271006	2.416704	0.300228
439.500000	0	0.100975	0.010708	0.540495	0.044860
439.500000	1	1.128484	0.286266	2.506676	0.324176
439.750000	0	0.101210	0.006579	0.682092	0.043491
439.750000	1	1.111964	0.282908	2.030821	0.237624
440.000000	0	0.100225	0.004644	0.462826	0.039747
440.000000	1	1.134234	0.193831	2.376198	0.278434
440.250000	0	0.096813	0.007031	0.372495	0.036852
440.250000	1	1.179648	0.416919	2.306472	0.288519
440.500000	0	0.097620	0.005242	0.297208	0.035290
440.500000	1	1.115268	0.244777	2.171509	0.237349
440.750000	0	0.099149	0.003295	0.374413	0.036421
440.750000	1	1.119178	0.199518	1.880625	0.257404
441.000000	0	0.100485	0.007601	0.389787	0.041755
441.000000	1	1.140848	0.298229	1.750804	0.220733
441.250000	0	0.100329	0.013490	0.530333	0.043609
441.250000	1	1.170507	0.184808	2.366070	0.295592
441.500000	0	0.100782	0.015012	0.448283	0.044484
441.500000	1	1.133508	0.488139	1.973560	0.252288
441.750000	0	0.103802	0.013881	1.014102	0.054471
441.750000	1	1.150562	0.487483	2.346595	0.267699
442.000000	0	0.100227	0.018905	0.330911	0.038498
442.000000	1	1.144818	0.516721	2.043715	0.253915
442.250000	0	0.101029	0.006749	0.454692	0.044224
442.250000	1	1.149309	0.447616	2.177683	0.268982
442.500000	0	0.100050	0.006951	0.550426	0.041430
442.500000	1	1.116370	0.133107	2.359534	0.325344
442.750000	0	0.101548	0.014276	0.541957	0.046212
442.750000	1	1.172909	0.256854	2.695584	0.351969
443.000000	0	0.101725	0.005965	0.826031	0.050543
443.000000	1	1.130329	0.676218	2.256059	0.235044
443.250000	0	0.101968	0.006485	0.727723	0.046053
443.250000	1	1.122822	0.432017	2.107096	0.265601
443.500000	0	0.100293	0.006048	0.528481	0.039171
443.500000	1	1.179084	0.525041	2.426835	0.340873
443.750000	0	0.099105	0.003483	0.373664	0.033239
443.750000	1	1.152075	0.261198	2.727740	0.327621
444.000000	0	0.099017	0.011045	0.487553	0.039923
444.000000	1	1.159317	0.292367	2.549993	0.335503
444.250000	0	0.098804	0.003333	0.345380	0.037051
444.250000	1	1.166358	0.324056	2.144662	0.278167
444.500000	0	0.098214	0.009097	0.276196	0.032909
444.500000	1	1.091124	0.059005	2.080789	0.276024
444.750000	0	0.099581	0.009271	0.419855	0.038843
444.750000	1	1.179413	0.038929	2.303556	0.311448
445.000000	0	0.098791	0.014446	0.638606	0.040966
445.000000	1	1.105041	0.495292	1.776347	0.213346
445.250000	0	0.100910	0.011610	0.412942	0.038086
445.250000	1	1.164024	0.538291	2.476358	0.284613
445.500000	0	0.098633	0.003649	0.401920	0.038396
445.500000	1	1.110103	0.352992	2.427863	0.305416
445.750000	0	0.101610	0.007872	0.327828	0.038378
445.750000	1	1.166956	0.293511	2.263577	0.345523
446.000000	0	0.097926	0.011343	0.323402	0.035639
446.000000	1	1.165173	0.038424	2.092505	0.309308
446.250000	0	0.098339	0.013978	0.310580	0.035010
446.250000	1	1.168158	0.421965	2.393144	0.282036
446.500000	0	0.097599	0.007550	0.520566	0.040500
446.500000	1	1.109151	0.459077	2.081926	0.235433
446.750000	0	0.099489	0.007749	0.567082	0.040586
446.750000	1	1.125656	0.489475	2.530585	0.276680
447.000000	0	0.100958	0.007933	0.543028	0.047099
447.000000	1	1.129736	0.302571	2.613662	0.312388
447.250000	0	0.104238	0.013767	1.024814	0.058820
447.250000	1	1.183045	0.428185	2.027851	0.309382
447.500000	0	0.098741	0.012339	0.429480	0.041212
447.500000	1	1.165342	0.444485	3.159016	0.319565
447.750000	0	0.099867	0.016333	0.633267	0.042334
447.750000	1	1.123068	0.594259	2.180590	0.230562
448.000000	0	0.098582	0.003576	0.445191	0.038320
448.000000	1	1.101109	0.387698	2.294718	0.295393
448.250000	0	0.099689	0.008511	0.340251	0.037992
448.250000	1	1.153003	0.355542	2.618037	0.320003
448.500000	0	0.100688	0.008746	0.710032	0.044550
448.500000	1	1.145241	0.341539	2.141357	0.302343
448.750000	0	0.099278	0.005325	0.603470	0.040661
448.750000	1	1.208852	0.640022	2.769176	0.319515
449.000000	0	0.098694	0.008264	0.366445	0.038479
449.000000	1	1.156454	0.654828	2.096806	0.233017
449.250000	0	0.101136	0.014661	0.727049	0.043092
449.250000	1	1.172870	0.441491	3.159004	0.372128
449.500000	0	0.097156	0.006089	0.348512	0.037795
449.500000	1	1.160752	0.289928	3.108929	0.326502
449.750000	0	0.100835	0.005897	0.326645	0.039080
449.750000	1	1.424739	0.393441	17.414217	2.034183
450.000000	0	0.099285	0.002970	0.363587	0.037328
450.000000	1	1.160266	0.265357	2.629374	0.354516
450.250000	0	0.097179	0.011178	0.544063	0.041153
450.250000	1	1.180977	0.453744	2.365965	0.297834
450.500000	0	0.099934	0.014567	0.348677	0.036564
450.500000	1	1.162771	0.292104	2.900982	0.352045
450.750000	0	0.100258	0.014862	0.385390	0.038424
450.750000	1	1.118015	0.385639	2.205933	0.269887
451.000000	0	0.102278	0.005892	0.391807	0.045985
451.000000	1	1.154674	0.401732	2.015921	0.281694
451.250000	0	0.101114	0.003178	0.393742	0.039366
451.250000	1	1.228639	0.400593	5.828072	0.667550
451.500000	0	0.101359	0.001837	0.573412	0.045613
451.500000	1	1.139064	0.405907	2.358645	0.279026
451.750000	0	0.098564	0.003177	0.531352	0.040780
451.750000	1	1.122824	0.492288	2.310053	0.298874
452.000000	0	0.100880	0.008627	0.596845	0.048060
452.000000	1	1.178547	0.533258	2.934619	0.354965
452.250000	0	0.104617	0.007332	0.750244	0.056991
452.250000	1	1.185024	0.333848	2.288952	0.309589
452.500000	0	0.097832	0.010174	0.428048	0.034983
452.500000	1	1.111947	0.285397	2.054884	0.242804
452.750000	0	0.099631	0.004447	0.369202	0.037654
452.750000	1	1.138587	0.192228	2.595711	0.338131
453.000000	0	0.100455	0.007727	0.457135	0.042942
453.000000	1	1.241102	0.214983	4.557516	0.508762
453.250000	0	0.102723	0.010238	0.666750	0.048179
453.250000	1	1.094773	0.311132	1.871018	0.278991
453.500000	0	0.099979	0.013414	0.680405	0.043842
453.500000	1	1.103559	0.172221	2.509350	0.297965
453.750000	0	0.104341	0.012129	0.679059	0.047973
453.750000	1	1.160200	0.628267	2.353904	0.313266
454.000000	0	0.100123	0.005501	0.484009	0.040415
454.000000	1	1.226675	0.205485	2.783265	0.364210
454.250000	0	0.100632	0.019509	0.591105	0.044745
454.250000	1	1.180604	0.591072	2.978844	0.284309
454.500000	0	0.101587	0.011575	0.499534	0.043617
454.500000	1	1.128398	0.174848	2.405342	0.279709
454.750000	0	0.099002	0.007200	0.375207	0.037312
454.750000	1	1.095537	0.270825	2.048900	0.225537
455.000000	0	0.098042	0.003829	0.367970	0.038203
455.000000	1	1.133815	0.099057	2.089370	0.301969
455.250000	0	0.098699	0.016467	0.366410	0.036379
455.250000	1	1.152803	0.444134	2.437661	0.296333
455.500000	0	0.100015	0.016368	0.819658	0.047680
455.500000	1	1.116805	0.475562	2.061375	0.222467
455.750000	0	0.099978	0.004508	0.364243	0.038806
455.750000	1	1.108292	0.325632	2.094938	0.240535
456.000000	0	0.101010	0.012013	0.490219	0.043145
456.000000	1	1.114037	0.259948	1.972160	0.259349
456.250000	0	0.097463	0.010784	0.338035	0.036583
456.250000	1	1.175249	0.373173	2.504341	0.320899
456.500000	0	0.101026	0.008941	0.388168	0.043755
456.500000	1	1.119637	0.298913	2.405763	0.284171
456.750000	0	0.101929	0.006984	0.435240	0.045026
456.750000	1	1.160273	0.348358	2.611570	0.308409
457.000000	0	0.101009	0.008293	0.459955	0.041714
457.000000	1	1.139794	0.356223	2.636093	0.307304
457.250000	0	0.101510	0.009699	0.329063	0.041913
457.250000	1	1.086594	0.533036	1.753530	0.207173
457.500000	0	0.101526	0.014126	0.480009	0.043663
457.500000	1	1.171304	0.266072	2.442783	0.295468
457.750000	0	0.100060	0.012200	0.361629	0.041220
457.750000	1	1.159228	0.460075	2.573109	0.302796
458.000000	0	0.102106	0.005142	0.533480	0.045874
458.000000	1	1.127583	0.284328	1.799123	0.232129
458.250000	0	0.101441	0.003985	0.437878	0.042844
458.250000	1	1.135146	0.366047	2.155023	0.270445
458.500000	0	0.098069	0.007492	0.301383	0.034564
458.500000	1	1.188521	0.400612	2.714408	0.370119
458.750000	0	0.099388	0.019317	0.346250	0.035646
458.750000	1	1.134483	0.373741	2.673093	0.329819
459.000000	0	0.099302	0.005783	0.498074	0.040681
459.000000	1	1.181970	0.207688	3.434918	0.423094
459.250000	0	0.101697	0.009651	0.848751	0.048518
459.250000	1	1.135894	0.617925	1.897719	0.226617
459.500000	0	0.101861	0.015369	0.364175	0.037017
459.500000	1	1.139464	0.484808	2.171619	0.267323
459.750000	0	0.101426	0.005434	0.832549	0.050055
459.750000	1	1.174832	0.321951	2.926275	0.357566
460.000000	0	0.102174	0.016707	0.849494	0.051311
460.000000	1	1.142748	0.273619	2.166272	0.284096
460.250000	0	0.098552	0.010298	0.305266	0.035515
460.250000	1	1.116775	0.282835	2.294490	0.286272
460.500000	0	0.100215	0.006615	0.407467	0.039585
460.500000	1	1.172402	0.153125	2.348363	0.347662
460.750000	0	0.101178	0.013019	0.383034	0.040183
460.750000	1	1.119962	0.145541	2.300235	0.302856
461.000000	0	0.098574	0.018161	0.556111	0.038926
461.000000	1	1.134356	0.548662	2.219488	0.233994
461.250000	0	0.098316	0.014981	0.322899	0.034743
461.250000	1	1.163098	0.675973	2.849081	0.293637
461.500000	0	0.100034	0.008629	0.735700	0.041646
461.500000	1	1.107842	0.315450	1.814465	0.273983
461.750000	0	0.100022	0.014086	0.360564	0.039040
461.750000	1	1.110082	0.180964	2.152861	0.272918
462.000000	0	0.100678	0.009545	0.396366	0.040915
462.000000	1	1.168120	0.502111	2.378723	0.291838
462.250000	0	0.099777	0.006333	0.422965	0.040880
462.250000	1	1.143304	0.194729	1.825002	0.266229
462.500000	0	0.100331	0.010423	0.416528	0.040132
462.500000	1	1.167905	0.551551	1.998537	0.270241
462.750000	0	0.101269	0.020341	0.678113	0.043669
462.750000	1	1.111921	0.207729	2.609419	0.292258
463.000000	0	0.100861	0.008347	0.573188	0.046623
463.000000	1	1.109657	0.250402	2.167906	0.321280
463.250000	0	0.099460	0.011580	0.329146	0.035263
463.250000	1	1.194026	0.197506	4.582548	0.465810
463.500000	0	0.102158	0.007313	0.538766	0.040469
463.500000	1	1.150559	0.574539	2.624235	0.320786
463.750000	0	0.102756	0.016584	0.756312	0.053498
463.750000	1	1.155660	0.331658	2.044703	0.299068
464.000000	0	0.102871	0.011963	0.884268	0.050840
464.000000	1	1.124789	0.319401	2.289933	0.302259
464.250000	0	0.103066	0.014600	0.526588	0.047271
464.250000	1	1.175163	0.432726	2.080477	0.267308
464.500000	0	0.100507	0.010604	0.518272	0.040789
464.500000	1	1.168391	0.311473	2.639171	0.326459
464.750000	0	0.100838	0.005599	0.646204	0.042748
464.750000	1	1.127680	0.253435	1.801617	0.240736
465.000000	0	0.099204	0.007006	0.450685	0.035823
465.000000	1	1.168345	0.238292	2.350120	0.318061
465.250000	0	0.100538	0.019855	0.595700	0.045833
465.250000	1	1.106460	0.088310	1.718436	0.250845
465.500000	0	0.102967	0.005946	0.639636	0.048484
465.500000	1	1.146965	0.431422	2.353797	0.265324
465.750000	0	0.101237	0.001701	0.587128	0.042032
465.750000	1	1.115049	0.392031	2.007765	0.303940
466.000000	0	0.099257	0.002032	0.601254	0.046040
466.000000	1	1.153210	0.040035	2.696107	0.340627
466.250000	0	0.100049	0.007398	0.429724	0.041315
466.250000	1	1.183054	0.104174	2.389218	0.355095
466.500000	0	0.098817	0.014611	0.345008	0.038011
466.500000	1	1.160504	0.455544	2.429519	0.294126
466.750000	0	0.100957	0.007683	0.596398	0.043045
466.750000	1	1.153911	0.487278	2.151006	0.298393
467.000000	0	0.099620	0.015330	0.391658	0.039511
467.000000	1	1.112682	0.553383	2.028244	0.223519
467.250000	0	0.100976	0.010602	0.597068	0.043017
467.250000	1	1.177305	0.620381	2.136800	0.270976
467.500000	0	0.098812	0.001552	0.454933	0.039672
467.500000	1	1.170661	0.618709	2.226033	0.252395
467.750000	0	0.100487	0.015286	0.491117	0.039040
467.750000	1	1.135853	0.683636	2.019128	0.243258
468.000000	0	0.098916	0.005708	0.302316	0.034210
468.000000	1	1.100619	0.069937	2.280529	0.278497
468.250000	0	0.099386	0.006886	0.321343	0.033366
468.250000	1	1.210565	0.561440	7.668801	0.880650
468.500000	0	0.100316	0.006088	0.480176	0.046900
468.500000	1	1.241935	0.467354	2.443979	0.315865
468.750000	0	0.099389	0.015842	0.524381	0.043638
468.750000	1	1.129848	0.199775	2.456912	0.267213
469.000000	0	0.100337	0.013171	0.483239	0.040757
469.000000	1	1.111271	0.498895	1.904171	0.251002
469.250000	0	0.100386	0.014929	0.693241	0.049480
469.250000	1	1.149249	0.549528	1.964588	0.285049
469.500000	0	0.106713	0.009672	0.566514	0.052785
469.500000	1	1.121941	0.408386	2.206100	0.268582
469.750000	0	0.103645	0.003196	0.795096	0.061940
469.750000	1	1.185692	0.384010	2.316438	0.290069
470.000000	0	0.100416	0.009332	0.551945	0.041658
470.000000	1	1.121174	0.239629	2.103455	0.245205
470.250000	0	0.098760	0.016321	0.796708	0.043222
470.250000	1	1.110897	0.385710	1.745290	0.230724
470.500000	0	0.100857	0.013156	0.737342	0.046437
470.500000	1	1.180704	0.268494	2.694703	0.343972
470.750000	0	0.099316	0.010026	0.311221	0.037645
470.750000	1	1.151937	0.292666	3.011575	0.369739
471.000000	0	0.104134	0.025970	1.429714	0.066495
471.000000	1	1.186881	0.459880	1.962549	0.280876
471.250000	0	0.098787	0.008013	0.401327	0.037451
471.250000	1	1.135444	0.293187	2.125815	0.278847
471.500000	0	0.102012	0.017316	0.772674	0.048002
471.500000	1	1.177214	0.220082	2.213874	0.258370
471.750000	0	0.096951	0.002209	0.456381	0.037252
471.750000	1	1.132570	0.076787	1.870612	0.241133
472.000000	0	0.101027	0.018379	0.484903	0.041645
472.000000	1	1.128719	0.315807	2.038088	0.274062
472.250000	0	0.101162	0.003915	0.568479	0.045407
472.250000	1	1.131346	0.165833	2.561826	0.305379
472.500000	0	0.101175	0.009336	0.541696	0.044201
472.500000	1	1.094945	0.091695	2.030117	0.263823
472.750000	0	0.101034	0.009091	0.509998	0.042773
472.750000	1	1.083716	0.405317	2.167858	0.263355
473.000000	0	0.103427	0.008515	0.613088	0.049447
473.000000	1	1.161605	0.673695	2.276061	0.242895
473.250000	0	0.100017	0.009526	0.282686	0.035337
473.250000	1	1.188007	0.334248	2.220694	0.331231
473.500000	0	0.098963	0.002621	0.364290	0.035437
473.500000	1	1.140923	0.382237	2.638181	0.322291
473.750000	0	0.095186	0.013469	0.318369	0.032871
473.750000	1	1.197848	0.556608	2.876553	0.290480
474.000000	0	0.098118	0.013816	0.589485	0.038366
474.000000	1	1.102290	0.252764	2.017088	0.289452
474.250000	0	0.099775	0.008416	0.405278	0.036283
474.250000	1	1.127026	0.362629	2.165751	0.268438
474.500000	0	0.098340	0.006277	0.285318	0.035351
474.500000	1	1.186197	0.448694	2.896308	0.295905
474.750000	0	0.101450	0.008970	0.661796	0.046783
474.750000	1	1.137781	0.551406	2.132087	0.244565
475.000000	0	0.098201	0.009258	0.301625	0.040200
475.000000	1	1.128739	0.243352	2.531263	0.333944
475.250000	0	0.100804	0.013236	0.542045	0.043803
475.250000	1	1.159884	0.650278	3.327866	0.351051
475.500000	0	0.101322	0.005905	0.358098	0.039640
475.500000	1	1.157348	0.344648	2.434202	0.301315
475.750000	0	0.100390	0.014972	0.625997	0.043878
475.750000	1	1.158477	0.491395	1.974247	0.244112
476.000000	0	0.099448	0.016564	0.371036	0.037496
476.000000	1	1.121172	0.659188	1.830593	0.216616
476.250000	0	0.100752	0.022827	0.362837	0.037029
476.250000	1	1.154691	0.170595	2.598174	0.294621
476.500000	0	0.100237	0.006873	0.788868	0.044038
476.500000	1	1.141377	0.186613	2.595564	0.311159
476.750000	0	0.099914	0.009211	0.413481	0.038289
476.750000	1	1.137981	0.612677	1.980778	0.229528
477.000000	0	0.102552	0.007232	0.517006	0.045733
477.000000	1	1.053746	0.161620	2.097048	0.252952
477.250000	0	0.101863	0.004670	0.577968	0.042322
477.250000	1	1.162587	0.472862	2.099111	0.306854
477.500000	0	0.099500	0.019175	0.490071	0.037837
477.500000	1	1.113721	0.242976	2.139982	0.277712
477.750000	0	0.101537	0.017162	0.381178	0.042194
477.750000	1	1.135427	0.474971	1.890933	0.272872
478.000000	0	0.097934	0.009024	0.308465	0.035663
478.000000	1	1.139518	0.478897	2.267281	0.298981
478.250000	0	0.099961	0.011664	0.405795	0.039571
478.250000	1	1.145946	0.249330	1.849209	0.298684
478.500000	0	0.098393	0.012787	0.366769	0.035276
478.500000	1	1.086829	0.605584	1.561444	0.187523
478.750000	0	0.097856	0.008889	0.400556	0.040507
478.750000	1	1.139731	0.244347	2.892803	0.361219
479.000000	0	0.101543	0.005184	0.468439	0.041799
479.000000	1	1.169209	0.610036	2.269625	0.255265
479.250000	0	0.099029	0.004839	0.498450	0.039371
479.250000	1	1.123273	0.391585	1.725390	0.201559
479.500000	0	0.097746	0.003543	0.392546	0.036418
479.500000	1	1.130309	0.456661	2.741019	0.285478
479.750000	0	0.100209	0.003696	0.577392	0.046531
479.750000	1	1.144419	0.226220	2.287512	0.309745
480.000000	0	0.102237	0.012337	0.301153	0.033862
480.000000	1	1.189576	0.076772	2.892179	0.398938
480.250000	0	0.102374	0.007961	0.440702	0.042946
480.250000	1	1.132365	0.387571	2.006765	0.247059
480.500000	0	0.100950	0.015385	0.733041	0.047836
480.500000	1	1.115361	0.222728	2.388487	0.282122
480.750000	0	0.100447	0.020805	0.791118	0.042990
480.750000	1	1.121576	0.516447	2.369808	0.258582
481.000000	0	0.097975	0.006603	0.362699	0.034946
481.000000	1	1.139738	0.315171	2.112325	0.255438
481.250000	0	0.096755	0.013553	0.542189	0.036809
481.250000	1	1.173920	0.528304	2.545480	0.296649
481.500000	0	0.097608	0.003717	0.316473	0.033134
481.500000	1	1.140498	0.359417	2.759967	0.333681
481.750000	0	0.101342	0.006677	0.494181	0.040401
481.750000	1	1.201523	0.569407	2.159646	0.285350
482.000000	0	0.097981	0.015275	0.401579	0.033188
482.000000	1	1.145330	0.318680	2.399261	0.296392
482.250000	0	0.097915	0.010155	0.345955	0.032368
482.250000	1	1.117286	0.351509	1.744838	0.216268
482.500000	0	0.101386	0.011892	0.633198	0.041198
482.500000	1	1.224470	0.551921	3.168610	0.385618
482.750000	0	0.097524	0.018164	0.341006	0.034881
482.750000	1	1.202025	0.575448	2.767969	0.319706
483.000000	0	0.099729	0.024724	0.416365	0.036624
483.000000	1	1.128381	0.627162	1.677181	0.178594
483.250000	0	0.100691	0.007463	0.357247	0.039773
483.250000	1	1.126601	0.642186	1.961041	0.215477
483.500000	0	0.098732	0.007375	0.374139	0.039408
483.500000	1	1.134448	0.473129	2.472810	0.283211
483.750000	0	0.100471	0.012126	0.345344	0.038829
483.750000	1	1.143502	0.316066	2.137380	0.284402
484.000000	0	0.099559	0.001341	0.384043	0.036811
484.000000	1	1.165589	0.176598	2.242784	0.316244
484.250000	0	0.101536	0.004116	0.487216	0.041566
484.250000	1	1.181137	0.369023	2.124480	0.316011
484.500000	0	0.099321	0.015005	0.442558	0.036419
484.500000	1	1.257582	0.462185	7.867818	0.848291
484.750000	0	0.100820	0.002120	0.962279	0.048996
484.750000	1	1.102028	0.662281	2.252711	0.216067
485.000000	0	0.098718	0.005581	0.389427	0.036362
485.000000	1	1.108961	0.188740	2.062348	0.258531
485.250000	0	0.098609	0.006033	0.356460	0.035827
485.250000	1	1.126122	0.662747	2.563466	0.248237
485.500000	0	0.097502	0.011820	0.492367	0.039509
485.500000	1	1.198000	0.404411	2.364020	0.275532
485.750000	0	0.100422	0.014249	0.401325	0.038608
485.750000	1	1.128793	0.345946	2.521260	0.285045
486.000000	0	0.099982	0.011190	0.443336	0.041275
486.000000	1	1.119838	0.062941	2.663660	0.337893
486.250000	0	0.099748	0.010918	0.331851	0.035132
486.250000	1	1.128308	0.199172	1.853771	0.260430
486.500000	0	0.099247	0.010794	0.415536	0.037280
486.500000	1	1.163234	0.471470	2.154295	0.277675
486.750000	0	0.100041	0.011865	0.863132	0.046099
486.750000	1	1.162265	0.695922	2.321522	0.273866
487.000000	0	0.098089	0.008091	0.341685	0.035840
487.000000	1	1.133972	0.277805	2.662015	0.296982
487.250000	0	0.099934	0.003673	0.506057	0.039396
487.250000	1	1.149565	0.373918	2.918252	0.315419
487.500000	0	0.103218	0.004838	0.439620	0.045064
487.500000	1	1.137503	0.383720	2.551793	0.317689
487.750000	0	0.101364	0.010034	0.526439	0.043691
487.750000	1	1.105878	0.297881	2.231033	0.272313
488.000000	0	0.104574	0.016356	0.691315	0.047833
488.000000	1	1.159530	0.407881	1.889470	0.277974
488.250000	0	0.100189	0.019828	0.370400	0.040445
488.250000	1	1.184900	0.355141	2.832200	0.350057
488.500000	0	0.097033	0.011600	0.558583	0.045928
488.500000	1	1.128498	0.158204	2.136711	0.294965
488.750000	0	0.103058	0.017067	0.853612	0.048635
488.750000	1	1.144033	0.309828	2.341989	0.330409
489.000000	0	0.100733	0.008334	0.685561	0.051763
489.000000	1	1.156433	0.323015	2.437370	0.338463
489.250000	0	0.100124	0.003930	0.421967	0.039886
489.250000	1	1.209099	0.585105	4.925287	0.479423
489.500000	0	0.100578	0.007047	0.550666	0.043609
489.500000	1	1.164287	0.146248	2.270769	0.321972
489.750000	0	0.097851	0.014432	0.381551	0.037745
489.750000	1	1.099607	0.139327	1.898271	0.267884
490.000000	0	0.100325	0.010716	0.577181	0.041590
490.000000	1	1.145619	0.523542	2.107580	0.237328
490.250000	0	0.100585	0.013124	0.372604	0.037417
490.250000	1	1.124854	0.230445	1.977189	0.295477
490.500000	0	0.102489	0.018192	0.578403	0.044892
490.500000	1	1.140122	0.366412	2.372430	0.291989
490.750000	0	0.100263	0.016725	0.642246	0.043673
490.750000	1	1.203692	0.463768	3.580201	0.389810
491.000000	0	0.102610	0.014848	0.626821	0.044316
491.000000	1	1.119995	0.440035	1.733398	0.236327
491.250000	0	0.099927	0.002079	0.512956	0.041590
491.250000	1	1.143027	0.631980	2.210750	0.247263
491.500000	0	0.104070	0.007618	0.592857	0.050936
491.500000	1	1.181335	0.410526	1.990947	0.297369
491.750000	0	0.104500	0.011952	0.910487	0.059164
491.750000	1	1.185461	0.185034	2.840610	0.373203
492.000000	0	0.101114	0.002942	0.550195	0.042279
492.000000	1	1.131585	0.372669	1.869221	0.238325
492.250000	0	0.099333	0.008222	0.399439	0.040517
492.250000	1	1.100106	0.613863	1.843736	0.212916
492.500000	0	0.100884	0.010608	0.610466	0.041316
492.500000	1	1.118491	0.354837	2.556901	0.275595
492.750000	0	0.101682	0.017556	0.429458	0.040242
492.750000	1	1.172718	0.161949	2.151734	0.295079
493.000000	0	0.101770	0.003565	0.523271	0.042361
493.000000	1	1.224463	0.522796	6.082130	0.558742
493.250000	0	0.102138	0.005562	0.540773	0.045333
493.250000	1	1.168300	0.291539	2.442623	0.349070
493.500000	0	0.099529	0.014264	0.351417	0.037713
493.500000	1	1.189200	0.404337	2.819893	0.316583
493.750000	0	0.099670	0.010308	0.399953	0.041982
493.750000	1	1.119398	0.433165	2.056159	0.272954
494.000000	0	0.099635	0.004527	0.463938	0.039947
494.000000	1	1.131699	0.053496	3.027845	0.355411
494.250000	0	0.101805	0.012428	0.609392	0.048916
494.250000	1	1.179683	0.286063	3.123578	0.392833
494.500000	0	0.098319	0.004353	0.502862	0.037815
494.500000	1	1.090151	0.351436	2.029456	0.261701
494.750000	0	0.100190	0.006739	0.386352	0.038560
494.750000	1	1.116437	0.211966	2.140402	0.262065
495.000000	0	0.100732	0.002834	0.401801	0.041417
495.000000	1	1.120597	0.115618	2.091217	0.308186
495.250000	0	0.100035	0.013845	0.598040	0.041609
495.250000	1	1.109632	0.202197	2.087603	0.321166
495.500000	0	0.099003	0.015869	0.510166	0.040428
495.500000	1	1.147703	0.262434	2.377514	0.327194
495.750000	0	0.100598	0.012880	0.459462	0.040173
495.750000	1	1.157303	0.385291	2.238778	0.276941
496.000000	0	0.099998	0.010095	0.431462	0.035665
496.000000	1	1.168576	0.392667	2.825384	0.308799
496.250000	0	0.101503	0.009352	0.743559	0.047213
496.250000	1	1.148568	0.572278	1.749473	0.234815
496.500000	0	0.099862	0.012007	0.663644	0.046427
496.500000	1	1.108593	0.134637	2.603485	0.334344
496.750000	0	0.101799	0.008228	0.934635	0.052966
496.750000	1	1.101345	0.140788	1.998595	0.263795
497.000000	0	0.100273	0.011008	0.392262	0.040073
497.000000	1	1.208599	0.511736	2.430107	0.325057
497.250000	0	0.098131	0.010037	0.687829	0.040716
497.250000	1	1.117419	0.330465	2.171535	0.311455
497.500000	0	0.101027	0.019996	0.492077	0.042851
497.500000	1	1.156990	0.303028	2.766457	0.346163
497.750000	0	0.098895	0.008302	0.447407	0.039130
497.750000	1	1.149312	0.495415	1.935375	0.250627
498.000000	0	0.100420	0.007443	0.683478	0.046461
498.000000	1	1.147407	0.499295	2.097530	0.262441
498.250000	0	0.101468	0.008823	0.661203	0.049208
498.250000	1	1.141638	0.354554	1.993764	0.268820
498.500000	0	0.099524	0.003531	0.825533	0.051373
498.500000	1	1.114315	0.541906	2.041786	0.268169
498.750000	0	0.101182	0.005343	0.375035	0.041769
498.750000	1	1.151131	0.181985	2.042109	0.295792
499.000000	0	0.099463	0.005328	0.328865	0.037311
499.000000	1	1.134108	0.152565	2.376906	0.266033
499.250000	0	0.100540	0.006363	0.415819	0.041084
499.250000	1	1.147167	0.609161	2.551795	0.274702
499.500000	0	0.100775	0.007987	0.724685	0.045186
499.500000	1	1.174185	0.417926	2.269879	0.323514
499.750000	0	0.102183	0.006833	0.724242	0.045655
499.750000	1	1.123258	0.342377	2.308611	0.282154
500.000000	0	0.100452	0.006351	0.524552	0.038494
500.000000	1	1.165649	0.351474	2.391776	0.321546
500.250000	0	0.097027	0.011574	0.443004	0.039913
500.250000	1	1.141093	0.314577	2.089079	0.297167
500.500000	0	0.099264	0.013420	0.573430	0.045925
500.500000	1	1.102966	0.270135	2.000594	0.271151
500.750000	0	0.101828	0.004377	0.327853	0.039454
500.750000	1	1.129380	0.229138	2.462986	0.311001
