Time	Cell_type	Mean	Min	Max	Std
0.250000	0	0.103744	0.018300	0.486383	0.060522
0.250000	1	1.414974	0.966972	1.735733	0.159335
0.500000	0	0.108442	0.001418	0.918508	0.077191
0.500000	1	1.414015	0.707429	2.238737	0.241556
0.750000	0	0.108359	0.016461	0.726333	0.073986
0.750000	1	1.488005	0.811603	2.717518	0.284550
1.000000	0	0.106795	0.011126	1.035651	0.074693
1.000000	1	1.433903	0.664039	3.044616	0.288366
1.250000	0	0.105973	0.013175	1.227311	0.085022
1.250000	1	1.398109	0.656956	1.959932	0.261055
1.500000	0	0.113028	0.009013	0.819541	0.080663
1.500000	1	1.446830	0.476118	2.376801	0.342089
1.750000	0	0.106833	0.010968	0.744507	0.068986
1.750000	1	1.495968	0.675986	3.098330	0.332688
2.000000	0	0.107283	0.005945	0.971932	0.077104
2.000000	1	1.392038	0.738143	2.357167	0.232241
2.250000	0	0.109105	0.014053	0.920609	0.091730
2.250000	1	1.446680	0.630989	2.606289	0.294217
2.500000	0	0.103353	0.006762	1.314234	0.075996
2.500000	1	1.406399	0.741750	3.016685	0.278174
2.750000	0	0.110570	0.013967	1.549157	0.092021
2.750000	1	1.482510	0.541750	8.431905	0.770913
3.000000	0	0.113863	0.009451	2.822517	0.137653
3.000000	1	1.440170	0.437283	4.198948	0.408731
3.250000	0	0.106141	0.008076	0.790367	0.070687
3.250000	1	1.460331	0.837868	2.276358	0.253590
3.500000	0	0.100680	0.005882	0.565687	0.059472
3.500000	1	1.387898	0.890741	2.108677	0.222329
3.750000	0	0.106679	0.008627	1.122292	0.078422
3.750000	1	1.398098	0.312552	2.596753	0.332610
4.000000	0	0.105567	0.010065	1.095880	0.077794
4.000000	1	1.440973	0.303419	2.591364	0.313341
4.250000	0	0.103322	0.002955	0.526341	0.056226
4.250000	1	1.402173	0.338954	2.052514	0.257609
4.500000	0	0.102621	0.007600	0.989011	0.066396
4.500000	1	1.481434	0.853961	2.383820	0.293076
4.750000	0	0.100548	0.020075	0.549900	0.056657
4.750000	1	1.411367	0.564632	2.407391	0.250297
5.000000	0	0.101813	0.009179	1.061831	0.073047
5.000000	1	1.446762	0.770624	2.301444	0.251301
5.250000	0	0.100156	0.005401	0.677990	0.057800
5.250000	1	1.400595	0.598475	2.185497	0.271761
5.500000	0	0.102924	0.000405	0.783319	0.067733
5.500000	1	1.364823	0.366586	2.639442	0.321203
5.750000	0	0.102737	0.000974	0.819129	0.065418
5.750000	1	1.433923	0.733023	2.159197	0.268657
6.000000	0	0.102597	0.011958	0.478044	0.056714
6.000000	1	1.438263	0.723716	2.080460	0.264686
6.250000	0	0.102877	0.014928	0.940718	0.073296
6.250000	1	1.398169	0.585351	2.005010	0.254144
6.500000	0	0.100672	0.002159	1.814977	0.087631
6.500000	1	1.427351	0.371248	3.323858	0.316128
6.750000	0	0.101518	0.007351	0.800295	0.062420
6.750000	1	1.418407	0.802929	2.207821	0.234077
7.000000	0	0.100579	0.008855	1.057722	0.065754
7.000000	1	1.446155	0.672634	2.557539	0.284224
7.250000	0	0.101284	0.009988	0.851509	0.075146
7.250000	1	1.432883	0.817292	3.336502	0.305428
7.500000	0	0.101931	0.007617	0.764700	0.065150
7.500000	1	1.438064	0.765312	2.444803	0.272556
7.750000	0	0.107018	0.003185	0.676474	0.073339
7.750000	1	1.387013	0.297339	2.606760	0.344284
8.000000	0	0.105302	0.005940	0.740155	0.071577
8.000000	1	1.497527	0.183886	8.768704	0.867961
8.250000	0	0.107179	0.002676	0.914790	0.088919
8.250000	1	1.456000	0.203568	2.793565	0.328030
8.500000	0	0.104099	0.008505	0.870010	0.072620
8.500000	1	1.469586	0.189582	2.723525	0.325982
8.750000	0	0.101275	0.015310	1.061306	0.070515
8.750000	1	1.441371	0.586739	2.185031	0.257427
9.000000	0	0.096869	0.003480	0.638393	0.050845
9.000000	1	1.448466	0.748389	2.236732	0.243080
9.250000	0	0.099792	0.011863	0.890140	0.060337
9.250000	1	1.435988	0.647453	2.950241	0.297917
9.500000	0	0.098968	0.003224	0.737322	0.057148
9.500000	1	1.396286	0.518928	2.459975	0.307690
9.750000	0	0.102926	0.009877	0.931466	0.070358
9.750000	1	1.505774	0.125369	5.110955	0.561068
10.000000	0	0.101042	0.008327	0.985364	0.067829
10.000000	1	1.463095	0.754432	4.613631	0.420516
10.250000	0	0.102871	0.003425	1.377732	0.072992
10.250000	1	1.441810	0.618151	2.202547	0.237472
10.500000	0	0.103496	0.008216	0.659274	0.060924
10.500000	1	1.401478	0.358169	2.050715	0.271073
10.750000	0	0.099557	0.001963	0.744189	0.060500
10.750000	1	1.413289	0.783001	2.222357	0.281838
11.000000	0	0.101903	0.002460	0.904849	0.066127
11.000000	1	1.459564	0.356777	2.820835	0.301599
11.250000	0	0.097661	0.002667	1.135612	0.062527
11.250000	1	1.408815	0.456540	2.147156	0.276192
11.500000	0	0.098895	0.012744	0.597872	0.054959
11.500000	1	1.470385	0.408676	2.826815	0.334014
11.750000	0	0.099763	0.003995	0.621454	0.055241
11.750000	1	1.393725	0.191052	2.630833	0.332287
12.000000	0	0.105410	0.000653	1.160930	0.079392
12.000000	1	1.418907	0.474917	2.325478	0.297826
12.250000	0	0.102892	0.003569	0.868766	0.071752
12.250000	1	1.404267	0.221878	2.357836	0.290519
12.500000	0	0.102108	0.008855	1.356814	0.071240
12.500000	1	1.447757	0.321255	3.363720	0.318674
12.750000	0	0.100969	0.009328	0.634917	0.057101
12.750000	1	1.428480	0.581405	2.377340	0.274152
13.000000	0	0.116151	0.005445	13.020224	0.484427
13.000000	1	1.530215	0.236556	14.066829	1.187300
13.250000	0	0.103250	0.006505	0.603054	0.067339
13.250000	1	1.449484	0.696472	2.782441	0.297158
13.500000	0	0.103145	0.003423	1.082448	0.070647
13.500000	1	1.427128	0.671498	2.319414	0.318594
13.750000	0	0.097621	0.008835	0.468474	0.050892
13.750000	1	1.449730	0.612890	2.384035	0.272587
14.000000	0	0.096955	0.007350	0.737374	0.054062
14.000000	1	1.451167	0.779000	2.409802	0.251201
14.250000	0	0.094799	0.012570	0.601857	0.047866
14.250000	1	1.439237	0.613892	3.672286	0.356333
14.500000	0	0.099264	0.006153	0.615605	0.058423
14.500000	1	1.417245	0.345932	2.254341	0.257292
14.750000	0	0.096626	0.020764	0.440713	0.047475
14.750000	1	1.376831	0.488939	2.262494	0.258783
15.000000	0	0.099880	0.004452	0.625479	0.056583
15.000000	1	1.414532	0.625163	2.444993	0.271775
15.250000	0	0.099107	0.016962	0.719423	0.052382
15.250000	1	1.384852	0.376980	2.385823	0.266357
15.500000	0	0.098711	0.007672	0.783839	0.058463
15.500000	1	1.433729	0.819619	2.835822	0.299856
15.750000	0	0.096759	0.002773	0.479242	0.050609
15.750000	1	1.376118	0.653036	2.446148	0.255119
16.000000	0	0.098430	0.003457	1.097960	0.068370
16.000000	1	1.449661	0.670052	2.767698	0.313893
16.250000	0	0.098125	0.006780	2.700264	0.109190
16.250000	1	1.429012	0.694319	4.579560	0.417249
16.500000	0	0.101088	0.005318	2.070778	0.092532
16.500000	1	1.439574	0.357730	2.161269	0.281371
16.750000	0	0.102532	0.012376	1.459323	0.081887
16.750000	1	1.407508	0.815873	2.143034	0.235142
17.000000	0	0.097092	0.008245	0.585865	0.050948
17.000000	1	1.433980	0.437394	2.584533	0.260876
17.250000	0	0.095972	0.001292	0.528309	0.049747
17.250000	1	1.434222	0.186504	2.529755	0.296046
17.500000	0	0.098492	0.011121	0.469315	0.048794
17.500000	1	1.403601	0.872609	2.100237	0.233493
17.750000	0	0.101141	0.003052	0.428721	0.055485
17.750000	1	1.441531	0.423393	2.824068	0.310449
18.000000	0	0.098724	0.015866	0.513962	0.056108
18.000000	1	1.459233	0.665736	2.713615	0.351333
18.250000	0	0.100985	0.010808	0.849863	0.059499
18.250000	1	1.443472	0.412536	2.106865	0.281204
18.500000	0	0.100433	0.005059	1.762382	0.097503
18.500000	1	1.465654	0.425520	4.698217	0.386226
18.750000	0	0.100060	0.004380	1.301214	0.076807
18.750000	1	1.438064	0.687621	2.367871	0.249857
19.000000	0	0.099427	0.004683	0.686578	0.058910
19.000000	1	1.431472	0.513274	2.226958	0.268980
19.250000	0	0.099197	0.007144	0.994192	0.066634
19.250000	1	1.488588	0.823454	4.864605	0.503670
19.500000	0	0.101323	0.009175	1.062066	0.071244
19.500000	1	1.447047	0.485752	3.241201	0.338850
19.750000	0	0.100555	0.003991	0.822092	0.070182
19.750000	1	1.420108	0.672071	2.298891	0.275785
20.000000	0	0.096072	0.008928	0.585389	0.050715
20.000000	1	1.456180	0.765936	2.202341	0.243231
20.250000	0	0.098488	0.013061	1.242587	0.075789
20.250000	1	1.416769	0.561591	2.136896	0.265009
20.500000	0	0.094912	0.006181	0.790321	0.065266
20.500000	1	1.409162	0.751017	2.163915	0.236692
20.750000	0	0.099367	0.016093	0.822596	0.066036
20.750000	1	1.428387	0.396826	2.351816	0.291218
21.000000	0	0.096546	0.021167	0.465115	0.048516
21.000000	1	1.419166	0.399331	3.720379	0.341734
21.250000	0	0.097785	0.009373	0.773386	0.061424
21.250000	1	1.393991	0.508076	2.259924	0.276109
21.500000	0	0.095362	0.004562	0.990140	0.056242
21.500000	1	1.477464	0.599254	2.929959	0.324140
21.750000	0	0.094856	0.005174	1.316591	0.067724
21.750000	1	1.436189	0.393805	2.869794	0.292356
22.000000	0	0.094930	0.008801	0.805203	0.052506
22.000000	1	1.429772	0.587189	2.420064	0.291152
22.250000	0	0.096060	0.007921	0.370354	0.046539
22.250000	1	1.492720	0.680430	4.559120	0.476811
22.500000	0	0.097005	0.005857	1.754893	0.078498
22.500000	1	1.442803	0.381129	2.413636	0.282201
22.750000	0	0.095810	0.004138	0.999389	0.056019
22.750000	1	1.425764	0.873822	2.673991	0.268688
23.000000	0	0.093083	0.006488	0.531717	0.044584
23.000000	1	1.412956	0.398395	2.669273	0.335429
23.250000	0	0.097705	0.005233	0.476092	0.049480
23.250000	1	1.479639	0.830988	2.672586	0.295763
23.500000	0	0.094619	0.009581	0.456514	0.049332
23.500000	1	1.429863	0.569117	2.685134	0.363866
23.750000	0	0.095431	0.003414	0.665048	0.056337
23.750000	1	1.431546	0.931109	2.134549	0.223166
24.000000	0	0.096941	0.005435	0.378654	0.043739
24.000000	1	1.418666	0.712699	2.234393	0.257605
24.250000	0	0.095417	0.009220	0.686303	0.054550
24.250000	1	1.456556	0.855322	2.788747	0.288700
24.500000	0	0.095447	0.006372	0.541682	0.048019
24.500000	1	1.345438	0.126000	2.329311	0.296336
24.750000	0	0.097269	0.014290	1.228202	0.066469
24.750000	1	1.420397	0.483149	2.735442	0.300059
25.000000	0	0.096413	0.009332	0.881860	0.054705
25.000000	1	1.411438	0.457721	3.176749	0.296696
25.250000	0	0.094446	0.012725	0.478910	0.045714
25.250000	1	1.446686	0.842915	2.433000	0.238285
25.500000	0	0.097429	0.011749	0.677400	0.053810
25.500000	1	1.428053	0.136295	2.507130	0.358715
25.750000	0	0.094886	0.008482	0.582127	0.051568
25.750000	1	1.424755	0.513973	2.447495	0.298266
26.000000	0	0.095716	0.015453	0.524156	0.046454
26.000000	1	1.449081	0.474711	2.593577	0.329414
26.250000	0	0.097895	0.004531	1.345469	0.075167
26.250000	1	1.432172	0.775735	2.525662	0.306300
26.500000	0	0.094893	0.003299	0.639047	0.053605
26.500000	1	1.436018	0.462177	2.573159	0.279117
26.750000	0	0.096386	0.001663	0.835134	0.057579
26.750000	1	1.482374	0.784620	4.207866	0.391336
27.000000	0	0.099170	0.008079	1.825669	0.090112
27.000000	1	1.444742	0.272132	2.604469	0.286358
27.250000	0	0.096724	0.008427	0.690324	0.051659
27.250000	1	1.420708	0.647961	2.447111	0.268085
27.500000	0	0.095763	0.011725	0.759951	0.056383
27.500000	1	1.406024	0.435574	2.348725	0.293397
27.750000	0	0.091955	0.009531	0.508828	0.043133
27.750000	1	1.480636	0.762095	3.008324	0.339776
28.000000	0	0.093211	0.005883	0.397088	0.043018
28.000000	1	1.397987	0.400019	2.324489	0.284192
28.250000	0	0.096381	0.005027	0.597022	0.050449
28.250000	1	1.403826	0.460567	2.284104	0.283004
28.500000	0	0.095822	0.013993	0.847833	0.053866
28.500000	1	1.426912	0.609786	2.460632	0.283985
28.750000	0	0.096925	0.010288	0.945448	0.057947
28.750000	1	1.407963	0.572313	2.219794	0.279548
29.000000	0	0.096853	0.007466	0.869549	0.061651
29.000000	1	1.407853	0.693067	2.438008	0.311234
29.250000	0	0.096634	0.009455	0.562733	0.049401
29.250000	1	1.432695	0.440542	2.547799	0.356225
29.500000	0	0.097492	0.004798	0.762447	0.060772
29.500000	1	1.503121	0.816476	2.526880	0.324266
29.750000	0	0.096293	0.009646	0.440273	0.048037
29.750000	1	1.452884	0.971243	2.290860	0.242049
30.000000	0	0.094507	0.006187	0.692410	0.046482
30.000000	1	1.428705	0.560946	2.357161	0.253832
30.250000	0	0.095849	0.005618	0.509243	0.047939
30.250000	1	1.639145	0.494490	12.785900	1.416942
30.500000	0	0.098027	0.013903	1.335180	0.068912
30.500000	1	1.428053	0.623460	2.198844	0.276422
30.750000	0	0.093605	0.010116	0.762670	0.049127
30.750000	1	1.427100	0.819437	2.156135	0.228753
31.000000	0	0.096640	0.005922	0.981778	0.058144
31.000000	1	1.452579	0.562052	4.880020	0.430412
31.250000	0	0.093191	0.017882	0.540714	0.045368
31.250000	1	1.489350	0.259353	2.615604	0.341723
31.500000	0	0.097770	0.010305	0.697635	0.057555
31.500000	1	1.447544	0.587131	2.563126	0.313775
31.750000	0	0.096486	0.006098	0.617770	0.050730
31.750000	1	1.413463	0.179366	2.322178	0.334421
32.000000	0	0.093525	0.007295	0.678219	0.045649
32.000000	1	1.427694	0.777801	2.512315	0.255784
32.250000	0	0.097212	0.003841	1.609254	0.074812
32.250000	1	1.415604	0.610471	2.206116	0.258058
32.500000	0	0.095013	0.006459	0.572469	0.048803
32.500000	1	1.457583	0.751986	2.390519	0.267172
32.750000	0	0.097313	0.003653	1.680620	0.079339
32.750000	1	1.481330	0.619803	2.613211	0.295847
33.000000	0	0.095448	0.011924	0.411808	0.042155
33.000000	1	1.410587	0.070985	2.601215	0.283916
33.250000	0	0.093359	0.004583	0.708009	0.047903
33.250000	1	1.365785	0.063426	2.275002	0.318868
33.500000	0	0.093937	0.018099	0.400864	0.043596
33.500000	1	1.409627	0.658301	2.655105	0.292929
33.750000	0	0.095502	0.003794	0.989035	0.060203
33.750000	1	1.446550	0.516867	2.911016	0.361195
34.000000	0	0.094080	0.007050	0.592129	0.051052
34.000000	1	1.427163	0.643094	2.436736	0.260674
34.250000	0	0.097260	0.004248	0.759639	0.059358
34.250000	1	1.414239	0.427006	2.111995	0.245772
34.500000	0	0.093477	0.007557	0.619962	0.046694
34.500000	1	1.416327	0.664059	2.301592	0.303614
34.750000	0	0.095070	0.011545	0.644389	0.051269
34.750000	1	1.443875	0.775236	2.650042	0.283328
35.000000	0	0.094951	0.013515	0.526188	0.049204
35.000000	1	1.437528	0.752034	2.274702	0.244140
35.250000	0	0.094894	0.011911	0.542930	0.044613
35.250000	1	1.401822	0.782067	2.631675	0.256296
35.500000	0	0.095021	0.007911	1.305334	0.061864
35.500000	1	1.399511	0.699032	2.748892	0.274015
35.750000	0	0.094752	0.000272	0.462166	0.045001
35.750000	1	1.455657	0.768825	2.383552	0.283062
36.000000	0	0.094652	0.006300	0.619012	0.049927
36.000000	1	1.451648	0.702942	3.820336	0.401205
36.250000	0	0.095898	0.007665	1.015174	0.057886
36.250000	1	1.472031	0.832475	4.902233	0.406015
36.500000	0	0.095397	0.007521	0.488486	0.048005
36.500000	1	1.397216	0.293181	2.835832	0.339398
36.750000	0	0.100627	0.010572	1.236015	0.084859
36.750000	1	1.472669	0.680031	3.124941	0.336588
37.000000	0	0.098330	0.005758	0.996440	0.064695
37.000000	1	1.524883	0.532637	6.149359	0.676729
37.250000	0	0.095283	0.010410	1.196216	0.065365
37.250000	1	1.476570	0.914325	2.769913	0.272572
37.500000	0	0.097140	0.006472	0.616744	0.050884
37.500000	1	1.424683	0.678590	2.336916	0.259814
37.750000	0	0.095186	0.014906	0.576568	0.045971
37.750000	1	1.435430	0.676478	4.253435	0.343765
38.000000	0	0.096705	0.007361	0.565482	0.051930
38.000000	1	1.427900	0.506792	4.055982	0.403117
38.250000	0	0.095493	0.007884	1.265704	0.065725
38.250000	1	1.433199	0.631594	2.716576	0.305330
38.500000	0	0.101157	0.008310	1.542930	0.102355
38.500000	1	1.490451	0.450561	4.506108	0.473701
38.750000	0	0.097195	0.002218	0.967630	0.060990
38.750000	1	1.414775	0.641716	2.734617	0.287713
39.000000	0	0.095257	0.012684	0.481132	0.048560
39.000000	1	1.494931	0.527144	3.378064	0.362238
39.250000	0	0.094301	0.015599	0.579864	0.045728
39.250000	1	1.398482	0.205798	2.691864	0.300729
39.500000	0	0.094860	0.014179	0.667462	0.049082
39.500000	1	1.455768	0.736772	3.704642	0.327069
39.750000	0	0.095654	0.008513	1.551453	0.069090
39.750000	1	1.448376	0.435217	2.872277	0.331277
40.000000	0	0.098731	0.004937	1.100812	0.072325
40.000000	1	1.393637	0.687077	3.076513	0.318492
40.250000	0	0.101105	0.016955	0.642900	0.059482
40.250000	1	1.419757	0.280514	2.441363	0.322476
40.500000	0	0.097418	0.006204	0.923656	0.056778
40.500000	1	1.486470	0.949144	2.691094	0.283403
40.750000	0	0.092290	0.011895	0.438329	0.042305
40.750000	1	1.471201	0.654640	2.185033	0.243297
41.000000	0	0.092342	0.008202	0.435630	0.043460
41.000000	1	1.463970	0.897851	2.392724	0.244063
41.250000	0	0.093849	0.011046	0.424721	0.042788
41.250000	1	1.415279	0.472806	2.504622	0.266949
41.500000	0	0.096265	0.004809	0.681076	0.052565
41.500000	1	1.395820	0.101942	2.548414	0.328619
41.750000	0	0.098359	0.002023	1.595899	0.076948
41.750000	1	1.455534	0.748970	2.494968	0.294008
42.000000	0	0.096801	0.004105	1.814494	0.079761
42.000000	1	1.508608	0.740432	3.309033	0.343348
42.250000	0	0.091349	0.005504	0.501299	0.042225
42.250000	1	1.424939	0.263289	2.536875	0.270514
42.500000	0	0.092216	0.009250	0.337750	0.037105
42.500000	1	1.450521	0.306967	2.594076	0.285563
42.750000	0	0.096206	0.008323	1.413037	0.072633
42.750000	1	1.406527	0.810328	2.337787	0.281908
43.000000	0	0.098768	0.014847	0.731721	0.058980
43.000000	1	1.442473	0.442376	3.158159	0.341289
43.250000	0	0.095285	0.012593	0.724641	0.052123
43.250000	1	1.452178	0.472550	2.514321	0.305752
43.500000	0	0.095956	0.004706	0.933035	0.055472
43.500000	1	1.452984	0.739300	2.666256	0.267267
43.750000	0	0.094453	0.007727	0.427935	0.045513
43.750000	1	1.471825	0.955870	2.275413	0.210534
44.000000	0	0.093349	0.010064	0.488619	0.044191
44.000000	1	1.425234	0.553893	1.958462	0.221808
44.250000	0	0.094325	0.011196	1.019201	0.056085
44.250000	1	1.430147	0.963430	2.217501	0.236441
44.500000	0	0.095422	0.012334	0.827547	0.054676
44.500000	1	1.440910	0.566677	2.699177	0.272457
44.750000	0	0.091973	0.006048	0.491438	0.042591
44.750000	1	1.401393	0.497084	2.329817	0.271065
45.000000	0	0.095257	0.007480	0.522488	0.047169
45.000000	1	1.441202	0.635898	2.416279	0.270537
45.250000	0	0.094263	0.006594	0.612801	0.048107
45.250000	1	1.466454	0.156429	2.672675	0.353774
45.500000	0	0.094119	0.005914	0.502886	0.047213
45.500000	1	1.428263	0.669058	2.353362	0.226522
45.750000	0	0.094453	0.010149	0.383119	0.042324
45.750000	1	1.407907	0.473567	2.335421	0.318471
46.000000	0	0.096637	0.003095	1.044500	0.062409
46.000000	1	1.420992	0.374389	2.349839	0.257225
46.250000	0	0.095280	0.007689	0.905886	0.061016
46.250000	1	1.458868	0.681970	2.315810	0.273855
46.500000	0	0.091653	0.004766	0.387908	0.035108
46.500000	1	1.420749	0.818583	2.284879	0.253676
46.750000	0	0.096085	0.009058	0.615789	0.054087
46.750000	1	1.452184	0.670778	2.276585	0.257109
47.000000	0	0.095090	0.003817	0.648950	0.051134
47.000000	1	1.452446	0.790551	2.456256	0.264302
47.250000	0	0.095213	0.015805	0.478370	0.045888
47.250000	1	1.441286	0.276010	2.842879	0.326917
47.500000	0	0.096357	0.004831	0.894220	0.067191
47.500000	1	1.447264	0.698033	3.133823	0.300370
47.750000	0	0.097599	0.006866	0.700998	0.060926
47.750000	1	1.423044	0.638172	2.354968	0.265525
48.000000	0	0.095962	0.012458	0.490236	0.050019
48.000000	1	1.475666	0.798173	2.470717	0.261635
48.250000	0	0.095666	0.013679	0.884723	0.057715
48.250000	1	1.460466	0.764179	2.773341	0.325403
48.500000	0	0.094084	0.003187	0.575011	0.047822
48.500000	1	1.420449	0.736105	2.630273	0.286327
48.750000	0	0.097440	0.001821	1.308290	0.071463
48.750000	1	1.418808	0.480144	3.151583	0.361506
49.000000	0	0.098362	0.012938	0.748644	0.056744
49.000000	1	1.449678	0.077377	2.917105	0.423825
49.250000	0	0.094840	0.005038	0.408281	0.048150
49.250000	1	1.434499	0.717280	2.287912	0.241649
49.500000	0	0.093854	0.018176	0.360979	0.041002
49.500000	1	1.412601	0.541692	2.264130	0.322804
49.750000	0	0.096983	0.013622	1.060251	0.061789
49.750000	1	1.484060	0.562272	3.458201	0.376233
50.000000	0	0.093114	0.000297	0.298177	0.042633
50.000000	1	1.437984	0.719990	2.263535	0.225370
50.250000	0	0.096135	0.012526	0.585409	0.055786
50.250000	1	1.389029	0.662659	2.338152	0.265646
50.500000	0	0.094696	0.003591	0.470482	0.047626
50.500000	1	1.499668	0.713994	2.388512	0.255149
50.750000	0	0.095199	0.006688	0.469430	0.044795
50.750000	1	1.448520	0.555159	3.118772	0.317678
51.000000	0	0.095613	0.012377	0.860684	0.055578
51.000000	1	1.475602	0.604955	2.652615	0.255589
51.250000	0	0.094481	0.008951	0.526534	0.045207
51.250000	1	1.400339	0.755489	2.288889	0.242643
51.500000	0	0.098281	0.020424	1.478584	0.072480
51.500000	1	1.448748	0.439366	2.375881	0.280935
51.750000	0	0.092617	0.013595	0.425664	0.040220
51.750000	1	1.432315	0.365644	2.383827	0.277201
52.000000	0	0.092668	0.012774	0.356535	0.042151
52.000000	1	1.412242	0.654695	3.326429	0.304769
52.250000	0	0.095883	0.004961	0.645650	0.053363
52.250000	1	1.422432	0.533326	2.334056	0.271717
52.500000	0	0.097188	0.011102	0.624225	0.052319
52.500000	1	1.456625	0.565922	4.368253	0.410866
52.750000	0	0.094781	0.010508	0.799030	0.057322
52.750000	1	1.388639	0.581742	2.466255	0.289110
53.000000	0	0.098183	0.008877	0.791713	0.062117
53.000000	1	1.420100	0.524417	2.271937	0.286043
53.250000	0	0.098941	0.008344	1.891455	0.090218
53.250000	1	1.463156	0.348648	3.296903	0.346576
53.500000	0	0.095852	0.001446	0.461644	0.049636
53.500000	1	1.448598	0.729677	2.107228	0.260214
53.750000	0	0.097293	0.006860	0.661414	0.054255
53.750000	1	1.437800	0.709682	2.990765	0.331042
54.000000	0	0.095971	0.003616	0.957304	0.068923
54.000000	1	1.406294	0.654117	2.317411	0.268334
54.250000	0	0.099514	0.005978	1.176388	0.073479
54.250000	1	1.394454	0.733311	2.910294	0.275972
54.500000	0	0.101660	0.011183	0.935454	0.066711
54.500000	1	1.484902	0.653318	2.937603	0.277509
54.750000	0	0.097414	0.007439	0.426056	0.046191
54.750000	1	1.439521	0.993294	2.380750	0.231057
55.000000	0	0.095618	0.006166	0.717060	0.054344
55.000000	1	1.392477	0.517740	2.492556	0.279745
55.250000	0	0.099757	0.012740	1.233826	0.069374
55.250000	1	1.424517	0.929851	2.693977	0.279841
55.500000	0	0.096996	0.005113	0.683087	0.052369
55.500000	1	1.453207	0.749284	3.043200	0.286514
55.750000	0	0.096906	0.001074	0.949824	0.058163
55.750000	1	1.431758	0.571072	2.716916	0.346583
56.000000	0	0.093929	0.007373	0.456154	0.046047
56.000000	1	1.459619	1.014424	2.251680	0.260000
56.250000	0	0.097923	0.013989	1.146498	0.062738
56.250000	1	1.461685	0.857411	2.638226	0.286936
56.500000	0	0.094929	0.010721	0.406827	0.044360
56.500000	1	1.477732	0.828357	3.198756	0.275074
56.750000	0	0.096784	0.005916	0.823975	0.062319
56.750000	1	1.393450	0.577872	2.380696	0.251318
57.000000	0	0.095144	0.005948	0.851633	0.051064
57.000000	1	1.435757	0.306388	3.482902	0.344459
57.250000	0	0.093623	0.011907	0.470829	0.044474
57.250000	1	1.413835	0.392941	2.297949	0.284709
57.500000	0	0.093224	0.007244	0.649968	0.045728
57.500000	1	1.449540	0.496726	2.968860	0.342197
57.750000	0	0.094518	0.004489	0.721392	0.049906
57.750000	1	1.417516	0.445699	2.260103	0.277569
58.000000	0	0.092815	0.022197	0.514935	0.044351
58.000000	1	1.458484	0.814291	2.405863	0.250608
58.250000	0	0.093839	0.008135	0.823350	0.053318
58.250000	1	1.448891	0.877512	2.972939	0.282474
58.500000	0	0.096711	0.006692	0.464033	0.050840
58.500000	1	1.442449	0.356298	2.321373	0.246140
58.750000	0	0.096494	0.013882	0.948511	0.062659
58.750000	1	1.435928	0.453435	3.379719	0.344355
59.000000	0	0.092900	0.009695	0.661817	0.043688
59.000000	1	1.445252	0.933227	2.673169	0.232117
59.250000	0	0.093799	0.005858	1.234882	0.059400
59.250000	1	1.394396	0.616472	2.375432	0.260811
59.500000	0	0.096312	0.005120	0.414544	0.050162
59.500000	1	1.438516	0.502426	2.419973	0.286037
59.750000	0	0.097805	0.009236	0.968318	0.059066
59.750000	1	1.424364	0.287379	2.371372	0.292122
60.000000	0	0.096465	0.010747	0.572999	0.050183
60.000000	1	1.539316	0.265752	7.938596	0.774682
60.250000	0	0.093511	0.006367	0.395033	0.043201
60.250000	1	1.411137	0.626691	2.252819	0.242644
60.500000	0	0.098103	0.016867	1.132193	0.063042
60.500000	1	1.451045	0.414161	2.783848	0.339775
60.750000	0	0.090260	0.002505	0.632888	0.044680
60.750000	1	1.461804	0.315486	2.494633	0.301373
61.000000	0	0.092964	0.008626	0.392200	0.037482
61.000000	1	1.435856	0.927363	2.095463	0.193857
61.250000	0	0.092158	0.003790	0.322995	0.037443
61.250000	1	1.427143	0.600558	2.426982	0.249011
61.500000	0	0.094605	0.006063	0.482264	0.044557
61.500000	1	1.373922	0.474819	2.034318	0.292780
61.750000	0	0.097121	0.005983	0.692293	0.053734
61.750000	1	1.398914	0.738867	2.542994	0.318080
62.000000	0	0.095656	0.004502	0.722731	0.054781
62.000000	1	1.433984	0.636639	2.462179	0.306949
62.250000	0	0.097174	0.011011	0.606751	0.053626
62.250000	1	1.433665	0.707198	2.313163	0.301890
62.500000	0	0.093633	0.009404	0.497001	0.045814
62.500000	1	1.406907	0.594541	2.112730	0.252960
62.750000	0	0.097595	0.001927	0.795386	0.059416
62.750000	1	1.457292	0.520261	2.650786	0.325692
63.000000	0	0.092908	0.009834	0.843915	0.050891
63.000000	1	1.445041	0.719627	2.466816	0.256939
63.250000	0	0.095283	0.008534	0.404531	0.044952
63.250000	1	1.401644	0.508646	2.038943	0.236760
63.500000	0	0.094230	0.003979	0.363168	0.044601
63.500000	1	1.455117	0.888008	2.200740	0.279525
63.750000	0	0.093513	0.004249	0.805174	0.051369
63.750000	1	1.408426	0.525359	1.991159	0.254559
64.000000	0	0.099728	0.006295	1.254813	0.070815
64.000000	1	1.462977	0.260228	3.484450	0.395915
64.250000	0	0.095416	0.012462	0.967224	0.052980
64.250000	1	1.467715	0.763386	2.965406	0.291626
64.500000	0	0.091452	0.007287	0.809008	0.044641
64.500000	1	1.425318	0.520285	2.335136	0.290656
64.750000	0	0.092537	0.005324	0.379297	0.042313
64.750000	1	1.424952	0.762605	1.994240	0.241886
65.000000	0	0.088890	0.011333	0.346586	0.036805
65.000000	1	1.427275	0.940388	1.934992	0.192494
65.250000	0	0.092531	0.005574	0.348135	0.038974
65.250000	1	1.432535	0.654747	2.020968	0.232721
65.500000	0	0.093082	0.005348	0.430581	0.044477
65.500000	1	1.449508	0.808428	2.711069	0.287497
65.750000	0	0.093414	0.007309	0.852377	0.048965
65.750000	1	1.426684	0.565484	2.681016	0.301793
66.000000	0	0.095073	0.009757	0.803823	0.050798
66.000000	1	1.470750	0.805876	2.346634	0.262743
66.250000	0	0.094966	0.007888	0.471021	0.043694
66.250000	1	1.417061	0.643434	1.919819	0.256221
66.500000	0	0.094191	0.008794	0.537956	0.051609
66.500000	1	1.396941	0.588214	2.143584	0.258710
66.750000	0	0.093154	0.009624	0.606348	0.051464
66.750000	1	1.415386	0.385686	2.107762	0.312121
67.000000	0	0.095629	0.007104	0.906937	0.054237
67.000000	1	1.502345	0.704107	2.940445	0.333986
67.250000	0	0.095917	0.004143	0.949752	0.057491
67.250000	1	1.423292	0.717540	2.586035	0.312890
67.500000	0	0.111348	0.007966	11.407162	0.425417
67.500000	1	1.488424	0.347840	10.943393	0.937432
67.750000	0	0.094880	0.009095	0.724572	0.051170
67.750000	1	1.397002	0.618703	2.673303	0.297759
68.000000	0	0.097171	0.004036	0.585133	0.053936
68.000000	1	1.500034	0.485879	3.410215	0.344176
68.250000	0	0.095050	0.010754	0.487481	0.044530
68.250000	1	1.455301	0.330533	3.999682	0.367338
68.500000	0	0.094501	0.007627	0.383795	0.046289
68.500000	1	1.451867	0.686183	2.472946	0.291940
68.750000	0	0.096278	0.010679	0.657870	0.052684
68.750000	1	1.395829	0.917280	2.300850	0.263763
69.000000	0	0.096605	0.016805	0.627062	0.054820
69.000000	1	1.425525	0.484649	2.594930	0.344549
69.250000	0	0.099323	0.002810	0.869306	0.065706
69.250000	1	1.419448	0.538841	2.416486	0.291442
69.500000	0	0.094695	0.012128	0.604131	0.050060
69.500000	1	1.476585	0.775412	3.429800	0.311270
69.750000	0	0.096282	0.000092	0.409315	0.046946
69.750000	1	1.409659	0.735330	2.404185	0.286662
70.000000	0	0.097590	0.008705	1.113296	0.065559
70.000000	1	1.471857	0.539725	2.839011	0.299511
70.250000	0	0.091561	0.009347	0.308850	0.037511
70.250000	1	1.413550	0.337568	2.245502	0.279186
70.500000	0	0.094781	0.007122	0.978141	0.056879
70.500000	1	1.402931	0.330032	2.090247	0.248546
70.750000	0	0.095037	0.008549	0.551648	0.050302
70.750000	1	1.425089	0.525310	2.460667	0.308569
71.000000	0	0.092890	0.005144	0.724802	0.046985
71.000000	1	1.473722	0.534175	2.816180	0.353935
71.250000	0	0.095849	0.010261	0.642611	0.055435
71.250000	1	1.438937	0.194299	2.481227	0.304553
71.500000	0	0.095003	0.010513	0.822854	0.053423
71.500000	1	1.442073	0.657532	2.436220	0.238144
71.750000	0	0.093057	0.001808	0.509171	0.044375
71.750000	1	1.406519	0.735761	2.652361	0.270584
72.000000	0	0.095033	0.003018	1.378342	0.067610
72.000000	1	1.473490	0.674034	2.522537	0.291758
72.250000	0	0.093247	0.005927	0.528634	0.049159
72.250000	1	1.433813	0.915549	2.482804	0.228143
72.500000	0	0.096824	0.018778	0.856872	0.054069
72.500000	1	1.463453	0.654786	2.716162	0.280156
72.750000	0	0.091988	0.006811	0.725847	0.051041
72.750000	1	1.378104	0.833571	1.991527	0.219914
73.000000	0	0.097169	0.005037	1.227607	0.068725
73.000000	1	1.422491	0.619395	2.991534	0.313025
73.250000	0	0.093271	0.013422	0.749217	0.052280
73.250000	1	1.425133	0.742821	1.949488	0.232356
73.500000	0	0.098098	0.009378	0.646573	0.056132
73.500000	1	1.437345	0.290178	2.308348	0.314929
73.750000	0	0.095557	0.004561	1.127395	0.063242
73.750000	1	1.412316	0.392686	2.300434	0.256580
74.000000	0	0.095531	0.009848	0.704148	0.052877
74.000000	1	1.464955	0.871833	2.780829	0.281534
74.250000	0	0.095242	0.004750	0.454527	0.044102
74.250000	1	1.409506	0.773739	2.477445	0.263129
74.500000	0	0.096290	0.017972	1.001020	0.056182
74.500000	1	1.444217	0.555262	2.695449	0.268707
74.750000	0	0.096880	0.002209	0.706786	0.057792
74.750000	1	1.380411	0.440699	2.620728	0.282272
75.000000	0	0.099018	0.013424	0.615532	0.060704
75.000000	1	1.458178	0.498396	2.293412	0.279603
75.250000	0	0.091995	0.005850	0.753035	0.051405
75.250000	1	1.457271	0.682993	2.709888	0.330810
75.500000	0	0.094177	0.009573	0.589928	0.048764
75.500000	1	1.392458	0.481640	2.251545	0.274662
75.750000	0	0.096463	0.008858	0.541816	0.053905
75.750000	1	1.451569	0.524935	3.088196	0.333357
76.000000	0	0.095454	0.007441	0.641096	0.051005
76.000000	1	1.428269	0.322959	2.845974	0.338737
76.250000	0	0.095768	0.008013	0.793613	0.051015
76.250000	1	1.443767	0.684099	2.892052	0.308053
76.500000	0	0.093282	0.012087	0.350296	0.043316
76.500000	1	1.409086	0.749957	2.433959	0.261046
76.750000	0	0.096922	0.013131	0.861870	0.060240
76.750000	1	1.456493	0.362513	2.382327	0.325311
77.000000	0	0.093970	0.011376	0.614732	0.046660
77.000000	1	1.426764	0.494173	2.178701	0.238030
77.250000	0	0.093812	0.003599	0.658812	0.045823
77.250000	1	1.435740	0.489587	2.893931	0.333987
77.500000	0	0.096749	0.010269	0.402314	0.044233
77.500000	1	1.427620	0.752967	3.065984	0.350056
77.750000	0	0.097091	0.007609	0.772746	0.058600
77.750000	1	1.447428	0.524943	2.432716	0.314805
78.000000	0	0.095636	0.006273	0.454798	0.046724
78.000000	1	1.477525	0.480460	2.718449	0.280587
78.250000	0	0.090597	0.004895	0.300820	0.038626
78.250000	1	1.389640	0.888479	2.212542	0.206390
78.500000	0	0.093434	0.001388	0.429066	0.043489
78.500000	1	1.444071	0.784909	2.289663	0.244838
78.750000	0	0.092753	0.010665	0.406882	0.045305
78.750000	1	1.438610	0.929356	1.900946	0.224481
79.000000	0	0.091458	0.006611	0.528416	0.045574
79.000000	1	1.420007	0.156116	2.233742	0.250195
79.250000	0	0.094369	0.003440	0.527798	0.048507
79.250000	1	1.390498	0.684308	2.416783	0.263897
79.500000	0	0.095266	0.010088	0.440652	0.045922
79.500000	1	1.449779	0.332813	2.934815	0.340809
79.750000	0	0.093571	0.006282	0.523122	0.049758
79.750000	1	1.421243	0.688470	2.084894	0.216679
80.000000	0	0.096847	0.007860	0.708928	0.055193
80.000000	1	1.409665	0.748789	2.246514	0.265765
80.250000	0	0.093831	0.009468	0.341934	0.041278
80.250000	1	1.440815	0.721940	2.801433	0.279408
80.500000	0	0.094859	0.006229	0.549089	0.048024
80.500000	1	1.409514	0.499996	2.922082	0.276478
80.750000	0	0.095675	0.004726	0.625172	0.049769
80.750000	1	1.421638	0.409217	3.183427	0.330653
81.000000	0	0.102038	0.002341	1.174502	0.077375
81.000000	1	1.471059	0.759257	2.714064	0.316154
81.250000	0	0.094780	0.007105	0.563989	0.046390
81.250000	1	1.440421	0.661314	3.030263	0.319277
81.500000	0	0.096503	0.002877	0.842324	0.054980
81.500000	1	1.430230	0.418820	2.228943	0.250924
81.750000	0	0.092583	0.005515	0.435790	0.038721
81.750000	1	1.426198	0.653457	3.348920	0.287994
82.000000	0	0.094315	0.006327	0.962640	0.058380
82.000000	1	1.411756	0.706374	2.669897	0.309523
82.250000	0	0.097608	0.004599	0.706384	0.054508
82.250000	1	1.403012	0.471838	2.061566	0.240960
82.500000	0	0.093558	0.010842	0.612795	0.049339
82.500000	1	1.415802	0.418523	2.652909	0.306438
82.750000	0	0.095572	0.009771	0.626111	0.054972
82.750000	1	1.531847	0.287925	8.737952	0.963176
83.000000	0	0.101748	0.005618	0.904089	0.069207
83.000000	1	1.398142	0.281811	2.282717	0.307276
83.250000	0	0.097844	0.012128	0.820066	0.060995
83.250000	1	1.385803	0.503777	2.454785	0.330358
83.500000	0	0.100031	0.002184	0.796854	0.060959
83.500000	1	1.444357	0.260341	2.816784	0.397263
83.750000	0	0.100044	0.004664	0.580271	0.058361
83.750000	1	1.440893	0.556446	2.393122	0.366445
84.000000	0	0.101393	0.007428	0.752858	0.068237
84.000000	1	1.392209	0.299600	3.160905	0.368640
84.250000	0	0.101167	0.013096	0.715719	0.057816
84.250000	1	1.439882	0.527543	3.558032	0.365465
84.500000	0	0.096653	0.005796	0.418763	0.046008
84.500000	1	1.426124	0.485810	2.524297	0.296868
84.750000	0	0.104091	0.002706	1.763720	0.096999
84.750000	1	1.449518	0.531860	2.987293	0.377321
85.000000	0	0.099577	0.010889	0.657210	0.062115
85.000000	1	1.431939	0.196907	2.703072	0.336851
85.250000	0	0.103310	0.013038	1.685428	0.084782
85.250000	1	1.410464	0.478891	2.854713	0.335655
85.500000	0	0.098632	0.010927	1.096428	0.067214
85.500000	1	1.451058	0.836251	2.486437	0.282730
85.750000	0	0.096061	0.013898	0.670694	0.056741
85.750000	1	1.435718	0.673957	3.809906	0.362282
86.000000	0	0.096504	0.001752	0.745798	0.057038
86.000000	1	1.440914	0.548295	2.126523	0.276963
86.250000	0	0.093492	0.003233	0.403662	0.043128
86.250000	1	1.408722	0.417457	2.338473	0.317183
86.500000	0	0.093291	0.002474	0.632407	0.048131
86.500000	1	1.447309	0.665701	2.358923	0.272316
86.750000	0	0.098686	0.014890	0.611878	0.053681
86.750000	1	1.424265	0.646203	2.378635	0.246347
87.000000	0	0.092354	0.008634	0.391822	0.040435
87.000000	1	1.396339	0.809296	2.083640	0.272357
87.250000	0	0.094172	0.003026	0.497281	0.045473
87.250000	1	1.461916	0.189769	2.720668	0.318225
87.500000	0	0.095177	0.004818	1.223981	0.061736
87.500000	1	1.458088	0.378527	2.914186	0.340109
87.750000	0	0.093586	0.008554	0.646523	0.046071
87.750000	1	1.443353	0.665046	2.131166	0.205999
88.000000	0	0.096385	0.007894	0.750461	0.050375
88.000000	1	1.450867	0.750163	2.420254	0.299210
88.250000	0	0.094666	0.008664	0.431198	0.046980
88.250000	1	1.440002	0.867698	2.187216	0.257332
88.500000	0	0.096364	0.005031	0.791032	0.062172
88.500000	1	1.417793	0.619779	3.500052	0.313450
88.750000	0	0.095043	0.010045	0.391094	0.045492
88.750000	1	1.415725	0.844983	2.113626	0.243971
89.000000	0	0.093999	0.008834	0.471258	0.045926
89.000000	1	1.426850	0.607637	2.187054	0.236079
89.250000	0	0.092452	0.006057	1.068256	0.054771
89.250000	1	1.414807	0.296092	2.010707	0.261221
89.500000	0	0.094218	0.010511	0.469219	0.047396
89.500000	1	1.420054	0.699000	2.290558	0.274819
89.750000	0	0.095466	0.001265	0.774528	0.052979
89.750000	1	1.404564	0.410249	3.071839	0.315988
90.000000	0	0.093055	0.009407	0.368873	0.042135
90.000000	1	1.438869	0.897710	2.524656	0.261933
90.250000	0	0.093660	0.002804	0.296978	0.040357
90.250000	1	1.436774	0.803919	2.112374	0.213601
90.500000	0	0.095900	0.020586	0.454151	0.043075
90.500000	1	1.457336	0.918054	2.338245	0.232718
90.750000	0	0.096725	0.011459	0.980751	0.060311
90.750000	1	1.423631	0.515529	2.851250	0.338662
91.000000	0	0.089628	0.005509	0.507372	0.041754
91.000000	1	1.448582	0.569389	3.104239	0.339115
91.250000	0	0.091766	0.010302	0.447267	0.039938
91.250000	1	1.439835	0.808004	2.342494	0.266362
91.500000	0	0.093255	0.003046	0.550315	0.044807
91.500000	1	1.373843	0.759790	2.314007	0.257069
91.750000	0	0.091607	0.004241	0.506690	0.045537
91.750000	1	1.435138	0.719462	2.206111	0.277408
92.000000	0	0.092157	0.008131	0.532835	0.044578
92.000000	1	1.406686	0.425140	3.079509	0.334260
92.250000	0	0.096491	0.011496	0.503488	0.049316
92.250000	1	1.448336	0.798622	2.721423	0.279267
92.500000	0	0.097291	0.012780	2.800795	0.111176
92.500000	1	1.468162	0.868206	2.799683	0.274054
92.750000	0	0.091564	0.005624	0.491084	0.042810
92.750000	1	1.437377	0.498514	2.142427	0.269282
93.000000	0	0.091063	0.011536	0.383105	0.038975
93.000000	1	1.408267	0.349216	2.098071	0.253646
93.250000	0	0.095011	0.007021	1.112008	0.057341
93.250000	1	1.449800	0.652250	2.907150	0.325208
93.500000	0	0.093897	0.002313	1.040821	0.056908
93.500000	1	1.448691	0.164019	2.470976	0.287228
93.750000	0	0.094485	0.006228	0.448833	0.042504
93.750000	1	1.383868	0.576156	2.422376	0.294480
94.000000	0	0.098490	0.007879	2.489428	0.101922
94.000000	1	1.451372	0.525252	2.632225	0.290349
94.250000	0	0.093693	0.014369	0.464117	0.044484
94.250000	1	1.471256	0.890230	3.296424	0.328534
94.500000	0	0.096555	0.006266	0.645433	0.056052
94.500000	1	1.432069	0.405239	2.518515	0.298214
94.750000	0	0.091386	0.009715	0.567843	0.041950
94.750000	1	1.440556	0.954621	2.597102	0.242970
95.000000	0	0.094911	0.010925	0.912878	0.057719
95.000000	1	1.460757	0.775036	2.433520	0.283700
95.250000	0	0.093618	0.010065	0.977580	0.052653
95.250000	1	1.442002	0.535422	2.392106	0.322160
95.500000	0	0.094086	0.006770	1.286777	0.060434
95.500000	1	1.428838	0.788006	2.350490	0.248234
95.750000	0	0.093628	0.009068	0.893334	0.055847
95.750000	1	1.403483	0.227272	2.037468	0.287902
96.000000	0	0.095757	0.009521	0.986537	0.057983
96.000000	1	1.457843	0.592734	2.530331	0.323536
96.250000	0	0.094970	0.012145	0.570764	0.054675
96.250000	1	1.404259	0.367190	2.281382	0.279008
96.500000	0	0.092205	0.003975	0.437586	0.041843
96.500000	1	1.450719	0.859813	2.553535	0.280644
96.750000	0	0.093546	0.011082	0.540451	0.043604
96.750000	1	1.442033	0.429618	2.037126	0.239478
97.000000	0	0.091778	0.013231	0.706185	0.046567
97.000000	1	1.502389	0.286826	3.905730	0.382923
97.250000	0	0.094806	0.006801	0.913727	0.059194
97.250000	1	1.427022	0.361152	2.745682	0.267492
97.500000	0	0.091804	0.008170	0.541538	0.048843
97.500000	1	1.427176	0.535835	3.290559	0.337926
97.750000	0	0.097003	0.002414	0.853072	0.068038
97.750000	1	1.426737	0.601774	2.179853	0.284174
98.000000	0	0.092626	0.000945	0.524044	0.042973
98.000000	1	1.428917	0.716259	2.378099	0.237955
98.250000	0	0.092905	0.009030	0.330916	0.039867
98.250000	1	1.440581	0.742371	2.684443	0.303499
98.500000	0	0.091917	0.003277	0.919614	0.049777
98.500000	1	1.425220	0.257700	2.936826	0.360984
98.750000	0	0.092203	0.005275	0.562199	0.042564
98.750000	1	1.415229	0.346911	2.713811	0.327973
99.000000	0	0.096305	0.007705	0.709770	0.054378
99.000000	1	1.482928	0.935554	3.457970	0.365795
99.250000	0	0.090956	0.003457	0.363357	0.040063
99.250000	1	1.389507	0.774229	1.958969	0.221724
99.500000	0	0.094340	0.020776	0.497510	0.044108
99.500000	1	1.400801	0.619400	2.503388	0.248801
99.750000	0	0.095961	0.011227	0.811804	0.057184
99.750000	1	1.383734	0.389343	2.120929	0.266145
100.000000	0	0.094106	0.017424	0.544859	0.049181
100.000000	1	1.482679	0.558421	2.613650	0.340513
100.250000	0	0.095808	0.016027	0.589952	0.055562
100.250000	1	1.446462	0.804932	2.528291	0.282084
100.500000	0	0.093672	0.002300	0.882912	0.057425
100.500000	1	1.413348	0.646156	2.048270	0.264525
100.750000	0	0.097198	0.011458	1.031990	0.071445
100.750000	1	1.463324	0.728712	2.892515	0.329332
101.000000	0	0.091369	0.002681	0.392879	0.040897
101.000000	1	1.436263	0.736507	2.404415	0.271224
101.250000	0	0.094516	0.004111	0.690014	0.049029
101.250000	1	1.485964	0.501298	2.574328	0.271508
101.500000	0	0.097768	0.009655	1.784657	0.091795
101.500000	1	1.431974	0.773444	3.293333	0.295431
101.750000	0	0.095315	0.011725	0.920816	0.056767
101.750000	1	1.451079	0.446472	2.444190	0.318426
102.000000	0	0.093576	0.004626	0.850648	0.050812
102.000000	1	1.374995	0.486598	1.890990	0.231232
102.250000	0	0.095334	0.004802	0.588444	0.051570
102.250000	1	1.472331	0.734575	2.573364	0.280183
102.500000	0	0.092906	0.005811	0.546553	0.044309
102.500000	1	1.413260	0.498085	2.486964	0.286733
102.750000	0	0.093208	0.004752	0.492644	0.041401
102.750000	1	1.416538	0.474313	2.822013	0.312675
103.000000	0	0.096633	0.006214	0.855104	0.060168
103.000000	1	1.424047	0.547714	2.362911	0.290835
103.250000	0	0.092586	0.010009	0.575529	0.045075
103.250000	1	1.461551	0.881774	4.359627	0.386851
103.500000	0	0.092695	0.004896	0.376507	0.042264
103.500000	1	1.388956	0.413424	2.131936	0.275350
103.750000	0	0.093893	0.016026	0.955636	0.053528
103.750000	1	1.444751	0.491493	2.598775	0.309882
104.000000	0	0.094518	0.009393	0.473460	0.048053
104.000000	1	1.475690	0.793570	2.386198	0.251532
104.250000	0	0.090803	0.006558	0.409471	0.043080
104.250000	1	1.436083	0.792525	2.576070	0.243074
104.500000	0	0.091378	0.010157	0.496242	0.044105
104.500000	1	1.461477	0.600813	2.814466	0.303405
104.750000	0	0.091786	0.008362	0.374969	0.038831
104.750000	1	1.454492	0.416598	2.115087	0.238047
105.000000	0	0.091959	0.017795	0.875302	0.045366
105.000000	1	1.462543	0.810246	2.697725	0.257207
105.250000	0	0.090387	0.007578	0.423206	0.037832
105.250000	1	1.440759	0.903399	2.242556	0.211342
105.500000	0	0.091047	0.011049	0.393670	0.038381
105.500000	1	1.423375	0.554052	2.131812	0.256130
105.750000	0	0.092314	0.002560	1.376073	0.067745
105.750000	1	1.494845	0.263634	3.210434	0.339325
106.000000	0	0.092650	0.009870	0.518663	0.041671
106.000000	1	1.408090	0.756592	3.514608	0.298115
106.250000	0	0.092524	0.006910	0.479785	0.045717
106.250000	1	1.419190	0.593099	2.605812	0.295325
106.500000	0	0.094810	0.010501	0.632740	0.056123
106.500000	1	1.500133	0.743021	2.894472	0.322479
106.750000	0	0.094127	0.004736	0.333280	0.042559
106.750000	1	1.420899	0.399299	2.678629	0.269788
107.000000	0	0.095772	0.006431	0.853354	0.058921
107.000000	1	1.396086	0.500899	2.260037	0.278837
107.250000	0	0.095895	0.007493	0.528307	0.047614
107.250000	1	1.458731	0.554416	2.682313	0.310323
107.500000	0	0.093450	0.004582	0.742784	0.048127
107.500000	1	1.444333	0.660641	2.277129	0.263123
107.750000	0	0.094397	0.002917	0.862760	0.054444
107.750000	1	1.471600	0.788275	2.601212	0.261702
108.000000	0	0.092601	0.010089	0.642894	0.047168
108.000000	1	1.396463	0.541278	2.914541	0.267499
108.250000	0	0.089330	0.005411	0.377065	0.036605
108.250000	1	1.433762	0.570350	2.706406	0.318342
108.500000	0	0.095112	0.010823	0.715308	0.048099
108.500000	1	1.405156	0.316589	3.042824	0.320658
108.750000	0	0.097405	0.010734	0.875166	0.061756
108.750000	1	1.407954	0.379294	2.751106	0.304594
109.000000	0	0.095482	0.004328	0.923646	0.055416
109.000000	1	1.444822	0.787840	2.987492	0.315107
109.250000	0	0.092173	0.003541	0.525256	0.045665
109.250000	1	1.428722	0.791244	2.322330	0.282637
109.500000	0	0.093127	0.004863	0.690912	0.046832
109.500000	1	1.445223	0.384921	2.457528	0.312130
109.750000	0	0.093442	0.012988	0.572100	0.049819
109.750000	1	1.418825	0.666104	2.317978	0.248500
110.000000	0	0.093477	0.008349	0.695149	0.047835
110.000000	1	1.435294	0.846165	2.221101	0.251573
110.250000	0	0.090695	0.009130	0.603059	0.039033
110.250000	1	1.423825	0.662625	2.201762	0.239139
110.500000	0	0.089805	0.005793	0.296472	0.036105
110.500000	1	1.414559	0.640823	2.267666	0.254662
110.750000	0	0.091545	0.015298	0.619124	0.043142
110.750000	1	1.397603	0.516750	2.083794	0.229549
111.000000	0	0.091774	0.008572	0.522701	0.045401
111.000000	1	1.411748	0.548518	2.296527	0.260330
111.250000	0	0.096697	0.006929	1.095464	0.055618
111.250000	1	1.426089	0.755122	2.722865	0.294176
111.500000	0	0.096872	0.009538	0.762222	0.057719
111.500000	1	1.395840	0.685834	3.171175	0.290905
111.750000	0	0.096244	0.012154	0.335241	0.045642
111.750000	1	1.411456	0.412433	2.398425	0.288368
112.000000	0	0.094425	0.008057	0.732479	0.052758
112.000000	1	1.450189	0.698987	4.054137	0.385333
112.250000	0	0.093382	0.004149	0.538420	0.046587
112.250000	1	1.423211	0.547524	3.673636	0.344949
112.500000	0	0.095109	0.009694	0.696743	0.052319
112.500000	1	1.447797	0.208026	2.540820	0.314175
112.750000	0	0.091903	0.005714	0.386179	0.040629
112.750000	1	1.452000	0.328094	2.509462	0.317659
113.000000	0	0.091649	0.013553	0.423686	0.039572
113.000000	1	1.424306	0.530663	2.280709	0.257709
113.250000	0	0.093811	0.009361	1.184272	0.059039
113.250000	1	1.392854	0.411669	2.794073	0.284014
113.500000	0	0.092387	0.003950	0.745495	0.051025
113.500000	1	1.407722	0.382178	2.680730	0.279563
113.750000	0	0.097647	0.004452	1.577353	0.075717
113.750000	1	1.413129	0.526850	3.626467	0.363172
114.000000	0	0.094945	0.006221	0.658082	0.055247
114.000000	1	1.427604	0.441836	2.736018	0.343705
114.250000	0	0.093166	0.007957	0.613246	0.050166
114.250000	1	1.542209	0.648073	7.471002	0.824649
114.500000	0	0.094345	0.003880	1.336003	0.068737
114.500000	1	1.484361	0.428680	6.516908	0.700278
114.750000	0	0.094519	0.004599	0.596634	0.048299
114.750000	1	1.452042	0.340253	2.250199	0.286053
115.000000	0	0.091821	0.009377	0.530629	0.042689
115.000000	1	1.434810	0.869108	2.233156	0.232795
115.250000	0	0.096196	0.006279	0.789875	0.049103
115.250000	1	1.419981	0.703437	2.118190	0.261278
115.500000	0	0.093784	0.002756	0.536762	0.046478
115.500000	1	1.425605	0.828300	2.801664	0.304111
115.750000	0	0.093728	0.012646	0.522395	0.049052
115.750000	1	1.479892	0.392787	2.427834	0.309504
116.000000	0	0.091568	0.004037	0.485410	0.045025
116.000000	1	1.446720	0.598873	2.674684	0.275893
116.250000	0	0.096402	0.006749	0.488885	0.051570
116.250000	1	1.653972	0.637344	16.364486	1.891408
116.500000	0	0.094742	0.006144	0.775248	0.055679
116.500000	1	1.455509	0.453899	2.563293	0.292842
116.750000	0	0.094270	0.003038	0.994900	0.056927
116.750000	1	1.441463	0.626205	2.548038	0.257129
117.000000	0	0.093415	0.010098	0.522081	0.043873
117.000000	1	1.459467	0.965438	2.336518	0.245273
117.250000	0	0.097541	0.008680	1.464653	0.082517
117.250000	1	1.437521	0.794427	2.440713	0.283951
117.500000	0	0.093467	0.010033	0.536858	0.045396
117.500000	1	1.447682	0.883976	2.565266	0.254605
117.750000	0	0.093079	0.006501	0.506303	0.043018
117.750000	1	1.404210	0.607383	2.430450	0.287362
118.000000	0	0.096604	0.005170	2.198142	0.088790
118.000000	1	1.474698	0.897987	2.951158	0.294203
118.250000	0	0.092683	0.010548	0.489275	0.043584
118.250000	1	1.503286	0.834670	3.246264	0.313487
118.500000	0	0.091202	0.005769	0.354121	0.040029
118.500000	1	1.449297	0.486986	2.487814	0.297711
118.750000	0	0.096409	0.008040	0.927344	0.061076
118.750000	1	1.414902	0.807560	2.611949	0.244658
119.000000	0	0.092156	0.007225	0.827091	0.045735
119.000000	1	1.433378	0.557576	2.437109	0.257832
119.250000	0	0.091972	0.013775	0.372869	0.037774
119.250000	1	1.405395	0.830748	2.254229	0.230288
119.500000	0	0.091600	0.002820	0.475011	0.042809
119.500000	1	1.431008	0.386141	2.159858	0.276054
119.750000	0	0.091948	0.002240	0.751817	0.046989
119.750000	1	1.437584	0.764501	2.188892	0.256576
120.000000	0	0.092241	0.003995	0.413188	0.044818
120.000000	1	1.434586	0.502624	2.394887	0.254942
120.250000	0	0.090566	0.006940	0.349088	0.036968
120.250000	1	1.443454	0.531863	2.942720	0.301813
120.500000	0	0.091014	0.014169	0.349368	0.039164
120.500000	1	1.402962	0.391436	2.133752	0.228522
120.750000	0	0.092455	0.006740	0.474035	0.041914
120.750000	1	1.436089	0.291706	2.721401	0.347527
121.000000	0	0.094568	0.006941	0.394099	0.044271
121.000000	1	1.445399	0.622801	2.537330	0.286719
121.250000	0	0.093263	0.012120	0.402762	0.041362
121.250000	1	1.431626	0.286602	2.718298	0.380520
121.500000	0	0.091301	0.006008	0.631465	0.045879
121.500000	1	1.474003	0.697619	2.493388	0.253447
121.750000	0	0.090340	0.008150	0.375301	0.038100
121.750000	1	1.412546	0.671723	2.774043	0.278637
122.000000	0	0.091241	0.009852	0.603933	0.041847
122.000000	1	1.446071	0.758028	2.438761	0.279038
122.250000	0	0.092660	0.008947	0.341947	0.039332
122.250000	1	1.535537	0.971053	4.651025	0.462071
122.500000	0	0.090655	0.009261	0.444370	0.038747
122.500000	1	1.387139	0.592084	3.188826	0.336684
122.750000	0	0.096446	0.006691	0.696844	0.051233
122.750000	1	1.448096	0.709715	2.364540	0.273116
123.000000	0	0.094126	0.010791	0.607952	0.051693
123.000000	1	1.422356	0.320195	2.815039	0.328900
123.250000	0	0.095421	0.002125	0.705836	0.054726
123.250000	1	1.371119	0.143520	2.326222	0.282358
123.500000	0	0.093859	0.014652	0.629919	0.046598
123.500000	1	1.402038	0.474231	2.255174	0.291390
123.750000	0	0.092362	0.006662	0.407524	0.041816
123.750000	1	1.439205	0.503058	2.526081	0.301574
124.000000	0	0.091921	0.007214	0.398852	0.040206
124.000000	1	1.437438	0.531585	2.177794	0.238733
124.250000	0	0.093198	0.012072	0.730798	0.051429
124.250000	1	1.436860	0.563010	2.604420	0.258126
124.500000	0	0.093980	0.012168	1.778290	0.083748
124.500000	1	1.407783	0.282784	2.809136	0.319540
124.750000	0	0.090014	0.009039	0.379699	0.035965
124.750000	1	1.481811	0.745541	2.713980	0.292576
125.000000	0	0.089446	0.014506	0.295326	0.034217
125.000000	1	1.431420	0.838800	2.192532	0.216550
125.250000	0	0.090879	0.004889	0.440543	0.041702
125.250000	1	1.444064	0.587881	2.812265	0.292091
125.500000	0	0.092166	0.011280	0.445177	0.044448
125.500000	1	1.481537	0.758513	2.747541	0.297205
125.750000	0	0.092740	0.010249	0.646487	0.046982
125.750000	1	1.431812	0.386586	2.463394	0.259160
126.000000	0	0.092364	0.011545	0.513909	0.043707
126.000000	1	1.428388	0.918672	2.566455	0.245856
126.250000	0	0.091233	0.008416	0.667833	0.044652
126.250000	1	1.398507	0.320257	2.386222	0.280020
126.500000	0	0.094681	0.004791	0.507254	0.046273
126.500000	1	1.421790	0.493113	2.216072	0.262102
126.750000	0	0.097124	0.009508	0.764271	0.055147
126.750000	1	1.473108	0.572979	3.238373	0.380145
127.000000	0	0.092251	0.007120	0.737407	0.055366
127.000000	1	1.479808	0.543673	4.476043	0.485716
127.250000	0	0.093863	0.004748	0.738588	0.049989
127.250000	1	1.422026	0.795036	2.040383	0.245818
127.500000	0	0.095232	0.006538	0.432323	0.043568
127.500000	1	1.426080	0.401161	2.375448	0.268751
127.750000	0	0.098980	0.021162	1.617379	0.086724
127.750000	1	1.476304	0.642493	2.707144	0.327963
128.000000	0	0.094153	0.008009	0.477373	0.045681
128.000000	1	1.391696	0.820088	2.011733	0.229473
128.250000	0	0.093214	0.004354	0.817055	0.053944
128.250000	1	1.425795	0.543288	2.025100	0.253631
128.500000	0	0.091716	0.008576	0.443305	0.042453
128.500000	1	1.457880	0.782678	2.131594	0.236736
128.750000	0	0.093991	0.014795	0.467595	0.042820
128.750000	1	1.448208	0.848559	2.088661	0.216132
129.000000	0	0.090535	0.004239	0.528489	0.038294
129.000000	1	1.392184	0.317932	2.344479	0.246867
129.250000	0	0.093725	0.005559	0.789314	0.049689
129.250000	1	1.489951	0.211358	2.891407	0.372548
129.500000	0	0.090952	0.007715	0.523158	0.043265
129.500000	1	1.442437	0.633170	2.552247	0.256534
129.750000	0	0.093261	0.009353	0.337522	0.038514
129.750000	1	1.456315	0.653293	2.447709	0.245376
130.000000	0	0.092223	0.004595	0.849816	0.049830
130.000000	1	1.404154	0.419540	2.445393	0.254902
130.250000	0	0.090647	0.001103	0.408005	0.041333
130.250000	1	1.429554	0.727994	2.267739	0.257012
130.500000	0	0.092654	0.010828	0.412702	0.042534
130.500000	1	1.445273	0.379515	2.545131	0.288305
130.750000	0	0.094076	0.014734	0.527422	0.047309
130.750000	1	1.450528	0.081191	3.242870	0.376448
131.000000	0	0.095100	0.008008	0.864637	0.054797
131.000000	1	1.468076	0.915432	2.923124	0.285991
131.250000	0	0.096826	0.010920	0.550842	0.056177
131.250000	1	1.393527	0.519705	2.277632	0.260846
131.500000	0	0.093005	0.011967	1.100760	0.057920
131.500000	1	1.390183	0.420738	3.647036	0.331142
131.750000	0	0.096885	0.017742	0.682228	0.057034
131.750000	1	1.468064	0.771845	3.819251	0.392586
132.000000	0	0.097774	0.007801	1.083720	0.066682
132.000000	1	1.412957	0.438335	2.586607	0.309327
132.250000	0	0.096354	0.006901	0.743872	0.056959
132.250000	1	1.607524	0.477230	12.613153	1.400082
132.500000	0	0.096699	0.009607	0.825049	0.056267
132.500000	1	1.424497	0.418627	2.764691	0.280546
132.750000	0	0.095074	0.009733	0.698659	0.055225
132.750000	1	1.497866	0.757323	3.765803	0.334704
133.000000	0	0.095100	0.003198	0.635431	0.048592
133.000000	1	1.405393	0.729193	2.267598	0.254381
133.250000	0	0.096722	0.009329	0.945358	0.062934
133.250000	1	1.452918	0.483043	2.349490	0.275493
133.500000	0	0.091853	0.014222	0.517860	0.042399
133.500000	1	1.424107	0.482409	2.084292	0.271399
133.750000	0	0.093056	0.008532	0.799336	0.050934
133.750000	1	1.447339	0.812848	2.698599	0.338194
134.000000	0	0.093784	0.013927	0.945723	0.059763
134.000000	1	1.442380	0.775513	2.734935	0.295483
134.250000	0	0.096282	0.008813	1.488636	0.075786
134.250000	1	1.481299	0.818400	2.903424	0.318548
134.500000	0	0.095439	0.003935	1.465135	0.070936
134.500000	1	1.434967	0.840903	3.192859	0.292610
134.750000	0	0.092678	0.006945	0.558727	0.045480
134.750000	1	1.388367	0.711812	2.423590	0.215378
135.000000	0	0.095222	0.008283	1.053175	0.059667
135.000000	1	1.444012	0.793962	3.026538	0.368252
135.250000	0	0.093275	0.008008	0.703820	0.050642
135.250000	1	1.423122	0.440042	2.454020	0.306961
135.500000	0	0.095259	0.011125	0.713970	0.050948
135.500000	1	1.401388	0.058898	2.976607	0.329417
135.750000	0	0.092523	0.006631	0.608076	0.043803
135.750000	1	1.365203	0.647337	2.560448	0.272274
136.000000	0	0.099163	0.007693	1.250315	0.078006
136.000000	1	1.399995	0.373391	2.852287	0.356032
136.250000	0	0.099738	0.009583	0.730938	0.062905
136.250000	1	1.474432	0.529283	3.057262	0.373096
136.500000	0	0.092176	0.009913	0.667461	0.045836
136.500000	1	1.411315	0.592236	2.032491	0.233429
136.750000	0	0.094751	0.005919	0.617074	0.051069
136.750000	1	1.421918	0.416303	2.809118	0.363188
137.000000	0	0.099477	0.014662	0.757066	0.062211
137.000000	1	1.405367	0.682581	2.394192	0.292077
137.250000	0	0.095551	0.000877	0.810137	0.057441
137.250000	1	1.459723	0.679190	2.533291	0.288014
137.500000	0	0.095620	0.007423	1.147299	0.062619
137.500000	1	1.439041	0.786740	2.680281	0.250226
137.750000	0	0.092701	0.011795	0.736423	0.050286
137.750000	1	1.439890	0.372927	2.730078	0.298607
138.000000	0	0.094828	0.016416	0.568033	0.049473
138.000000	1	1.427373	0.668064	2.448082	0.247587
138.250000	0	0.091074	0.006958	1.095044	0.053846
138.250000	1	1.440681	0.586781	2.851082	0.280744
138.500000	0	0.089252	0.007448	0.321897	0.035479
138.500000	1	1.461847	0.817579	2.763785	0.305624
138.750000	0	0.091619	0.007872	0.386109	0.040514
138.750000	1	1.465229	0.733751	4.418982	0.405990
139.000000	0	0.090725	0.006994	0.508763	0.045639
139.000000	1	1.438676	0.667194	2.155707	0.246986
139.250000	0	0.092943	0.004338	0.653056	0.046167
139.250000	1	1.495827	0.507838	3.019278	0.356924
139.500000	0	0.091946	0.003671	0.845470	0.049247
139.500000	1	1.429752	0.433835	2.611461	0.320420
139.750000	0	0.095588	0.009504	0.895432	0.049996
139.750000	1	1.465117	0.524923	2.523922	0.297198
140.000000	0	0.094502	0.004761	0.922985	0.055368
140.000000	1	1.472660	0.798357	3.523653	0.365165
140.250000	0	0.094085	0.017388	0.832834	0.049196
140.250000	1	1.438146	0.429512	2.632533	0.274889
140.500000	0	0.091432	0.007041	0.396024	0.042175
140.500000	1	1.414546	0.448341	2.167726	0.260297
140.750000	0	0.092398	0.006633	0.525744	0.042016
140.750000	1	1.517825	0.381976	5.926067	0.606000
141.000000	0	0.090989	0.005679	0.379304	0.039592
141.000000	1	1.476471	0.948743	2.334214	0.246667
141.250000	0	0.092379	0.006074	0.373577	0.043059
141.250000	1	1.426767	0.960812	2.160961	0.201468
141.500000	0	0.092092	0.021899	0.358776	0.039901
141.500000	1	1.391483	0.571883	2.720290	0.264145
141.750000	0	0.095132	0.004482	0.525213	0.047725
141.750000	1	1.421374	0.520400	2.048476	0.268756
142.000000	0	0.093532	0.010704	0.441302	0.039887
142.000000	1	1.443232	0.968061	2.765091	0.246113
142.250000	0	0.090928	0.008750	0.608600	0.042488
142.250000	1	1.390152	0.804237	2.340965	0.240664
142.500000	0	0.093825	0.005693	0.831216	0.055774
142.500000	1	1.438280	0.677552	2.132274	0.251093
142.750000	0	0.095493	0.006866	0.685411	0.055200
142.750000	1	1.445844	0.763830	2.334103	0.269193
143.000000	0	0.095522	0.014720	0.805457	0.054900
143.000000	1	1.395544	0.291775	3.179199	0.354774
143.250000	0	0.096889	0.002232	0.850367	0.059671
143.250000	1	1.427338	0.620561	3.366831	0.375794
143.500000	0	0.095677	0.005392	0.589307	0.052952
143.500000	1	1.470006	0.551043	2.772420	0.316041
143.750000	0	0.095963	0.007473	1.244863	0.064177
143.750000	1	1.417883	0.526759	3.052831	0.328485
144.000000	0	0.095811	0.008454	1.833493	0.079288
144.000000	1	1.526686	0.737555	3.558987	0.413581
144.250000	0	0.093832	0.004340	0.462066	0.043695
144.250000	1	1.428818	0.851538	2.345050	0.272369
144.500000	0	0.096157	0.002950	0.547969	0.051364
144.500000	1	1.433815	0.896007	2.592956	0.233500
144.750000	0	0.092817	0.009116	0.518508	0.041986
144.750000	1	1.448329	0.786415	2.323887	0.243646
145.000000	0	0.094878	0.018730	0.661802	0.053011
145.000000	1	1.398558	0.341563	2.539425	0.301068
145.250000	0	0.090576	0.012239	0.435320	0.039646
145.250000	1	1.397731	0.439271	2.337378	0.289209
145.500000	0	0.096302	0.009290	0.501289	0.050121
145.500000	1	1.501539	0.339584	2.996171	0.332371
145.750000	0	0.092608	0.013755	0.491196	0.044135
145.750000	1	1.482267	0.982052	2.571478	0.271203
146.000000	0	0.090453	0.008716	0.251068	0.032913
146.000000	1	1.416692	0.881835	1.992941	0.209386
146.250000	0	0.092488	0.004759	0.533017	0.042040
146.250000	1	1.420101	0.675294	2.349014	0.297718
146.500000	0	0.094565	0.012369	0.522569	0.049229
146.500000	1	1.396455	0.649377	2.465987	0.278057
146.750000	0	0.093338	0.010728	0.686755	0.048794
146.750000	1	1.443168	0.743595	3.639005	0.354605
147.000000	0	0.094518	0.007043	1.022293	0.057032
147.000000	1	1.455550	0.525404	2.758303	0.309725
147.250000	0	0.092817	0.003836	0.657792	0.047022
147.250000	1	1.427003	0.828109	2.674222	0.257905
147.500000	0	0.093947	0.008779	0.442578	0.045170
147.500000	1	1.465687	0.531516	3.032545	0.369715
147.750000	0	0.093678	0.004355	0.545889	0.045141
147.750000	1	1.436620	0.728415	2.521856	0.270175
148.000000	0	0.093534	0.017585	0.469500	0.047011
148.000000	1	1.425893	0.620523	2.374060	0.272865
148.250000	0	0.093570	0.007459	0.544546	0.046242
148.250000	1	1.422801	0.793162	3.036378	0.307687
148.500000	0	0.092447	0.011151	0.406909	0.040521
148.500000	1	1.429611	0.368395	2.577551	0.312139
148.750000	0	0.093496	0.005560	0.814866	0.055445
148.750000	1	1.418453	0.606588	2.425106	0.278032
149.000000	0	0.093392	0.005864	0.713765	0.048179
149.000000	1	1.470803	0.679375	2.539062	0.303362
149.250000	0	0.091003	0.008198	0.289623	0.036605
149.250000	1	1.424907	0.847397	2.361072	0.248901
149.500000	0	0.096712	0.007109	0.940834	0.061958
149.500000	1	1.404344	0.443343	3.115229	0.321463
149.750000	0	0.097619	0.008693	0.765911	0.056559
149.750000	1	1.562859	0.305281	4.571223	0.487055
150.000000	0	0.093288	0.006397	0.360887	0.040221
150.000000	1	1.471279	0.917276	2.175092	0.273931
150.250000	0	0.095104	0.011127	0.432639	0.045194
150.250000	1	1.424889	0.638831	2.824044	0.301416
150.500000	0	0.094718	0.015944	0.741821	0.050274
150.500000	1	1.498996	0.512423	4.897594	0.529684
150.750000	0	0.094156	0.009402	1.067039	0.063764
150.750000	1	1.452001	0.368990	3.047395	0.320097
151.000000	0	0.093594	0.006499	1.034391	0.059858
151.000000	1	1.426307	0.800095	2.218181	0.228742
151.250000	0	0.091661	0.010705	0.325679	0.038223
151.250000	1	1.448637	0.581219	2.639092	0.282511
151.500000	0	0.093793	0.010444	0.703112	0.051680
151.500000	1	1.437415	0.647810	4.153139	0.453398
151.750000	0	0.095004	0.015529	0.644075	0.052098
151.750000	1	1.432850	0.551803	2.270981	0.277153
152.000000	0	0.094394	0.000574	0.950458	0.054140
152.000000	1	1.386014	0.801185	2.534011	0.280814
152.250000	0	0.094980	0.017838	0.801752	0.052235
152.250000	1	1.464420	0.340988	2.423577	0.281590
152.500000	0	0.091898	0.007728	0.805157	0.050011
152.500000	1	1.500807	0.650305	3.085084	0.360769
152.750000	0	0.091417	0.005914	0.288505	0.037090
152.750000	1	1.419198	0.940402	2.661917	0.259497
153.000000	0	0.092715	0.004565	0.702735	0.047661
153.000000	1	1.430472	0.853679	2.224760	0.259961
153.250000	0	0.099660	0.007983	2.931393	0.122666
153.250000	1	1.477500	0.761843	4.103990	0.358741
153.500000	0	0.092539	0.010088	0.917222	0.054859
153.500000	1	1.409930	0.749261	2.681585	0.258645
153.750000	0	0.093731	0.011901	0.616314	0.046782
153.750000	1	1.422712	0.402423	2.289180	0.317750
154.000000	0	0.092911	0.009848	0.632403	0.046082
154.000000	1	1.462167	0.766085	2.329066	0.257058
154.250000	0	0.092226	0.010935	0.381234	0.038866
154.250000	1	1.408523	0.767365	2.308522	0.248051
154.500000	0	0.094461	0.005976	0.721211	0.052010
154.500000	1	1.511100	0.481827	6.241508	0.602408
154.750000	0	0.093834	0.016406	0.435777	0.043228
154.750000	1	1.414873	0.513505	2.387366	0.268955
155.000000	0	0.093686	0.002843	0.496054	0.044963
155.000000	1	1.426296	0.504302	2.211995	0.268548
155.250000	0	0.094474	0.008537	0.496258	0.043849
155.250000	1	1.429670	0.188184	2.550153	0.287558
155.500000	0	0.090200	0.008361	0.718776	0.042247
155.500000	1	1.434371	0.820568	2.299154	0.276858
155.750000	0	0.090512	0.003597	0.516886	0.043586
155.750000	1	1.464681	0.818676	2.633623	0.277642
156.000000	0	0.089831	0.002414	0.584015	0.046094
156.000000	1	1.460880	0.586974	2.445537	0.296255
156.250000	0	0.093778	0.009216	0.414082	0.044567
156.250000	1	1.412045	0.348305	2.403706	0.290195
156.500000	0	0.094666	0.007439	1.038358	0.063104
156.500000	1	1.383418	0.574579	1.933716	0.240147
156.750000	0	0.094237	0.012093	0.525597	0.045167
156.750000	1	1.459196	0.341000	2.780617	0.296239
157.000000	0	0.091944	0.006631	0.740280	0.045163
157.000000	1	1.411739	0.720793	2.085208	0.225729
157.250000	0	0.092787	0.001399	1.018770	0.055304
157.250000	1	1.472014	0.813188	2.929305	0.310424
157.500000	0	0.092160	0.009806	0.378452	0.037372
157.500000	1	1.399413	0.574505	2.053764	0.217851
157.750000	0	0.092415	0.010720	0.560375	0.044584
157.750000	1	1.454354	0.925142	2.021173	0.200101
158.000000	0	0.090558	0.006062	0.373449	0.040442
158.000000	1	1.414342	0.773440	2.364006	0.251700
158.250000	0	0.093803	0.003106	0.471957	0.042232
158.250000	1	1.476778	0.445805	2.524314	0.299161
158.500000	0	0.091546	0.014445	0.873771	0.050088
158.500000	1	1.424644	0.875237	2.540463	0.248821
158.750000	0	0.094048	0.005141	0.506092	0.042932
158.750000	1	1.412130	0.604186	2.218941	0.255211
159.000000	0	0.090593	0.003148	0.498805	0.044147
159.000000	1	1.463344	0.604619	2.892197	0.272356
159.250000	0	0.091851	0.010838	0.568188	0.048168
159.250000	1	1.403556	0.472398	2.114635	0.250215
159.500000	0	0.093258	0.014140	0.496389	0.043520
159.500000	1	1.421652	0.810021	2.238774	0.242646
159.750000	0	0.094156	0.003859	0.624314	0.050010
159.750000	1	1.411272	0.323132	2.430646	0.297398
160.000000	0	0.094223	0.020445	0.883418	0.050714
160.000000	1	1.423967	0.634226	2.883623	0.304792
160.250000	0	0.092886	0.006128	0.552513	0.042456
160.250000	1	1.426771	0.739802	2.538764	0.279123
160.500000	0	0.094585	0.014405	1.019705	0.058757
160.500000	1	1.425641	0.639685	2.121022	0.297450
160.750000	0	0.095210	0.008041	0.595757	0.053019
160.750000	1	1.418875	0.687715	2.516620	0.282988
161.000000	0	0.093108	0.009109	0.501439	0.045937
161.000000	1	1.508550	0.787155	6.984442	0.663243
161.250000	0	0.094992	0.009393	0.446372	0.048386
161.250000	1	1.456357	0.371002	3.858613	0.483162
161.500000	0	0.096261	0.008210	1.151692	0.064782
161.500000	1	1.416676	0.525870	2.577730	0.277165
161.750000	0	0.091648	0.015177	0.637216	0.046046
161.750000	1	1.450947	0.694973	2.246547	0.267366
162.000000	0	0.093052	0.010844	0.460302	0.046056
162.000000	1	1.370692	0.504869	2.087712	0.246744
162.250000	0	0.095107	0.014656	0.525388	0.046238
162.250000	1	1.508150	0.683628	2.827179	0.375931
162.500000	0	0.092455	0.011431	0.558514	0.041008
162.500000	1	1.447636	0.379420	2.589921	0.274836
162.750000	0	0.091246	0.013052	0.312063	0.036804
162.750000	1	1.385421	0.782908	2.254778	0.246300
163.000000	0	0.096611	0.021160	1.124973	0.065563
163.000000	1	1.439163	0.588212	3.303382	0.306602
163.250000	0	0.092670	0.008812	0.661732	0.051434
163.250000	1	1.430182	0.634016	2.457055	0.263171
163.500000	0	0.093844	0.004221	0.360860	0.039711
163.500000	1	1.421499	0.677284	2.374154	0.261069
163.750000	0	0.095553	0.004845	0.991808	0.060040
163.750000	1	1.478933	0.491416	3.020590	0.328191
164.000000	0	0.092999	0.004368	0.429486	0.042230
164.000000	1	1.419273	0.664333	3.018516	0.269881
164.250000	0	0.093108	0.018351	0.410464	0.043796
164.250000	1	1.448614	0.562888	2.407927	0.289484
164.500000	0	0.094670	0.010645	0.462705	0.043229
164.500000	1	1.443869	0.577826	2.387956	0.279801
164.750000	0	0.092565	0.014322	1.064969	0.056696
164.750000	1	1.384690	0.232928	2.329594	0.278442
165.000000	0	0.091477	0.017874	0.531883	0.040682
165.000000	1	1.457414	0.733780	2.389816	0.272938
165.250000	0	0.091317	0.001987	0.381937	0.038917
165.250000	1	1.459220	0.726156	2.865181	0.303062
165.500000	0	0.091812	0.008459	0.796915	0.048874
165.500000	1	1.464569	0.628110	2.750177	0.333295
165.750000	0	0.090951	0.009123	0.397019	0.039787
165.750000	1	1.459951	0.798931	2.690505	0.288205
166.000000	0	0.093014	0.009991	0.418022	0.042897
166.000000	1	1.390648	0.447849	2.315799	0.255113
166.250000	0	0.092916	0.005889	0.965954	0.056078
166.250000	1	1.442425	0.506524	2.696848	0.335898
166.500000	0	0.092329	0.007793	0.474149	0.042360
166.500000	1	1.443123	0.453854	2.836954	0.304630
166.750000	0	0.092703	0.005685	0.736362	0.051097
166.750000	1	1.427614	0.564157	2.463830	0.237871
167.000000	0	0.089631	0.007559	0.330682	0.035775
167.000000	1	1.449144	0.923702	2.442509	0.269544
167.250000	0	0.090760	0.016322	0.420556	0.039653
167.250000	1	1.438314	0.613205	2.238380	0.242353
167.500000	0	0.094441	0.002634	1.115103	0.060067
167.500000	1	1.414016	0.584075	2.360149	0.281906
167.750000	0	0.092627	0.004055	0.485647	0.041295
167.750000	1	1.416800	0.512095	2.213403	0.272666
168.000000	0	0.091945	0.007506	0.389068	0.042888
168.000000	1	1.391143	0.672257	2.581874	0.256874
168.250000	0	0.094865	0.012467	0.624619	0.048200
168.250000	1	1.466591	0.509537	2.549755	0.275276
168.500000	0	0.092328	0.013418	0.517806	0.043917
168.500000	1	1.416078	0.376285	2.154581	0.269465
168.750000	0	0.088793	0.004990	0.269885	0.034832
168.750000	1	1.432912	0.444158	2.361429	0.270628
169.000000	0	0.092459	0.009380	0.785862	0.051625
169.000000	1	1.404389	0.377951	2.337765	0.268297
169.250000	0	0.094413	0.008540	1.065135	0.058452
169.250000	1	1.427997	0.397224	3.091627	0.347550
169.500000	0	0.093722	0.017352	0.946254	0.059726
169.500000	1	1.425140	0.330528	2.437109	0.324180
169.750000	0	0.094666	0.008770	1.051136	0.055750
169.750000	1	1.400874	0.263355	2.190788	0.244954
170.000000	0	0.093076	0.004910	0.368708	0.043831
170.000000	1	1.487162	0.736092	3.259223	0.384998
170.250000	0	0.094233	0.012925	0.633005	0.051240
170.250000	1	1.425649	0.517679	2.176938	0.272936
170.500000	0	0.092536	0.014408	0.802939	0.049497
170.500000	1	1.432341	0.522448	2.362864	0.250628
170.750000	0	0.091771	0.008286	0.427272	0.042223
170.750000	1	1.432637	0.559015	2.173299	0.250231
171.000000	0	0.095436	0.010688	1.324296	0.068103
171.000000	1	1.431108	0.719568	3.231388	0.309458
171.250000	0	0.091157	0.003502	0.550605	0.043029
171.250000	1	1.407136	0.723450	2.092600	0.222262
171.500000	0	0.092171	0.009449	0.420596	0.041250
171.500000	1	1.391114	0.629847	1.931110	0.244138
171.750000	0	0.093779	0.008576	0.976475	0.054851
171.750000	1	1.491016	0.529503	3.025670	0.340555
172.000000	0	0.088987	0.007899	0.763116	0.043372
172.000000	1	1.413157	0.148570	2.538007	0.292571
172.250000	0	0.091394	0.010193	0.466221	0.041005
172.250000	1	1.457866	0.529239	2.875982	0.296230
172.500000	0	0.089825	0.002570	0.308695	0.035601
172.500000	1	1.400791	0.704266	1.991029	0.191403
172.750000	0	0.091084	0.018017	0.757808	0.046801
172.750000	1	1.428892	0.835394	2.107868	0.247258
173.000000	0	0.095311	0.020168	0.724447	0.048075
173.000000	1	1.447347	0.521916	2.493946	0.267905
173.250000	0	0.088960	0.012957	0.317591	0.034993
173.250000	1	1.429191	0.419337	2.735367	0.320697
173.500000	0	0.095321	0.009932	0.738236	0.055372
173.500000	1	1.450506	0.672463	2.343923	0.256185
173.750000	0	0.091407	0.011150	0.552502	0.043572
173.750000	1	1.404894	0.435617	2.828572	0.320774
174.000000	0	0.094623	0.016356	0.597674	0.049326
174.000000	1	1.443490	0.558360	2.404498	0.293979
174.250000	0	0.095219	0.005895	1.103161	0.061415
174.250000	1	1.469929	0.589406	2.416407	0.273167
174.500000	0	0.095477	0.002043	0.851559	0.057326
174.500000	1	1.464365	0.145224	2.694387	0.314779
174.750000	0	0.094570	0.012872	0.413834	0.040908
174.750000	1	1.392072	0.085616	2.401987	0.303163
175.000000	0	0.092939	0.004148	0.594624	0.050857
175.000000	1	1.417747	0.577070	2.232622	0.275411
175.250000	0	0.096303	0.011366	0.902061	0.059914
175.250000	1	1.444037	0.242436	3.030660	0.388329
175.500000	0	0.091822	0.012845	0.846566	0.048972
175.500000	1	1.430645	0.626855	2.925410	0.314431
175.750000	0	0.095073	0.006023	0.855661	0.055751
175.750000	1	1.442791	0.590554	2.459639	0.280740
176.000000	0	0.094600	0.014592	0.587905	0.055881
176.000000	1	1.438083	0.452105	2.697206	0.291118
176.250000	0	0.092779	0.005186	0.536636	0.045532
176.250000	1	1.412457	0.586349	2.114022	0.243083
176.500000	0	0.093571	0.003280	0.551834	0.048964
176.500000	1	1.457136	0.533809	2.551558	0.290633
176.750000	0	0.091759	0.004089	0.362449	0.037790
176.750000	1	1.428341	0.527614	2.334504	0.288896
177.000000	0	0.093945	0.012564	0.631328	0.050584
177.000000	1	1.412046	0.745452	2.331332	0.253537
177.250000	0	0.092189	0.012375	0.595046	0.044687
177.250000	1	1.425180	0.664293	2.609989	0.286844
177.500000	0	0.096626	0.007364	1.010969	0.064311
177.500000	1	1.477003	0.512227	3.194276	0.331059
177.750000	0	0.091719	0.007072	0.347601	0.041124
177.750000	1	1.383023	0.236480	2.183407	0.248995
178.000000	0	0.095123	0.023069	0.572339	0.047092
178.000000	1	1.432212	0.739572	2.365023	0.236966
178.250000	0	0.095993	0.014296	1.208934	0.064180
178.250000	1	1.412609	0.028824	2.565284	0.322665
178.500000	0	0.089349	0.009942	0.464867	0.036335
178.500000	1	1.441612	0.839230	2.057292	0.202515
178.750000	0	0.091265	0.013033	0.705657	0.044454
178.750000	1	1.407522	0.376015	2.477296	0.280079
179.000000	0	0.092619	0.007754	0.689905	0.049970
179.000000	1	1.408948	0.580599	2.761365	0.307930
179.250000	0	0.094290	0.001840	0.555119	0.047294
179.250000	1	1.458026	0.768071	2.797788	0.288428
179.500000	0	0.093043	0.009330	0.666766	0.044021
179.500000	1	1.469455	0.908082	3.429167	0.309191
179.750000	0	0.092470	0.004384	0.772780	0.049346
179.750000	1	1.426155	0.694991	2.232533	0.242670
180.000000	0	0.091983	0.005905	0.558538	0.042160
180.000000	1	1.450773	0.924326	2.453852	0.235096
180.250000	0	0.093010	0.003021	0.485849	0.043513
180.250000	1	1.422687	0.873538	2.391957	0.249180
180.500000	0	0.089543	0.003646	0.516127	0.038762
180.500000	1	1.394378	0.083332	2.962279	0.327905
180.750000	0	0.093386	0.010234	0.619157	0.049286
180.750000	1	1.392217	0.354554	2.511987	0.315113
181.000000	0	0.094781	0.014434	0.619761	0.052318
181.000000	1	1.449798	0.769545	2.713742	0.259126
181.250000	0	0.096067	0.001685	1.216995	0.062312
181.250000	1	1.563753	0.880834	5.708866	0.579840
181.500000	0	0.090239	0.003303	0.410180	0.040909
181.500000	1	1.418410	0.875743	2.094988	0.211458
181.750000	0	0.091110	0.006367	0.604983	0.041555
181.750000	1	1.450041	0.735228	3.732973	0.342745
182.000000	0	0.092175	0.003880	0.341794	0.039184
182.000000	1	1.459648	0.876476	2.528047	0.271529
182.250000	0	0.093313	0.011846	0.554401	0.047285
182.250000	1	1.472440	0.609975	2.407457	0.339673
182.500000	0	0.091829	0.012865	0.445660	0.041607
182.500000	1	1.422542	0.823843	2.230352	0.253399
182.750000	0	0.090806	0.012241	0.344977	0.036499
182.750000	1	1.398847	0.249548	2.825109	0.306233
183.000000	0	0.092298	0.005500	0.644025	0.052443
183.000000	1	1.468633	0.682729	4.191699	0.445384
183.250000	0	0.096280	0.010389	0.751165	0.055126
183.250000	1	1.458859	0.720267	2.377744	0.292880
183.500000	0	0.096869	0.013989	1.051876	0.066110
183.500000	1	1.420920	0.751259	2.800185	0.295548
183.750000	0	0.094809	0.006330	0.895693	0.054760
183.750000	1	1.430292	0.736400	2.587664	0.251370
184.000000	0	0.091707	0.009323	0.569061	0.044695
184.000000	1	1.441083	0.298068	2.578480	0.274020
184.250000	0	0.095391	0.012532	1.010024	0.065388
184.250000	1	1.454560	0.330883	2.827235	0.345782
184.500000	0	0.093777	0.002018	0.384791	0.045833
184.500000	1	1.458830	0.758878	2.259823	0.259180
184.750000	0	0.097774	0.005378	0.988146	0.064906
184.750000	1	1.378196	0.302154	2.303509	0.301888
185.000000	0	0.093502	0.012560	0.510708	0.046206
185.000000	1	1.480644	0.385499	3.066222	0.402531
185.250000	0	0.094972	0.008141	0.735853	0.055576
185.250000	1	1.419784	0.373064	2.546677	0.301940
185.500000	0	0.093878	0.005023	0.591091	0.048273
185.500000	1	1.415376	0.690856	2.118279	0.261617
185.750000	0	0.093607	0.003168	0.342932	0.040687
185.750000	1	1.446833	0.825010	3.666129	0.355289
186.000000	0	0.096470	0.008794	0.789507	0.058694
186.000000	1	1.491130	0.614438	3.594232	0.367920
186.250000	0	0.092971	0.003509	0.586332	0.050709
186.250000	1	1.406497	0.576670	2.491931	0.266531
186.500000	0	0.092788	0.007375	0.497455	0.044700
186.500000	1	1.417959	0.332808	2.353017	0.279670
186.750000	0	0.096606	0.015030	0.895446	0.055564
186.750000	1	1.513736	0.333120	4.402543	0.465735
187.000000	0	0.093517	0.009215	0.652476	0.049958
187.000000	1	1.434541	1.057469	2.524378	0.224315
187.250000	0	0.093042	0.005337	0.411050	0.043896
187.250000	1	1.391682	0.502911	2.425573	0.267662
187.500000	0	0.091153	0.004917	0.324111	0.041932
187.500000	1	1.390636	0.318393	2.472056	0.316879
187.750000	0	0.095753	0.001372	0.786248	0.059434
187.750000	1	1.516424	0.400763	7.153602	0.764465
188.000000	0	0.093481	0.013731	0.398884	0.042138
188.000000	1	1.420637	0.648846	2.125888	0.243093
188.250000	0	0.092445	0.008734	0.697917	0.046194
188.250000	1	1.397069	0.451980	2.327411	0.293844
188.500000	0	0.095635	0.007812	0.605945	0.053060
188.500000	1	1.398483	0.613625	2.223097	0.259901
188.750000	0	0.093970	0.003597	0.565381	0.050640
188.750000	1	1.451396	0.526719	2.337091	0.318813
189.000000	0	0.090163	0.008602	0.365087	0.041542
189.000000	1	1.405798	0.895683	2.450170	0.226766
189.250000	0	0.091915	0.008854	0.601769	0.042920
189.250000	1	1.408272	0.227336	2.133968	0.273357
189.500000	0	0.091426	0.004822	0.477350	0.042673
189.500000	1	1.445061	0.846277	2.633785	0.274609
189.750000	0	0.092056	0.005726	0.654678	0.048094
189.750000	1	1.426902	0.749695	2.453011	0.247087
190.000000	0	0.095815	0.013013	0.496453	0.047775
190.000000	1	1.414339	0.160203	2.537338	0.291436
190.250000	0	0.095651	0.005787	0.809331	0.054686
190.250000	1	1.412096	0.764501	2.046732	0.233923
190.500000	0	0.094133	0.012207	0.519858	0.047510
190.500000	1	1.430730	0.386910	2.378015	0.277371
190.750000	0	0.090733	0.012464	0.522172	0.039864
190.750000	1	1.473348	0.612296	3.578854	0.387186
191.000000	0	0.094164	0.011264	0.938641	0.055783
191.000000	1	1.522562	0.421668	7.560495	0.725760
191.250000	0	0.095133	0.015306	1.234068	0.062265
191.250000	1	1.444774	0.743078	2.993034	0.303969
191.500000	0	0.095442	0.003245	0.794374	0.051894
191.500000	1	1.413750	0.656817	2.700568	0.280693
191.750000	0	0.095525	0.012492	1.359321	0.065645
191.750000	1	1.436617	0.327082	3.745780	0.324753
192.000000	0	0.091162	0.003791	0.558010	0.046695
192.000000	1	1.465713	0.686921	2.435852	0.275448
192.250000	0	0.093407	0.012767	0.808846	0.050653
192.250000	1	1.431352	0.382394	2.721285	0.308671
192.500000	0	0.092271	0.008290	0.637580	0.047453
192.500000	1	1.402565	0.302175	2.102395	0.249950
192.750000	0	0.096817	0.006694	0.668055	0.053810
192.750000	1	1.379575	0.497855	2.470453	0.276394
193.000000	0	0.093092	0.002780	0.751270	0.050346
193.000000	1	1.430643	0.505451	2.659160	0.294860
193.250000	0	0.096507	0.009211	1.550816	0.076189
193.250000	1	1.453284	0.659156	3.365374	0.319094
193.500000	0	0.095373	0.006229	0.929242	0.057327
193.500000	1	1.405066	0.180912	2.479579	0.291817
193.750000	0	0.096962	0.012135	0.882771	0.059968
193.750000	1	1.399092	0.074003	3.331166	0.336793
194.000000	0	0.093233	0.012916	0.743644	0.046988
194.000000	1	1.460901	0.529840	4.854286	0.516253
194.250000	0	0.094367	0.005352	0.587796	0.052633
194.250000	1	1.429988	0.318374	2.686396	0.303814
194.500000	0	0.094255	0.005230	0.455585	0.043923
194.500000	1	1.445840	0.679264	2.148388	0.260295
194.750000	0	0.097116	0.015819	1.167858	0.072578
194.750000	1	1.509501	0.325002	7.601290	0.821123
195.000000	0	0.099170	0.001560	1.005235	0.069541
195.000000	1	1.384652	0.285509	2.366024	0.329647
195.250000	0	0.098467	0.005020	0.742191	0.061266
195.250000	1	1.531644	0.417353	4.293464	0.430381
195.500000	0	0.094347	0.011953	1.857398	0.079870
195.500000	1	1.520564	0.710921	3.578501	0.363455
195.750000	0	0.096893	0.004138	1.201260	0.068117
195.750000	1	1.398276	0.572549	2.040927	0.288502
196.000000	0	0.096198	0.013329	1.515774	0.075486
196.000000	1	1.420713	0.512329	2.738471	0.384793
196.250000	0	0.095979	0.012194	0.541734	0.052157
196.250000	1	1.415382	0.908181	2.320213	0.254759
196.500000	0	0.094185	0.004268	0.428554	0.044536
196.500000	1	1.409414	0.469597	2.302765	0.336406
196.750000	0	0.096084	0.004764	0.756076	0.054438
196.750000	1	1.403041	0.827427	2.176594	0.248852
197.000000	0	0.095926	0.011639	0.502922	0.048483
197.000000	1	1.406288	0.608669	2.300325	0.260201
197.250000	0	0.093667	0.004025	0.437064	0.046636
197.250000	1	1.448957	0.569616	3.206920	0.324962
197.500000	0	0.094785	0.005186	0.893631	0.055601
197.500000	1	1.511539	0.343291	6.483143	0.674311
197.750000	0	0.096597	0.005939	1.265909	0.067073
197.750000	1	1.427423	0.609647	2.584958	0.280440
198.000000	0	0.092794	0.007123	0.756469	0.051149
198.000000	1	1.394791	0.498410	2.065038	0.271860
198.250000	0	0.097889	0.007540	0.594227	0.051728
198.250000	1	1.440990	0.713716	2.668770	0.294114
198.500000	0	0.099654	0.008477	2.402244	0.099672
198.500000	1	1.477107	0.658528	3.397323	0.330297
198.750000	0	0.093728	0.014751	0.765405	0.049808
198.750000	1	1.460636	0.606712	4.664007	0.413441
199.000000	0	0.091444	0.007886	0.325163	0.036830
199.000000	1	1.444939	0.614746	2.542068	0.258092
199.250000	0	0.092056	0.011712	0.476211	0.042619
199.250000	1	1.435933	0.754865	2.570958	0.246185
199.500000	0	0.092204	0.002538	0.479683	0.045025
199.500000	1	1.409956	0.510710	2.375944	0.298719
199.750000	0	0.092631	0.012233	0.622133	0.047216
199.750000	1	1.457274	0.839918	2.663805	0.317976
200.000000	0	0.095387	0.004251	0.669110	0.051882
200.000000	1	1.453281	0.513892	2.472168	0.253274
200.250000	0	0.090575	0.010952	0.665611	0.043249
200.250000	1	1.375720	0.331032	2.138406	0.230257
200.500000	0	0.096078	0.004950	0.647201	0.056902
200.500000	1	1.418185	0.510534	2.583893	0.257269
200.750000	0	0.094041	0.003823	0.494012	0.045201
200.750000	1	1.428101	0.888303	2.116599	0.205031
201.000000	0	0.094426	0.003828	0.634926	0.051905
201.000000	1	1.439907	0.617211	2.337017	0.247861
201.250000	0	0.095459	0.004752	0.848362	0.056443
201.250000	1	1.427459	0.534006	2.384534	0.272450
201.500000	0	0.092718	0.003162	0.537030	0.047826
201.500000	1	1.399703	0.180791	2.212208	0.294484
201.750000	0	0.093175	0.005428	1.137986	0.059606
201.750000	1	1.446987	0.542127	2.984525	0.291592
202.000000	0	0.091975	0.002990	0.475393	0.043893
202.000000	1	1.426667	0.628878	2.324887	0.241966
202.250000	0	0.093603	0.004889	0.787367	0.052590
202.250000	1	1.397424	0.525247	2.251545	0.285797
202.500000	0	0.095288	0.005749	0.704741	0.056694
202.500000	1	1.520009	0.401763	5.539957	0.566130
202.750000	0	0.092554	0.009202	0.458945	0.041106
202.750000	1	1.403196	0.631192	2.232632	0.245240
203.000000	0	0.097043	0.012130	1.064177	0.062129
203.000000	1	1.467548	0.623036	2.728087	0.333925
203.250000	0	0.094466	0.007182	0.697203	0.051798
203.250000	1	1.399453	0.552488	2.583525	0.252851
203.500000	0	0.097268	0.012925	1.536643	0.081186
203.500000	1	1.428478	0.311850	2.145127	0.279552
203.750000	0	0.094075	0.005955	0.378377	0.043045
203.750000	1	1.406951	0.333360	2.557725	0.317031
204.000000	0	0.093747	0.009937	0.559692	0.050567
204.000000	1	1.440544	0.419502	3.807885	0.393456
204.250000	0	0.091214	0.008377	0.394993	0.040696
204.250000	1	1.425074	0.601960	2.114892	0.273782
204.500000	0	0.093586	0.004283	0.772512	0.052442
204.500000	1	1.393543	0.762012	2.206393	0.214436
204.750000	0	0.097122	0.005018	1.278401	0.076686
204.750000	1	1.421216	0.251892	2.651862	0.291342
205.000000	0	0.094606	0.016364	0.600752	0.047407
205.000000	1	1.437206	0.227770	2.447132	0.267145
205.250000	0	0.090620	0.006188	0.464869	0.040784
205.250000	1	1.380623	0.589038	1.922002	0.237336
205.500000	0	0.095236	0.005267	1.004167	0.066432
205.500000	1	1.464532	0.119468	2.807897	0.316099
205.750000	0	0.091723	0.002745	0.872167	0.052021
205.750000	1	1.414248	0.762511	2.160748	0.249655
206.000000	0	0.094774	0.007418	0.684368	0.049200
206.000000	1	1.383545	0.697939	2.015910	0.257975
206.250000	0	0.097484	0.003831	0.774313	0.065420
206.250000	1	1.556610	0.505135	6.945663	0.748898
206.500000	0	0.096321	0.009672	0.973049	0.061869
206.500000	1	1.500519	0.811277	6.620278	0.646518
206.750000	0	0.101167	0.010152	2.157935	0.098460
206.750000	1	1.402502	0.450069	2.467159	0.304376
207.000000	0	0.098128	0.009377	0.936241	0.063619
207.000000	1	1.425553	0.690564	2.801865	0.331599
207.250000	0	0.097220	0.014176	0.812834	0.065298
207.250000	1	1.473076	0.756201	3.374984	0.388430
207.500000	0	0.096766	0.005153	0.620520	0.055964
207.500000	1	1.452797	0.213748	3.134230	0.340985
207.750000	0	0.094659	0.006323	0.467387	0.049446
207.750000	1	1.448836	0.315752	2.372118	0.271330
208.000000	0	0.093933	0.002370	0.419057	0.046924
208.000000	1	1.408088	0.880097	2.373749	0.256990
208.250000	0	0.096593	0.013185	0.903754	0.065353
208.250000	1	1.409299	0.647385	2.265531	0.241339
208.500000	0	0.091111	0.016019	0.440466	0.040228
208.500000	1	1.433361	0.749720	2.722232	0.294415
208.750000	0	0.093515	0.004227	0.528844	0.043746
208.750000	1	1.404743	0.380538	2.264991	0.316173
209.000000	0	0.091421	0.008808	0.368025	0.039977
209.000000	1	1.387293	0.846220	2.231856	0.221070
209.250000	0	0.094207	0.011222	0.844484	0.051489
209.250000	1	1.439966	0.613138	2.746055	0.324938
209.500000	0	0.097053	0.013954	1.235058	0.073368
209.500000	1	1.418124	0.834067	2.462519	0.235252
209.750000	0	0.097554	0.002997	0.645158	0.052749
209.750000	1	1.444813	0.613653	2.926055	0.267539
210.000000	0	0.096138	0.012376	1.034686	0.059439
210.000000	1	1.416997	0.712192	2.276314	0.261159
210.250000	0	0.095608	0.007522	0.674955	0.052890
210.250000	1	1.446073	0.701083	3.048459	0.319578
210.500000	0	0.096855	0.007330	0.653522	0.056355
210.500000	1	1.426081	0.812936	2.724687	0.274105
210.750000	0	0.093228	0.004139	0.793441	0.050355
210.750000	1	1.392915	0.243353	2.113956	0.280909
211.000000	0	0.095144	0.003188	0.694288	0.055151
211.000000	1	1.450570	0.673536	2.695683	0.328470
211.250000	0	0.093759	0.013711	0.540930	0.046637
211.250000	1	1.473721	0.669959	3.103999	0.330973
211.500000	0	0.093765	0.012847	0.625346	0.044285
211.500000	1	1.429163	0.486048	2.305229	0.282041
211.750000	0	0.092241	0.013264	0.777866	0.045177
211.750000	1	1.438135	0.695365	2.312965	0.250981
212.000000	0	0.092188	0.008883	0.809547	0.048957
212.000000	1	1.419700	0.459281	2.041331	0.246955
212.250000	0	0.095098	0.008626	0.393501	0.045888
212.250000	1	1.409255	0.431525	2.689948	0.306289
212.500000	0	0.096941	0.007382	0.490303	0.049743
212.500000	1	1.459036	0.399448	2.491340	0.327279
212.750000	0	0.093007	0.008918	0.980131	0.057301
212.750000	1	1.439483	0.661572	2.523501	0.261022
213.000000	0	0.092564	0.007782	0.411590	0.043484
213.000000	1	1.473933	0.450201	3.948194	0.408641
213.250000	0	0.096107	0.006674	1.364830	0.070635
213.250000	1	1.447227	0.841952	3.792820	0.328715
213.500000	0	0.094500	0.006233	0.632451	0.047176
213.500000	1	1.431994	0.588381	3.771463	0.372216
213.750000	0	0.092092	0.009636	0.445693	0.041094
213.750000	1	1.428508	0.512889	2.534657	0.287614
214.000000	0	0.095074	0.005453	0.458547	0.045389
214.000000	1	1.414101	0.864347	1.949753	0.210942
214.250000	0	0.093328	0.017677	0.631601	0.048156
214.250000	1	1.435621	0.667500	2.214798	0.232769
214.500000	0	0.093072	0.008937	0.348331	0.042149
214.500000	1	1.446819	0.850011	2.655502	0.265027
214.750000	0	0.094597	0.005365	1.746671	0.074541
214.750000	1	1.426598	0.454719	2.939838	0.287514
215.000000	0	0.096221	0.010382	0.612691	0.055542
215.000000	1	1.439813	0.810908	2.244012	0.261759
215.250000	0	0.093574	0.005839	0.544956	0.047150
215.250000	1	1.445447	0.598181	2.110231	0.273730
215.500000	0	0.095369	0.006659	1.519090	0.068341
215.500000	1	1.414161	0.694389	2.096911	0.253514
215.750000	0	0.091567	0.011920	0.747690	0.048856
215.750000	1	1.478099	0.567723	2.673649	0.264736
216.000000	0	0.091240	0.019583	0.575872	0.042452
216.000000	1	1.397126	0.612955	2.365701	0.282236
216.250000	0	0.095980	0.003376	0.654321	0.046874
216.250000	1	1.427264	0.287732	3.143624	0.344858
216.500000	0	0.096791	0.004241	0.720729	0.054095
216.500000	1	1.478918	0.731935	3.107166	0.344958
216.750000	0	0.093701	0.002277	0.565231	0.047280
216.750000	1	1.404322	0.349479	2.783092	0.311091
217.000000	0	0.093983	0.010577	0.679571	0.049383
217.000000	1	1.411922	0.131901	2.647230	0.320661
217.250000	0	0.093028	0.007814	0.429117	0.046242
217.250000	1	1.391708	0.324386	2.212051	0.292564
217.500000	0	0.093944	0.007322	0.615930	0.048707
217.500000	1	1.443855	0.942428	2.881785	0.250281
217.750000	0	0.095236	0.002052	0.594638	0.050870
217.750000	1	1.623718	0.583592	13.328879	1.508942
218.000000	0	0.094736	0.010549	0.474533	0.049152
218.000000	1	1.469983	0.854307	3.078344	0.314545
218.250000	0	0.095089	0.001946	0.371881	0.045520
218.250000	1	1.452136	0.248987	4.274102	0.386972
218.500000	0	0.093924	0.010802	0.991168	0.059829
218.500000	1	1.470723	0.589199	2.872698	0.342788
218.750000	0	0.090479	0.002261	0.312213	0.035546
218.750000	1	1.420823	0.660912	2.078485	0.234819
219.000000	0	0.093412	0.006379	0.690596	0.045943
219.000000	1	1.438546	0.500278	2.672786	0.321870
219.250000	0	0.092733	0.012361	0.419468	0.038615
219.250000	1	1.485015	0.359550	2.858048	0.333609
219.500000	0	0.094415	0.019222	1.896233	0.078290
219.500000	1	1.454057	0.652537	2.393624	0.238695
219.750000	0	0.093496	0.012851	0.464060	0.046633
219.750000	1	1.451712	0.718354	2.156089	0.237063
220.000000	0	0.094716	0.014280	1.071181	0.055181
220.000000	1	1.418851	0.653228	2.186131	0.246722
220.250000	0	0.093391	0.008006	0.756945	0.050830
220.250000	1	1.432162	0.703569	2.592477	0.257908
220.500000	0	0.097511	0.021424	0.935817	0.059044
220.500000	1	1.444776	0.425681	2.524064	0.275303
220.750000	0	0.093666	0.010981	1.037515	0.056374
220.750000	1	1.405091	0.329933	2.095111	0.262538
221.000000	0	0.092091	0.006661	0.367949	0.040933
221.000000	1	1.428635	0.877956	2.194824	0.216309
221.250000	0	0.090958	0.003736	0.512201	0.044609
221.250000	1	1.457581	0.641619	2.474670	0.301629
221.500000	0	0.093797	0.004341	0.875446	0.050418
221.500000	1	1.411003	0.585533	2.850243	0.287253
221.750000	0	0.093016	0.005593	0.382660	0.044756
221.750000	1	1.458807	0.487089	4.280907	0.427303
222.000000	0	0.094050	0.005251	0.924323	0.056330
222.000000	1	1.395767	0.341797	2.146127	0.308304
222.250000	0	0.093920	0.007315	0.556906	0.049292
222.250000	1	1.416764	0.253762	2.892686	0.352902
222.500000	0	0.094332	0.010593	0.906202	0.054977
222.500000	1	1.380518	0.454353	2.458191	0.304608
222.750000	0	0.092997	0.010226	0.793126	0.048429
222.750000	1	1.390440	0.899118	2.428080	0.256444
223.000000	0	0.093411	0.007918	0.942975	0.054595
223.000000	1	1.483167	0.951100	2.682247	0.315920
223.250000	0	0.092575	0.007978	0.509686	0.044066
223.250000	1	1.471429	0.769255	2.738831	0.311360
223.500000	0	0.092806	0.014184	0.493056	0.040440
223.500000	1	1.470403	0.840291	3.218804	0.299939
223.750000	0	0.095328	0.016714	0.838376	0.060035
223.750000	1	1.441990	0.633057	2.578742	0.290119
224.000000	0	0.091614	0.012238	0.655285	0.044221
224.000000	1	1.421137	0.562445	2.463265	0.278871
224.250000	0	0.089882	0.007577	0.436830	0.037863
224.250000	1	1.401471	0.424444	2.457440	0.286137
224.500000	0	0.094199	0.008106	1.103132	0.059435
224.500000	1	1.436151	0.709789	2.909260	0.337763
224.750000	0	0.092600	0.018088	0.750705	0.052848
224.750000	1	1.429335	0.373927	2.374596	0.271925
225.000000	0	0.095368	0.009515	0.721014	0.050831
225.000000	1	1.390594	0.753340	2.437219	0.268008
225.250000	0	0.092668	0.004682	0.651052	0.046867
225.250000	1	1.447325	0.878451	2.806440	0.259320
225.500000	0	0.092515	0.007828	1.174018	0.054070
225.500000	1	1.409176	0.324336	2.089099	0.247622
225.750000	0	0.093182	0.004484	0.497178	0.044812
225.750000	1	1.444246	0.724321	2.811457	0.300153
226.000000	0	0.095608	0.012113	0.943858	0.067398
226.000000	1	1.470425	0.444487	3.228507	0.323465
226.250000	0	0.092059	0.009890	0.445088	0.042615
226.250000	1	1.422407	0.184719	2.191767	0.257617
226.500000	0	0.091833	0.007668	0.384725	0.040335
226.500000	1	1.431181	0.686748	3.317501	0.329120
226.750000	0	0.090932	0.004665	0.628609	0.042709
226.750000	1	1.462267	0.402523	2.940700	0.355272
227.000000	0	0.092356	0.006255	0.499941	0.043870
227.000000	1	1.415381	0.709910	2.469405	0.261755
227.250000	0	0.092822	0.004416	0.643886	0.045381
227.250000	1	1.457247	0.718264	2.673398	0.308131
227.500000	0	0.092934	0.008026	0.817103	0.047492
227.500000	1	1.401721	0.221889	2.092370	0.297474
227.750000	0	0.096066	0.004429	0.729855	0.053547
227.750000	1	1.425158	0.831559	2.633667	0.252405
228.000000	0	0.096445	0.006358	0.600416	0.052831
228.000000	1	1.441292	0.770990	2.176060	0.256217
228.250000	0	0.093273	0.004216	0.417452	0.046841
228.250000	1	1.476504	0.396850	3.962965	0.384418
228.500000	0	0.095384	0.009659	2.202832	0.088790
228.500000	1	1.419374	0.828430	3.364208	0.297490
228.750000	0	0.094978	0.012794	0.817004	0.050386
228.750000	1	1.450610	0.338770	2.805928	0.321182
229.000000	0	0.097660	0.004718	0.857980	0.057071
229.000000	1	1.465642	0.665773	4.344778	0.413765
229.250000	0	0.095017	0.007649	0.366229	0.046988
229.250000	1	1.449488	0.758983	3.087569	0.316939
229.500000	0	0.093994	0.006416	0.726647	0.048383
229.500000	1	1.433677	0.794465	2.761144	0.275708
229.750000	0	0.092068	0.007083	0.365917	0.039081
229.750000	1	1.431860	0.916965	2.026722	0.221617
230.000000	0	0.093716	0.012603	0.529088	0.047291
230.000000	1	1.411696	0.561540	2.247160	0.263735
230.250000	0	0.094556	0.012807	1.658412	0.072260
230.250000	1	1.426105	0.570959	3.652750	0.337920
230.500000	0	0.094781	0.004392	0.695810	0.047819
230.500000	1	1.452937	0.644921	3.310930	0.332214
230.750000	0	0.092907	0.002252	0.680778	0.046419
230.750000	1	1.406131	0.276139	2.689912	0.322648
231.000000	0	0.092145	0.005716	0.901493	0.051186
231.000000	1	1.390619	0.537604	2.689200	0.273672
231.250000	0	0.092874	0.002072	0.544593	0.048908
231.250000	1	1.445164	0.667200	3.015279	0.309100
231.500000	0	0.099771	0.002695	1.114202	0.064921
231.500000	1	1.449264	0.805081	2.549441	0.281148
231.750000	0	0.092299	0.006647	0.454227	0.045056
231.750000	1	1.380279	0.750319	1.794732	0.202910
232.000000	0	0.093472	0.013056	0.551957	0.044994
232.000000	1	1.411189	0.443054	2.234909	0.296495
232.250000	0	0.094761	0.009547	0.788719	0.054186
232.250000	1	1.425197	0.676716	2.629914	0.286057
232.500000	0	0.090119	0.002514	0.642465	0.041839
232.500000	1	1.437425	0.737281	2.339785	0.283934
232.750000	0	0.092093	0.007192	0.409189	0.042893
232.750000	1	1.450919	0.381206	2.551003	0.277140
233.000000	0	0.092156	0.007105	0.538847	0.044296
233.000000	1	1.404171	0.652138	2.295482	0.281811
233.250000	0	0.094161	0.003425	1.208600	0.061358
233.250000	1	1.451850	0.710836	2.408764	0.275502
233.500000	0	0.090071	0.013446	0.419607	0.036090
233.500000	1	1.437204	0.866065	2.412009	0.237555
233.750000	0	0.091881	0.010267	1.015034	0.052346
233.750000	1	1.450072	0.409130	2.729730	0.304321
234.000000	0	0.095643	0.005448	0.798222	0.049836
234.000000	1	1.427821	0.671339	2.742762	0.276731
234.250000	0	0.092340	0.010423	0.743525	0.049852
234.250000	1	1.466750	0.477908	2.604542	0.297956
234.500000	0	0.093250	0.023307	0.543391	0.045246
234.500000	1	1.447878	0.704420	2.398408	0.244856
234.750000	0	0.088929	0.006526	0.412548	0.036911
234.750000	1	1.396072	0.314562	2.041254	0.214068
235.000000	0	0.091055	0.008794	0.332407	0.036208
235.000000	1	1.418411	0.777894	2.448854	0.231051
235.250000	0	0.093608	0.015938	0.637407	0.046424
235.250000	1	1.402823	0.615817	2.479570	0.266309
235.500000	0	0.098187	0.009730	1.422833	0.076562
235.500000	1	1.440831	0.781687	2.210299	0.267235
235.750000	0	0.092773	0.022871	0.752869	0.046116
235.750000	1	1.439771	0.330362	2.407296	0.338593
236.000000	0	0.092232	0.007903	0.597806	0.043646
236.000000	1	1.384639	0.420078	2.074015	0.249145
236.250000	0	0.094158	0.002705	1.079515	0.062117
236.250000	1	1.430540	0.592154	2.543636	0.306100
236.500000	0	0.094761	0.001948	1.304420	0.065057
236.500000	1	1.439557	0.576017	2.842333	0.303847
236.750000	0	0.092382	0.003270	0.572200	0.046673
236.750000	1	1.450459	0.829091	2.406923	0.266279
237.000000	0	0.091512	0.013268	1.377292	0.064254
237.000000	1	1.397524	0.466106	2.572071	0.330628
237.250000	0	0.095884	0.009270	1.158279	0.062247
237.250000	1	1.480861	0.820728	4.271561	0.375762
237.500000	0	0.095689	0.019593	0.651751	0.051686
237.500000	1	1.427106	0.405468	2.114476	0.251504
237.750000	0	0.094930	0.021363	0.860898	0.059789
237.750000	1	1.439053	0.441736	2.767772	0.291145
238.000000	0	0.095417	0.009101	0.684496	0.052487
238.000000	1	1.434134	0.438074	2.883842	0.356949
238.250000	0	0.092664	0.009880	0.451890	0.042755
238.250000	1	1.437062	0.433219	2.758541	0.320489
238.500000	0	0.094849	0.012504	0.601225	0.054825
238.500000	1	1.442596	0.791448	2.652769	0.282153
238.750000	0	0.092722	0.004836	0.575298	0.045815
238.750000	1	1.462137	0.878526	2.770894	0.291729
239.000000	0	0.092575	0.007948	0.756670	0.048864
239.000000	1	1.426729	0.673436	2.909606	0.312172
239.250000	0	0.092480	0.010037	0.563575	0.050264
239.250000	1	1.465081	0.860505	2.688866	0.275785
239.500000	0	0.098026	0.015533	0.787280	0.056590
239.500000	1	1.408273	0.438041	2.424653	0.294802
239.750000	0	0.096602	0.007460	0.790871	0.055963
239.750000	1	1.472451	0.948615	2.206938	0.232771
240.000000	0	0.094171	0.012035	0.536888	0.045503
240.000000	1	1.426522	0.431989	2.780414	0.372888
240.250000	0	0.093588	0.015012	0.770618	0.046937
240.250000	1	1.379424	0.453623	2.168639	0.263527
240.500000	0	0.091795	0.005875	0.508309	0.041850
240.500000	1	1.437009	0.568728	2.409652	0.270002
240.750000	0	0.091619	0.004091	0.516728	0.041471
240.750000	1	1.460626	0.609891	2.414484	0.278431
241.000000	0	0.096450	0.007974	1.261905	0.069029
241.000000	1	1.457139	0.338747	2.121443	0.266563
241.250000	0	0.096556	0.004602	0.546058	0.051157
241.250000	1	1.436419	0.663217	2.388733	0.254587
241.500000	0	0.094668	0.008635	0.595251	0.049063
241.500000	1	1.429915	0.506716	2.943995	0.305798
241.750000	0	0.094456	0.011560	1.065936	0.057778
241.750000	1	1.415395	0.682560	2.140553	0.225454
242.000000	0	0.094086	0.013665	0.581171	0.049623
242.000000	1	1.424004	0.595583	3.044832	0.314867
242.250000	0	0.095059	0.010469	0.680309	0.057964
242.250000	1	1.419055	0.378017	2.801593	0.343755
242.500000	0	0.098158	0.008824	0.685079	0.058828
242.500000	1	1.474473	0.555882	2.540213	0.300901
242.750000	0	0.093552	0.005780	0.934327	0.053666
242.750000	1	1.453025	0.542531	4.472931	0.404743
243.000000	0	0.093626	0.009368	0.540386	0.043103
243.000000	1	1.449964	0.685616	2.229262	0.256783
243.250000	0	0.096708	0.005489	0.721303	0.054411
243.250000	1	1.432604	0.600303	2.458640	0.300891
243.500000	0	0.092394	0.005143	1.040017	0.058541
243.500000	1	1.454520	0.385408	2.500338	0.274150
243.750000	0	0.089283	0.002918	0.408764	0.037827
243.750000	1	1.389236	0.527009	2.212729	0.277909
244.000000	0	0.093970	0.005197	0.736867	0.052778
244.000000	1	1.380927	0.485892	2.842198	0.300682
244.250000	0	0.094593	0.007584	0.669804	0.056891
244.250000	1	1.440521	0.747852	2.741197	0.295977
244.500000	0	0.092318	0.011452	0.742348	0.048270
244.500000	1	1.437239	0.778824	2.606914	0.272292
244.750000	0	0.094276	0.009909	1.131617	0.059725
244.750000	1	1.429243	0.701943	2.920946	0.301943
245.000000	0	0.093930	0.011685	0.561463	0.049311
245.000000	1	1.434383	0.651180	2.580708	0.258891
245.250000	0	0.092258	0.010576	0.398532	0.040635
245.250000	1	1.465247	0.912701	2.510715	0.288306
245.500000	0	0.093812	0.012159	1.458931	0.065703
245.500000	1	1.433089	0.653443	2.383617	0.289046
245.750000	0	0.095296	0.012154	0.617599	0.052654
245.750000	1	1.454300	0.218600	3.877694	0.385915
246.000000	0	0.092577	0.008396	0.582190	0.050025
246.000000	1	1.402140	0.066570	2.346443	0.325955
246.250000	0	0.095352	0.005152	1.028134	0.059625
246.250000	1	1.446456	0.338728	2.688856	0.309422
246.500000	0	0.092395	0.019701	0.575095	0.041253
246.500000	1	1.433616	0.610091	2.258048	0.240266
246.750000	0	0.091876	0.004346	0.682384	0.048035
246.750000	1	1.416997	0.784245	2.149516	0.237186
247.000000	0	0.093694	0.006447	0.884749	0.055609
247.000000	1	1.410216	0.542150	2.306924	0.262210
247.250000	0	0.090725	0.009724	0.297587	0.039003
247.250000	1	1.456374	0.752719	2.680464	0.365236
247.500000	0	0.092548	0.005250	0.327225	0.041017
247.500000	1	1.454446	0.639505	2.245294	0.241872
247.750000	0	0.090281	0.004989	0.734151	0.049549
247.750000	1	1.444191	0.483961	2.332973	0.285135
248.000000	0	0.091820	0.013512	0.610334	0.043072
248.000000	1	1.428146	0.915059	2.141293	0.214359
248.250000	0	0.093631	0.005213	0.362425	0.039407
248.250000	1	1.427810	0.782434	2.654303	0.265071
248.500000	0	0.091864	0.012677	0.524958	0.046047
248.500000	1	1.412988	0.734099	2.250482	0.259865
248.750000	0	0.094077	0.012387	0.902370	0.056648
248.750000	1	1.404281	0.436727	2.662132	0.296136
249.000000	0	0.094217	0.008708	0.577706	0.044649
249.000000	1	1.446193	0.996059	2.361461	0.232075
249.250000	0	0.093941	0.012828	0.616936	0.049286
249.250000	1	1.450946	0.747170	2.344629	0.262703
249.500000	0	0.091987	0.006057	0.852000	0.051100
249.500000	1	1.439662	0.252250	2.766426	0.316895
249.750000	0	0.095128	0.017959	0.671160	0.054510
249.750000	1	1.406033	0.636821	2.377059	0.262145
250.000000	0	0.092448	0.009572	0.612088	0.046830
250.000000	1	1.507667	0.532929	3.736843	0.385479
250.250000	0	0.091449	0.005594	0.434815	0.040211
250.250000	1	1.443993	0.547097	2.670950	0.312851
250.500000	0	0.093614	0.009719	1.059131	0.062391
250.500000	1	1.430152	0.579308	2.723876	0.321494
250.750000	0	0.088654	0.006629	0.350187	0.038772
250.750000	1	1.422856	0.219032	2.362517	0.291402
251.000000	0	0.091669	0.017331	0.954001	0.050365
251.000000	1	1.385270	0.542928	1.883382	0.212958
251.250000	0	0.092360	0.016722	0.672912	0.046239
251.250000	1	1.404337	0.589058	2.287712	0.273124
251.500000	0	0.094554	0.000499	0.474852	0.046901
251.500000	1	1.447807	0.578152	2.475044	0.295096
251.750000	0	0.093103	0.005750	0.526429	0.043595
251.750000	1	1.453669	0.832717	2.419254	0.281158
252.000000	0	0.091754	0.003446	0.574314	0.044603
252.000000	1	1.486640	0.595832	3.011056	0.366002
252.250000	0	0.092809	0.010204	0.482306	0.044703
252.250000	1	1.371502	0.629165	2.010639	0.228681
252.500000	0	0.092037	0.007760	0.472854	0.043854
252.500000	1	1.479720	0.264733	4.270924	0.466229
252.750000	0	0.092429	0.009596	0.564518	0.048701
252.750000	1	1.423862	0.780503	2.372724	0.287479
253.000000	0	0.096018	0.016617	1.912433	0.085913
253.000000	1	1.451359	0.533343	4.764512	0.376305
253.250000	0	0.090157	0.006904	0.458192	0.041907
253.250000	1	1.393773	0.614611	2.370320	0.262294
253.500000	0	0.089838	0.017815	0.453329	0.040992
253.500000	1	1.383569	0.656503	2.405296	0.284819
253.750000	0	0.091419	0.005175	0.581568	0.046802
253.750000	1	1.472847	0.688903	2.876232	0.298454
254.000000	0	0.093587	0.013260	0.357675	0.041605
254.000000	1	1.417023	0.383292	2.293846	0.275067
254.250000	0	0.092552	0.015412	0.578172	0.047752
254.250000	1	1.452526	0.458615	2.308304	0.259523
254.500000	0	0.092839	0.005738	0.446872	0.040615
254.500000	1	1.442325	0.800938	2.846202	0.270967
254.750000	0	0.092988	0.004346	0.472348	0.043480
254.750000	1	1.449048	0.481937	3.001256	0.333435
255.000000	0	0.091074	0.007069	0.632534	0.043504
255.000000	1	1.419122	0.878148	2.459516	0.248463
255.250000	0	0.092955	0.007721	0.413403	0.044457
255.250000	1	1.460534	0.074837	3.072145	0.414159
255.500000	0	0.093620	0.000695	0.552845	0.049023
255.500000	1	1.400598	0.650947	2.485397	0.264721
255.750000	0	0.094816	0.001341	0.839345	0.053600
255.750000	1	1.473476	0.420807	2.536208	0.261425
256.000000	0	0.092493	0.009985	0.408939	0.041064
256.000000	1	1.480204	0.888173	2.600154	0.268334
256.250000	0	0.093097	0.001872	0.877806	0.053608
256.250000	1	1.479785	0.685348	2.700443	0.282266
256.500000	0	0.090139	0.009483	0.352715	0.035018
256.500000	1	1.447679	0.829839	2.244813	0.215360
256.750000	0	0.090360	0.002941	0.368851	0.036184
256.750000	1	1.387219	0.593354	2.139372	0.248046
257.000000	0	0.093242	0.006287	0.775743	0.048023
257.000000	1	1.443366	0.646474	2.493489	0.263552
257.250000	0	0.092764	0.009898	0.735925	0.048057
257.250000	1	1.422852	0.409340	2.152878	0.296865
257.500000	0	0.091168	0.004353	0.807774	0.047862
257.500000	1	1.467451	0.686384	2.274653	0.273934
257.750000	0	0.094850	0.018111	1.584996	0.070985
257.750000	1	1.424238	0.809490	3.008140	0.262218
258.000000	0	0.093406	0.003768	0.556252	0.045312
258.000000	1	1.454661	0.880163	2.512612	0.244737
258.250000	0	0.089963	0.011279	0.359286	0.035524
258.250000	1	1.436222	0.551254	2.564867	0.270234
258.500000	0	0.092663	0.012365	0.762941	0.049646
258.500000	1	1.469016	0.710732	2.495479	0.267727
258.750000	0	0.089466	0.013526	0.570252	0.038513
258.750000	1	1.450423	0.867740	2.330190	0.259298
259.000000	0	0.090304	0.005276	0.402959	0.037584
259.000000	1	1.431882	0.487366	2.619559	0.283929
259.250000	0	0.089498	0.006396	0.316204	0.037380
259.250000	1	1.449597	0.451642	2.590833	0.284534
259.500000	0	0.093950	0.010652	2.284206	0.092000
259.500000	1	1.420657	0.925279	2.717466	0.256794
259.750000	0	0.093527	0.005225	0.656718	0.047197
259.750000	1	1.418403	0.502199	2.475748	0.253722
260.000000	0	0.091171	0.003870	0.482942	0.040397
260.000000	1	1.436060	0.320892	2.312321	0.270229
260.250000	0	0.091744	0.004147	0.717636	0.052531
260.250000	1	1.419380	0.517154	2.695900	0.278532
260.500000	0	0.093897	0.014288	0.748253	0.046729
260.500000	1	1.458275	0.838446	2.667791	0.281672
260.750000	0	0.090529	0.006001	0.299735	0.036478
260.750000	1	1.447272	0.559222	2.680502	0.269722
261.000000	0	0.093782	0.002894	0.511100	0.045307
261.000000	1	1.408773	0.557575	2.335591	0.266398
261.250000	0	0.095075	0.009869	0.749091	0.050158
261.250000	1	1.409276	0.877296	2.114355	0.221181
261.500000	0	0.091956	0.007961	0.517686	0.045738
261.500000	1	1.448997	0.498899	2.391465	0.315720
261.750000	0	0.094553	0.017155	1.323129	0.066299
261.750000	1	1.441464	0.700857	3.247100	0.288403
262.000000	0	0.092549	0.004804	0.588700	0.044045
262.000000	1	1.465434	0.784819	2.657436	0.258580
262.250000	0	0.091394	0.015834	0.641999	0.044980
262.250000	1	1.411308	0.437006	1.928337	0.230042
262.500000	0	0.090504	0.008634	0.340050	0.039334
262.500000	1	1.454544	0.343951	2.647993	0.303729
262.750000	0	0.094006	0.008362	0.428534	0.046669
262.750000	1	1.457662	0.825327	2.686425	0.264534
263.000000	0	0.090927	0.012015	0.797055	0.047438
263.000000	1	1.445429	0.548234	2.283047	0.259895
263.250000	0	0.090676	0.006653	0.583418	0.038539
263.250000	1	1.416433	0.744014	2.883736	0.262390
263.500000	0	0.089801	0.010415	0.627165	0.043923
263.500000	1	1.431754	0.643282	2.199836	0.280846
263.750000	0	0.089985	0.013477	0.342172	0.038424
263.750000	1	1.529477	0.504414	7.141360	0.751437
264.000000	0	0.092052	0.007317	0.805785	0.050396
264.000000	1	1.469532	0.819416	3.217325	0.325832
264.250000	0	0.090999	0.004469	0.728577	0.045355
264.250000	1	1.406240	0.710711	2.267847	0.252971
264.500000	0	0.090102	0.008972	0.670980	0.047806
264.500000	1	1.402225	0.725777	2.017208	0.245296
264.750000	0	0.095480	0.014136	0.863737	0.061149
264.750000	1	1.465464	0.682469	3.045840	0.325676
265.000000	0	0.093228	0.006272	1.020174	0.060526
265.000000	1	1.458759	0.348378	2.429974	0.293481
265.250000	0	0.089938	0.009318	0.486954	0.038466
265.250000	1	1.412063	0.589422	2.420305	0.249697
265.500000	0	0.088663	0.007441	0.501047	0.036688
265.500000	1	1.402054	0.451969	2.519922	0.268388
265.750000	0	0.089641	0.003367	0.852884	0.044264
265.750000	1	1.403739	0.807610	2.193881	0.241652
266.000000	0	0.089230	0.013478	0.620345	0.044601
266.000000	1	1.439016	0.427448	2.654020	0.298094
266.250000	0	0.090911	0.011470	0.444927	0.039595
266.250000	1	1.628092	0.733860	14.968032	1.734355
266.500000	0	0.091859	0.012012	0.485560	0.040895
266.500000	1	1.450630	0.586833	4.813033	0.438680
266.750000	0	0.095045	0.018414	0.452647	0.049694
266.750000	1	1.496808	0.308418	2.685158	0.342637
267.000000	0	0.093858	0.005784	1.117366	0.060546
267.000000	1	1.441429	0.736830	3.689351	0.317170
267.250000	0	0.091598	0.011297	0.519531	0.045761
267.250000	1	1.454775	0.761432	2.462730	0.295118
267.500000	0	0.092788	0.013413	0.582938	0.046655
267.500000	1	1.437516	0.772116	2.496748	0.271025
267.750000	0	0.094328	0.008206	0.863100	0.051621
267.750000	1	1.632119	0.690309	13.120644	1.479290
268.000000	0	0.096014	0.011184	0.876476	0.059325
268.000000	1	1.434734	0.696449	2.269928	0.278454
268.250000	0	0.091685	0.004176	0.420530	0.043503
268.250000	1	1.398654	0.837443	2.329844	0.250696
268.500000	0	0.094008	0.008386	2.147661	0.087271
268.500000	1	1.423070	0.563393	3.175537	0.318011
268.750000	0	0.093001	0.006199	0.624882	0.044525
268.750000	1	1.468948	0.829700	2.619837	0.297217
269.000000	0	0.094574	0.006213	1.120824	0.064953
269.000000	1	1.451368	0.607874	2.561493	0.274479
269.250000	0	0.090482	0.008820	0.755607	0.047893
269.250000	1	1.448851	0.796711	1.887782	0.193278
269.500000	0	0.087137	0.002256	0.582070	0.035912
269.500000	1	1.384455	0.719715	2.219304	0.220988
269.750000	0	0.091068	0.011918	0.616167	0.043572
269.750000	1	1.458701	0.575055	2.606705	0.293520
270.000000	0	0.092700	0.020276	0.680147	0.050099
270.000000	1	1.451727	0.612003	2.313672	0.255895
270.250000	0	0.091285	0.011426	0.822102	0.049060
270.250000	1	1.433434	0.882039	2.199634	0.245953
270.500000	0	0.090994	0.007500	0.908769	0.045613
270.500000	1	1.414604	0.266407	1.957713	0.241306
270.750000	0	0.089733	0.008114	0.713719	0.043130
270.750000	1	1.466585	0.809044	4.764722	0.482006
271.000000	0	0.091216	0.012249	0.456619	0.042557
271.000000	1	1.432562	0.910437	2.151830	0.256007
271.250000	0	0.090642	0.005408	0.621356	0.044349
271.250000	1	1.452196	0.925307	2.216453	0.238253
271.500000	0	0.092696	0.007138	0.689620	0.044711
271.500000	1	1.392182	0.582422	1.957258	0.227214
271.750000	0	0.092937	0.003356	0.586300	0.048553
271.750000	1	1.695148	0.667901	19.805675	2.357993
272.000000	0	0.095862	0.006150	0.866196	0.062433
272.000000	1	1.411233	0.096726	2.057052	0.282761
272.250000	0	0.098606	0.010259	1.235817	0.082110
272.250000	1	1.442761	0.658452	2.920464	0.314012
272.500000	0	0.095794	0.010001	1.197043	0.073878
272.500000	1	1.443410	0.601330	2.403191	0.278193
272.750000	0	0.094297	0.011117	0.557858	0.048010
272.750000	1	1.402962	0.435702	2.018631	0.225326
273.000000	0	0.093735	0.007493	0.681104	0.051931
273.000000	1	1.404956	0.448637	2.766437	0.324540
273.250000	0	0.092154	0.015110	0.604380	0.043929
273.250000	1	1.431772	0.643248	2.292376	0.273048
273.500000	0	0.091384	0.011848	0.364070	0.040382
273.500000	1	1.469907	0.860516	2.985088	0.285014
273.750000	0	0.092674	0.009630	0.531044	0.044357
273.750000	1	1.433251	0.553976	2.164829	0.261836
274.000000	0	0.094272	0.009008	0.935819	0.054458
274.000000	1	1.438819	0.780726	3.532376	0.322678
274.250000	0	0.093422	0.009196	0.400734	0.043822
274.250000	1	1.401963	0.682407	2.666234	0.287772
274.500000	0	0.090569	0.006062	0.760880	0.046894
274.500000	1	1.449833	0.704081	3.225783	0.353781
274.750000	0	0.098292	0.016785	0.783989	0.063307
274.750000	1	1.450188	0.704515	2.874269	0.330767
275.000000	0	0.095036	0.012367	0.394333	0.048255
275.000000	1	1.378560	0.694145	2.501347	0.282440
275.250000	0	0.097313	0.013382	0.767144	0.059832
275.250000	1	1.464810	0.721271	2.456078	0.288425
275.500000	0	0.092130	0.004494	0.537476	0.044838
275.500000	1	1.425954	0.540758	2.968966	0.303698
275.750000	0	0.093379	0.009664	0.760742	0.050654
275.750000	1	1.470734	0.751953	2.315137	0.276284
276.000000	0	0.089785	0.006454	0.446650	0.040858
276.000000	1	1.439047	0.756645	2.328541	0.238717
276.250000	0	0.096611	0.021972	2.234559	0.093982
276.250000	1	1.452533	0.684498	2.046754	0.213705
276.500000	0	0.088728	0.009784	0.321817	0.034760
276.500000	1	1.459964	0.677381	2.363990	0.231246
276.750000	0	0.088857	0.004839	0.330133	0.034535
276.750000	1	1.476935	0.845083	2.276694	0.233804
277.000000	0	0.089275	0.005557	0.301585	0.034553
277.000000	1	1.446969	0.836861	2.337635	0.217433
277.250000	0	0.092263	0.012281	0.762097	0.046547
277.250000	1	1.465816	0.443474	2.927539	0.333738
277.500000	0	0.089492	0.006338	0.659653	0.041824
277.500000	1	1.541259	0.665750	8.363850	0.823436
277.750000	0	0.094034	0.006473	0.982739	0.058353
277.750000	1	1.422247	0.552216	2.860221	0.272974
278.000000	0	0.093536	0.015989	0.629349	0.049332
278.000000	1	1.358878	0.502711	2.034545	0.244431
278.250000	0	0.095913	0.015332	0.654605	0.052009
278.250000	1	1.448121	0.733063	2.378374	0.310767
278.500000	0	0.099238	0.002297	0.879803	0.068085
278.500000	1	1.455133	0.320955	2.405561	0.278556
278.750000	0	0.092202	0.008968	0.701470	0.046066
278.750000	1	1.416275	0.803926	2.200991	0.248901
279.000000	0	0.097701	0.013815	1.218341	0.074161
279.000000	1	1.413106	0.642202	2.409219	0.242194
279.250000	0	0.093777	0.004517	0.689065	0.051968
279.250000	1	1.447922	0.331572	2.665082	0.313879
279.500000	0	0.091777	0.007024	0.780792	0.056307
279.500000	1	1.442830	0.668899	3.159631	0.339833
279.750000	0	0.094984	0.009753	0.949144	0.060050
279.750000	1	1.472777	0.373323	2.879459	0.347133
280.000000	0	0.093679	0.002790	0.938157	0.061969
280.000000	1	1.504566	0.859932	2.855297	0.309732
280.250000	0	0.094494	0.006117	1.115117	0.065888
280.250000	1	1.453702	0.924823	3.082917	0.278547
280.500000	0	0.092940	0.009536	0.672321	0.047922
280.500000	1	1.486338	0.933383	2.330962	0.256924
280.750000	0	0.094013	0.004545	0.399005	0.044630
280.750000	1	1.408297	0.504063	2.176430	0.235355
281.000000	0	0.092775	0.008138	0.402017	0.043595
281.000000	1	1.453963	0.873545	2.787029	0.270964
281.250000	0	0.090974	0.006742	0.708470	0.044683
281.250000	1	1.462696	0.975789	2.323535	0.220285
281.500000	0	0.088934	0.001926	0.450078	0.034767
281.500000	1	1.415950	0.504841	2.060724	0.244492
281.750000	0	0.090690	0.010672	0.301698	0.035284
281.750000	1	1.409628	0.627880	2.090116	0.227555
282.000000	0	0.092547	0.003509	0.610303	0.043220
282.000000	1	1.402629	0.600688	2.040529	0.230053
282.250000	0	0.093985	0.006922	0.579051	0.047998
282.250000	1	1.431918	0.616209	2.551964	0.294669
282.500000	0	0.095455	0.002537	0.631176	0.048909
282.500000	1	1.395481	0.615805	2.179373	0.245586
282.750000	0	0.094081	0.004890	0.630679	0.047831
282.750000	1	1.407541	0.726234	2.593422	0.274201
283.000000	0	0.094132	0.005818	0.384024	0.043850
283.000000	1	1.402475	0.391823	2.364275	0.289647
283.250000	0	0.095084	0.012546	0.895949	0.058012
283.250000	1	1.396871	0.135302	2.416309	0.286621
283.500000	0	0.098263	0.010334	1.620332	0.080172
283.500000	1	1.460816	0.685515	3.119676	0.310959
283.750000	0	0.095401	0.008011	0.515091	0.047540
283.750000	1	1.406961	0.717886	2.244647	0.252772
284.000000	0	0.094064	0.008058	0.586203	0.047038
284.000000	1	1.438272	0.833273	2.275822	0.239736
284.250000	0	0.093513	0.004318	0.534751	0.045034
284.250000	1	1.428321	0.493472	2.312917	0.280378
284.500000	0	0.094624	0.005349	0.577978	0.050263
284.500000	1	1.415303	0.391248	2.546458	0.335161
284.750000	0	0.092030	0.015683	0.724829	0.042560
284.750000	1	1.454300	0.939153	3.511664	0.331984
285.000000	0	0.094128	0.002595	0.518147	0.048015
285.000000	1	1.373454	0.671936	2.173966	0.262090
285.250000	0	0.096062	0.002341	0.684964	0.054415
285.250000	1	1.504739	0.610534	4.592619	0.467741
285.500000	0	0.092087	0.008957	0.437903	0.042916
285.500000	1	1.447688	0.421387	2.595740	0.271713
285.750000	0	0.094332	0.006825	0.551154	0.047797
285.750000	1	1.417727	0.431360	2.590110	0.330061
286.000000	0	0.094767	0.006807	0.793273	0.058662
286.000000	1	1.421335	0.421890	2.563019	0.317324
286.250000	0	0.090401	0.006128	0.385748	0.039055
286.250000	1	1.432936	0.772487	3.084255	0.278833
286.500000	0	0.093140	0.016107	0.833642	0.051263
286.500000	1	1.442586	0.460367	2.589419	0.303206
286.750000	0	0.093983	0.006619	0.782053	0.053370
286.750000	1	1.428545	0.165590	2.776026	0.328499
287.000000	0	0.090908	0.007266	0.935012	0.054445
287.000000	1	1.419979	0.533521	2.081644	0.251197
287.250000	0	0.093661	0.017640	0.755618	0.052728
287.250000	1	1.476052	0.625539	2.360718	0.270281
287.500000	0	0.089277	0.001509	0.295973	0.036590
287.500000	1	1.450577	1.002739	2.765325	0.238176
287.750000	0	0.090050	0.008070	0.508566	0.039865
287.750000	1	1.451967	0.493812	3.325980	0.367415
288.000000	0	0.094562	0.010843	0.852726	0.052829
288.000000	1	1.556872	0.255054	5.295422	0.550144
288.250000	0	0.092094	0.006626	0.704645	0.050686
288.250000	1	1.492900	0.947852	4.248378	0.377004
288.500000	0	0.092970	0.012724	0.363508	0.038287
288.500000	1	1.431017	0.590609	2.315386	0.248182
288.750000	0	0.095756	0.004757	0.865047	0.052890
288.750000	1	1.389099	0.560060	2.980300	0.280380
289.000000	0	0.094988	0.007463	0.660777	0.052794
289.000000	1	1.435306	0.655887	2.644244	0.310553
289.250000	0	0.093585	0.011964	0.779251	0.049062
289.250000	1	1.423883	0.842765	2.109585	0.221819
289.500000	0	0.091643	0.004731	0.708057	0.046447
289.500000	1	1.437515	0.729641	3.127439	0.296937
289.750000	0	0.088203	0.005950	0.337188	0.036095
289.750000	1	1.461885	0.561970	3.083475	0.314899
290.000000	0	0.091371	0.009392	0.428531	0.041955
290.000000	1	1.406625	0.735409	2.060383	0.240858
290.250000	0	0.094470	0.013721	0.412313	0.043517
290.250000	1	1.420132	0.399063	2.430235	0.306588
290.500000	0	0.092836	0.013102	0.665456	0.050106
290.500000	1	1.414294	0.307655	2.523733	0.300309
290.750000	0	0.092449	0.012637	0.882613	0.056395
290.750000	1	1.464575	0.883714	2.849347	0.286184
291.000000	0	0.093162	0.006729	0.545166	0.041578
291.000000	1	1.399943	0.397809	1.960892	0.250335
291.250000	0	0.091075	0.010770	0.431830	0.041997
291.250000	1	1.489339	0.693876	4.795639	0.489802
291.500000	0	0.093078	0.009579	0.433214	0.041586
291.500000	1	1.412523	0.306798	2.364984	0.239317
291.750000	0	0.093198	0.012353	1.629043	0.069189
291.750000	1	1.397927	0.543298	2.540494	0.318526
292.000000	0	0.092861	0.017035	0.583781	0.046526
292.000000	1	1.429825	0.174254	2.333693	0.293520
292.250000	0	0.092814	0.012500	0.615088	0.049457
292.250000	1	1.385567	0.476342	2.273803	0.273108
292.500000	0	0.092014	0.015232	0.708270	0.047589
292.500000	1	1.419214	0.428582	2.532318	0.297531
292.750000	0	0.092128	0.003958	0.722482	0.048531
292.750000	1	1.454374	0.506454	2.677259	0.323146
293.000000	0	0.093092	0.005958	0.673274	0.047263
293.000000	1	1.431026	0.657032	2.806845	0.272663
293.250000	0	0.092825	0.021975	0.827398	0.049552
293.250000	1	1.452098	0.692435	2.780955	0.304698
293.500000	0	0.092181	0.002701	1.489581	0.076881
293.500000	1	1.428098	0.520347	3.478814	0.333124
293.750000	0	0.094983	0.006486	0.600025	0.051896
293.750000	1	1.441449	0.429977	2.586381	0.305896
294.000000	0	0.093302	0.002570	0.432961	0.045654
294.000000	1	1.415991	0.688538	2.269276	0.258345
294.250000	0	0.093558	0.006671	0.573929	0.047185
294.250000	1	1.390716	0.157434	2.542719	0.302200
294.500000	0	0.094228	0.002875	1.171310	0.063311
294.500000	1	1.413418	0.611781	2.900214	0.301494
294.750000	0	0.097637	0.010261	0.956523	0.068411
294.750000	1	1.433429	0.548715	2.062812	0.280214
295.000000	0	0.091696	0.002514	0.530397	0.043893
295.000000	1	1.431566	0.210976	2.237985	0.259279
295.250000	0	0.091669	0.008060	0.705747	0.044197
295.250000	1	1.430635	1.076124	2.065659	0.176869
295.500000	0	0.090614	0.005968	1.009103	0.050338
295.500000	1	1.450754	0.779706	2.441999	0.257367
295.750000	0	0.092003	0.013319	0.653484	0.053175
295.750000	1	1.446741	0.557265	2.316894	0.312721
296.000000	0	0.095270	0.003958	0.707801	0.052329
296.000000	1	1.418907	0.425134	1.980334	0.258789
296.250000	0	0.090555	0.009509	0.540273	0.039864
296.250000	1	1.432761	0.741433	2.413418	0.280618
296.500000	0	0.091911	0.001264	0.433063	0.042148
296.500000	1	1.449403	0.486085	3.902039	0.394319
296.750000	0	0.091543	0.017450	0.451471	0.041931
296.750000	1	1.459643	0.452979	2.702732	0.323486
297.000000	0	0.087737	0.008202	0.340416	0.032608
297.000000	1	1.408094	0.865611	1.852807	0.207791
297.250000	0	0.094461	0.006196	0.570906	0.050521
297.250000	1	1.356362	0.431446	2.274154	0.305373
297.500000	0	0.093204	0.011765	0.450460	0.043411
297.500000	1	1.480848	0.715042	3.658395	0.384591
297.750000	0	0.095980	0.005097	0.576088	0.046359
297.750000	1	1.428136	0.346051	2.638625	0.276664
298.000000	0	0.093657	0.012052	0.707718	0.051051
298.000000	1	1.393123	0.730993	2.579959	0.288349
298.250000	0	0.089069	0.010385	0.525805	0.041363
298.250000	1	1.408552	0.519142	2.874316	0.279365
298.500000	0	0.095900	0.016623	0.668137	0.054312
298.500000	1	1.433555	0.250527	2.802061	0.344229
298.750000	0	0.100844	0.014646	1.568062	0.094495
298.750000	1	1.448507	0.690100	2.578185	0.321079
299.000000	0	0.089132	0.014525	0.306132	0.036778
299.000000	1	1.457628	0.950078	2.467383	0.286083
299.250000	0	0.089286	0.003143	0.305045	0.035638
299.250000	1	1.436679	0.919148	2.487282	0.249063
299.500000	0	0.095540	0.016401	1.157415	0.063867
299.500000	1	1.429750	0.136680	4.057245	0.368663
299.750000	0	0.092714	0.007790	0.774025	0.047000
299.750000	1	1.428160	0.732694	2.555133	0.290121
300.000000	0	0.094132	0.012818	1.040952	0.052607
300.000000	1	1.485492	0.654846	2.949999	0.335036
300.250000	0	0.093437	0.003325	0.583953	0.047382
300.250000	1	1.415684	0.728776	2.088161	0.213042
300.500000	0	0.092499	0.003973	0.531401	0.048914
300.500000	1	1.441046	0.535385	2.347415	0.252257
300.750000	0	0.091177	0.015217	0.455111	0.040646
300.750000	1	1.430493	0.562264	2.218710	0.249805
301.000000	0	0.091140	0.011443	0.500105	0.043694
301.000000	1	1.443679	0.952392	2.717838	0.232062
301.250000	0	0.091494	0.010691	0.353674	0.040546
301.250000	1	1.396374	0.372544	3.124986	0.325700
301.500000	0	0.095701	0.011439	0.617410	0.055761
301.500000	1	1.452692	0.520689	2.426605	0.290915
301.750000	0	0.090998	0.010985	0.559955	0.041588
301.750000	1	1.443238	0.648365	2.262345	0.261339
302.000000	0	0.091063	0.007240	0.517034	0.042965
302.000000	1	1.439234	0.685473	2.414088	0.251107
302.250000	0	0.092147	0.012021	0.514390	0.040852
302.250000	1	1.499032	0.541280	3.594563	0.334236
302.500000	0	0.089366	0.008223	0.415958	0.036277
302.500000	1	1.413085	0.213507	2.516013	0.304878
302.750000	0	0.091379	0.005947	0.547787	0.044450
302.750000	1	1.414298	0.331639	2.740826	0.316826
303.000000	0	0.093047	0.008814	0.649620	0.050027
303.000000	1	1.424391	0.666228	2.712828	0.350364
303.250000	0	0.093782	0.013727	1.242633	0.062115
303.250000	1	1.420179	0.719793	2.803193	0.296255
303.500000	0	0.093110	0.012599	0.522215	0.043838
303.500000	1	1.436193	0.204879	2.592150	0.334420
303.750000	0	0.091847	0.011180	0.530489	0.042833
303.750000	1	1.425270	0.807633	2.123678	0.230513
304.000000	0	0.088665	0.009973	0.364649	0.035157
304.000000	1	1.445059	0.813283	2.488060	0.260023
304.250000	0	0.093517	0.009816	0.611652	0.046330
304.250000	1	1.425807	0.995718	2.329442	0.215017
304.500000	0	0.090477	0.001950	0.445833	0.039401
304.500000	1	1.484638	0.858096	2.821158	0.280311
304.750000	0	0.088938	0.009210	0.362504	0.034048
304.750000	1	1.455716	0.724294	2.695479	0.275683
305.000000	0	0.091353	0.008113	0.476139	0.042686
305.000000	1	1.430265	0.386247	3.347430	0.342747
305.250000	0	0.090652	0.011361	0.605090	0.044184
305.250000	1	1.477259	0.611086	2.657567	0.306502
305.500000	0	0.089461	0.010297	0.410956	0.035233
305.500000	1	1.406783	0.218161	2.517755	0.261208
305.750000	0	0.095425	0.009314	0.737815	0.052675
305.750000	1	1.439675	0.539783	2.898870	0.335038
306.000000	0	0.094767	0.008345	0.561463	0.048025
306.000000	1	1.425761	0.651117	2.196727	0.285892
306.250000	0	0.093377	0.002859	1.092137	0.066855
306.250000	1	1.462402	0.465001	3.045087	0.314942
306.500000	0	0.093031	0.009147	0.452517	0.042068
306.500000	1	1.495425	0.539081	3.494368	0.324191
306.750000	0	0.091317	0.006670	0.845302	0.045612
306.750000	1	1.375418	0.370350	2.325759	0.302974
307.000000	0	0.093200	0.006092	0.934452	0.055668
307.000000	1	1.476165	0.023519	2.736118	0.387359
307.250000	0	0.091037	0.002058	0.624390	0.044730
307.250000	1	1.471865	0.500187	3.263779	0.378893
307.500000	0	0.089229	0.009042	0.451768	0.040777
307.500000	1	1.428593	0.724827	2.461716	0.260840
307.750000	0	0.090797	0.005197	0.782892	0.040789
307.750000	1	1.427901	0.678478	2.766294	0.276726
308.000000	0	0.093382	0.007534	0.642934	0.047738
308.000000	1	1.438999	0.943608	2.133705	0.230593
308.250000	0	0.095328	0.002457	0.981984	0.053270
308.250000	1	1.416148	0.643116	2.176994	0.281042
308.500000	0	0.091374	0.004032	0.568149	0.042269
308.500000	1	1.363381	0.697890	2.136201	0.252391
308.750000	0	0.093395	0.004302	0.705662	0.053248
308.750000	1	1.452801	0.456492	3.002924	0.331710
309.000000	0	0.151197	0.001112	41.052049	1.527320
309.000000	1	1.602279	0.761710	20.227083	1.729831
309.250000	0	0.093040	0.014791	0.474702	0.042401
309.250000	1	1.405471	0.467426	2.693316	0.296900
309.500000	0	0.092301	0.002846	0.845566	0.050496
309.500000	1	1.443797	0.457551	3.261901	0.366289
309.750000	0	0.096106	0.009355	1.669037	0.090128
309.750000	1	1.399085	0.363337	2.317942	0.268879
310.000000	0	0.093397	0.011312	0.623589	0.051124
310.000000	1	1.445806	0.602326	3.649536	0.362363
310.250000	0	0.094043	0.006301	0.830259	0.053663
310.250000	1	1.472014	0.763706	3.061615	0.327801
310.500000	0	0.093006	0.002721	0.571600	0.047214
310.500000	1	1.416722	0.721051	2.222554	0.275118
310.750000	0	0.093131	0.004389	0.799397	0.050298
310.750000	1	1.479715	0.737979	2.516311	0.301151
311.000000	0	0.093615	0.016956	0.419646	0.041875
311.000000	1	1.422364	0.276706	2.572238	0.300695
311.250000	0	0.096596	0.004945	1.477570	0.071432
311.250000	1	1.499489	0.653089	3.569966	0.441933
311.500000	0	0.091604	0.008664	0.337938	0.039370
311.500000	1	1.399578	0.272857	2.422287	0.304950
311.750000	0	0.093725	0.013397	0.653614	0.046968
311.750000	1	1.412432	0.759661	2.227601	0.246907
312.000000	0	0.091854	0.003588	0.683604	0.045194
312.000000	1	1.480467	0.231667	2.613897	0.330285
312.250000	0	0.092782	0.004687	0.826543	0.046056
312.250000	1	1.428884	0.798940	2.262649	0.264695
312.500000	0	0.094198	0.007977	0.469491	0.044011
312.500000	1	1.463930	0.871852	2.375284	0.245572
312.750000	0	0.091330	0.012791	0.627552	0.044799
312.750000	1	1.431481	0.477695	2.538705	0.317767
313.000000	0	0.095205	0.002655	0.908658	0.053872
313.000000	1	1.419906	0.146177	2.595273	0.289450
313.250000	0	0.092495	0.017938	0.724715	0.045312
313.250000	1	1.454894	0.672885	2.155673	0.245799
313.500000	0	0.092043	0.008141	1.241778	0.063372
313.500000	1	1.415731	0.559719	3.225283	0.290657
313.750000	0	0.093458	0.006412	0.644859	0.049107
313.750000	1	1.409855	0.660629	2.380120	0.259607
314.000000	0	0.093044	0.003253	0.374789	0.040229
314.000000	1	1.458715	0.880982	2.721608	0.246144
314.250000	0	0.093906	0.007891	1.036680	0.060604
314.250000	1	1.417168	0.612382	2.837308	0.315730
314.500000	0	0.093899	0.004393	1.085988	0.056221
314.500000	1	1.457228	0.588574	3.838407	0.358344
314.750000	0	0.092018	0.008216	0.787064	0.046964
314.750000	1	1.437867	0.323931	3.243973	0.309573
315.000000	0	0.090347	0.007712	0.342395	0.037196
315.000000	1	1.390722	0.673107	2.105464	0.244719
315.250000	0	0.092691	0.005554	0.791669	0.052914
315.250000	1	1.411638	0.495059	2.521510	0.293337
315.500000	0	0.095588	0.001286	0.961365	0.059375
315.500000	1	1.421490	0.870854	2.489157	0.271609
315.750000	0	0.090026	0.012094	0.697919	0.044070
315.750000	1	1.476363	0.848877	2.134428	0.222827
316.000000	0	0.091449	0.003891	0.744970	0.047721
316.000000	1	1.424561	0.379784	2.547585	0.273195
316.250000	0	0.089520	0.017641	0.336864	0.036290
316.250000	1	1.420963	0.198100	2.334401	0.271244
316.500000	0	0.090365	0.004402	0.644168	0.046883
316.500000	1	1.450265	0.883165	2.658970	0.279642
316.750000	0	0.092858	0.003878	0.638664	0.042542
316.750000	1	1.383877	0.631360	3.095173	0.289758
317.000000	0	0.090884	0.004102	0.375709	0.039722
317.000000	1	1.471012	0.876742	2.516979	0.299927
317.250000	0	0.090818	0.005973	0.431062	0.039336
317.250000	1	1.432083	0.416743	2.466240	0.313357
317.500000	0	0.093079	0.011913	0.392952	0.040760
317.500000	1	1.479364	0.730621	2.931771	0.347115
317.750000	0	0.090794	0.005598	0.387967	0.040074
317.750000	1	1.389600	0.591325	2.361393	0.287082
318.000000	0	0.090588	0.009388	1.237521	0.056942
318.000000	1	1.413904	0.598940	2.153738	0.250982
318.250000	0	0.091768	0.010155	0.452761	0.043536
318.250000	1	1.426579	0.613486	3.965330	0.352064
318.500000	0	0.092261	0.006874	0.807969	0.047056
318.500000	1	1.427022	0.652660	2.906064	0.300622
318.750000	0	0.091815	0.017886	0.476830	0.043752
318.750000	1	1.461802	0.682574	2.256279	0.262880
319.000000	0	0.090049	0.015484	0.529755	0.039019
319.000000	1	1.441282	0.306668	2.504237	0.262712
319.250000	0	0.093358	0.010507	0.777122	0.045237
319.250000	1	1.462903	0.840732	2.625780	0.285471
319.500000	0	0.095179	0.001979	0.928887	0.057273
319.500000	1	1.423010	0.784651	2.170309	0.242587
319.750000	0	0.092414	0.002173	0.620311	0.050939
319.750000	1	1.453114	0.535965	3.515800	0.387604
320.000000	0	0.088283	0.007528	0.428719	0.033396
320.000000	1	1.373834	0.727234	2.006598	0.216469
320.250000	0	0.091417	0.008180	0.756511	0.050035
320.250000	1	1.384759	0.317747	2.289885	0.316231
320.500000	0	0.096816	0.014042	3.103643	0.124214
320.500000	1	1.485742	0.849698	3.400521	0.370644
320.750000	0	0.098413	0.012735	1.246419	0.068956
320.750000	1	1.514174	0.389562	7.230102	0.776062
321.000000	0	0.097457	0.012383	0.822101	0.061657
321.000000	1	1.380173	0.296996	2.435749	0.287812
321.250000	0	0.096195	0.011507	0.646372	0.058477
321.250000	1	1.409477	0.602800	2.255961	0.301854
321.500000	0	0.096133	0.019534	0.919584	0.058003
321.500000	1	1.437881	0.478796	2.590985	0.298419
321.750000	0	0.093972	0.004180	1.112611	0.062959
321.750000	1	1.400531	0.322184	2.290063	0.307235
322.000000	0	0.092034	0.006707	0.388554	0.042443
322.000000	1	1.433227	0.600956	2.252615	0.269421
322.250000	0	0.092677	0.006649	0.417596	0.042506
322.250000	1	1.381940	0.562979	2.693567	0.303476
322.500000	0	0.096599	0.005706	0.774643	0.061479
322.500000	1	1.449805	0.740918	2.680929	0.342667
322.750000	0	0.096316	0.013602	0.697980	0.051655
322.750000	1	1.436074	0.408455	2.560231	0.314342
323.000000	0	0.091976	0.012467	0.584342	0.042581
323.000000	1	1.418614	0.752920	2.405854	0.294866
323.250000	0	0.093010	0.003474	0.713981	0.048741
323.250000	1	1.411159	0.489620	2.860368	0.349313
323.500000	0	0.090953	0.005388	0.484064	0.042839
323.500000	1	1.425309	0.396866	2.861564	0.374962
323.750000	0	0.092486	0.019568	0.861106	0.054395
323.750000	1	1.454055	0.529561	5.936023	0.545821
324.000000	0	0.092609	0.009393	0.467238	0.044822
324.000000	1	1.470001	0.622826	2.502848	0.272022
324.250000	0	0.094400	0.006702	0.573435	0.049777
324.250000	1	1.412549	0.341754	1.964067	0.262861
324.500000	0	0.094564	0.008707	0.951524	0.053904
324.500000	1	1.430276	0.416855	3.025653	0.344289
324.750000	0	0.091125	0.013380	1.434181	0.063575
324.750000	1	1.508387	0.356135	5.104726	0.482012
325.000000	0	0.093098	0.005896	0.386947	0.040183
325.000000	1	1.401379	0.719871	2.213506	0.240010
325.250000	0	0.095764	0.010854	2.549048	0.101777
325.250000	1	1.472206	0.716829	4.810638	0.401495
325.500000	0	0.090424	0.008302	0.370798	0.038678
325.500000	1	1.390800	0.127179	2.926398	0.350837
325.750000	0	0.094813	0.014389	0.911774	0.058687
325.750000	1	1.448654	0.662045	3.535503	0.367948
326.000000	0	0.095596	0.015916	0.896056	0.057010
326.000000	1	1.461725	0.714939	2.932751	0.276473
326.250000	0	0.092163	0.017168	0.348456	0.039220
326.250000	1	1.395592	0.508936	3.578056	0.355268
326.500000	0	0.092397	0.016053	0.447174	0.039778
326.500000	1	1.427073	0.654400	2.491482	0.289682
326.750000	0	0.091787	0.002297	0.387604	0.040131
326.750000	1	1.443046	0.702028	3.561105	0.372571
327.000000	0	0.095783	0.008385	1.432338	0.067291
327.000000	1	1.467993	0.805155	2.467048	0.307254
327.250000	0	0.095131	0.019210	0.409773	0.043235
327.250000	1	1.456547	0.735865	2.459578	0.257269
327.500000	0	0.092684	0.008273	0.375349	0.041699
327.500000	1	1.440099	0.567464	3.918202	0.413772
327.750000	0	0.091712	0.013643	0.444809	0.038911
327.750000	1	1.505103	0.717660	3.356473	0.375476
328.000000	0	0.091106	0.014998	0.517051	0.042021
328.000000	1	1.458743	0.670251	2.302499	0.261364
328.250000	0	0.093096	0.018663	0.578401	0.046999
328.250000	1	1.450178	0.510847	3.137240	0.322828
328.500000	0	0.093157	0.009019	0.382894	0.041270
328.500000	1	1.446291	1.003152	2.435587	0.247424
328.750000	0	0.091491	0.014638	0.659302	0.045017
328.750000	1	1.433577	0.802242	2.474268	0.250030
329.000000	0	0.090489	0.009830	0.588068	0.043325
329.000000	1	1.410315	0.943949	2.117416	0.196642
329.250000	0	0.093871	0.001942	0.595535	0.046075
329.250000	1	1.527554	0.536942	3.625822	0.439903
329.500000	0	0.089543	0.005324	0.370838	0.035907
329.500000	1	1.422408	0.351602	2.334037	0.284664
329.750000	0	0.091157	0.013579	0.367061	0.036662
329.750000	1	1.419614	0.609553	2.014121	0.247152
330.000000	0	0.091733	0.005034	0.949098	0.048005
330.000000	1	1.465870	0.796708	2.764484	0.281642
330.250000	0	0.090031	0.003619	0.337249	0.037245
330.250000	1	1.386684	0.237972	2.282754	0.263599
330.500000	0	0.089863	0.002333	0.427608	0.039806
330.500000	1	1.457931	0.758147	2.640223	0.317569
330.750000	0	0.091151	0.005375	0.940859	0.054343
330.750000	1	1.443001	0.681782	2.804303	0.334965
331.000000	0	0.093619	0.002727	0.498146	0.047119
331.000000	1	1.482998	0.603244	3.239531	0.398971
331.250000	0	0.090580	0.006488	0.469422	0.041862
331.250000	1	1.410636	0.064396	2.386345	0.265241
331.500000	0	0.088432	0.012274	0.260527	0.032722
331.500000	1	1.466029	0.688863	2.958161	0.315247
331.750000	0	0.093157	0.017590	0.424043	0.041112
331.750000	1	1.417541	0.613965	2.740549	0.318349
332.000000	0	0.092497	0.016125	1.196350	0.061391
332.000000	1	1.618003	0.156151	12.877621	1.271478
332.250000	0	0.094632	0.003214	0.602179	0.046930
332.250000	1	1.402075	0.427654	2.141764	0.260421
332.500000	0	0.092391	0.003866	0.561232	0.043348
332.500000	1	1.448542	0.692026	2.298007	0.270714
332.750000	0	0.094712	0.004674	2.564596	0.102859
332.750000	1	1.424444	0.708564	3.988834	0.336874
333.000000	0	0.091875	0.000612	0.437485	0.043586
333.000000	1	1.459427	0.826296	2.948558	0.288801
333.250000	0	0.092006	0.013380	0.552123	0.046886
333.250000	1	1.409917	0.807052	2.379753	0.250320
333.500000	0	0.094654	0.004506	1.473299	0.068845
333.500000	1	1.421286	0.521098	2.588491	0.288600
333.750000	0	0.090145	0.007878	0.696025	0.044373
333.750000	1	1.424453	0.244567	3.296177	0.391639
334.000000	0	0.095477	0.007702	0.595709	0.053286
334.000000	1	1.450914	0.547152	2.745923	0.349727
334.250000	0	0.093711	0.011338	0.702451	0.051191
334.250000	1	1.389608	0.415267	2.499433	0.297209
334.500000	0	0.093377	0.006967	0.539122	0.054358
334.500000	1	1.427116	0.318035	2.356008	0.313364
334.750000	0	0.093245	0.009716	0.483452	0.045067
334.750000	1	1.437959	0.740768	2.623091	0.281146
335.000000	0	0.093148	0.006343	1.133255	0.058942
335.000000	1	1.416312	0.679200	3.279180	0.317490
335.250000	0	0.093990	0.011136	1.572386	0.069277
335.250000	1	1.430587	0.787048	3.652241	0.386359
335.500000	0	0.090068	0.001299	0.358019	0.039082
335.500000	1	1.465012	0.495474	2.891543	0.355440
335.750000	0	0.092762	0.009090	0.466852	0.043149
335.750000	1	1.447100	0.620394	3.332467	0.322838
336.000000	0	0.090509	0.010374	0.793405	0.046134
336.000000	1	1.433815	0.785696	2.229569	0.262821
336.250000	0	0.095542	0.004655	0.969484	0.059165
336.250000	1	1.458238	0.534825	2.784476	0.312844
336.500000	0	0.092006	0.000458	0.859175	0.051826
336.500000	1	1.444810	0.366577	2.987089	0.329732
336.750000	0	0.091332	0.006625	0.820391	0.050742
336.750000	1	1.420824	0.659981	2.606390	0.280094
337.000000	0	0.092396	0.012990	0.372622	0.039619
337.000000	1	1.426661	0.562032	2.621753	0.295175
337.250000	0	0.092324	0.008809	0.433455	0.044531
337.250000	1	1.411844	0.806579	2.603859	0.270211
337.500000	0	0.091265	0.010978	0.512356	0.044160
337.500000	1	1.457490	0.672841	3.049433	0.318043
337.750000	0	0.090964	0.006114	0.451971	0.042076
337.750000	1	1.450602	0.257432	2.659688	0.311176
338.000000	0	0.090943	0.018159	0.566768	0.040127
338.000000	1	1.487183	0.929808	2.519802	0.262770
338.250000	0	0.089611	0.005538	0.478930	0.040584
338.250000	1	1.450412	0.937719	2.466682	0.232972
338.500000	0	0.089624	0.013226	0.426405	0.038178
338.500000	1	1.427940	0.872567	3.143651	0.274454
338.750000	0	0.092604	0.016302	0.462484	0.043950
338.750000	1	1.429617	0.347183	2.381929	0.280010
339.000000	0	0.090728	0.016626	0.569138	0.040565
339.000000	1	1.447655	0.533937	2.376515	0.260116
339.250000	0	0.092051	0.009543	0.551103	0.040873
339.250000	1	1.442630	0.863915	3.500615	0.340855
339.500000	0	0.092455	0.012199	0.527714	0.043896
339.500000	1	1.436808	0.768135	2.837321	0.316372
339.750000	0	0.093122	0.007258	1.093233	0.058014
339.750000	1	1.394246	0.367414	2.271136	0.276459
340.000000	0	0.098522	0.006139	0.696364	0.063233
340.000000	1	1.505276	0.450015	2.799605	0.363192
340.250000	0	0.093143	0.001708	0.507152	0.045932
340.250000	1	1.433208	0.749535	2.176305	0.240964
340.500000	0	0.092075	0.005183	0.420841	0.038993
340.500000	1	1.350006	0.246613	2.194415	0.296383
340.750000	0	0.093427	0.013657	0.546653	0.048103
340.750000	1	1.400344	0.200399	2.762276	0.359363
341.000000	0	0.092822	0.004021	1.391425	0.064321
341.000000	1	1.409598	0.511960	2.290362	0.272678
341.250000	0	0.092891	0.011565	0.460165	0.043621
341.250000	1	1.435610	0.585960	2.292533	0.297600
341.500000	0	0.093829	0.011874	0.427083	0.044780
341.500000	1	1.415701	0.572263	2.471583	0.258518
341.750000	0	0.093304	0.004917	0.567650	0.050680
341.750000	1	1.424602	0.744663	3.039370	0.287313
342.000000	0	0.092051	0.004367	0.394199	0.040112
342.000000	1	1.421298	0.563171	2.162231	0.274626
342.250000	0	0.090965	0.004207	0.619931	0.044176
342.250000	1	1.447325	0.822688	2.565958	0.276647
342.500000	0	0.090830	0.010668	0.452288	0.038354
342.500000	1	1.501037	0.693153	4.130796	0.427652
342.750000	0	0.088863	0.013561	0.427858	0.038492
342.750000	1	1.401402	0.826719	2.004977	0.217452
343.000000	0	0.093920	0.013185	0.686231	0.055509
343.000000	1	1.462556	0.215395	2.293074	0.302207
343.250000	0	0.090008	0.009863	0.432271	0.039315
343.250000	1	1.444927	0.369345	2.313986	0.307562
343.500000	0	0.092763	0.005402	0.465309	0.043048
343.500000	1	1.436357	0.602815	3.269733	0.359086
343.750000	0	0.092348	0.008642	0.710588	0.046731
343.750000	1	1.480381	0.637523	2.916483	0.310695
344.000000	0	0.092766	0.009727	0.438028	0.041602
344.000000	1	1.423989	0.435292	2.255510	0.271097
344.250000	0	0.091701	0.004271	1.483337	0.067328
344.250000	1	1.407653	0.556092	2.480786	0.263675
344.500000	0	0.093211	0.013894	0.664858	0.053059
344.500000	1	1.405512	0.633879	2.012762	0.221407
344.750000	0	0.092812	0.004068	0.662327	0.046656
344.750000	1	1.420534	0.500394	3.613411	0.404988
345.000000	0	0.093738	0.009530	0.801884	0.052317
345.000000	1	1.478174	0.644091	2.948771	0.303490
345.250000	0	0.093115	0.003630	0.563903	0.049629
345.250000	1	1.473245	0.553601	4.090199	0.428746
345.500000	0	0.093216	0.008143	0.626612	0.046752
345.500000	1	1.434431	0.802455	2.056841	0.247530
345.750000	0	0.091153	0.009992	0.421042	0.041291
345.750000	1	1.463817	0.151787	2.768329	0.363261
346.000000	0	0.093529	0.012536	0.912556	0.050154
346.000000	1	1.420023	0.220201	2.094643	0.272650
346.250000	0	0.092383	0.015627	0.626342	0.046057
346.250000	1	1.439852	0.746480	2.485388	0.266879
346.500000	0	0.094192	0.010060	0.692177	0.054815
346.500000	1	1.438269	0.391354	3.299128	0.321780
346.750000	0	0.091813	0.012041	0.628533	0.044890
346.750000	1	1.416754	0.587470	2.472419	0.294094
347.000000	0	0.089544	0.015254	0.402892	0.035566
347.000000	1	1.418477	0.581132	2.088721	0.225502
347.250000	0	0.093272	0.006789	0.737149	0.045827
347.250000	1	1.445257	0.776390	2.642329	0.299594
347.500000	0	0.090873	0.004015	0.392781	0.041004
347.500000	1	1.438959	0.821865	1.929013	0.197516
347.750000	0	0.093376	0.014047	0.721040	0.047987
347.750000	1	1.439801	0.161531	3.010702	0.338916
348.000000	0	0.090474	0.006301	0.380462	0.038177
348.000000	1	1.463612	0.779981	2.411296	0.244707
348.250000	0	0.087259	0.012476	0.286591	0.032594
348.250000	1	1.389344	0.756220	2.476573	0.228087
348.500000	0	0.091130	0.012676	0.380228	0.040095
348.500000	1	1.443574	0.672376	2.596025	0.283201
348.750000	0	0.095009	0.011031	0.774844	0.061064
348.750000	1	1.466105	0.381830	2.475082	0.328238
349.000000	0	0.090446	0.011945	0.718515	0.045231
349.000000	1	1.388508	0.697367	2.340655	0.239836
349.250000	0	0.093098	0.010314	0.467883	0.041903
349.250000	1	1.423010	0.240606	3.054934	0.298467
349.500000	0	0.090592	0.006282	0.401644	0.042388
349.500000	1	1.445652	0.474499	2.657124	0.303561
349.750000	0	0.093825	0.005362	0.979563	0.060618
349.750000	1	1.418839	0.468580	2.374994	0.298616
350.000000	0	0.093677	0.005924	1.179619	0.058943
350.000000	1	1.381027	0.598548	2.336512	0.267932
350.250000	0	0.093627	0.007700	0.548694	0.045702
350.250000	1	1.453313	0.854523	2.309497	0.283813
350.500000	0	0.095231	0.005008	0.769951	0.054010
350.500000	1	1.498104	0.723080	3.173531	0.349010
350.750000	0	0.091955	0.013746	0.417582	0.041270
350.750000	1	1.441569	0.203463	2.703668	0.308038
351.000000	0	0.092956	0.016023	0.885158	0.056428
351.000000	1	1.407861	0.864906	2.114156	0.227107
351.250000	0	0.092913	0.019864	0.591536	0.047630
351.250000	1	1.391854	0.619530	2.164907	0.271320
351.500000	0	0.098062	0.011670	0.713058	0.055453
351.500000	1	1.423233	0.200524	2.703331	0.345628
351.750000	0	0.090147	0.007912	0.341409	0.037376
351.750000	1	1.428463	0.468829	2.112456	0.294637
352.000000	0	0.091131	0.003171	0.477112	0.043078
352.000000	1	1.438350	0.793758	2.490987	0.298874
352.250000	0	0.095367	0.002698	0.690441	0.054823
352.250000	1	1.420787	0.714591	2.332152	0.299942
352.500000	0	0.092890	0.010834	0.518387	0.047896
352.500000	1	1.440650	0.432088	3.129027	0.346411
352.750000	0	0.092033	0.010337	0.432722	0.040587
352.750000	1	1.449471	0.637897	3.050057	0.324698
353.000000	0	0.093453	0.000285	0.667309	0.050438
353.000000	1	1.470816	0.444004	2.560861	0.313852
353.250000	0	0.092515	0.009943	0.865633	0.050490
353.250000	1	1.388613	0.276299	2.514662	0.285260
353.500000	0	0.093906	0.004555	0.456764	0.046621
353.500000	1	1.463281	0.251370	2.208038	0.300520
353.750000	0	0.095906	0.010791	0.846128	0.055752
353.750000	1	1.398125	0.386493	2.163341	0.231379
354.000000	0	0.094848	0.005575	0.352459	0.040954
354.000000	1	1.608519	0.359491	14.766529	1.680322
354.250000	0	0.095580	0.012101	0.780749	0.056733
354.250000	1	1.400304	0.551644	2.325342	0.262820
354.500000	0	0.098410	0.013573	1.051841	0.071722
354.500000	1	1.449998	0.542163	2.479552	0.314901
354.750000	0	0.094532	0.011234	0.587258	0.050516
354.750000	1	1.516354	0.301928	3.079301	0.360194
355.000000	0	0.091322	0.006197	0.581919	0.043020
355.000000	1	1.450754	0.463649	2.863838	0.305525
355.250000	0	0.093046	0.002703	0.745044	0.049935
355.250000	1	1.423237	0.327159	2.608357	0.326550
355.500000	0	0.091463	0.010642	0.557827	0.040458
355.500000	1	1.429004	0.406917	2.237010	0.267789
355.750000	0	0.091226	0.008600	0.759624	0.048557
355.750000	1	1.494638	0.143313	9.846526	1.086608
356.000000	0	0.093545	0.012885	0.662187	0.052799
356.000000	1	1.399124	0.626845	2.929497	0.315206
356.250000	0	0.095319	0.006652	0.418701	0.046941
356.250000	1	1.428854	0.818836	2.033773	0.243749
356.500000	0	0.095308	0.013422	0.442669	0.049493
356.500000	1	1.435069	0.240064	2.207186	0.257978
356.750000	0	0.095083	0.002857	0.789887	0.053897
356.750000	1	1.411297	0.592600	2.769233	0.319700
357.000000	0	0.096264	0.003167	0.684626	0.061456
357.000000	1	1.450305	0.261219	2.671193	0.315716
357.250000	0	0.093840	0.006512	0.840507	0.054189
357.250000	1	1.454829	0.657035	2.011505	0.226680
357.500000	0	0.091921	0.008220	0.390554	0.042125
357.500000	1	1.417455	0.409505	2.141208	0.254971
357.750000	0	0.097178	0.015320	3.311242	0.127341
357.750000	1	1.600098	0.897375	7.747138	0.758542
358.000000	0	0.094751	0.005341	3.026855	0.116848
358.000000	1	1.452320	0.562580	3.924924	0.337465
358.250000	0	0.092902	0.011871	0.938822	0.056020
358.250000	1	1.451235	0.629167	3.267936	0.361906
358.500000	0	0.094099	0.007377	0.815060	0.057893
358.500000	1	1.387813	0.621912	2.401504	0.253270
358.750000	0	0.101951	0.006735	0.833830	0.071902
358.750000	1	1.402772	0.571078	2.405423	0.304164
359.000000	0	0.097227	0.013291	0.604710	0.055852
359.000000	1	1.423670	0.605923	2.378687	0.299715
359.250000	0	0.097395	0.006390	0.980034	0.064180
359.250000	1	1.426348	0.676007	3.016785	0.310631
359.500000	0	0.095143	0.001755	0.700105	0.048928
359.500000	1	1.433962	0.230256	2.242243	0.262219
359.750000	0	0.093209	0.001046	0.621697	0.045887
359.750000	1	1.431770	0.683108	2.425185	0.272932
360.000000	0	0.093933	0.005510	0.642504	0.056185
360.000000	1	1.409670	0.570230	2.106929	0.264209
360.250000	0	0.098434	0.004718	1.254620	0.073236
360.250000	1	1.438898	0.541164	2.789859	0.284320
360.500000	0	0.094319	0.010514	0.551619	0.049984
360.500000	1	1.397889	0.352123	2.225219	0.294554
360.750000	0	0.098801	0.013225	1.307180	0.075077
360.750000	1	1.390402	0.417723	2.437189	0.343253
361.000000	0	0.097980	0.010772	1.179461	0.066393
361.000000	1	1.394923	0.341914	2.736807	0.328088
361.250000	0	0.096304	0.003969	0.583649	0.057368
361.250000	1	1.433348	0.561611	2.241168	0.277355
361.500000	0	0.092824	0.010052	0.817009	0.055553
361.500000	1	1.422070	0.912509	2.581327	0.263025
361.750000	0	0.093617	0.002685	0.387459	0.045090
361.750000	1	1.416807	0.783617	2.248323	0.242609
362.000000	0	0.092535	0.016309	0.944169	0.057372
362.000000	1	1.407640	0.375868	2.538391	0.313443
362.250000	0	0.095941	0.009469	1.064672	0.061756
362.250000	1	1.459298	0.618548	2.487124	0.310051
362.500000	0	0.093400	0.014099	0.562472	0.044997
362.500000	1	1.498055	0.826215	2.688386	0.288834
362.750000	0	0.091590	0.005699	0.560330	0.044577
362.750000	1	1.425798	0.633383	2.225482	0.219828
363.000000	0	0.090955	0.006043	0.330945	0.038072
363.000000	1	1.475745	0.881633	2.470280	0.238874
363.250000	0	0.093104	0.011768	0.405084	0.042524
363.250000	1	1.410018	0.736803	2.247611	0.231317
363.500000	0	0.089799	0.008122	0.866280	0.046549
363.500000	1	1.468450	0.650610	5.773920	0.589663
363.750000	0	0.095289	0.002439	0.678860	0.053695
363.750000	1	1.451118	0.487583	2.900579	0.349043
364.000000	0	0.092251	0.004730	0.403740	0.045728
364.000000	1	1.441190	0.333740	2.396416	0.326433
364.250000	0	0.094423	0.008746	0.755185	0.052075
364.250000	1	1.453724	0.431238	2.194847	0.280867
364.500000	0	0.094033	0.007989	0.578707	0.050943
364.500000	1	1.434550	0.331770	2.292860	0.289982
364.750000	0	0.090365	0.008449	0.511545	0.042450
364.750000	1	1.428569	0.393018	2.529678	0.293881
365.000000	0	0.093334	0.005273	0.675389	0.046731
365.000000	1	1.459281	0.674009	3.366197	0.316590
365.250000	0	0.092994	0.004217	0.581630	0.043894
365.250000	1	1.477559	0.797029	3.742539	0.376631
365.500000	0	0.095743	0.009470	1.070049	0.075461
365.500000	1	1.411588	0.521422	2.097618	0.272230
365.750000	0	0.095133	0.002588	0.679269	0.053646
365.750000	1	1.400164	0.312352	2.242285	0.310489
366.000000	0	0.094933	0.009610	0.590191	0.052730
366.000000	1	1.406132	0.556391	2.693747	0.334741
366.250000	0	0.091734	0.009269	0.407843	0.042172
366.250000	1	1.476278	0.545757	3.121729	0.384905
366.500000	0	0.096438	0.011441	1.445888	0.073321
366.500000	1	1.406393	0.520143	3.114918	0.335250
366.750000	0	0.094056	0.008847	0.348110	0.043359
366.750000	1	1.415408	0.572271	2.531067	0.293333
367.000000	0	0.092547	0.005802	0.519238	0.043623
367.000000	1	1.409565	0.485018	2.171417	0.264290
367.250000	0	0.094616	0.005137	0.457207	0.044694
367.250000	1	1.531147	0.183807	9.276510	0.949016
367.500000	0	0.093321	0.011802	0.555653	0.047334
367.500000	1	1.369719	0.246470	2.920335	0.353708
367.750000	0	0.094361	0.012762	0.526337	0.049049
367.750000	1	1.460414	0.353495	3.368772	0.380180
368.000000	0	0.095430	0.002322	0.738501	0.053661
368.000000	1	1.384605	0.161963	2.445967	0.315696
368.250000	0	0.091346	0.004606	0.630732	0.046711
368.250000	1	1.504574	0.850433	4.097039	0.417172
368.500000	0	0.090947	0.007462	0.569599	0.041050
368.500000	1	1.451869	0.531955	2.677162	0.287394
368.750000	0	0.091776	0.008534	0.640683	0.046279
368.750000	1	1.480541	0.912805	4.066838	0.417222
369.000000	0	0.091659	0.014543	0.355519	0.042164
369.000000	1	1.406686	0.494280	2.145960	0.304280
369.250000	0	0.092545	0.003295	0.580122	0.045162
369.250000	1	1.369047	0.330861	2.662919	0.302119
369.500000	0	0.091927	0.008028	0.936241	0.054398
369.500000	1	1.415372	0.568656	2.367250	0.308593
369.750000	0	0.091922	0.012313	0.721538	0.046383
369.750000	1	1.444138	0.438236	3.651641	0.370834
370.000000	0	0.092763	0.015995	0.710074	0.046391
370.000000	1	1.481504	0.471107	2.155784	0.302504
370.250000	0	0.092926	0.012143	0.870100	0.055141
370.250000	1	1.464523	0.385258	2.737546	0.288252
370.500000	0	0.092151	0.005979	0.459459	0.046188
370.500000	1	1.448786	0.551215	3.058791	0.305278
370.750000	0	0.093187	0.008755	0.893293	0.055392
370.750000	1	1.450723	0.630611	2.981220	0.345511
371.000000	0	0.090769	0.005309	0.736733	0.050308
371.000000	1	1.440799	0.907475	2.353877	0.247027
371.250000	0	0.092031	0.004725	0.364068	0.039176
371.250000	1	1.405313	0.690258	2.416578	0.241318
371.500000	0	0.090853	0.009379	0.510544	0.041390
371.500000	1	1.410008	0.601790	2.229951	0.305557
371.750000	0	0.094736	0.015597	0.961918	0.056831
371.750000	1	1.493856	0.896640	3.163088	0.292536
372.000000	0	0.090606	0.009497	0.475669	0.038086
372.000000	1	1.450618	0.793350	3.548150	0.298367
372.250000	0	0.091186	0.007036	0.299622	0.036232
372.250000	1	1.414872	0.753948	2.516584	0.290305
372.500000	0	0.092105	0.005876	0.350899	0.042760
372.500000	1	1.459913	0.590686	2.533535	0.278399
372.750000	0	0.090677	0.014665	0.412181	0.036278
372.750000	1	1.411918	0.321180	2.189874	0.268934
373.000000	0	0.092056	0.012652	0.790680	0.051941
373.000000	1	1.447325	0.765997	3.015519	0.295347
373.250000	0	0.091967	0.003567	0.391212	0.042959
373.250000	1	1.433505	0.415937	2.492152	0.316218
373.500000	0	0.091613	0.011487	0.420144	0.039656
373.500000	1	1.440110	0.584537	2.534208	0.311376
373.750000	0	0.093578	0.013433	0.646429	0.053556
373.750000	1	1.382824	0.131996	2.170020	0.289517
374.000000	0	0.094286	0.015673	0.455748	0.048662
374.000000	1	1.413095	0.540513	2.763821	0.300020
374.250000	0	0.093601	0.003044	0.525816	0.045385
374.250000	1	1.444261	0.501315	2.770304	0.291026
374.500000	0	0.092744	0.007709	0.755405	0.053072
374.500000	1	1.448524	0.796792	2.278671	0.271964
374.750000	0	0.094723	0.009467	0.787748	0.057900
374.750000	1	1.423663	0.255948	2.469395	0.305556
375.000000	0	0.090233	0.005987	0.900039	0.047972
375.000000	1	1.413393	0.882230	2.476838	0.230639
375.250000	0	0.090723	0.005176	1.091788	0.052172
375.250000	1	1.438268	0.046874	3.022001	0.366727
375.500000	0	0.091220	0.001853	0.394277	0.039995
375.500000	1	1.468036	0.799368	2.470389	0.289171
375.750000	0	0.092563	0.008073	0.831850	0.048797
375.750000	1	1.442970	0.448267	1.887371	0.208490
376.000000	0	0.090940	0.006900	0.623754	0.043284
376.000000	1	1.420317	0.757586	2.354245	0.263111
376.250000	0	0.093731	0.009868	0.767509	0.054301
376.250000	1	1.458562	0.564955	2.991114	0.361978
376.500000	0	0.094669	0.011304	1.636977	0.072597
376.500000	1	1.444536	0.720881	3.612480	0.336924
376.750000	0	0.091290	0.016858	0.463569	0.041800
376.750000	1	1.412439	0.812384	2.183796	0.207416
377.000000	0	0.091810	0.011995	1.078441	0.052023
377.000000	1	1.520362	0.448170	8.063392	0.816881
377.250000	0	0.093948	0.010181	0.781883	0.051187
377.250000	1	1.454621	0.722896	2.233270	0.271501
377.500000	0	0.092559	0.001156	1.035425	0.054981
377.500000	1	1.443379	0.153376	2.586133	0.307834
377.750000	0	0.091618	0.006617	0.348372	0.036829
377.750000	1	1.414635	0.528892	2.175381	0.241899
378.000000	0	0.091935	0.009265	0.808837	0.054353
378.000000	1	1.570170	0.958497	11.338527	1.159331
378.250000	0	0.093663	0.011233	0.610238	0.048664
378.250000	1	1.441665	0.675611	2.934431	0.300393
378.500000	0	0.094876	0.010911	0.550387	0.046016
378.500000	1	1.482912	0.709600	3.651848	0.339812
378.750000	0	0.092353	0.006322	0.717720	0.045720
378.750000	1	1.439321	0.716314	2.455609	0.269679
379.000000	0	0.092401	0.009608	0.617788	0.044163
379.000000	1	1.411956	0.187374	2.334327	0.320071
379.250000	0	0.093799	0.008957	0.737232	0.048735
379.250000	1	1.449101	0.863664	2.530836	0.280503
379.500000	0	0.092381	0.006485	0.881293	0.051955
379.500000	1	1.419401	0.439257	2.692715	0.332593
379.750000	0	0.091419	0.011001	0.586965	0.043583
379.750000	1	1.437205	0.674994	2.411645	0.308137
380.000000	0	0.093570	0.008906	0.474546	0.046278
380.000000	1	1.464446	0.713506	2.292988	0.240180
380.250000	0	0.090235	0.001856	0.325556	0.037751
380.250000	1	1.410219	0.496737	1.841112	0.209225
380.500000	0	0.089585	0.005850	0.428795	0.040202
380.500000	1	1.455788	0.400590	2.721626	0.319396
380.750000	0	0.091486	0.008280	0.438386	0.042457
380.750000	1	1.406475	0.616264	2.322839	0.261153
381.000000	0	0.094910	0.005750	0.464521	0.043062
381.000000	1	1.464449	0.793745	4.346638	0.389956
381.250000	0	0.092258	0.009081	0.437792	0.042442
381.250000	1	1.502301	0.783388	3.887001	0.364952
381.500000	0	0.091650	0.006968	0.405939	0.038588
381.500000	1	1.453425	0.585052	2.635405	0.321948
381.750000	0	0.093474	0.007015	0.914361	0.056922
381.750000	1	1.432787	0.723908	3.871733	0.328102
382.000000	0	0.095038	0.008770	1.250344	0.067359
382.000000	1	1.416891	0.718469	3.305475	0.311872
382.250000	0	0.094980	0.012399	0.908459	0.056641
382.250000	1	1.493069	0.878901	3.076898	0.339474
382.500000	0	0.094313	0.010415	0.457009	0.048369
382.500000	1	1.437685	0.443474	2.405468	0.285356
382.750000	0	0.093743	0.005114	0.848334	0.049191
382.750000	1	1.435990	0.684763	3.201885	0.312725
383.000000	0	0.092423	0.011886	0.467228	0.046856
383.000000	1	1.432636	0.796941	2.027213	0.216005
383.250000	0	0.089684	0.004108	0.551977	0.042398
383.250000	1	1.444989	0.862309	2.239798	0.250634
383.500000	0	0.089223	0.013645	0.400138	0.039016
383.500000	1	1.443792	0.229506	2.292179	0.282339
383.750000	0	0.089731	0.007116	0.564643	0.038527
383.750000	1	1.434589	0.623480	2.474401	0.256068
384.000000	0	0.089692	0.003298	0.658327	0.039773
384.000000	1	1.428846	0.599994	2.436373	0.245062
384.250000	0	0.089141	0.004306	0.859593	0.049939
384.250000	1	1.438387	0.636973	2.261703	0.232048
384.500000	0	0.088286	0.001631	0.384592	0.036101
384.500000	1	1.409765	0.809841	1.964969	0.214640
384.750000	0	0.091509	0.001418	0.365095	0.039856
384.750000	1	1.436418	0.633327	2.446735	0.245696
385.000000	0	0.091897	0.003797	0.664012	0.045484
385.000000	1	1.415499	0.550097	2.317556	0.311643
385.250000	0	0.090923	0.004746	0.758144	0.045000
385.250000	1	1.399515	0.528411	2.327016	0.292956
385.500000	0	0.091938	0.018371	0.867373	0.050225
385.500000	1	1.416476	0.652488	2.355687	0.272875
385.750000	0	0.091669	0.011178	0.498944	0.040072
385.750000	1	1.428567	0.454226	2.535596	0.304630
386.000000	0	0.097357	0.016761	0.839895	0.058848
386.000000	1	1.482877	0.969175	2.640402	0.314249
386.250000	0	0.091742	0.009337	0.638966	0.039693
386.250000	1	1.426661	0.799786	2.604516	0.253592
386.500000	0	0.095894	0.004055	1.377046	0.065433
386.500000	1	1.454067	0.067425	2.785593	0.316868
386.750000	0	0.095169	0.005649	1.399946	0.064249
386.750000	1	1.449861	0.636837	2.916307	0.321714
387.000000	0	0.100199	0.003505	1.825268	0.097343
387.000000	1	1.443801	0.051993	2.805228	0.295422
387.250000	0	0.090211	0.018334	0.557290	0.039892
387.250000	1	1.428782	0.360143	2.651092	0.287053
387.500000	0	0.092946	0.008869	0.601070	0.049240
387.500000	1	1.402319	0.330286	2.533739	0.283132
387.750000	0	0.094088	0.002027	0.645564	0.052294
387.750000	1	1.480133	0.397209	2.619706	0.333128
388.000000	0	0.091945	0.007025	0.420081	0.042462
388.000000	1	1.498088	0.696679	5.257464	0.496246
388.250000	0	0.091614	0.004662	0.572639	0.049666
388.250000	1	1.456488	0.544264	3.509719	0.327782
388.500000	0	0.091884	0.007725	0.625849	0.044616
388.500000	1	1.403637	0.770317	2.215097	0.224179
388.750000	0	0.092796	0.007782	0.784472	0.052758
388.750000	1	1.409479	0.388463	2.187577	0.274602
389.000000	0	0.093153	0.010887	0.631317	0.049301
389.000000	1	1.413450	0.608463	2.623421	0.315215
389.250000	0	0.094044	0.018792	1.048715	0.055240
389.250000	1	1.515690	0.554233	3.019964	0.338528
389.500000	0	0.091626	0.007113	0.641345	0.044314
389.500000	1	1.423905	0.432197	2.625561	0.295616
389.750000	0	0.094996	0.003951	1.049092	0.059574
389.750000	1	1.420585	0.469141	2.206233	0.282019
390.000000	0	0.096916	0.005518	0.910811	0.060412
390.000000	1	1.425595	0.217587	2.357884	0.285116
390.250000	0	0.090571	0.007628	0.417996	0.043355
390.250000	1	1.442671	0.358052	2.513764	0.288411
390.500000	0	0.092067	0.002918	0.748850	0.046957
390.500000	1	1.370493	0.337839	3.486516	0.397752
390.750000	0	0.094759	0.006015	0.451368	0.044692
390.750000	1	1.448911	0.234277	2.882593	0.345645
391.000000	0	0.091700	0.011829	0.580942	0.045585
391.000000	1	1.488566	0.555320	3.051263	0.335026
391.250000	0	0.095529	0.006833	1.062037	0.060085
391.250000	1	1.480070	0.603571	2.212480	0.269049
391.500000	0	0.093040	0.009939	0.509655	0.044510
391.500000	1	1.430971	0.646281	2.533313	0.268594
391.750000	0	0.094574	0.016357	0.615875	0.049334
391.750000	1	1.376329	0.306194	2.185300	0.281335
392.000000	0	0.094636	0.008650	0.959991	0.064167
392.000000	1	1.452892	0.521461	2.722229	0.309911
392.250000	0	0.095512	0.011688	0.915166	0.058613
392.250000	1	1.481165	0.540493	2.427487	0.289386
392.500000	0	0.092144	0.004435	0.343156	0.037720
392.500000	1	1.443976	0.620109	2.425517	0.285831
392.750000	0	0.092542	0.007062	0.452252	0.042936
392.750000	1	1.371705	0.182701	2.166552	0.287150
393.000000	0	0.093932	0.008747	0.639469	0.047609
393.000000	1	1.414955	0.577081	2.618075	0.320164
393.250000	0	0.094803	0.011317	0.544393	0.050407
393.250000	1	1.454906	0.788764	2.835068	0.348539
393.500000	0	0.092886	0.007195	0.647837	0.047354
393.500000	1	1.447860	0.868068	2.811714	0.289240
393.750000	0	0.093312	0.007236	0.779622	0.054506
393.750000	1	1.477956	0.558437	2.993662	0.327426
394.000000	0	0.093883	0.007591	0.766260	0.052672
394.000000	1	1.415665	0.659439	2.246583	0.219244
394.250000	0	0.094188	0.007064	0.932447	0.057741
394.250000	1	1.424028	0.630573	2.236222	0.292433
394.500000	0	0.092260	0.011324	0.508005	0.044982
394.500000	1	1.477062	0.861615	3.222366	0.377562
394.750000	0	0.095275	0.007093	0.520644	0.052312
394.750000	1	1.411634	0.686992	2.364071	0.249444
395.000000	0	0.095620	0.008924	1.613679	0.073153
395.000000	1	1.454388	0.547218	2.590326	0.295439
395.250000	0	0.092702	0.008159	0.583606	0.047937
395.250000	1	1.401848	0.341493	2.206318	0.282902
395.500000	0	0.091098	0.005878	0.529155	0.043145
395.500000	1	1.443593	0.633656	2.506539	0.281789
395.750000	0	0.093572	0.008912	0.867859	0.055509
395.750000	1	1.410197	0.563030	2.560339	0.300976
396.000000	0	0.093628	0.006441	0.773517	0.053212
396.000000	1	1.414589	0.584244	2.939993	0.304441
396.250000	0	0.089590	0.003374	0.638731	0.048849
396.250000	1	1.419774	0.758179	2.094422	0.238817
396.500000	0	0.091037	0.003215	0.479006	0.040126
396.500000	1	1.413985	0.542051	2.517606	0.318727
396.750000	0	0.089587	0.007374	0.258724	0.033644
396.750000	1	1.412137	0.440030	2.166469	0.261481
397.000000	0	0.089965	0.012504	0.735869	0.043865
397.000000	1	1.466300	0.498488	2.505851	0.287643
397.250000	0	0.089410	0.004505	0.624510	0.042045
397.250000	1	1.423746	0.599848	3.168443	0.307682
397.500000	0	0.090718	0.007672	0.398206	0.037614
397.500000	1	1.466384	0.893694	4.294070	0.359176
397.750000	0	0.090788	0.001848	0.582255	0.045191
397.750000	1	1.442774	0.864954	2.210969	0.240010
398.000000	0	0.091814	0.003604	1.487604	0.065709
398.000000	1	1.426014	0.685985	2.768782	0.290187
398.250000	0	0.089887	0.004140	0.750129	0.042777
398.250000	1	1.445141	0.134537	2.509250	0.324693
398.500000	0	0.091940	0.010793	0.741237	0.046892
398.500000	1	1.446926	0.339698	2.990998	0.314909
398.750000	0	0.088795	0.010855	0.346322	0.035608
398.750000	1	1.431604	0.888678	2.650705	0.251241
399.000000	0	0.091222	0.008969	0.453549	0.039975
399.000000	1	1.403408	0.599533	2.349874	0.274806
399.250000	0	0.094542	0.006915	1.577083	0.081869
399.250000	1	1.440385	0.597276	2.596623	0.288470
399.500000	0	0.095610	0.011653	1.341826	0.069656
399.500000	1	1.432482	0.520695	2.938227	0.290080
399.750000	0	0.093795	0.006313	0.545895	0.046201
399.750000	1	1.442838	0.626930	2.437322	0.314919
400.000000	0	0.093968	0.005955	1.344794	0.066846
400.000000	1	1.465715	0.879032	2.915850	0.298357
400.250000	0	0.090723	0.014260	0.662276	0.046140
400.250000	1	1.437139	0.352707	2.503576	0.283727
400.500000	0	0.093140	0.015359	0.697142	0.047633
400.500000	1	1.411384	0.568462	2.830041	0.312023
400.750000	0	0.092034	0.008003	0.960023	0.050826
400.750000	1	1.465561	0.254131	3.306355	0.393746
401.000000	0	0.091628	0.005183	0.413531	0.041966
401.000000	1	1.414115	0.672257	2.263146	0.244272
401.250000	0	0.091988	0.005994	0.387067	0.039603
401.250000	1	1.478241	0.821581	5.807143	0.526671
401.500000	0	0.091763	0.009986	0.493095	0.040960
401.500000	1	1.439653	0.671057	2.628940	0.285240
401.750000	0	0.092484	0.020309	0.429535	0.041402
401.750000	1	1.408649	0.690123	2.260567	0.239524
402.000000	0	0.091547	0.005905	0.783893	0.049309
402.000000	1	1.474522	0.709660	2.870806	0.301209
402.250000	0	0.092256	0.015383	0.816422	0.050440
402.250000	1	1.385788	0.124264	2.737394	0.302231
402.500000	0	0.093601	0.011961	0.333440	0.040682
402.500000	1	1.479289	0.589964	5.487303	0.507963
402.750000	0	0.093805	0.001513	0.921240	0.055650
402.750000	1	1.414515	0.647404	2.267500	0.250587
403.000000	0	0.092683	0.008707	0.430020	0.044017
403.000000	1	1.484542	0.732746	4.493689	0.393221
403.250000	0	0.092011	0.001804	0.788332	0.050115
403.250000	1	1.416026	0.229125	2.535852	0.277020
403.500000	0	0.094350	0.006600	0.787691	0.052677
403.500000	1	1.433016	0.128861	2.450436	0.325174
403.750000	0	0.091079	0.004720	0.524105	0.044024
403.750000	1	1.425249	0.749284	2.148555	0.232823
404.000000	0	0.089183	0.010201	0.409670	0.035967
404.000000	1	1.481535	0.857111	3.401890	0.351473
404.250000	0	0.091126	0.006979	0.392381	0.039099
404.250000	1	1.443395	0.770595	2.026821	0.233057
404.500000	0	0.089631	0.008210	0.574671	0.037603
404.500000	1	1.388239	0.447409	3.058554	0.312976
404.750000	0	0.091627	0.013491	1.110976	0.052055
404.750000	1	1.486087	0.679999	3.010185	0.313376
405.000000	0	0.092542	0.005955	0.744677	0.049013
405.000000	1	1.409656	0.173249	2.546053	0.284557
405.250000	0	0.090350	0.009148	0.403977	0.037313
405.250000	1	1.441169	0.525731	2.184034	0.279114
405.500000	0	0.091285	0.003227	0.772215	0.043680
405.500000	1	1.450841	0.695288	3.179053	0.338697
405.750000	0	0.092863	0.017968	0.521756	0.044706
405.750000	1	1.407850	0.220547	2.327911	0.306222
406.000000	0	0.092294	0.012337	1.302355	0.059576
406.000000	1	1.446380	0.609859	2.797311	0.298171
406.250000	0	0.094338	0.007252	0.908883	0.055911
406.250000	1	1.422604	0.787419	3.481247	0.299576
406.500000	0	0.091796	0.006442	0.736859	0.050870
406.500000	1	1.413281	0.879254	2.054605	0.230373
406.750000	0	0.093422	0.012189	0.442852	0.041586
406.750000	1	1.475608	0.548972	2.052009	0.244163
407.000000	0	0.088954	0.003407	0.391005	0.036615
407.000000	1	1.432946	0.139988	2.255021	0.269114
407.250000	0	0.091991	0.006040	1.386933	0.066588
407.250000	1	1.461360	0.472360	3.167830	0.308937
407.500000	0	0.091180	0.009725	0.603235	0.042543
407.500000	1	1.402854	0.221398	2.428505	0.289773
407.750000	0	0.091116	0.009687	0.372980	0.037957
407.750000	1	1.468337	0.388685	3.678668	0.383911
408.000000	0	0.091650	0.005740	0.729929	0.048910
408.000000	1	1.408419	0.345981	2.073439	0.245174
408.250000	0	0.096038	0.003829	1.207569	0.069803
408.250000	1	1.431525	0.514028	2.396508	0.304775
408.500000	0	0.091207	0.009916	1.410355	0.061594
408.500000	1	1.443855	0.117579	2.927750	0.326066
408.750000	0	0.087833	0.009987	0.643311	0.040502
408.750000	1	1.399851	0.801252	2.280731	0.235544
409.000000	0	0.091137	0.013830	0.565500	0.039735
409.000000	1	1.452751	0.775666	2.809664	0.276382
409.250000	0	0.093017	0.004883	0.431987	0.041404
409.250000	1	1.465128	0.463201	4.164645	0.412773
409.500000	0	0.092132	0.015711	0.391641	0.037056
409.500000	1	1.476180	0.249536	3.151531	0.360924
409.750000	0	0.091306	0.015972	0.386333	0.037352
409.750000	1	1.382239	0.604273	1.936155	0.220600
410.000000	0	0.092396	0.005935	0.514880	0.046426
410.000000	1	1.403225	0.653298	2.137840	0.262840
410.250000	0	0.091137	0.010394	0.870363	0.049614
410.250000	1	1.421562	0.228232	2.480790	0.281268
410.500000	0	0.092344	0.008039	0.744899	0.050363
410.500000	1	1.464193	0.224911	2.706840	0.305239
410.750000	0	0.093055	0.004217	0.487128	0.043030
410.750000	1	1.475592	0.691580	3.473110	0.352554
411.000000	0	0.093276	0.003647	0.560301	0.043870
411.000000	1	1.470213	0.758904	2.443669	0.291975
411.250000	0	0.093625	0.004629	0.515357	0.045043
411.250000	1	1.434857	0.270360	2.482929	0.306629
411.500000	0	0.091760	0.008240	0.650224	0.049025
411.500000	1	1.441995	0.552112	2.262145	0.290024
411.750000	0	0.091315	0.014555	0.596940	0.041316
411.750000	1	1.407692	0.327979	2.346368	0.240962
412.000000	0	0.091924	0.006844	0.518139	0.041885
412.000000	1	1.406429	0.773957	2.144880	0.235291
412.250000	0	0.093553	0.009744	0.565126	0.044028
412.250000	1	1.473803	0.589441	2.568814	0.299797
412.500000	0	0.092015	0.010650	0.763576	0.054562
412.500000	1	1.432008	0.759202	2.290694	0.241520
412.750000	0	0.091827	0.009355	1.074763	0.051567
412.750000	1	1.469209	0.653966	2.557873	0.301727
413.000000	0	0.090709	0.015981	0.411535	0.036757
413.000000	1	1.400598	0.351067	2.507012	0.315632
413.250000	0	0.091788	0.013275	0.526613	0.042086
413.250000	1	1.403158	0.636183	2.966155	0.301874
413.500000	0	0.097188	0.010782	1.090769	0.069046
413.500000	1	1.472784	0.468261	3.917796	0.422272
413.750000	0	0.091947	0.009937	0.626132	0.050795
413.750000	1	1.446758	0.443288	2.541446	0.290425
414.000000	0	0.090654	0.013993	0.528310	0.044910
414.000000	1	1.445774	0.758143	2.376286	0.247826
414.250000	0	0.091545	0.010678	0.622109	0.044198
414.250000	1	1.380381	0.172341	3.044799	0.340315
414.500000	0	0.091858	0.002319	0.482038	0.043510
414.500000	1	1.449980	0.734743	3.343821	0.367664
414.750000	0	0.094249	0.009142	0.670081	0.056368
414.750000	1	1.426954	0.530401	2.125273	0.263427
415.000000	0	0.089611	0.008425	0.831603	0.045317
415.000000	1	1.428341	0.848497	2.248294	0.204592
415.250000	0	0.092992	0.004082	1.325375	0.062250
415.250000	1	1.399982	0.273099	3.706717	0.354833
415.500000	0	0.094814	0.015213	1.217396	0.067538
415.500000	1	1.457431	0.770726	3.105421	0.329799
415.750000	0	0.091131	0.008399	0.474785	0.041978
415.750000	1	1.497032	0.599112	2.798534	0.270528
416.000000	0	0.088713	0.002863	0.372470	0.034413
416.000000	1	1.438720	0.618739	3.029905	0.316249
416.250000	0	0.091963	0.004468	0.480312	0.041866
416.250000	1	1.407155	0.703173	2.109849	0.264657
416.500000	0	0.091391	0.007144	0.437262	0.044852
416.500000	1	1.424804	0.278148	2.351321	0.309883
416.750000	0	0.094589	0.007496	1.191582	0.064062
416.750000	1	1.448179	0.416463	2.501570	0.283527
417.000000	0	0.094721	0.010910	1.018725	0.056317
417.000000	1	1.385209	0.419132	2.044968	0.275700
417.250000	0	0.094562	0.013503	0.589959	0.051959
417.250000	1	1.421803	0.389337	2.475788	0.343653
417.500000	0	0.096963	0.015724	1.143723	0.066874
417.500000	1	1.402447	0.548548	3.272219	0.397835
417.750000	0	0.095339	0.010679	0.777721	0.054768
417.750000	1	1.424908	0.312906	2.042296	0.269137
418.000000	0	0.096509	0.007490	0.456069	0.049341
418.000000	1	1.428362	0.532518	2.658842	0.347789
418.250000	0	0.104883	0.011966	1.825409	0.117264
418.250000	1	1.493443	0.308218	3.833747	0.473485
418.500000	0	0.092487	0.004962	0.477138	0.045609
418.500000	1	1.453750	0.705278	2.527276	0.296926
418.750000	0	0.094800	0.006675	0.708057	0.052677
418.750000	1	1.461993	0.396890	2.592686	0.311746
419.000000	0	0.099488	0.006940	0.672854	0.062102
419.000000	1	1.422662	0.319958	2.019648	0.243426
419.250000	0	0.090792	0.013695	0.409666	0.039489
419.250000	1	1.438265	0.704128	2.292473	0.266037
419.500000	0	0.097356	0.007551	1.273281	0.063172
419.500000	1	1.409914	0.610871	2.474478	0.280570
419.750000	0	0.097952	0.010927	0.775431	0.061931
419.750000	1	1.427244	0.217316	2.208828	0.324776
420.000000	0	0.098886	0.010519	1.184910	0.075357
420.000000	1	1.514319	0.530051	7.459239	0.765648
420.250000	0	0.099512	0.004929	0.809315	0.068398
420.250000	1	1.418049	0.177634	2.575840	0.363061
420.500000	0	0.097831	0.004343	1.299875	0.068366
420.500000	1	1.436749	0.723961	2.614835	0.296087
420.750000	0	0.096031	0.004874	0.812566	0.052280
420.750000	1	1.481493	0.936571	2.488200	0.299908
421.000000	0	0.090093	0.007285	0.423443	0.041958
421.000000	1	1.400204	0.393128	1.983261	0.251679
421.250000	0	0.093901	0.013543	1.321755	0.062580
421.250000	1	1.412510	0.524294	3.222791	0.321627
421.500000	0	0.093039	0.011259	0.578471	0.048877
421.500000	1	1.418043	0.173168	2.446628	0.326464
421.750000	0	0.093690	0.007177	0.899813	0.054797
421.750000	1	1.485652	0.776050	2.517294	0.298316
422.000000	0	0.094995	0.006218	1.465022	0.080414
422.000000	1	1.425173	0.750711	2.756235	0.263989
422.250000	0	0.093074	0.011535	0.585049	0.047213
422.250000	1	1.417149	0.556666	2.374005	0.264057
422.500000	0	0.094368	0.007972	0.466349	0.044409
422.500000	1	1.395483	0.556736	2.300532	0.254203
422.750000	0	0.097420	0.003048	2.078282	0.094059
422.750000	1	1.443353	0.594136	3.504188	0.386396
423.000000	0	0.092699	0.006758	0.421079	0.040771
423.000000	1	1.478358	0.966394	2.404514	0.270506
423.250000	0	0.088978	0.014293	0.305583	0.035507
423.250000	1	1.447429	0.870294	2.623556	0.253786
423.500000	0	0.094814	0.016429	1.124475	0.062358
423.500000	1	1.423827	0.198444	2.185262	0.275186
423.750000	0	0.094446	0.011688	0.722478	0.052855
423.750000	1	1.465291	0.186644	2.979107	0.373486
424.000000	0	0.091343	0.003800	0.407370	0.040454
424.000000	1	1.423595	1.020370	2.292889	0.211303
424.250000	0	0.090964	0.014116	0.308764	0.034618
424.250000	1	1.429106	0.753810	2.207536	0.244949
424.500000	0	0.091331	0.002347	0.681127	0.046708
424.500000	1	1.478550	0.575791	6.570565	0.647114
424.750000	0	0.094175	0.002435	0.868801	0.054596
424.750000	1	1.434438	0.748899	2.331305	0.260499
425.000000	0	0.093437	0.005221	0.661382	0.048599
425.000000	1	1.425407	0.337640	2.487716	0.282137
425.250000	0	0.091906	0.014400	0.408776	0.044053
425.250000	1	1.412802	0.647338	2.340742	0.268173
425.500000	0	0.093144	0.016960	0.538965	0.046222
425.500000	1	1.599952	0.041979	10.961450	1.253881
425.750000	0	0.091920	0.016265	0.825884	0.049136
425.750000	1	1.413598	0.761130	1.983291	0.223942
426.000000	0	0.093790	0.007784	0.542292	0.047793
426.000000	1	1.457733	0.603068	3.030570	0.307941
426.250000	0	0.090975	0.011082	0.317510	0.036861
426.250000	1	1.452132	0.282671	2.752983	0.321177
426.500000	0	0.093361	0.008557	0.394583	0.040666
426.500000	1	1.404830	0.451692	2.895180	0.352374
426.750000	0	0.096188	0.010613	0.831538	0.057303
426.750000	1	1.526499	0.119149	4.396634	0.500118
427.000000	0	0.090998	0.009819	0.420201	0.036780
427.000000	1	1.404331	0.841782	2.100578	0.218056
427.250000	0	0.094086	0.005918	0.641705	0.053880
427.250000	1	1.494125	0.387550	2.540170	0.300823
427.500000	0	0.091533	0.005593	0.782155	0.050485
427.500000	1	1.490341	0.764371	3.462289	0.388810
427.750000	0	0.093866	0.009881	0.536953	0.049168
427.750000	1	1.413175	0.465380	2.830396	0.332452
428.000000	0	0.091666	0.010519	0.683538	0.045333
428.000000	1	1.411515	0.612543	2.164014	0.261827
428.250000	0	0.094785	0.018610	0.558789	0.045962
428.250000	1	1.437747	0.445566	2.526182	0.295876
428.500000	0	0.092770	0.010381	1.675628	0.071576
428.500000	1	1.455421	0.589741	2.411138	0.311235
428.750000	0	0.094973	0.009577	0.532499	0.046305
428.750000	1	1.503582	0.380036	5.189428	0.525754
429.000000	0	0.093027	0.012377	0.789782	0.058354
429.000000	1	1.455242	0.212440	3.028534	0.340629
429.250000	0	0.092259	0.005977	0.846572	0.055696
429.250000	1	1.422984	0.244254	3.424677	0.358744
429.500000	0	0.094028	0.004683	0.471132	0.047880
429.500000	1	1.395097	0.631314	2.206635	0.271706
429.750000	0	0.096604	0.006307	0.817366	0.064492
429.750000	1	1.447900	0.930651	2.005806	0.209650
430.000000	0	0.092816	0.004689	1.131722	0.055850
430.000000	1	1.436227	0.479034	2.275034	0.259408
430.250000	0	0.091616	0.005554	0.408283	0.039994
430.250000	1	1.446051	0.913399	3.718794	0.347508
430.500000	0	0.093447	0.007257	0.712772	0.053744
430.500000	1	1.422919	0.435384	2.485767	0.296976
430.750000	0	0.096465	0.009941	0.872114	0.060780
430.750000	1	1.409842	0.666631	2.835993	0.291365
431.000000	0	0.091856	0.003966	0.527616	0.048189
431.000000	1	1.442527	0.517634	2.289388	0.294804
431.250000	0	0.094040	0.015044	0.492230	0.044188
431.250000	1	1.406825	0.414537	2.581555	0.277264
431.500000	0	0.094382	0.012214	0.374900	0.042741
431.500000	1	1.436394	0.211569	2.174648	0.273586
431.750000	0	0.094709	0.002495	0.640861	0.051535
431.750000	1	1.439991	0.884882	2.128998	0.216412
432.000000	0	0.091927	0.014514	0.422559	0.042194
432.000000	1	1.400365	0.757819	2.476481	0.267750
432.250000	0	0.095735	0.005374	1.347343	0.068033
432.250000	1	1.453781	0.319795	3.860349	0.397685
432.500000	0	0.093957	0.004116	0.808799	0.060245
432.500000	1	1.443419	0.812978	2.297046	0.252126
432.750000	0	0.093058	0.008855	0.516328	0.044919
432.750000	1	1.420819	0.790159	2.360175	0.264788
433.000000	0	0.092095	0.001746	0.595088	0.046370
433.000000	1	1.454104	0.445679	2.324260	0.309461
433.250000	0	0.095395	0.017872	1.288862	0.066380
433.250000	1	1.402249	0.623264	2.582335	0.261342
433.500000	0	0.093967	0.016250	0.547142	0.050099
433.500000	1	1.440570	0.950481	2.509642	0.267065
433.750000	0	0.089522	0.005920	0.425659	0.038375
433.750000	1	1.470814	0.782264	2.312234	0.274171
434.000000	0	0.094808	0.008805	0.704734	0.052744
434.000000	1	1.455860	0.542252	2.325163	0.268258
434.250000	0	0.090668	0.002023	0.325139	0.035248
434.250000	1	1.417133	0.732285	2.208383	0.262899
434.500000	0	0.088741	0.018652	0.550056	0.038330
434.500000	1	1.408294	0.484650	2.174834	0.250005
434.750000	0	0.092666	0.016507	0.876454	0.052305
434.750000	1	1.405268	0.208917	2.477429	0.303490
435.000000	0	0.091930	0.003697	0.846675	0.049353
435.000000	1	1.423897	0.120068	2.365793	0.302795
435.250000	0	0.092269	0.004986	0.436766	0.044875
435.250000	1	1.389095	0.270492	2.265503	0.287845
435.500000	0	0.092523	0.010607	0.378508	0.041884
435.500000	1	1.413162	0.263607	2.328962	0.301205
435.750000	0	0.088597	0.008641	0.345169	0.035618
435.750000	1	1.375948	0.503898	2.201696	0.251654
436.000000	0	0.093039	0.005882	0.967458	0.057705
436.000000	1	1.410017	0.761019	2.805241	0.283681
436.250000	0	0.096058	0.001725	1.013930	0.061432
436.250000	1	1.422866	0.580908	2.384819	0.315098
436.500000	0	0.093836	0.004488	0.558317	0.049522
436.500000	1	1.492970	0.648352	6.761101	0.664004
436.750000	0	0.096426	0.006898	1.168472	0.069160
436.750000	1	1.535003	0.882237	3.441105	0.373101
437.000000	0	0.091227	0.002933	0.380137	0.040781
437.000000	1	1.394728	0.627571	2.383522	0.232236
437.250000	0	0.093674	0.005138	0.478145	0.044513
437.250000	1	1.457570	0.328002	2.460725	0.291709
437.500000	0	0.091447	0.002442	0.462114	0.043248
437.500000	1	1.460179	0.806359	2.720541	0.319843
437.750000	0	0.090677	0.015038	0.407339	0.038626
437.750000	1	1.479406	0.920330	2.548835	0.263259
438.000000	0	0.092599	0.008149	0.571128	0.042929
438.000000	1	1.563383	0.839227	5.281585	0.531667
438.250000	0	0.091647	0.014238	0.480546	0.041563
438.250000	1	1.416436	0.459694	2.202546	0.215482
438.500000	0	0.094389	0.010705	1.714914	0.082971
438.500000	1	1.421343	0.900625	3.716138	0.303265
438.750000	0	0.092490	0.009597	0.473181	0.044847
438.750000	1	1.412456	0.724906	2.233432	0.270481
439.000000	0	0.093382	0.003948	0.719722	0.049880
439.000000	1	1.463020	0.831205	2.403133	0.234084
439.250000	0	0.093502	0.010663	0.403988	0.042622
439.250000	1	1.366315	0.302373	2.632654	0.281495
439.500000	0	0.097012	0.007136	0.968165	0.063525
439.500000	1	1.448593	0.593480	2.331040	0.262885
439.750000	0	0.095182	0.010155	0.859514	0.057251
439.750000	1	1.427353	0.349313	2.931526	0.331753
440.000000	0	0.092039	0.003030	0.782963	0.050083
440.000000	1	1.422593	0.766782	2.127830	0.260576
440.250000	0	0.091745	0.006409	1.027517	0.062695
440.250000	1	1.427086	0.598149	2.782057	0.296442
440.500000	0	0.092867	0.002233	1.172210	0.054974
440.500000	1	1.426050	0.819760	3.074703	0.287701
440.750000	0	0.091785	0.009120	0.898859	0.050961
440.750000	1	1.428657	0.264397	2.251429	0.311746
441.000000	0	0.090662	0.011250	0.347765	0.036305
441.000000	1	1.425269	0.917499	2.163642	0.214043
441.250000	0	0.091573	0.009033	0.941123	0.050577
441.250000	1	1.462493	0.852459	2.666456	0.318477
441.500000	0	0.094373	0.001425	0.530819	0.054586
441.500000	1	1.441744	0.314216	3.360123	0.300300
441.750000	0	0.091754	0.016324	0.661132	0.045070
441.750000	1	1.441666	0.343122	2.673176	0.321864
442.000000	0	0.092034	0.003027	0.559546	0.046606
442.000000	1	1.454000	0.679364	2.521609	0.308833
442.250000	0	0.094019	0.013514	0.621223	0.047708
442.250000	1	1.407555	0.437418	2.133940	0.231196
442.500000	0	0.090144	0.011901	0.423279	0.035584
442.500000	1	1.419599	0.727286	2.034885	0.222653
442.750000	0	0.092805	0.010925	0.834427	0.055134
442.750000	1	1.423722	0.915153	2.555341	0.233572
443.000000	0	0.093877	0.013968	0.550502	0.047726
443.000000	1	1.405974	0.303022	2.652578	0.284391
443.250000	0	0.092032	0.007251	0.455643	0.042259
443.250000	1	1.418011	0.801737	2.013698	0.241390
443.500000	0	0.093293	0.013131	0.467944	0.042639
443.500000	1	1.468212	0.950657	2.853962	0.292616
443.750000	0	0.093996	0.010238	0.799532	0.048492
443.750000	1	1.465708	0.458861	2.629098	0.281540
444.000000	0	0.091594	0.012497	0.424454	0.042146
444.000000	1	1.442775	0.432003	2.448425	0.313968
444.250000	0	0.090266	0.006563	0.408328	0.037953
444.250000	1	1.423740	0.415332	2.877351	0.290439
444.500000	0	0.091044	0.008464	0.700728	0.041970
444.500000	1	1.424867	0.482650	2.616736	0.277733
444.750000	0	0.090813	0.006948	0.510474	0.041275
444.750000	1	1.445183	0.326283	2.545765	0.290302
445.000000	0	0.091673	0.005106	0.525952	0.037929
445.000000	1	1.448720	0.557377	2.731501	0.315698
445.250000	0	0.092666	0.003407	1.018346	0.056047
445.250000	1	1.386325	0.374402	2.365239	0.299751
445.500000	0	0.093598	0.016747	1.073336	0.056849
445.500000	1	1.491865	0.829735	4.164105	0.424190
445.750000	0	0.090427	0.004850	0.478132	0.041592
445.750000	1	1.429037	0.365039	2.334318	0.295827
446.000000	0	0.090854	0.013044	0.611530	0.045381
446.000000	1	1.479759	0.486636	2.875826	0.358754
446.250000	0	0.090268	0.004708	0.432045	0.037788
446.250000	1	1.441967	0.468429	3.423475	0.358716
446.500000	0	0.094942	0.002823	0.825515	0.058152
446.500000	1	1.418710	0.209322	2.837237	0.324944
446.750000	0	0.091443	0.014004	0.580496	0.042627
446.750000	1	1.379290	0.507328	1.991123	0.224623
447.000000	0	0.090448	0.004594	0.418326	0.040515
447.000000	1	1.418620	0.586991	2.471396	0.269622
447.250000	0	0.092031	0.002434	0.516566	0.048277
447.250000	1	1.477153	0.351686	2.984979	0.326426
447.500000	0	0.089139	0.008569	0.420959	0.035186
447.500000	1	1.410240	0.109489	2.480131	0.268579
447.750000	0	0.094546	0.008253	0.408738	0.045793
447.750000	1	1.422432	0.316339	2.483314	0.306481
448.000000	0	0.091587	0.012350	0.756901	0.047611
448.000000	1	1.434609	0.767543	2.665232	0.309121
448.250000	0	0.089981	0.013462	0.845382	0.049768
448.250000	1	1.450701	0.515415	2.394872	0.288074
448.500000	0	0.091940	0.005145	0.517685	0.044897
448.500000	1	1.457167	0.612775	3.038067	0.340018
448.750000	0	0.091673	0.005764	0.455928	0.039552
448.750000	1	1.641322	0.525921	12.781155	1.340286
449.000000	0	0.094647	0.006362	0.694302	0.050806
449.000000	1	1.413459	0.255646	2.368763	0.309638
449.250000	0	0.097883	0.008808	0.668746	0.051284
449.250000	1	1.407869	0.323399	2.623065	0.326810
449.500000	0	0.094966	0.007805	0.557496	0.053210
449.500000	1	1.474183	0.516221	2.639472	0.337396
449.750000	0	0.091649	0.015170	0.501937	0.041382
449.750000	1	1.481284	0.901655	2.852508	0.284560
450.000000	0	0.093918	0.011200	0.379438	0.046007
450.000000	1	1.441629	0.431923	2.563138	0.320762
450.250000	0	0.092705	0.007886	0.623685	0.047512
450.250000	1	1.427487	0.497681	2.334616	0.275936
450.500000	0	0.093136	0.011631	0.620473	0.044980
450.500000	1	1.401583	0.604124	1.924610	0.228722
450.750000	0	0.091788	0.018261	0.546711	0.041298
450.750000	1	1.428554	0.381882	3.014474	0.316797
451.000000	0	0.094408	0.005532	0.918655	0.052908
451.000000	1	1.417773	0.669237	2.171693	0.256964
451.250000	0	0.093791	0.012987	0.451582	0.044718
451.250000	1	1.429786	0.645330	2.133539	0.229206
451.500000	0	0.095189	0.005717	1.183911	0.063228
451.500000	1	1.471222	0.840177	3.317958	0.332677
451.750000	0	0.094871	0.009144	0.431880	0.047250
451.750000	1	1.415066	0.879641	2.697826	0.255292
452.000000	0	0.093921	0.002636	0.726956	0.049925
452.000000	1	1.385753	0.167565	2.411329	0.329632
452.250000	0	0.090700	0.019348	0.338083	0.037600
452.250000	1	1.457607	0.502146	3.303631	0.364281
452.500000	0	0.089288	0.003696	0.412141	0.037268
452.500000	1	1.439292	0.691138	2.912023	0.287678
452.750000	0	0.094140	0.001892	0.782900	0.052177
452.750000	1	1.433591	0.731956	3.335085	0.350821
453.000000	0	0.091751	0.017319	0.439475	0.041278
453.000000	1	1.451343	0.911232	2.243842	0.266825
453.250000	0	0.093703	0.006080	0.770962	0.054308
453.250000	1	1.384472	0.079980	2.700495	0.347009
453.500000	0	0.092019	0.016721	0.407170	0.040586
453.500000	1	1.414670	0.757024	2.594465	0.279899
453.750000	0	0.098705	0.020487	0.709689	0.060304
453.750000	1	1.416060	0.865962	2.522645	0.261079
454.000000	0	0.097096	0.014404	0.482155	0.049789
454.000000	1	1.437378	0.575000	2.237114	0.251133
454.250000	0	0.092263	0.005515	0.577865	0.044861
454.250000	1	1.429886	0.661532	2.096326	0.234616
454.500000	0	0.092065	0.011610	0.468660	0.041490
454.500000	1	1.443495	0.434596	2.325461	0.314577
454.750000	0	0.092995	0.009302	0.750530	0.050693
454.750000	1	1.455473	0.166313	2.161978	0.297264
455.000000	0	0.093700	0.006673	1.232129	0.062718
455.000000	1	1.377977	0.748476	2.722029	0.296686
455.250000	0	0.094899	0.004540	1.212385	0.064980
455.250000	1	1.431678	0.567811	2.340259	0.298001
455.500000	0	0.091248	0.017235	0.793609	0.044692
455.500000	1	1.417822	0.494610	2.046799	0.241977
455.750000	0	0.093503	0.017047	0.730654	0.054096
455.750000	1	1.418073	0.516427	2.878886	0.316868
456.000000	0	0.093791	0.012461	0.552042	0.047696
456.000000	1	1.444228	0.058333	2.362220	0.270036
456.250000	0	0.092322	0.013750	0.529735	0.047727
456.250000	1	1.424966	0.697991	2.159905	0.240971
456.500000	0	0.095269	0.005007	0.628016	0.049574
456.500000	1	1.425446	0.598872	2.464874	0.270591
456.750000	0	0.091677	0.004516	0.580428	0.052075
456.750000	1	1.431355	0.522660	2.839260	0.336063
457.000000	0	0.092119	0.012650	0.599247	0.048641
457.000000	1	1.443716	0.722020	2.488540	0.251026
457.250000	0	0.093000	0.011965	0.817980	0.053730
457.250000	1	1.455804	0.361549	2.603431	0.345994
457.500000	0	0.090067	0.004290	0.608769	0.040854
457.500000	1	1.457178	0.758582	2.584109	0.262260
457.750000	0	0.091157	0.010190	0.655784	0.042963
457.750000	1	1.453806	0.783192	2.819262	0.301584
458.000000	0	0.093490	0.009728	1.221847	0.075391
458.000000	1	1.489431	0.791564	3.866786	0.333768
458.250000	0	0.091706	0.017929	1.099002	0.056498
458.250000	1	1.410620	0.526534	2.593421	0.306238
458.500000	0	0.091505	0.007933	0.418431	0.041423
458.500000	1	1.479527	0.601436	3.024142	0.297742
458.750000	0	0.093058	0.017206	0.961689	0.050942
458.750000	1	1.424261	0.779090	2.116578	0.214299
459.000000	0	0.092613	0.007003	0.490275	0.040412
459.000000	1	1.414907	0.752706	2.110560	0.220421
459.250000	0	0.093103	0.014013	0.738550	0.047203
459.250000	1	1.415755	0.572257	2.176929	0.244577
459.500000	0	0.093641	0.016790	0.985509	0.057054
459.500000	1	1.406749	0.238313	2.528772	0.319023
459.750000	0	0.095629	0.015126	0.916046	0.058027
459.750000	1	1.450130	0.650749	2.306998	0.318415
460.000000	0	0.090662	0.002531	0.943806	0.053734
460.000000	1	1.429262	0.748473	2.801587	0.278482
460.250000	0	0.093320	0.010163	0.788914	0.048863
460.250000	1	1.427795	0.444974	3.124327	0.351594
460.500000	0	0.093380	0.018222	0.884396	0.052694
460.500000	1	1.433655	0.931119	2.003089	0.206529
460.750000	0	0.089331	0.012401	0.441650	0.042634
460.750000	1	1.424190	0.729393	3.111762	0.272750
461.000000	0	0.092062	0.011617	1.090858	0.054442
461.000000	1	1.428048	0.479685	2.500621	0.271362
461.250000	0	0.093821	0.006913	1.965562	0.083520
461.250000	1	1.575828	0.435911	9.557149	0.948765
461.500000	0	0.092948	0.003771	0.704238	0.049167
461.500000	1	1.429980	0.149782	3.284350	0.363144
461.750000	0	0.092766	0.006671	0.687873	0.046482
461.750000	1	1.424355	0.833945	2.112229	0.261204
462.000000	0	0.096408	0.012763	0.850978	0.063404
462.000000	1	1.423131	0.232942	3.020260	0.349509
462.250000	0	0.092973	0.018676	0.895138	0.054965
462.250000	1	1.430561	0.762026	2.449221	0.269684
462.500000	0	0.092686	0.006014	0.666789	0.054934
462.500000	1	1.503553	0.968394	2.965611	0.279882
462.750000	0	0.092282	0.006888	0.838644	0.055735
462.750000	1	1.413727	0.250725	2.189184	0.293608
463.000000	0	0.094667	0.017587	0.801066	0.048960
463.000000	1	1.475307	0.576584	2.780253	0.354026
463.250000	0	0.094214	0.013125	1.113723	0.058959
463.250000	1	1.437008	0.236944	2.573695	0.310821
463.500000	0	0.093266	0.012962	1.016009	0.052414
463.500000	1	1.422475	0.509799	2.500096	0.289813
463.750000	0	0.089988	0.006391	0.361805	0.038268
463.750000	1	1.415838	0.776172	2.180105	0.243483
464.000000	0	0.091831	0.012420	0.579569	0.043130
464.000000	1	1.398537	0.383299	2.341476	0.255335
464.250000	0	0.092509	0.007485	1.184941	0.068330
464.250000	1	1.450382	0.299853	3.242929	0.338516
464.500000	0	0.089394	0.011632	0.330341	0.035848
464.500000	1	1.387640	0.539145	2.378657	0.309324
464.750000	0	0.095340	0.005228	0.816354	0.054272
464.750000	1	1.416791	0.639522	3.807787	0.395626
465.000000	0	0.097003	0.007158	0.921358	0.063679
465.000000	1	1.428491	0.293590	2.441190	0.286102
465.250000	0	0.092526	0.005209	0.401660	0.040777
465.250000	1	1.382003	0.600489	2.141235	0.271621
465.500000	0	0.095690	0.014789	1.145529	0.064839
465.500000	1	1.481030	0.238604	5.670603	0.528222
465.750000	0	0.094067	0.014929	0.862345	0.053941
465.750000	1	1.410652	0.510397	2.440803	0.298281
466.000000	0	0.091398	0.001979	0.397829	0.041861
466.000000	1	1.486796	0.709868	4.685523	0.411063
466.250000	0	0.090256	0.008606	0.508499	0.039759
466.250000	1	1.431153	0.622015	2.048091	0.274547
466.500000	0	0.090434	0.003011	0.492516	0.040454
466.500000	1	1.422479	0.706546	1.999979	0.211084
466.750000	0	0.091199	0.008517	0.908357	0.049083
466.750000	1	1.435906	0.528949	2.700521	0.310327
467.000000	0	0.092417	0.005582	0.613019	0.047207
467.000000	1	1.450210	0.467291	2.480970	0.284968
467.250000	0	0.091832	0.005485	0.741848	0.051003
467.250000	1	1.434939	0.655277	2.630914	0.260378
467.500000	0	0.093766	0.008589	2.517649	0.101249
467.500000	1	1.444616	0.677474	3.765476	0.322111
467.750000	0	0.091969	0.002973	0.944207	0.051509
467.750000	1	1.496221	0.722144	3.983113	0.422362
468.000000	0	0.091967	0.002756	0.922669	0.052355
468.000000	1	1.414044	0.686747	2.215121	0.219989
468.250000	0	0.091860	0.010999	0.442092	0.038740
468.250000	1	1.397356	0.672558	2.298526	0.242414
468.500000	0	0.092603	0.007381	0.631118	0.044384
468.500000	1	1.438539	0.553551	2.482721	0.286682
468.750000	0	0.093234	0.009812	0.567405	0.047210
468.750000	1	1.417975	0.459421	2.362994	0.310049
469.000000	0	0.090654	0.006825	0.401460	0.039281
469.000000	1	1.399864	0.734283	2.257160	0.234754
469.250000	0	0.099990	0.011321	1.467466	0.089254
469.250000	1	1.429738	0.514524	2.823403	0.324843
469.500000	0	0.096624	0.008973	0.426130	0.048952
469.500000	1	1.473390	0.450759	2.788640	0.307770
469.750000	0	0.094938	0.003909	0.626836	0.053654
469.750000	1	1.459901	0.754904	2.362619	0.297312
470.000000	0	0.093835	0.019689	0.704925	0.048665
470.000000	1	1.458860	0.305421	2.865508	0.290760
470.250000	0	0.091212	0.006491	0.634211	0.048250
470.250000	1	1.441433	0.866147	2.226903	0.248007
470.500000	0	0.090798	0.014877	0.931069	0.046424
470.500000	1	1.487756	0.669144	2.382907	0.291680
470.750000	0	0.091434	0.009319	0.363123	0.035994
470.750000	1	1.410341	0.849016	2.363159	0.250148
471.000000	0	0.091881	0.014483	0.742247	0.043984
471.000000	1	1.450061	0.164415	4.019325	0.417645
471.250000	0	0.094737	0.005007	0.433472	0.043826
471.250000	1	1.407198	0.787759	2.320845	0.245029
471.500000	0	0.093108	0.004173	0.959551	0.059394
471.500000	1	1.424554	0.719193	2.408121	0.231900
471.750000	0	0.092829	0.004899	0.675241	0.048346
471.750000	1	1.444603	0.422923	2.976101	0.337286
472.000000	0	0.092269	0.014831	0.468329	0.043917
472.000000	1	1.496128	0.466346	5.092110	0.511997
472.250000	0	0.095122	0.005912	0.814859	0.053882
472.250000	1	1.421798	0.420439	2.665488	0.298606
472.500000	0	0.094933	0.007907	1.109349	0.057384
472.500000	1	1.395130	0.491566	2.039668	0.232662
472.750000	0	0.098164	0.011476	1.215896	0.072155
472.750000	1	1.460470	0.532279	3.758369	0.452332
473.000000	0	0.095869	0.005629	1.386907	0.068861
473.000000	1	1.447860	0.414152	3.402399	0.358249
473.250000	0	0.093905	0.004899	0.652399	0.049848
473.250000	1	1.421288	0.589688	2.743480	0.293250
473.500000	0	0.091925	0.008483	0.411415	0.037595
473.500000	1	1.440882	0.764789	2.951438	0.311850
473.750000	0	0.090801	0.002972	0.347847	0.040803
473.750000	1	1.433665	0.539050	2.352357	0.264745
474.000000	0	0.091076	0.003786	0.376925	0.039858
474.000000	1	1.428835	0.629870	2.781215	0.274369
474.250000	0	0.091760	0.002849	0.440863	0.042057
474.250000	1	1.448921	0.463511	3.110046	0.331683
474.500000	0	0.089006	0.003825	0.681243	0.042765
474.500000	1	1.439744	0.473631	2.136393	0.256031
474.750000	0	0.088501	0.007615	0.342289	0.034371
474.750000	1	1.462217	0.930313	2.149192	0.230168
475.000000	0	0.089276	0.020157	0.377101	0.037861
475.000000	1	1.416614	0.626818	2.579486	0.237096
475.250000	0	0.092741	0.005353	1.225982	0.066182
475.250000	1	1.495740	0.827613	2.580010	0.294120
475.500000	0	0.089844	0.012464	0.663267	0.040474
475.500000	1	1.415800	0.732544	1.972441	0.198589
475.750000	0	0.090596	0.011482	0.423385	0.036955
475.750000	1	1.437942	0.766350	2.798478	0.266283
476.000000	0	0.091454	0.005569	0.554811	0.043958
476.000000	1	1.381722	0.683622	2.661899	0.259203
476.250000	0	0.096131	0.006020	1.093601	0.071643
476.250000	1	1.450333	0.221817	2.790314	0.335191
476.500000	0	0.094542	0.008317	0.704325	0.051414
476.500000	1	1.413906	0.375840	2.896724	0.301945
476.750000	0	0.092563	0.007716	0.846728	0.050197
476.750000	1	1.414649	0.294719	2.301127	0.281592
477.000000	0	0.095394	0.007961	1.209478	0.064419
477.000000	1	1.466964	0.762674	3.648106	0.388714
477.250000	0	0.094983	0.002164	0.825936	0.058569
477.250000	1	1.426056	0.657270	2.400064	0.274263
477.500000	0	0.090887	0.004184	0.316781	0.035607
477.500000	1	1.513426	0.928840	5.752864	0.554789
477.750000	0	0.094389	0.012935	0.483571	0.044588
477.750000	1	1.413903	0.086702	2.452707	0.270148
478.000000	0	0.092227	0.006880	0.403895	0.041700
478.000000	1	1.470122	0.539445	3.483201	0.455591
478.250000	0	0.091131	0.006209	0.442787	0.041687
478.250000	1	1.416632	0.455933	2.491513	0.282861
478.500000	0	0.092979	0.007383	0.469872	0.044082
478.500000	1	1.380340	0.279857	2.817559	0.338959
478.750000	0	0.091603	0.002869	0.548768	0.043907
478.750000	1	1.400193	0.322681	2.077182	0.271610
479.000000	0	0.096187	0.009072	0.549719	0.050394
479.000000	1	1.460816	0.551459	2.588679	0.320223
479.250000	0	0.093877	0.003420	0.991583	0.057030
479.250000	1	1.421577	0.779815	2.625210	0.308692
479.500000	0	0.095031	0.009599	0.632387	0.053314
479.500000	1	1.443281	0.410283	2.595504	0.296536
479.750000	0	0.093818	0.009720	0.596273	0.048653
479.750000	1	1.405028	0.521361	2.794621	0.286672
480.000000	0	0.092400	0.018741	0.559351	0.039820
480.000000	1	1.420962	0.336990	2.022999	0.240480
480.250000	0	0.089950	0.013784	0.376576	0.039536
480.250000	1	1.429851	0.843588	2.253741	0.252626
480.500000	0	0.090706	0.004635	0.526008	0.044701
480.500000	1	1.407443	0.676111	2.174906	0.255972
480.750000	0	0.095459	0.006262	0.629455	0.055006
480.750000	1	1.493196	0.454424	2.797164	0.365655
481.000000	0	0.091354	0.005012	0.417167	0.042472
481.000000	1	1.439883	0.913669	2.131884	0.234014
481.250000	0	0.093493	0.006649	1.158737	0.056623
481.250000	1	1.487939	0.757491	3.208062	0.325817
481.500000	0	0.091009	0.002969	0.410838	0.038821
481.500000	1	1.406601	0.851949	2.187895	0.237699
481.750000	0	0.093507	0.002072	0.499592	0.043584
481.750000	1	1.454559	0.490191	2.321365	0.256173
482.000000	0	0.091579	0.004968	0.439921	0.039805
482.000000	1	1.432108	0.675189	1.924906	0.220218
482.250000	0	0.095436	0.010775	1.254560	0.071324
482.250000	1	1.468915	0.949654	3.815311	0.350000
482.500000	0	0.091319	0.003925	0.343685	0.033782
482.500000	1	1.437650	0.873649	2.295504	0.240209
482.750000	0	0.092018	0.002254	0.728407	0.044694
482.750000	1	1.506107	0.736087	2.883440	0.324634
483.000000	0	0.091943	0.016063	0.606470	0.043417
483.000000	1	1.449122	0.844521	2.936231	0.305941
483.250000	0	0.089422	0.002173	0.449772	0.039204
483.250000	1	1.395557	0.504912	2.320185	0.270877
483.500000	0	0.090191	0.003476	0.680561	0.042214
483.500000	1	1.394735	0.655456	2.431312	0.288434
483.750000	0	0.094798	0.012711	3.024743	0.116958
483.750000	1	1.430312	0.287314	3.192299	0.365081
484.000000	0	0.092353	0.006613	1.220199	0.056977
484.000000	1	1.403260	0.473948	2.420573	0.310518
484.250000	0	0.090484	0.008354	0.396410	0.037542
484.250000	1	1.487699	0.513913	3.450586	0.397508
484.500000	0	0.088974	0.007016	0.475338	0.038846
484.500000	1	1.465575	0.811073	3.376058	0.282639
484.750000	0	0.089358	0.008950	0.406483	0.036750
484.750000	1	1.442624	0.760097	3.638199	0.295445
485.000000	0	0.092830	0.004119	0.974685	0.050268
485.000000	1	1.407880	0.246072	2.789952	0.308774
485.250000	0	0.091517	0.007483	0.553619	0.043990
485.250000	1	1.472767	0.600881	2.460701	0.281501
485.500000	0	0.091895	0.006693	1.578458	0.067105
485.500000	1	1.447914	0.077636	2.619057	0.285746
485.750000	0	0.089216	0.010739	0.545863	0.038749
485.750000	1	1.434903	0.502804	2.255713	0.247011
486.000000	0	0.090414	0.007838	0.362898	0.038494
486.000000	1	1.372061	0.748448	1.902276	0.240015
486.250000	0	0.089814	0.005721	0.594430	0.039563
486.250000	1	1.476626	0.853274	2.555120	0.258653
486.500000	0	0.090149	0.006354	0.320805	0.037927
486.500000	1	1.446663	0.254076	2.384473	0.281232
486.750000	0	0.090254	0.002048	0.960504	0.057076
486.750000	1	1.406453	0.838872	2.478339	0.247903
487.000000	0	0.091775	0.002609	0.870478	0.047968
487.000000	1	1.412005	0.209273	2.482374	0.285532
487.250000	0	0.092147	0.011293	0.609217	0.043840
487.250000	1	1.461372	0.102008	2.539965	0.294061
487.500000	0	0.092557	0.013471	0.403162	0.039457
487.500000	1	1.402017	0.086490	2.348207	0.281938
487.750000	0	0.092312	0.001672	0.791841	0.053503
487.750000	1	1.491863	0.377048	4.044377	0.478550
488.000000	0	0.091546	0.012220	0.727814	0.046437
488.000000	1	1.431304	0.348381	2.651566	0.284673
488.250000	0	0.090647	0.013992	0.447552	0.038268
488.250000	1	1.432367	0.549556	2.772839	0.260952
488.500000	0	0.090098	0.001731	0.351724	0.041239
488.500000	1	1.399661	0.770291	2.435125	0.240678
488.750000	0	0.092827	0.007058	0.697357	0.051568
488.750000	1	1.412058	0.557523	3.052637	0.313002
489.000000	0	0.093578	0.018246	0.653380	0.052786
489.000000	1	1.447885	0.177323	3.075369	0.326262
489.250000	0	0.094912	0.005360	0.542085	0.049637
489.250000	1	1.395176	0.602924	1.965905	0.236600
489.500000	0	0.094449	0.002251	0.694073	0.050822
489.500000	1	1.433597	0.683235	2.364662	0.275815
489.750000	0	0.091741	0.012476	0.647818	0.044095
489.750000	1	1.442262	0.894792	2.616924	0.294671
490.000000	0	0.089457	0.007089	0.399646	0.038395
490.000000	1	1.431240	0.730566	2.710204	0.308012
490.250000	0	0.094270	0.006864	0.642353	0.052213
490.250000	1	1.413366	0.281430	2.354705	0.319796
490.500000	0	0.092358	0.004261	0.714252	0.047000
490.500000	1	1.395236	0.580107	2.500437	0.285150
490.750000	0	0.094169	0.005417	1.692863	0.071986
490.750000	1	1.441641	0.674249	2.280691	0.253253
491.000000	0	0.090309	0.008083	0.317901	0.037457
491.000000	1	1.456406	0.872954	2.380188	0.233483
491.250000	0	0.091243	0.006268	1.198872	0.054209
491.250000	1	1.418406	0.611188	2.323967	0.293702
491.500000	0	0.094294	0.009927	0.862453	0.057931
491.500000	1	1.481429	0.946604	2.599706	0.278262
491.750000	0	0.090183	0.002970	0.421646	0.036659
491.750000	1	1.428918	0.786622	2.476232	0.217368
492.000000	0	0.090888	0.005646	0.545620	0.042680
492.000000	1	1.423493	0.840563	2.254169	0.216823
492.250000	0	0.094374	0.003742	0.773001	0.058418
492.250000	1	1.415891	0.664963	2.473736	0.289295
492.500000	0	0.094484	0.014844	0.908963	0.057401
492.500000	1	1.465202	0.840461	2.271260	0.274827
492.750000	0	0.096038	0.007420	0.645358	0.051567
492.750000	1	1.416147	0.543426	2.431246	0.265987
493.000000	0	0.092738	0.017393	0.864452	0.052720
493.000000	1	1.444929	0.381460	3.619354	0.382818
493.250000	0	0.090559	0.013564	0.491012	0.043066
493.250000	1	1.438603	0.749023	1.991593	0.226188
493.500000	0	0.091708	0.003509	0.503913	0.040501
493.500000	1	1.464477	0.817887	2.189012	0.222762
493.750000	0	0.092003	0.009997	1.161390	0.057026
493.750000	1	1.399472	0.815619	2.399478	0.257084
494.000000	0	0.094841	0.003481	1.136336	0.059552
494.000000	1	1.500495	0.780646	2.199151	0.239321
494.250000	0	0.088846	0.009791	0.456477	0.040777
494.250000	1	1.410775	0.546291	2.403191	0.279384
494.500000	0	0.090464	0.012466	0.409240	0.038537
494.500000	1	1.390637	0.563643	2.927053	0.290221
494.750000	0	0.093499	0.013681	0.517639	0.047323
494.750000	1	1.438660	0.599693	2.671395	0.293238
495.000000	0	0.092963	0.001961	0.982867	0.054457
495.000000	1	1.445104	0.616887	1.963680	0.209060
495.250000	0	0.090191	0.010506	0.599788	0.041555
495.250000	1	1.380921	0.790215	2.353127	0.218524
495.500000	0	0.089938	0.009799	0.385997	0.036924
495.500000	1	1.403627	0.479549	2.239514	0.308327
495.750000	0	0.094486	0.003426	0.884735	0.056241
495.750000	1	1.431382	0.299607	2.850138	0.315540
496.000000	0	0.094369	0.005395	1.175020	0.066772
496.000000	1	1.458101	0.625618	3.295176	0.310110
496.250000	0	0.092835	0.011929	0.485236	0.043427
496.250000	1	1.421840	0.099446	2.573049	0.346578
496.500000	0	0.093555	0.007856	0.688905	0.047306
496.500000	1	1.407564	0.363575	2.119471	0.304362
496.750000	0	0.093317	0.009027	0.849760	0.050843
496.750000	1	1.437877	0.357314	2.232084	0.289127
497.000000	0	0.091881	0.008220	0.736107	0.049558
497.000000	1	1.456206	0.854723	2.532311	0.268629
497.250000	0	0.091121	0.007821	0.581885	0.045496
497.250000	1	1.379748	0.552348	2.036107	0.223928
497.500000	0	0.094336	0.015694	0.334178	0.041232
497.500000	1	1.404405	0.367259	2.015956	0.281882
497.750000	0	0.093011	0.001740	0.401116	0.045051
497.750000	1	1.401023	0.475742	2.087975	0.305317
498.000000	0	0.091826	0.009588	0.667156	0.051086
498.000000	1	1.401243	0.287890	2.547751	0.302867
498.250000	0	0.095053	0.014227	0.637213	0.053242
498.250000	1	1.535929	0.710637	6.393181	0.621745
498.500000	0	0.094223	0.015565	0.901524	0.057396
498.500000	1	1.418387	0.114233	2.844745	0.365283
498.750000	0	0.094551	0.005380	0.543583	0.049578
498.750000	1	1.403024	0.617737	2.522655	0.276353
499.000000	0	0.091785	0.013304	0.576107	0.044097
499.000000	1	1.444292	0.212146	2.745157	0.384826
499.250000	0	0.094002	0.005117	0.496123	0.046719
499.250000	1	1.517012	0.712896	4.501726	0.445785
499.500000	0	0.089647	0.002451	0.537564	0.039551
499.500000	1	1.424203	0.500189	2.536923	0.285363
499.750000	0	0.090696	0.016018	0.365641	0.038845
499.750000	1	1.418581	0.440760	2.625344	0.308256
500.000000	0	0.090781	0.008795	0.453043	0.038855
500.000000	1	1.423512	0.607204	1.990641	0.233532
500.250000	0	0.092850	0.012538	0.611511	0.047104
500.250000	1	1.417330	0.341438	2.311651	0.278078
500.500000	0	0.091189	0.009822	0.742854	0.043768
500.500000	1	1.377429	0.537266	2.208731	0.255250
500.750000	0	0.092166	0.006573	0.763090	0.049793
500.750000	1	1.417281	0.618934	2.209032	0.271824
