Time	Cell_type	Mean	Min	Max	Std
0.250000	0	0.080964	0.007613	0.527496	0.068220
0.250000	1	1.206462	0.718229	1.619531	0.179122
0.500000	0	0.078977	0.004687	0.574238	0.065566
0.500000	1	1.214414	0.262821	2.016798	0.250796
0.750000	0	0.081043	0.006650	0.712127	0.072323
0.750000	1	1.271427	0.643822	2.110241	0.239319
1.000000	0	0.079296	0.006382	0.786298	0.069662
1.000000	1	1.233529	0.281833	2.013941	0.259940
1.250000	0	0.083231	0.003919	0.682830	0.076533
1.250000	1	1.230532	0.454030	2.094338	0.283705
1.500000	0	0.079731	0.010394	0.951628	0.070140
1.500000	1	1.216316	0.060813	2.105470	0.271696
1.750000	0	0.081216	0.006499	0.798975	0.066384
1.750000	1	1.282415	0.750022	2.295689	0.247449
2.000000	0	0.075541	0.004774	0.620140	0.060576
2.000000	1	1.198487	0.356736	1.779686	0.206350
2.250000	0	0.074948	0.004425	0.878491	0.063106
2.250000	1	1.230605	0.347128	1.882354	0.243354
2.500000	0	0.076810	0.001827	0.746112	0.065659
2.500000	1	1.217537	0.340292	2.152957	0.279204
2.750000	0	0.080199	0.003923	0.579991	0.063833
2.750000	1	1.248540	0.551707	2.130705	0.274282
3.000000	0	0.076553	0.004386	0.638476	0.062722
3.000000	1	1.244920	0.410115	1.979162	0.272780
3.250000	0	0.077356	0.002430	0.973017	0.067940
3.250000	1	1.226294	0.561910	1.975304	0.242929
3.500000	0	0.078019	0.006647	1.634541	0.087036
3.500000	1	1.271677	0.494571	2.452656	0.303120
3.750000	0	0.078544	0.004995	1.210012	0.085979
3.750000	1	1.247235	0.522885	2.494903	0.321986
4.000000	0	0.082631	0.000445	1.044746	0.083254
4.000000	1	1.216852	0.349773	2.162275	0.274625
4.250000	0	0.077136	0.005794	0.522585	0.062474
4.250000	1	1.224667	0.522115	1.925003	0.262921
4.500000	0	0.074402	0.010505	0.486821	0.054589
4.500000	1	1.225418	0.558382	2.129399	0.254529
4.750000	0	0.076021	0.006020	0.538098	0.058847
4.750000	1	1.196656	0.495131	2.159851	0.233756
5.000000	0	0.075657	0.002163	0.576846	0.058051
5.000000	1	1.236538	0.090483	3.281240	0.384491
5.250000	0	0.076941	0.003193	0.554814	0.063843
5.250000	1	1.262941	0.560060	2.090395	0.267442
5.500000	0	0.075803	0.002346	0.554564	0.057983
5.500000	1	1.265042	0.103157	2.664739	0.320155
5.750000	0	0.077455	0.000614	0.503871	0.058041
5.750000	1	1.220378	0.544305	1.875264	0.255688
6.000000	0	0.075016	0.003767	0.647694	0.064891
6.000000	1	1.245854	0.265855	2.263161	0.300253
6.250000	0	0.076301	0.004810	1.225005	0.075451
6.250000	1	1.227040	0.525328	2.228458	0.262664
6.500000	0	0.075498	0.001717	0.640097	0.068037
6.500000	1	1.221108	0.657225	1.882014	0.215380
6.750000	0	0.075905	0.005052	0.496773	0.058198
6.750000	1	1.188322	0.351529	2.313342	0.278636
7.000000	0	0.075963	0.007762	0.548186	0.057650
7.000000	1	1.237826	0.102090	2.640349	0.362010
7.250000	0	0.073020	0.005808	0.666865	0.055869
7.250000	1	1.224990	0.111565	2.292327	0.301229
7.500000	0	0.070958	0.002776	0.511445	0.050308
7.500000	1	1.219122	0.451927	2.427652	0.318284
7.750000	0	0.070059	0.003254	0.482206	0.050988
7.750000	1	1.219117	0.374151	1.958177	0.276306
8.000000	0	0.075267	0.009634	0.626358	0.061438
8.000000	1	1.225021	0.231951	1.982178	0.291433
8.250000	0	0.075718	0.007308	0.806198	0.064132
8.250000	1	1.212571	0.364737	2.064223	0.259946
8.500000	0	0.075293	0.004719	0.785135	0.059516
8.500000	1	1.217392	0.466291	2.032193	0.259549
8.750000	0	0.073718	0.007697	0.937254	0.064138
8.750000	1	1.227009	0.307457	2.661932	0.287357
9.000000	0	0.073223	0.002182	0.706753	0.059863
9.000000	1	1.249308	0.421589	2.490285	0.275776
9.250000	0	0.073271	0.002771	0.614605	0.061645
9.250000	1	1.248558	0.271308	2.328385	0.265023
9.500000	0	0.072742	0.007079	0.673694	0.064530
9.500000	1	1.196169	0.230208	2.295159	0.242608
9.750000	0	0.074103	0.004349	0.740902	0.066035
9.750000	1	1.229788	0.164820	1.940654	0.250510
10.000000	0	0.071840	0.002892	0.837435	0.059853
10.000000	1	1.235598	0.490553	2.117033	0.253074
10.250000	0	0.070127	0.004963	0.511620	0.053721
10.250000	1	1.236315	0.617185	2.206457	0.307744
10.500000	0	0.074154	0.007710	0.909205	0.061892
10.500000	1	1.228668	0.408175	1.975793	0.246408
10.750000	0	0.072929	0.002969	0.664706	0.060683
10.750000	1	1.214185	0.175221	2.152773	0.285196
11.000000	0	0.075958	0.003324	1.431577	0.077726
11.000000	1	1.270193	0.399379	2.643886	0.360195
11.250000	0	0.074953	0.001683	0.689334	0.064488
11.250000	1	1.243835	0.512933	1.970727	0.253375
11.500000	0	0.070074	0.004044	0.832456	0.054878
11.500000	1	1.269636	0.483506	2.095790	0.269090
11.750000	0	0.070692	0.005562	0.533421	0.050176
11.750000	1	1.189596	0.657793	2.797036	0.255549
12.000000	0	0.074252	0.004707	0.567861	0.055450
12.000000	1	1.244717	0.681788	3.200259	0.322779
12.250000	0	0.078816	0.008762	0.925500	0.073693
12.250000	1	1.243809	0.528363	2.393465	0.310902
12.500000	0	0.076070	0.006649	0.867056	0.068637
12.500000	1	1.257926	0.566588	3.102590	0.331488
12.750000	0	0.074450	0.007658	0.783869	0.060689
12.750000	1	1.229224	0.637743	2.207805	0.250360
13.000000	0	0.073122	0.003867	0.805861	0.069984
13.000000	1	1.205212	0.249241	2.214381	0.241311
13.250000	0	0.070713	0.005206	0.516041	0.048530
13.250000	1	1.260500	0.584928	2.117174	0.260858
13.500000	0	0.070485	0.004710	0.440969	0.044882
13.500000	1	1.196269	0.480533	1.804588	0.210189
13.750000	0	0.071855	0.008631	0.375413	0.049688
13.750000	1	1.233498	0.469429	2.411963	0.298295
14.000000	0	0.073067	0.004187	0.906547	0.063404
14.000000	1	1.241535	0.274284	1.829937	0.225915
14.250000	0	0.070636	0.002168	0.805134	0.055054
14.250000	1	1.231581	0.373974	3.016440	0.291822
14.500000	0	0.070334	0.003617	0.573717	0.049283
14.500000	1	1.237202	0.614535	3.159450	0.311388
14.750000	0	0.067809	0.006286	0.406636	0.044262
14.750000	1	1.207522	0.205667	2.298018	0.268376
15.000000	0	0.073436	0.008825	0.654417	0.055945
15.000000	1	1.218044	0.323922	2.007226	0.248748
15.250000	0	0.071692	0.007846	0.667457	0.056028
15.250000	1	1.217258	0.108300	1.919085	0.231169
15.500000	0	0.071109	0.006552	0.711842	0.058731
15.500000	1	1.264200	0.482787	2.789383	0.320002
15.750000	0	0.073898	0.011146	0.775205	0.064825
15.750000	1	1.293043	0.338438	2.944602	0.358108
16.000000	0	0.071443	0.003206	0.600373	0.056687
16.000000	1	1.220882	0.090988	1.800606	0.227720
16.250000	0	0.070541	0.009762	0.534087	0.052800
16.250000	1	1.260012	0.510661	3.296739	0.324918
16.500000	0	0.069758	0.005446	0.707519	0.050435
16.500000	1	1.211581	0.104181	1.929203	0.241489
16.750000	0	0.070011	0.008761	0.559068	0.054268
16.750000	1	1.249296	0.681247	1.971026	0.258916
17.000000	0	0.067929	0.002221	0.353039	0.040872
17.000000	1	1.205431	0.588413	2.395335	0.231765
17.250000	0	0.071100	0.002422	0.498361	0.055817
17.250000	1	1.229024	0.232659	2.242519	0.290264
17.500000	0	0.073343	0.009669	0.793359	0.058419
17.500000	1	1.229899	0.480110	2.730157	0.302593
17.750000	0	0.071801	0.001717	0.692255	0.058340
17.750000	1	1.216959	0.650290	1.846368	0.230846
18.000000	0	0.068097	0.006108	0.616491	0.051921
18.000000	1	1.248804	0.542595	2.417144	0.272305
18.250000	0	0.067555	0.004928	0.336163	0.043029
18.250000	1	1.201914	0.398198	3.837235	0.346404
18.500000	0	0.069477	0.007407	0.674755	0.054320
18.500000	1	1.259696	0.533727	2.322876	0.275690
18.750000	0	0.070177	0.001675	0.473897	0.048575
18.750000	1	1.253474	0.298810	2.124048	0.280145
19.000000	0	0.070492	0.012566	0.551492	0.049537
19.000000	1	1.261144	0.454603	2.102599	0.276470
19.250000	0	0.066766	0.000789	0.496254	0.041661
19.250000	1	1.193612	0.303413	1.863032	0.250988
19.500000	0	0.069761	0.004845	0.435831	0.047375
19.500000	1	1.253845	0.277771	2.359683	0.290989
19.750000	0	0.066732	0.003394	0.355118	0.040513
19.750000	1	1.255077	0.687681	3.015160	0.287408
20.000000	0	0.069536	0.003538	0.536083	0.049487
20.000000	1	1.217186	0.526823	2.147839	0.252865
20.250000	0	0.067939	0.007569	0.695206	0.053035
20.250000	1	1.166966	0.369068	2.416207	0.258744
20.500000	0	0.067535	0.005003	0.571900	0.050994
20.500000	1	1.220704	0.099596	2.080170	0.258351
20.750000	0	0.071843	0.003188	0.726695	0.059885
20.750000	1	1.238775	0.453807	2.693600	0.299787
21.000000	0	0.064717	0.006810	0.371158	0.039452
21.000000	1	1.194266	0.424795	2.272673	0.260420
21.250000	0	0.068109	0.004242	0.693746	0.049200
21.250000	1	1.280118	0.551348	4.048060	0.387800
21.500000	0	0.068421	0.002284	0.481141	0.044906
21.500000	1	1.256751	0.582177	2.750846	0.302764
21.750000	0	0.068185	0.002426	0.337670	0.041317
21.750000	1	1.298841	0.314845	2.409539	0.317210
22.000000	0	0.068899	0.007792	0.363524	0.044214
22.000000	1	1.270001	0.243303	2.017903	0.272295
22.250000	0	0.069414	0.003218	0.454780	0.047708
22.250000	1	1.201105	0.688590	1.880375	0.215843
22.500000	0	0.070234	0.003934	0.630163	0.053383
22.500000	1	1.254157	0.509218	2.545197	0.297010
22.750000	0	0.069176	0.005365	0.499257	0.050579
22.750000	1	1.246743	0.671649	2.703023	0.299549
23.000000	0	0.071244	0.002969	0.584325	0.057217
23.000000	1	1.177450	0.281419	2.285546	0.287902
23.250000	0	0.068177	0.004177	0.657587	0.048636
23.250000	1	1.283181	0.263026	3.148173	0.353176
23.500000	0	0.068468	0.008730	0.495380	0.044939
23.500000	1	1.195215	0.587946	2.255960	0.223237
23.750000	0	0.068814	0.005120	0.386398	0.047571
23.750000	1	1.212308	0.090457	1.793862	0.230766
24.000000	0	0.073496	0.006748	1.331406	0.073240
24.000000	1	1.251609	0.399882	2.772775	0.328245
24.250000	0	0.068404	0.003621	0.536208	0.051602
24.250000	1	1.227865	0.313217	2.319882	0.322847
24.500000	0	0.070332	0.003244	0.829626	0.058824
24.500000	1	1.272306	0.500701	2.418799	0.337023
24.750000	0	0.067720	0.010817	0.584060	0.045465
24.750000	1	1.218024	0.596658	1.934036	0.242540
25.000000	0	0.069842	0.012328	0.580420	0.049788
25.000000	1	1.271900	0.624870	2.208609	0.279781
25.250000	0	0.069702	0.004057	0.556729	0.049782
25.250000	1	1.221515	0.527353	2.200882	0.236809
25.500000	0	0.068344	0.010803	0.440546	0.044276
25.500000	1	1.224921	0.041246	2.407805	0.282914
25.750000	0	0.067554	0.010764	0.841051	0.051305
25.750000	1	1.212323	0.309090	2.116422	0.265988
26.000000	0	0.067558	0.003449	0.411430	0.045058
26.000000	1	1.249027	0.491187	3.058648	0.288570
26.250000	0	0.065934	0.002594	0.411289	0.045421
26.250000	1	1.222006	0.522321	2.021631	0.248277
26.500000	0	0.068786	0.008023	0.830338	0.054430
26.500000	1	1.225390	0.195371	2.550839	0.308241
26.750000	0	0.066256	0.010311	0.411178	0.040491
26.750000	1	1.216327	0.671051	2.217148	0.225369
27.000000	0	0.066040	0.006920	0.608569	0.045366
27.000000	1	1.303534	0.734240	2.402751	0.281493
27.250000	0	0.068205	0.007477	1.304449	0.061877
27.250000	1	1.238239	0.439135	2.185782	0.253059
27.500000	0	0.069567	0.008390	0.618619	0.048812
27.500000	1	1.291164	0.107208	2.608305	0.319531
27.750000	0	0.068022	0.003009	0.772238	0.051276
27.750000	1	1.195202	0.482770	2.044902	0.253513
28.000000	0	0.066918	0.003238	0.454264	0.044459
28.000000	1	1.236705	0.316249	2.104902	0.280163
28.250000	0	0.069074	0.004596	0.979907	0.059614
28.250000	1	1.234275	0.346595	1.833531	0.194960
28.500000	0	0.068409	0.001301	0.957097	0.054626
28.500000	1	1.215061	0.639903	2.132498	0.247793
28.750000	0	0.067992	0.004822	0.395472	0.046106
28.750000	1	1.248283	0.163483	4.421486	0.427188
29.000000	0	0.068509	0.008856	0.523401	0.044024
29.000000	1	1.249954	0.153306	2.193735	0.282458
29.250000	0	0.069057	0.004196	0.397140	0.046214
29.250000	1	1.221130	0.483695	2.070855	0.298729
29.500000	0	0.067804	0.010679	0.541934	0.048909
29.500000	1	1.219648	0.311757	1.719878	0.241269
29.750000	0	0.072555	0.004613	0.587757	0.054211
29.750000	1	1.264842	0.573373	1.955109	0.237691
30.000000	0	0.070177	0.005025	0.723617	0.056472
30.000000	1	1.235220	0.420207	2.257496	0.275408
30.250000	0	0.069052	0.003761	0.556899	0.053006
30.250000	1	1.219765	0.201160	2.251627	0.268924
30.500000	0	0.068929	0.003028	0.684611	0.055374
30.500000	1	1.219127	0.442920	2.126069	0.256681
30.750000	0	0.069843	0.005573	0.508088	0.051245
30.750000	1	1.237839	0.193892	2.905763	0.328257
31.000000	0	0.065504	0.003341	0.444062	0.040772
31.000000	1	1.248447	0.554238	2.058890	0.274554
31.250000	0	0.065361	0.007322	0.567380	0.046149
31.250000	1	1.221383	0.531954	2.245797	0.243656
31.500000	0	0.065979	0.003962	0.443656	0.041044
31.500000	1	1.236487	0.434934	2.058158	0.255768
31.750000	0	0.069466	0.011721	0.434605	0.047682
31.750000	1	1.263159	0.251169	2.622431	0.291199
32.000000	0	0.067218	0.007766	0.286461	0.038234
32.000000	1	1.228977	0.448999	2.118538	0.235354
32.250000	0	0.066667	0.006690	0.563284	0.043152
32.250000	1	1.240854	0.336385	2.021800	0.249942
32.500000	0	0.070169	0.000946	0.707067	0.058110
32.500000	1	1.235085	0.355536	2.145666	0.257980
32.750000	0	0.067049	0.002399	0.765417	0.053159
32.750000	1	1.242486	0.406285	2.682589	0.267989
33.000000	0	0.066242	0.004218	0.421174	0.042664
33.000000	1	1.216835	0.567893	2.231368	0.253985
33.250000	0	0.069044	0.005622	1.096613	0.057878
33.250000	1	1.212628	0.616232	2.033882	0.257115
33.500000	0	0.064595	0.003067	0.562596	0.043670
33.500000	1	1.213474	0.352350	2.277595	0.248923
33.750000	0	0.066937	0.004883	0.448498	0.043164
33.750000	1	1.226942	0.568565	2.254629	0.268807
34.000000	0	0.067024	0.005880	0.570206	0.050750
34.000000	1	1.227535	0.419692	2.291637	0.280605
34.250000	0	0.067651	0.006184	0.509268	0.045117
34.250000	1	1.218544	0.399672	1.898867	0.218640
34.500000	0	0.066034	0.001307	0.921945	0.053072
34.500000	1	1.273455	0.332463	2.933517	0.350974
34.750000	0	0.066009	0.001831	0.427014	0.041525
34.750000	1	1.240642	0.848848	2.506805	0.276223
35.000000	0	0.067665	0.006503	0.684914	0.053838
35.000000	1	1.241830	0.524152	2.457663	0.253468
35.250000	0	0.068023	0.003787	0.588274	0.048622
35.250000	1	1.222229	0.207231	1.997109	0.273784
35.500000	0	0.067207	0.002613	0.615684	0.046967
35.500000	1	1.223014	0.251228	3.252247	0.374002
35.750000	0	0.067155	0.003335	0.429478	0.042405
35.750000	1	1.234598	0.543457	2.470875	0.286843
36.000000	0	0.066518	0.006094	0.423238	0.043089
36.000000	1	1.181860	0.339346	1.801167	0.201940
36.250000	0	0.070805	0.002721	0.636228	0.056101
36.250000	1	1.215421	0.542790	2.674367	0.281293
36.500000	0	0.068362	0.008911	0.623932	0.049737
36.500000	1	1.265619	0.704021	2.375680	0.271920
36.750000	0	0.067739	0.008312	0.548796	0.049424
36.750000	1	1.245593	0.458679	2.225931	0.302819
37.000000	0	0.067796	0.006236	0.807233	0.049314
37.000000	1	1.264589	0.263003	3.262278	0.324254
37.250000	0	0.064686	0.007571	0.725251	0.044359
37.250000	1	1.224426	0.535792	2.202110	0.227026
37.500000	0	0.066097	0.005208	0.761566	0.047806
37.500000	1	1.260001	0.796742	2.103209	0.258427
37.750000	0	0.066214	0.004687	0.834021	0.050973
37.750000	1	1.216878	0.511622	2.351648	0.241070
38.000000	0	0.067804	0.005011	0.508040	0.046560
38.000000	1	1.227590	0.415136	2.030855	0.229295
38.250000	0	0.065975	0.005384	0.452953	0.040232
38.250000	1	1.243254	0.440079	2.850448	0.284125
38.500000	0	0.067599	0.004064	0.783650	0.051055
38.500000	1	1.241903	0.638917	2.486266	0.287182
38.750000	0	0.068120	0.004204	0.597934	0.046111
38.750000	1	1.192974	0.341420	2.140563	0.262433
39.000000	0	0.067080	0.007875	0.383545	0.041269
39.000000	1	1.248736	0.649226	2.738688	0.321904
39.250000	0	0.066492	0.007223	0.589182	0.045423
39.250000	1	1.263099	0.393600	2.511572	0.299528
39.500000	0	0.067417	0.003341	0.472969	0.046600
39.500000	1	1.238622	0.135828	2.004193	0.307075
39.750000	0	0.066716	0.005040	0.573211	0.044491
39.750000	1	1.218419	0.468774	2.284473	0.282536
40.000000	0	0.066105	0.002087	0.632708	0.045693
40.000000	1	1.227755	0.203767	3.007552	0.341936
40.250000	0	0.068422	0.003406	0.616529	0.049150
40.250000	1	1.281656	0.443960	2.014268	0.257561
40.500000	0	0.066263	0.005307	0.354006	0.039425
40.500000	1	1.240007	0.515878	2.129759	0.251438
40.750000	0	0.065441	0.005292	0.659587	0.044554
40.750000	1	1.212841	0.309645	1.946974	0.237701
41.000000	0	0.065499	0.006043	0.409278	0.041497
41.000000	1	1.276072	0.253604	2.419782	0.274944
41.250000	0	0.065598	0.007621	0.607033	0.043648
41.250000	1	1.256161	0.146597	2.349461	0.273527
41.500000	0	0.064481	0.005214	0.500055	0.040223
41.500000	1	1.212956	0.727571	1.763231	0.211171
41.750000	0	0.065702	0.004167	0.391913	0.040180
41.750000	1	1.273790	0.246691	3.023098	0.354025
42.000000	0	0.065372	0.003973	0.385013	0.041549
42.000000	1	1.238081	0.435887	2.466074	0.290354
42.250000	0	0.064591	0.007471	0.418908	0.043258
42.250000	1	1.247633	0.456689	2.052167	0.275453
42.500000	0	0.068320	0.000867	0.438943	0.046392
42.500000	1	1.201143	0.361227	1.899808	0.246729
42.750000	0	0.066029	0.002674	0.425090	0.044595
42.750000	1	1.257002	0.319066	2.746638	0.311046
43.000000	0	0.066370	0.005831	0.452180	0.043775
43.000000	1	1.239408	0.754011	2.961651	0.281083
43.250000	0	0.067727	0.007668	0.535469	0.046265
43.250000	1	1.255746	0.267406	2.250889	0.284174
43.500000	0	0.065961	0.008398	0.346402	0.039449
43.500000	1	1.186292	0.691336	1.903569	0.199176
43.750000	0	0.068989	0.001612	0.533760	0.049470
43.750000	1	1.259065	0.452893	2.690947	0.309922
44.000000	0	0.065926	0.003073	0.378141	0.041327
44.000000	1	1.268816	0.469679	3.842929	0.362345
44.250000	0	0.067758	0.007049	0.797956	0.049920
44.250000	1	1.274591	0.459865	4.169339	0.407022
44.500000	0	0.066263	0.001017	0.454919	0.042539
44.500000	1	1.232202	0.398214	2.117070	0.246220
44.750000	0	0.067126	0.005478	0.782534	0.052845
44.750000	1	1.237937	0.613891	2.153431	0.240110
45.000000	0	0.066636	0.000937	0.528968	0.042545
45.000000	1	1.197242	0.592986	1.878721	0.241528
45.250000	0	0.070522	0.001614	1.007852	0.061450
45.250000	1	1.245979	0.265817	2.078531	0.287620
45.500000	0	0.067766	0.006638	0.378851	0.044003
45.500000	1	1.256053	0.490330	2.132432	0.262431
45.750000	0	0.067906	0.010016	0.713639	0.049147
45.750000	1	1.234396	0.497684	2.389614	0.269288
46.000000	0	0.067333	0.007192	1.062117	0.058629
46.000000	1	1.238904	0.055564	2.222104	0.278514
46.250000	0	0.063382	0.008118	0.370809	0.036314
46.250000	1	1.238209	0.536358	1.894133	0.230094
46.500000	0	0.065770	0.001366	0.384466	0.041900
46.500000	1	1.212039	0.056208	1.915997	0.270323
46.750000	0	0.065822	0.003148	0.719433	0.046871
46.750000	1	1.231214	0.528193	3.077063	0.303593
47.000000	0	0.063561	0.007151	0.384703	0.037960
47.000000	1	1.311971	0.496631	4.343343	0.459800
47.250000	0	0.064990	0.001886	0.506655	0.043995
47.250000	1	1.235432	0.724745	1.864466	0.193369
47.500000	0	0.064528	0.004278	0.607221	0.042291
47.500000	1	1.228640	0.209419	2.516381	0.316050
47.750000	0	0.064117	0.002046	0.307179	0.037713
47.750000	1	1.256505	0.328319	2.025357	0.264481
48.000000	0	0.063422	0.005865	0.441137	0.041277
48.000000	1	1.236965	0.207622	2.496127	0.309667
48.250000	0	0.064780	0.000943	0.499114	0.044589
48.250000	1	1.264211	0.601794	2.565982	0.293588
48.500000	0	0.065201	0.005247	0.539845	0.044781
48.500000	1	1.238752	0.507986	2.255146	0.254538
48.750000	0	0.063147	0.002434	0.354445	0.040015
48.750000	1	1.209531	0.328411	2.151382	0.234432
49.000000	0	0.063645	0.003469	0.612486	0.043118
49.000000	1	1.237030	0.417079	2.471157	0.286161
49.250000	0	0.063940	0.001154	0.337920	0.037705
49.250000	1	1.200787	0.427640	2.405296	0.266838
49.500000	0	0.064526	0.001944	0.429406	0.038446
49.500000	1	1.226398	0.217683	2.428663	0.294914
49.750000	0	0.069574	0.009709	2.181201	0.099250
49.750000	1	1.269664	0.541542	3.986258	0.396945
50.000000	0	0.065955	0.004768	0.448089	0.042650
50.000000	1	1.193779	0.613307	1.813626	0.202739
50.250000	0	0.066946	0.005005	0.470521	0.043222
50.250000	1	1.322185	0.262671	3.030172	0.351905
50.500000	0	0.064242	0.010457	0.410482	0.039871
50.500000	1	1.209057	0.490861	2.031008	0.221617
50.750000	0	0.067103	0.004316	0.951299	0.053165
50.750000	1	1.230464	0.495292	2.375720	0.243873
51.000000	0	0.067457	0.007675	0.541744	0.047941
51.000000	1	1.280314	0.466551	2.550165	0.321634
51.250000	0	0.064044	0.002815	0.515194	0.037051
51.250000	1	1.208619	0.676773	1.789313	0.183828
51.500000	0	0.066001	0.009217	0.329037	0.039438
51.500000	1	1.276777	0.722366	2.909197	0.318365
51.750000	0	0.066081	0.008928	0.477645	0.042537
51.750000	1	1.247034	0.583891	2.065705	0.264477
52.000000	0	0.065893	0.005802	0.565891	0.045618
52.000000	1	1.212695	0.199004	2.423325	0.319793
52.250000	0	0.066070	0.002774	0.699291	0.045705
52.250000	1	1.268099	0.164597	3.018732	0.359099
52.500000	0	0.065368	0.007760	0.346828	0.041629
52.500000	1	1.225174	0.168543	1.964445	0.298890
52.750000	0	0.065254	0.004343	0.360332	0.041136
52.750000	1	1.205265	0.278919	2.558956	0.353373
53.000000	0	0.068762	0.004197	0.621467	0.053300
53.000000	1	1.255893	0.488894	3.357936	0.356542
53.250000	0	0.068338	0.008401	0.546986	0.050582
53.250000	1	1.212048	0.462505	1.993376	0.275837
53.500000	0	0.067773	0.007589	0.481758	0.047903
53.500000	1	1.290700	0.649522	2.318868	0.265339
53.750000	0	0.064214	0.009760	0.247341	0.033037
53.750000	1	1.191606	0.806675	1.828469	0.176097
54.000000	0	0.067525	0.013097	0.905755	0.054663
54.000000	1	1.237242	0.518359	2.205621	0.291472
54.250000	0	0.063780	0.005063	0.333095	0.038925
54.250000	1	1.197362	0.080000	2.381761	0.267312
54.500000	0	0.065023	0.009860	0.497342	0.040635
54.500000	1	1.228167	0.728352	2.687366	0.263006
54.750000	0	0.065905	0.006487	0.747232	0.046916
54.750000	1	1.277558	0.655839	2.431833	0.267453
55.000000	0	0.064813	0.004464	0.427987	0.041372
55.000000	1	1.263903	0.644222	2.367356	0.261307
55.250000	0	0.066648	0.004013	0.763994	0.052427
55.250000	1	1.231000	0.507280	2.424435	0.297360
55.500000	0	0.071582	0.007288	0.639786	0.055951
55.500000	1	1.250673	0.212341	2.941460	0.336182
55.750000	0	0.066754	0.004479	0.374933	0.043228
55.750000	1	1.260316	0.255502	2.281014	0.299475
56.000000	0	0.065609	0.007958	0.444436	0.042802
56.000000	1	1.207211	0.715796	2.030032	0.211626
56.250000	0	0.063104	0.005268	0.280177	0.035240
56.250000	1	1.203626	0.534825	2.876771	0.268890
56.500000	0	0.065280	0.005131	0.338760	0.038737
56.500000	1	1.257509	0.591534	2.501433	0.265977
56.750000	0	0.068228	0.011323	0.429353	0.047074
56.750000	1	1.235304	0.369000	2.090975	0.233747
57.000000	0	0.064409	0.001569	0.342673	0.038973
57.000000	1	1.253186	0.170838	3.491089	0.363014
57.250000	0	0.063622	0.006323	0.282910	0.034885
57.250000	1	1.244668	0.438988	2.218094	0.285334
57.500000	0	0.064812	0.005455	0.367438	0.038362
57.500000	1	1.220522	0.552346	2.217754	0.263378
57.750000	0	0.066410	0.005569	0.379813	0.042283
57.750000	1	1.256464	0.438335	2.279621	0.334159
58.000000	0	0.066046	0.002517	0.500169	0.042797
58.000000	1	1.243152	0.416122	2.144778	0.274037
58.250000	0	0.066037	0.009252	0.847418	0.049023
58.250000	1	1.236086	0.559783	2.203420	0.250981
58.500000	0	0.064307	0.004572	0.392835	0.040080
58.500000	1	1.181252	0.617462	1.922573	0.193411
58.750000	0	0.067122	0.005569	0.475673	0.045143
58.750000	1	1.253851	0.490591	2.171633	0.255661
59.000000	0	0.067069	0.005300	0.448689	0.045257
59.000000	1	1.208341	0.349776	2.104379	0.291314
59.250000	0	0.067357	0.001180	0.613808	0.052603
59.250000	1	1.189546	0.559629	2.696350	0.279167
59.500000	0	0.066887	0.002252	0.567563	0.045460
59.500000	1	1.249733	0.361343	2.182171	0.319084
59.750000	0	0.065762	0.003272	0.748899	0.046172
59.750000	1	1.288009	0.282817	2.997469	0.337292
60.000000	0	0.064977	0.002083	0.458948	0.042604
60.000000	1	1.267524	0.593656	3.693900	0.341298
60.250000	0	0.063223	0.001357	0.291781	0.035034
60.250000	1	1.251081	0.318619	2.202290	0.292694
60.500000	0	0.064106	0.004686	0.334256	0.038008
60.500000	1	1.275991	0.625457	2.410728	0.295202
60.750000	0	0.062375	0.007187	0.427987	0.038216
60.750000	1	1.203815	0.497353	2.128701	0.212296
61.000000	0	0.061662	0.003738	0.242370	0.032049
61.000000	1	1.282246	0.497049	2.130025	0.243128
61.250000	0	0.064430	0.004312	0.584333	0.039559
61.250000	1	1.177668	0.701869	1.995275	0.199568
61.500000	0	0.065111	0.009757	0.296049	0.037419
61.500000	1	1.226676	0.055666	2.256399	0.260703
61.750000	0	0.066737	0.001033	0.454615	0.045657
61.750000	1	1.226151	0.080569	2.503519	0.280043
62.000000	0	0.064207	0.006442	0.519216	0.045243
62.000000	1	1.229227	0.317272	2.252594	0.240934
62.250000	0	0.069629	0.004340	0.627550	0.055555
62.250000	1	1.237543	0.462663	2.734811	0.302121
62.500000	0	0.069676	0.003867	0.920289	0.058649
62.500000	1	1.279385	0.569186	2.799051	0.345291
62.750000	0	0.067595	0.008228	0.573639	0.047495
62.750000	1	1.295982	0.338046	2.865050	0.304956
63.000000	0	0.067541	0.008841	0.771703	0.049437
63.000000	1	1.268558	0.570901	2.978998	0.311585
63.250000	0	0.064751	0.000445	0.505149	0.043963
63.250000	1	1.216501	0.533407	1.923638	0.209037
63.500000	0	0.066641	0.006388	0.384342	0.044419
63.500000	1	1.259675	0.506946	2.148192	0.266232
63.750000	0	0.066348	0.006052	0.552553	0.044470
63.750000	1	1.240550	0.483815	2.389206	0.247628
64.000000	0	0.068367	0.009314	0.798763	0.054091
64.000000	1	1.296533	0.381830	2.650768	0.316098
64.250000	0	0.063425	0.001775	0.263870	0.036554
64.250000	1	1.263899	0.711140	1.867145	0.239087
64.500000	0	0.063651	0.008076	0.427097	0.035416
64.500000	1	1.223310	0.598681	2.366031	0.258206
64.750000	0	0.062887	0.009036	0.304143	0.038246
64.750000	1	1.234367	0.115620	2.949278	0.296512
65.000000	0	0.063058	0.004970	0.460567	0.036126
65.000000	1	1.207770	0.412571	1.987184	0.209357
65.250000	0	0.064671	0.010073	0.521567	0.040627
65.250000	1	1.314775	0.799252	2.823113	0.280558
65.500000	0	0.062955	0.004805	0.483028	0.037685
65.500000	1	1.243880	0.403396	3.248646	0.295485
65.750000	0	0.064121	0.000153	0.495977	0.039728
65.750000	1	1.220457	0.504082	2.648911	0.255777
66.000000	0	0.064191	0.007354	0.548757	0.041079
66.000000	1	1.192355	0.318227	2.496880	0.271164
66.250000	0	0.065719	0.006417	0.435849	0.041577
66.250000	1	1.251553	0.193444	3.889082	0.371108
66.500000	0	0.068278	0.011143	0.460743	0.048665
66.500000	1	1.252205	0.724773	2.366888	0.245573
66.750000	0	0.066481	0.002138	0.469250	0.043233
66.750000	1	1.243928	0.678562	2.157556	0.225631
67.000000	0	0.067588	0.003749	0.663266	0.049071
67.000000	1	1.194786	0.272042	1.773348	0.247067
67.250000	0	0.066843	0.004550	0.353211	0.044211
67.250000	1	1.194607	0.377557	2.101972	0.248888
67.500000	0	0.068636	0.010933	1.697557	0.075293
67.500000	1	1.279043	0.636914	2.853101	0.326425
67.750000	0	0.065329	0.002307	0.542461	0.043491
67.750000	1	1.252528	0.553743	2.240409	0.275751
68.000000	0	0.069735	0.006974	0.633727	0.058784
68.000000	1	1.251310	0.256727	2.107705	0.311331
68.250000	0	0.065786	0.010906	0.422768	0.041722
68.250000	1	1.276349	0.748491	2.888458	0.278404
68.500000	0	0.063807	0.005049	0.326111	0.034507
68.500000	1	1.240952	0.458916	2.108130	0.230718
68.750000	0	0.066403	0.003814	0.410779	0.042911
68.750000	1	1.238173	0.473796	2.469201	0.292393
69.000000	0	0.069694	0.001345	0.737523	0.059356
69.000000	1	1.204148	0.441552	2.519959	0.333102
69.250000	0	0.070266	0.004426	0.780509	0.069931
69.250000	1	1.152011	0.319564	2.075341	0.306829
69.500000	0	0.071608	0.001603	0.833611	0.061586
69.500000	1	1.293181	0.452910	3.046068	0.410585
69.750000	0	0.066496	0.006549	0.289599	0.041567
69.750000	1	1.206665	0.545566	2.253603	0.276260
70.000000	0	0.069423	0.002202	0.592504	0.048286
70.000000	1	1.282207	0.395336	2.314388	0.267855
70.250000	0	0.064803	0.002827	0.322842	0.037813
70.250000	1	1.243496	0.293774	2.126200	0.273198
70.500000	0	0.066718	0.002957	0.463010	0.043495
70.500000	1	1.203224	0.312132	2.002472	0.252171
70.750000	0	0.067933	0.005370	0.824629	0.053908
70.750000	1	1.234581	0.583177	2.448527	0.261848
71.000000	0	0.064524	0.004933	0.416335	0.041318
71.000000	1	1.240595	0.870579	2.292662	0.225664
71.250000	0	0.067872	0.011044	1.491523	0.066011
71.250000	1	1.201339	0.079188	2.217506	0.304446
71.500000	0	0.064672	0.003975	0.399396	0.041627
71.500000	1	1.243861	0.455179	2.831440	0.315124
71.750000	0	0.066107	0.005975	0.396252	0.041615
71.750000	1	1.239406	0.679939	2.999984	0.312588
72.000000	0	0.066253	0.004646	0.399168	0.041854
72.000000	1	1.281700	0.597589	2.823516	0.324138
72.250000	0	0.066244	0.004215	0.582385	0.049890
72.250000	1	1.232212	0.431665	2.345261	0.304127
72.500000	0	0.064610	0.004936	0.465315	0.040654
72.500000	1	1.252478	0.464696	2.161952	0.281655
72.750000	0	0.066544	0.008590	0.454766	0.042414
72.750000	1	1.245268	0.574739	1.943280	0.224333
73.000000	0	0.067083	0.005688	0.517932	0.047204
73.000000	1	1.211525	0.253477	2.059810	0.251597
73.250000	0	0.066788	0.003540	0.392568	0.041758
73.250000	1	1.206984	0.424943	2.085611	0.249738
73.500000	0	0.067814	0.001826	0.881630	0.054366
73.500000	1	1.211038	0.201967	2.130055	0.317339
73.750000	0	0.066414	0.006517	0.374900	0.043702
73.750000	1	1.217631	0.484552	2.224319	0.294299
74.000000	0	0.071291	0.006996	1.222409	0.070277
74.000000	1	1.242641	0.450950	3.314647	0.349430
74.250000	0	0.068594	0.002273	0.811889	0.060860
74.250000	1	1.241556	0.220142	2.194702	0.300952
74.500000	0	0.067396	0.002475	0.465813	0.048251
74.500000	1	1.254418	0.761345	2.258805	0.240716
74.750000	0	0.067096	0.005127	0.375982	0.045237
74.750000	1	1.260990	0.594689	2.724047	0.305733
75.000000	0	0.066511	0.003809	0.836864	0.050993
75.000000	1	1.214089	0.465653	2.554887	0.263687
75.250000	0	0.065096	0.004147	0.440265	0.040612
75.250000	1	1.249447	0.511939	2.251224	0.244227
75.500000	0	0.066164	0.003550	0.911667	0.050388
75.500000	1	1.243453	0.498670	2.741204	0.300384
75.750000	0	0.063220	0.005040	0.322202	0.037713
75.750000	1	1.236260	0.227138	2.563615	0.319261
76.000000	0	0.064063	0.005664	0.440382	0.039684
76.000000	1	1.227639	0.533241	2.224763	0.262042
76.250000	0	0.065934	0.005816	0.428144	0.044418
76.250000	1	1.204491	0.414887	1.992111	0.258839
76.500000	0	0.067663	0.004728	0.548463	0.047626
76.500000	1	1.244960	0.408658	2.125092	0.273974
76.750000	0	0.065258	0.005485	0.390199	0.042021
76.750000	1	1.225073	0.335722	2.100515	0.266268
77.000000	0	0.066322	0.008080	0.666710	0.049877
77.000000	1	1.235515	0.395534	2.167649	0.276152
77.250000	0	0.065561	0.007189	0.368614	0.042106
77.250000	1	1.239836	0.582667	2.772618	0.293846
77.500000	0	0.068150	0.004214	0.844582	0.052180
77.500000	1	1.249184	0.421159	2.469240	0.314416
77.750000	0	0.068414	0.005033	0.670794	0.050028
77.750000	1	1.261639	0.314268	2.126199	0.298175
78.000000	0	0.066923	0.002835	0.377842	0.045340
78.000000	1	1.282617	0.429961	1.942736	0.267404
78.250000	0	0.064516	0.003807	0.401876	0.040734
78.250000	1	1.222840	0.504269	2.300902	0.237960
78.500000	0	0.066057	0.002719	0.392958	0.040481
78.500000	1	1.222762	0.152087	2.401050	0.274563
78.750000	0	0.063149	0.005091	0.409077	0.037996
78.750000	1	1.215665	0.429823	2.088621	0.252608
79.000000	0	0.064265	0.004110	0.583517	0.041815
79.000000	1	1.231163	0.663755	2.207715	0.249009
79.250000	0	0.064103	0.006026	0.332601	0.038241
79.250000	1	1.255654	0.446310	2.475583	0.263408
79.500000	0	0.066029	0.008608	0.542622	0.044193
79.500000	1	1.213830	0.364461	2.264294	0.264672
79.750000	0	0.067614	0.007554	0.648623	0.051521
79.750000	1	1.277589	0.498810	2.307452	0.302825
80.000000	0	0.063554	0.009755	0.381444	0.037641
80.000000	1	1.259393	0.433354	2.101421	0.260166
80.250000	0	0.065611	0.009706	0.342105	0.041643
80.250000	1	1.275390	0.816424	2.091231	0.246764
80.500000	0	0.064858	0.007874	1.082034	0.051537
80.500000	1	1.226874	0.760952	2.251808	0.226192
80.750000	0	0.064887	0.004522	0.363690	0.039588
80.750000	1	1.228303	0.234819	2.119557	0.318154
81.000000	0	0.066453	0.008248	0.762458	0.051039
81.000000	1	1.234730	0.436662	2.710374	0.316315
81.250000	0	0.068084	0.001252	0.548372	0.049547
81.250000	1	1.264365	0.626559	2.633528	0.289688
81.500000	0	0.068513	0.008358	0.821465	0.052447
81.500000	1	1.217634	0.102267	2.295990	0.275492
81.750000	0	0.064057	0.004918	0.779848	0.044770
81.750000	1	1.234534	0.355340	2.606763	0.286300
82.000000	0	0.065098	0.001256	0.511403	0.043417
82.000000	1	1.208365	0.049079	2.194860	0.309351
82.250000	0	0.066906	0.008932	0.531524	0.045007
82.250000	1	1.240098	0.272368	2.008334	0.271277
82.500000	0	0.062694	0.005222	0.543218	0.041005
82.500000	1	1.273820	0.702499	1.912170	0.212532
82.750000	0	0.062433	0.012086	0.431950	0.037803
82.750000	1	1.218692	0.466094	2.236760	0.274436
83.000000	0	0.061884	0.006044	0.305363	0.035838
83.000000	1	1.216020	0.240301	2.743470	0.340950
83.250000	0	0.066857	0.009757	0.631711	0.050175
83.250000	1	1.267767	0.245460	4.710337	0.512319
83.500000	0	0.067070	0.007415	0.472898	0.044930
83.500000	1	1.234057	0.167336	2.211673	0.276516
83.750000	0	0.066227	0.004705	1.008866	0.059457
83.750000	1	1.258306	0.419485	2.102903	0.280276
84.000000	0	0.064272	0.005185	0.455572	0.042958
84.000000	1	1.219620	0.399013	1.925146	0.271537
84.250000	0	0.065869	0.003818	0.429280	0.044233
84.250000	1	1.212609	0.368932	2.614095	0.342835
84.500000	0	0.068773	0.008058	0.753438	0.055125
84.500000	1	1.296027	0.475004	2.477798	0.314341
84.750000	0	0.066509	0.007100	0.497374	0.044435
84.750000	1	1.289048	0.753911	2.266707	0.271912
85.000000	0	0.064921	0.007359	0.337337	0.039166
85.000000	1	1.219855	0.701919	1.932008	0.212621
85.250000	0	0.062962	0.005813	0.360732	0.034923
85.250000	1	1.231164	0.605983	2.051755	0.254910
85.500000	0	0.066673	0.008431	0.750685	0.047337
85.500000	1	1.261683	0.265262	2.496380	0.351480
85.750000	0	0.062663	0.002780	0.280285	0.037304
85.750000	1	1.228484	0.602184	2.284949	0.249557
86.000000	0	0.063997	0.008388	0.313486	0.038762
86.000000	1	1.230403	0.600193	2.291208	0.264070
86.250000	0	0.062997	0.004382	0.276018	0.035745
86.250000	1	1.251870	0.653722	2.095307	0.239113
86.500000	0	0.065087	0.006821	0.509549	0.044586
86.500000	1	1.209398	0.495932	2.019711	0.242459
86.750000	0	0.063729	0.004171	0.378935	0.040747
86.750000	1	1.276350	0.684561	2.357954	0.269231
87.000000	0	0.064099	0.008450	0.498149	0.043075
87.000000	1	1.258073	0.503255	2.228129	0.265463
87.250000	0	0.064378	0.006166	0.467933	0.042197
87.250000	1	1.232473	0.270831	2.549889	0.277705
87.500000	0	0.064969	0.006548	0.588228	0.044882
87.500000	1	1.222758	0.633473	1.952797	0.198629
87.750000	0	0.066515	0.001233	0.457127	0.048185
87.750000	1	1.209171	0.333510	2.040198	0.274839
88.000000	0	0.070166	0.007130	0.665630	0.054072
88.000000	1	1.242454	0.694737	2.358077	0.277629
88.250000	0	0.067300	0.002655	0.522498	0.049595
88.250000	1	1.209774	0.569847	2.112721	0.228033
88.500000	0	0.068085	0.002284	0.949037	0.054081
88.500000	1	1.214314	0.762597	2.400306	0.268304
88.750000	0	0.068652	0.005994	0.794826	0.053808
88.750000	1	1.245370	0.391957	2.409578	0.286019
89.000000	0	0.064505	0.001272	0.430760	0.041195
89.000000	1	1.228747	0.559879	2.077869	0.243790
89.250000	0	0.064881	0.003285	0.348376	0.042369
89.250000	1	1.254285	0.428611	3.067173	0.348146
89.500000	0	0.065029	0.006524	0.376513	0.039776
89.500000	1	1.222570	0.294300	2.192094	0.258951
89.750000	0	0.063338	0.006261	0.419721	0.037211
89.750000	1	1.203906	0.375872	2.290114	0.253296
90.000000	0	0.062964	0.009256	0.295661	0.034920
90.000000	1	1.199659	0.523201	2.242441	0.232515
90.250000	0	0.066064	0.006335	0.399349	0.043309
90.250000	1	1.211327	0.620022	2.760748	0.294039
90.500000	0	0.068201	0.009469	0.450362	0.047934
90.500000	1	1.171716	0.343950	2.019320	0.242730
90.750000	0	0.067530	0.011975	0.443836	0.044923
90.750000	1	1.253932	0.375983	2.298475	0.267656
91.000000	0	0.066349	0.005026	0.376680	0.042082
91.000000	1	1.254002	0.765867	2.364484	0.248510
91.250000	0	0.065949	0.008708	0.647216	0.046421
91.250000	1	1.234025	0.209492	1.896571	0.212792
91.500000	0	0.063653	0.009385	0.366343	0.039163
91.500000	1	1.275769	0.552830	2.060621	0.225749
91.750000	0	0.063833	0.001318	0.466028	0.037981
91.750000	1	1.223789	0.475903	2.618613	0.259460
92.000000	0	0.063728	0.006583	0.378844	0.039113
92.000000	1	1.234925	0.472463	1.851758	0.229409
92.250000	0	0.065326	0.006834	0.483244	0.044042
92.250000	1	1.205835	0.471280	2.059540	0.235615
92.500000	0	0.065066	0.001358	0.359213	0.038699
92.500000	1	1.255067	0.051905	2.830792	0.333527
92.750000	0	0.063610	0.010711	0.343404	0.035579
92.750000	1	1.230157	0.187238	1.980293	0.245923
93.000000	0	0.063418	0.002200	0.359239	0.034260
93.000000	1	1.212510	0.546099	2.002281	0.220906
93.250000	0	0.063193	0.005858	0.352100	0.038888
93.250000	1	1.213452	0.567546	2.203530	0.251055
93.500000	0	0.064419	0.002939	1.159671	0.055310
93.500000	1	1.273401	0.578011	2.581046	0.322271
93.750000	0	0.063253	0.002996	0.790686	0.046252
93.750000	1	1.211322	0.272756	2.572074	0.299564
94.000000	0	0.063431	0.006906	0.313400	0.037891
94.000000	1	1.212533	0.519216	2.631641	0.259964
94.250000	0	0.065023	0.006017	0.314590	0.036737
94.250000	1	1.222154	0.633485	2.055449	0.227792
94.500000	0	0.064448	0.002416	0.281309	0.038514
94.500000	1	1.246378	0.482541	2.259752	0.247320
94.750000	0	0.062620	0.010423	0.305902	0.032583
94.750000	1	1.235799	0.316719	2.226008	0.311945
95.000000	0	0.062172	0.002814	0.654558	0.037503
95.000000	1	1.258934	0.370955	2.815656	0.276462
95.250000	0	0.061675	0.006613	0.422750	0.032933
95.250000	1	1.237065	0.670582	2.101746	0.222828
95.500000	0	0.063273	0.005778	0.401646	0.037633
95.500000	1	1.202464	0.315430	2.011496	0.249735
95.750000	0	0.065222	0.005315	0.607107	0.042661
95.750000	1	1.219450	0.497747	1.832544	0.254877
96.000000	0	0.065349	0.004573	0.430841	0.040735
96.000000	1	1.265707	0.367531	2.148519	0.277956
96.250000	0	0.065975	0.009467	0.644350	0.047435
96.250000	1	1.305947	0.346705	4.747509	0.488040
96.500000	0	0.062615	0.005313	0.291291	0.034005
96.500000	1	1.251222	0.681437	2.691688	0.308931
96.750000	0	0.065441	0.001203	0.494964	0.043468
96.750000	1	1.267642	0.608772	3.106449	0.308454
97.000000	0	0.063743	0.006072	0.472455	0.039812
97.000000	1	1.205688	0.240491	1.878174	0.229680
97.250000	0	0.063447	0.002541	0.558507	0.042231
97.250000	1	1.216118	0.274404	1.988145	0.255057
97.500000	0	0.064930	0.013274	0.562159	0.045518
97.500000	1	1.236599	0.210022	2.732458	0.305926
97.750000	0	0.066070	0.003496	0.424328	0.043587
97.750000	1	1.212462	0.581575	2.367704	0.278165
98.000000	0	0.065971	0.005427	0.390449	0.041684
98.000000	1	1.280081	0.324950	2.331612	0.308955
98.250000	0	0.063012	0.002602	0.411803	0.036344
98.250000	1	1.210404	0.506344	2.075218	0.247297
98.500000	0	0.061054	0.002547	0.842056	0.041903
98.500000	1	1.195151	0.150397	1.823431	0.214301
98.750000	0	0.068471	0.002219	0.622987	0.054853
98.750000	1	1.247313	0.600603	2.533162	0.262756
99.000000	0	0.065648	0.005722	0.459102	0.041885
99.000000	1	1.218521	0.556630	1.859386	0.221760
99.250000	0	0.065759	0.004801	0.474115	0.043205
99.250000	1	1.240945	0.118001	2.413135	0.332178
99.500000	0	0.066901	0.004824	0.754083	0.052969
99.500000	1	1.242356	0.145675	4.364414	0.391829
99.750000	0	0.067376	0.004861	0.600315	0.046541
99.750000	1	1.239390	0.178806	3.086511	0.372780
100.000000	0	0.065253	0.005462	0.522117	0.041897
100.000000	1	1.247619	0.364223	2.070663	0.255093
100.250000	0	0.066420	0.003154	0.720895	0.051788
100.250000	1	1.182514	0.183407	1.870198	0.242839
100.500000	0	0.067743	0.003046	0.892092	0.055677
100.500000	1	1.235457	0.331870	2.234372	0.296184
100.750000	0	0.062125	0.003490	0.349584	0.035380
100.750000	1	1.222541	0.598362	2.665977	0.278058
101.000000	0	0.065395	0.005469	0.496352	0.042974
101.000000	1	1.264564	0.392036	2.322181	0.278962
101.250000	0	0.066071	0.009284	0.634604	0.047350
101.250000	1	1.294956	0.548381	2.500191	0.319070
101.500000	0	0.063567	0.002641	0.761766	0.042833
101.500000	1	1.205316	0.710296	2.026639	0.213235
101.750000	0	0.065559	0.011482	0.581493	0.044530
101.750000	1	1.188867	0.646466	2.226357	0.253631
102.000000	0	0.070525	0.008650	1.303421	0.084919
102.000000	1	1.235058	0.330231	2.584789	0.302536
102.250000	0	0.065584	0.001432	0.926968	0.059158
102.250000	1	1.229033	0.493296	2.729683	0.236562
102.500000	0	0.064876	0.006202	0.498182	0.045326
102.500000	1	1.246506	0.470565	2.929746	0.299150
102.750000	0	0.063874	0.005833	0.705920	0.044227
102.750000	1	1.211851	0.617739	1.836327	0.222041
103.000000	0	0.065462	0.010232	0.415714	0.041335
103.000000	1	1.234159	0.335246	1.881673	0.262762
103.250000	0	0.063107	0.002792	0.406701	0.040871
103.250000	1	1.250342	0.276941	2.355392	0.326490
103.500000	0	0.065194	0.005163	0.355137	0.043263
103.500000	1	1.208536	0.450857	2.211679	0.223625
103.750000	0	0.065785	0.008875	0.494742	0.044622
103.750000	1	1.189935	0.509079	2.416325	0.255853
104.000000	0	0.065886	0.001474	0.863607	0.049838
104.000000	1	1.207344	0.288407	2.323664	0.268684
104.250000	0	0.068497	0.006410	0.948171	0.066519
104.250000	1	1.234345	0.162020	2.513221	0.366801
104.500000	0	0.064107	0.003929	0.454430	0.041215
104.500000	1	1.248014	0.489135	2.371041	0.251206
104.750000	0	0.062995	0.003899	0.365157	0.037661
104.750000	1	1.256694	0.389716	2.382450	0.280300
105.000000	0	0.064811	0.004492	0.398888	0.037787
105.000000	1	1.223881	0.579674	1.911321	0.228243
105.250000	0	0.065233	0.000524	1.104017	0.058310
105.250000	1	1.254398	0.645507	2.619935	0.289627
105.500000	0	0.063789	0.000827	0.551427	0.044851
105.500000	1	1.242560	0.462141	2.302153	0.239251
105.750000	0	0.064793	0.003358	0.626109	0.044708
105.750000	1	1.242081	0.631105	2.070351	0.233819
106.000000	0	0.064544	0.004395	0.345019	0.038337
106.000000	1	1.232544	0.543435	2.325688	0.250479
106.250000	0	0.065731	0.003401	0.440393	0.042893
106.250000	1	1.232089	0.196966	2.489681	0.273406
106.500000	0	0.065513	0.003394	0.351702	0.039833
106.500000	1	1.273677	0.605897	2.501088	0.276621
106.750000	0	0.065021	0.006675	0.634086	0.041017
106.750000	1	1.230593	0.454865	2.278286	0.264859
107.000000	0	0.064516	0.003405	0.415113	0.041105
107.000000	1	1.252356	0.616711	2.216972	0.240284
107.250000	0	0.065371	0.013945	0.486543	0.043596
107.250000	1	1.205006	0.447241	2.045029	0.237333
107.500000	0	0.065226	0.009430	0.509972	0.042559
107.500000	1	1.255896	0.267585	2.514302	0.295096
107.750000	0	0.063634	0.009257	0.317367	0.035466
107.750000	1	1.200534	0.331828	2.072968	0.240388
108.000000	0	0.065930	0.011902	0.553444	0.045765
108.000000	1	1.226827	0.374110	2.714084	0.323278
108.250000	0	0.064355	0.005863	0.755409	0.049796
108.250000	1	1.259808	0.171256	3.161702	0.413082
108.500000	0	0.066230	0.007908	0.368916	0.042393
108.500000	1	1.251393	0.436242	2.457327	0.282152
108.750000	0	0.065757	0.007076	0.463978	0.046160
108.750000	1	1.221672	0.369793	1.961483	0.267500
109.000000	0	0.068266	0.008397	1.066790	0.063131
109.000000	1	1.264937	0.339006	2.604424	0.315763
109.250000	0	0.065411	0.003404	0.748606	0.046173
109.250000	1	1.221544	0.546928	1.812344	0.228398
109.500000	0	0.068356	0.003735	0.409190	0.044837
109.500000	1	1.242367	0.279738	2.143592	0.256362
109.750000	0	0.066994	0.002739	0.732994	0.050701
109.750000	1	1.270360	0.632091	3.737716	0.380883
110.000000	0	0.064415	0.002741	0.534250	0.041333
110.000000	1	1.258400	0.230231	3.537660	0.376204
110.250000	0	0.063403	0.003967	0.309318	0.035890
110.250000	1	1.257355	0.682213	1.957189	0.233823
110.500000	0	0.063165	0.003561	0.348292	0.038142
110.500000	1	1.255174	0.436376	2.360189	0.262895
110.750000	0	0.061412	0.008494	0.315243	0.032361
110.750000	1	1.282695	0.802166	3.069112	0.297201
111.000000	0	0.065454	0.005774	0.686357	0.048053
111.000000	1	1.230258	0.508027	2.910673	0.296944
111.250000	0	0.066672	0.002279	0.625862	0.050576
111.250000	1	1.234149	0.439665	2.161240	0.288335
111.500000	0	0.065286	0.006368	0.626783	0.047862
111.500000	1	1.212136	0.273376	2.187152	0.243060
111.750000	0	0.064355	0.008101	0.437731	0.040031
111.750000	1	1.222636	0.363184	2.549734	0.326214
112.000000	0	0.067030	0.002666	0.673296	0.055250
112.000000	1	1.212641	0.147696	1.922254	0.278301
112.250000	0	0.063426	0.007847	0.369056	0.038560
112.250000	1	1.211158	0.535373	1.832292	0.224406
112.500000	0	0.065941	0.007276	0.342387	0.041719
112.500000	1	1.238682	0.614209	1.923869	0.228809
112.750000	0	0.066794	0.002369	0.813136	0.053072
112.750000	1	1.231693	0.564661	2.373000	0.259728
113.000000	0	0.064711	0.009105	0.559368	0.043902
113.000000	1	1.230581	0.739005	2.302000	0.264872
113.250000	0	0.065215	0.005513	0.435330	0.042818
113.250000	1	1.277746	0.569771	3.813522	0.388358
113.500000	0	0.068010	0.005631	0.440935	0.045748
113.500000	1	1.242008	0.203782	2.263368	0.335657
113.750000	0	0.064887	0.003171	0.529312	0.043977
113.750000	1	1.233378	0.139413	2.008569	0.287479
114.000000	0	0.064134	0.005146	0.683426	0.043573
114.000000	1	1.213943	0.259143	2.216870	0.305934
114.250000	0	0.064813	0.005934	0.418338	0.040946
114.250000	1	1.193599	0.329901	2.138518	0.305217
114.500000	0	0.065839	0.004488	0.613469	0.047704
114.500000	1	1.200681	0.145068	2.008158	0.266704
114.750000	0	0.064081	0.009814	0.309247	0.035814
114.750000	1	1.259616	0.491331	2.302327	0.273690
115.000000	0	0.066463	0.010989	0.401176	0.041388
115.000000	1	1.213185	0.531895	2.009812	0.241927
115.250000	0	0.064176	0.005403	0.327373	0.038971
115.250000	1	1.294780	0.477755	5.194418	0.580977
115.500000	0	0.065493	0.003913	0.431309	0.041392
115.500000	1	1.221502	0.213014	1.943268	0.254092
115.750000	0	0.067499	0.008808	1.236235	0.061553
115.750000	1	1.278299	0.294300	2.586748	0.310931
116.000000	0	0.063226	0.007908	0.357716	0.039131
116.000000	1	1.236836	0.542584	3.097788	0.346619
116.250000	0	0.064007	0.002412	0.519134	0.042329
116.250000	1	1.192010	0.395545	2.049405	0.272036
116.500000	0	0.062013	0.006213	0.397777	0.035669
116.500000	1	1.237205	0.286292	2.047638	0.300032
116.750000	0	0.063023	0.010528	0.575939	0.040480
116.750000	1	1.245124	0.473393	2.219036	0.249402
117.000000	0	0.064082	0.004259	0.279024	0.037462
117.000000	1	1.249861	0.447368	2.189163	0.259495
117.250000	0	0.062631	0.003737	0.506481	0.038914
117.250000	1	1.255918	0.658964	2.187985	0.250293
117.500000	0	0.062752	0.002298	0.510661	0.038231
117.500000	1	1.254357	0.500109	3.521738	0.376167
117.750000	0	0.063565	0.007213	0.379235	0.037644
117.750000	1	1.255336	0.468447	2.288480	0.255498
118.000000	0	0.064082	0.004417	0.637802	0.044812
118.000000	1	1.253936	0.871214	2.038039	0.206084
118.250000	0	0.064272	0.005159	0.342100	0.039031
118.250000	1	1.212873	0.319661	1.862023	0.216214
118.500000	0	0.065139	0.005278	0.530480	0.045010
118.500000	1	1.284184	0.272098	2.420963	0.334965
118.750000	0	0.065749	0.002266	0.453109	0.043246
118.750000	1	1.248144	0.562957	2.333978	0.276104
119.000000	0	0.066257	0.010734	0.881549	0.051250
119.000000	1	1.265135	0.479182	2.496646	0.285854
119.250000	0	0.060934	0.007768	0.478122	0.038947
119.250000	1	1.215301	0.423173	1.837073	0.208113
119.500000	0	0.063858	0.006989	0.601820	0.044106
119.500000	1	1.182856	0.454854	1.873384	0.237509
119.750000	0	0.064935	0.002605	0.569838	0.045159
119.750000	1	1.259935	0.192083	2.094830	0.280725
120.000000	0	0.064624	0.009878	0.497863	0.040568
120.000000	1	1.214453	0.575596	1.807437	0.217901
120.250000	0	0.063547	0.006575	0.588203	0.042544
120.250000	1	1.258064	0.563321	3.405975	0.320501
120.500000	0	0.066529	0.002493	0.895755	0.054126
120.500000	1	1.248871	0.496121	2.459381	0.270736
120.750000	0	0.067778	0.002395	0.925096	0.057354
120.750000	1	1.199073	0.272155	2.064263	0.265953
121.000000	0	0.065389	0.006341	0.441862	0.045225
121.000000	1	1.246007	0.735410	2.482270	0.280866
121.250000	0	0.069563	0.008942	1.740319	0.084606
121.250000	1	1.271003	0.681612	4.398204	0.381993
121.500000	0	0.063056	0.006172	0.425787	0.039003
121.500000	1	1.267506	0.384110	2.485485	0.309819
121.750000	0	0.062176	0.002601	0.383461	0.035503
121.750000	1	1.246785	0.237980	2.244629	0.292971
122.000000	0	0.063081	0.009712	0.390952	0.036049
122.000000	1	1.241552	0.300056	2.874737	0.279770
122.250000	0	0.060958	0.004934	0.653557	0.037265
122.250000	1	1.236877	0.514672	2.191575	0.246998
122.500000	0	0.063225	0.004451	0.369487	0.036020
122.500000	1	1.219964	0.351407	1.933344	0.252990
122.750000	0	0.065778	0.001357	0.634473	0.045075
122.750000	1	1.235790	0.247587	2.923618	0.330363
123.000000	0	0.064353	0.004216	0.281836	0.037202
123.000000	1	1.175734	0.512766	2.070491	0.243811
123.250000	0	0.063336	0.005553	0.392461	0.041065
123.250000	1	1.219654	0.460993	2.332483	0.303404
123.500000	0	0.066290	0.007382	0.411234	0.039945
123.500000	1	1.223888	0.635753	2.926648	0.273667
123.750000	0	0.065249	0.004934	0.512592	0.046468
123.750000	1	1.234506	0.544135	2.052546	0.277516
124.000000	0	0.068951	0.005927	1.249227	0.076105
124.000000	1	1.246619	0.056225	2.314584	0.265917
124.250000	0	0.064992	0.003692	0.437988	0.041878
124.250000	1	1.218314	0.605414	2.007450	0.243061
124.500000	0	0.067101	0.003597	0.964248	0.057832
124.500000	1	1.236242	0.520316	2.456100	0.264055
124.750000	0	0.062994	0.004943	0.324225	0.039222
124.750000	1	1.284657	0.605543	2.418259	0.284736
125.000000	0	0.062478	0.005319	0.460512	0.034972
125.000000	1	1.197303	0.552204	1.937994	0.203165
125.250000	0	0.064575	0.006914	0.366475	0.039636
125.250000	1	1.182025	0.267294	2.088737	0.237696
125.500000	0	0.065883	0.013857	0.402896	0.042986
125.500000	1	1.207538	0.392593	1.998764	0.274110
125.750000	0	0.065975	0.002950	1.001862	0.055094
125.750000	1	1.235265	0.406675	2.626547	0.289160
126.000000	0	0.066113	0.009341	0.461634	0.043909
126.000000	1	1.205927	0.147632	1.786088	0.243845
126.250000	0	0.067362	0.001014	0.676425	0.051772
126.250000	1	1.246538	0.354771	2.640235	0.290192
126.500000	0	0.066509	0.006731	0.608037	0.048078
126.500000	1	1.262474	0.413779	2.494650	0.307365
126.750000	0	0.063542	0.001085	0.364675	0.037864
126.750000	1	1.246434	0.419583	2.537616	0.275613
127.000000	0	0.062791	0.007355	0.537791	0.040252
127.000000	1	1.240276	0.455333	1.893062	0.202549
127.250000	0	0.063909	0.002156	0.457910	0.040027
127.250000	1	1.233850	0.400585	1.998382	0.242189
127.500000	0	0.064855	0.007947	0.468160	0.043206
127.500000	1	1.244452	0.676413	2.178188	0.207102
127.750000	0	0.061874	0.004268	0.496443	0.035577
127.750000	1	1.213953	0.180369	2.570725	0.280358
128.000000	0	0.062282	0.004241	0.511125	0.040100
128.000000	1	1.212174	0.470927	1.941108	0.225579
128.250000	0	0.064819	0.012557	0.653581	0.044220
128.250000	1	1.205540	0.331610	2.278237	0.285121
128.500000	0	0.065216	0.002864	0.716794	0.045643
128.500000	1	1.296480	0.535441	2.781984	0.304434
128.750000	0	0.063064	0.002675	0.267028	0.032730
128.750000	1	1.250558	0.196525	2.470662	0.280679
129.000000	0	0.064969	0.007237	0.417191	0.039090
129.000000	1	1.262587	0.325079	2.890516	0.347899
129.250000	0	0.063705	0.008963	0.957165	0.047288
129.250000	1	1.239783	0.535708	2.137400	0.270850
129.500000	0	0.064583	0.005366	0.776719	0.046107
129.500000	1	1.234859	0.138753	2.226390	0.270361
129.750000	0	0.063608	0.001716	0.366888	0.037820
129.750000	1	1.253936	0.123715	2.043437	0.272310
130.000000	0	0.062156	0.004406	0.258288	0.032853
130.000000	1	1.251556	0.467600	2.301871	0.278051
130.250000	0	0.063866	0.001196	0.630370	0.047189
130.250000	1	1.229599	0.325472	2.291689	0.302408
130.500000	0	0.063882	0.005177	0.283611	0.037792
130.500000	1	1.239477	0.488291	2.053080	0.281946
130.750000	0	0.063988	0.002775	0.597051	0.041261
130.750000	1	1.237964	0.595813	1.970325	0.239226
131.000000	0	0.063676	0.009934	0.362565	0.038756
131.000000	1	1.273684	0.190395	2.593020	0.335883
131.250000	0	0.065521	0.007533	0.496387	0.044301
131.250000	1	1.245233	0.133612	2.338060	0.276690
131.500000	0	0.061969	0.006282	0.274066	0.033506
131.500000	1	1.177693	0.525654	1.977363	0.217129
131.750000	0	0.063200	0.004641	0.427851	0.040662
131.750000	1	1.216485	0.296970	2.675357	0.273668
132.000000	0	0.064005	0.003577	0.955349	0.050017
132.000000	1	1.301918	0.517847	3.118591	0.377074
132.250000	0	0.065528	0.006307	0.582489	0.046112
132.250000	1	1.192041	0.528862	2.160530	0.262673
132.500000	0	0.066505	0.002950	0.536561	0.049254
132.500000	1	1.275798	0.372073	1.924126	0.271380
132.750000	0	0.063907	0.007689	0.415554	0.038550
132.750000	1	1.210533	0.330496	1.795323	0.202413
133.000000	0	0.065446	0.002991	0.545452	0.044395
133.000000	1	1.249185	0.258728	3.332439	0.376897
133.250000	0	0.064848	0.007981	0.472876	0.046488
133.250000	1	1.221514	0.569506	2.216349	0.237238
133.500000	0	0.062799	0.003499	0.273189	0.034977
133.500000	1	1.275278	0.612580	2.183273	0.266977
133.750000	0	0.068382	0.002726	0.600207	0.051581
133.750000	1	1.245501	0.693343	2.013540	0.219334
134.000000	0	0.065651	0.001648	0.481884	0.044380
134.000000	1	1.224679	0.692898	1.912232	0.209178
134.250000	0	0.064392	0.011093	0.444326	0.043641
134.250000	1	1.284417	0.303174	2.348171	0.311340
134.500000	0	0.063426	0.010533	0.525133	0.041351
134.500000	1	1.267751	0.399170	3.342548	0.305502
134.750000	0	0.063367	0.001066	0.274871	0.036143
134.750000	1	1.247355	0.473336	2.483290	0.290843
135.000000	0	0.062231	0.003729	0.353412	0.034656
135.000000	1	1.223016	0.126278	1.975576	0.215139
135.250000	0	0.062852	0.012418	0.356681	0.035896
135.250000	1	1.220460	0.442986	1.999726	0.232672
135.500000	0	0.062598	0.006358	0.449555	0.039985
135.500000	1	1.258714	0.641524	2.033742	0.238008
135.750000	0	0.065021	0.003603	0.432111	0.041370
135.750000	1	1.191762	0.291818	1.972983	0.255179
136.000000	0	0.066460	0.003558	0.573122	0.046861
136.000000	1	1.265297	0.347909	2.901890	0.355506
136.250000	0	0.062664	0.003227	0.282207	0.034317
136.250000	1	1.271915	0.445076	2.574247	0.321108
136.500000	0	0.061648	0.007494	0.279277	0.031432
136.500000	1	1.207387	0.379127	2.113960	0.249121
136.750000	0	0.062373	0.004054	0.348555	0.038012
136.750000	1	1.224921	0.564290	2.750510	0.300156
137.000000	0	0.064256	0.006163	0.795224	0.046335
137.000000	1	1.235303	0.741187	1.773264	0.209243
137.250000	0	0.064180	0.002343	0.355980	0.039559
137.250000	1	1.231488	0.335024	2.005651	0.262753
137.500000	0	0.063440	0.005711	0.790721	0.048104
137.500000	1	1.242702	0.283741	2.575149	0.278667
137.750000	0	0.064743	0.010882	0.483066	0.042566
137.750000	1	1.243083	0.621740	2.012614	0.262522
138.000000	0	0.064634	0.005893	0.470719	0.042639
138.000000	1	1.229235	0.586904	2.018077	0.226710
138.250000	0	0.064142	0.005235	0.274174	0.037057
138.250000	1	1.277277	0.635884	2.185417	0.248717
138.500000	0	0.063954	0.004098	0.559355	0.041007
138.500000	1	1.213285	0.273359	2.035035	0.254738
138.750000	0	0.062857	0.005131	0.374154	0.037791
138.750000	1	1.255481	0.547059	2.503871	0.299413
139.000000	0	0.065763	0.005616	0.495221	0.044904
139.000000	1	1.225343	0.225264	2.339693	0.299970
139.250000	0	0.065874	0.004220	0.464985	0.043621
139.250000	1	1.213640	0.550430	2.058785	0.265220
139.500000	0	0.063949	0.011926	0.426631	0.039284
139.500000	1	1.231150	0.561275	2.128893	0.272620
139.750000	0	0.065434	0.007822	0.535155	0.046724
139.750000	1	1.238874	0.454350	2.785703	0.282712
140.000000	0	0.063638	0.007303	0.244685	0.034920
140.000000	1	1.253619	0.136782	2.337436	0.270364
140.250000	0	0.060748	0.002240	0.274265	0.032139
140.250000	1	1.339476	0.441734	9.630261	1.047772
140.500000	0	0.065413	0.003812	0.486627	0.040884
140.500000	1	1.205290	0.441255	2.076711	0.228268
140.750000	0	0.065423	0.004795	0.386735	0.040891
140.750000	1	1.268237	0.660427	2.364116	0.279202
141.000000	0	0.064012	0.012439	0.514601	0.040186
141.000000	1	1.258459	0.808552	2.078055	0.221524
141.250000	0	0.062676	0.007937	0.396823	0.035449
141.250000	1	1.193983	0.688766	1.894989	0.191790
141.500000	0	0.069945	0.007085	0.700294	0.056046
141.500000	1	1.165318	0.231475	1.987804	0.257393
141.750000	0	0.065120	0.003510	0.388676	0.041889
141.750000	1	1.283537	0.569139	2.041531	0.241963
142.000000	0	0.066936	0.008064	0.649238	0.053217
142.000000	1	1.188204	0.235317	1.687858	0.228515
142.250000	0	0.066934	0.002895	0.575071	0.047947
142.250000	1	1.208908	0.410918	2.005481	0.274712
142.500000	0	0.066099	0.007906	0.643786	0.044380
142.500000	1	1.223738	0.533810	2.048022	0.238348
142.750000	0	0.067700	0.011035	0.481252	0.050360
142.750000	1	1.233974	0.419255	2.297266	0.286961
143.000000	0	0.066397	0.006033	0.368985	0.043181
143.000000	1	1.181545	0.262788	2.088097	0.283190
143.250000	0	0.066804	0.002897	0.475260	0.047389
143.250000	1	1.205524	0.113080	2.132427	0.289961
143.500000	0	0.067044	0.006462	0.973916	0.063002
143.500000	1	1.248982	0.453051	4.837993	0.425675
143.750000	0	0.067447	0.004818	0.639309	0.049513
143.750000	1	1.225089	0.625953	2.130268	0.245489
144.000000	0	0.063252	0.006982	0.497850	0.040575
144.000000	1	1.234969	0.503342	2.144137	0.229663
144.250000	0	0.063049	0.006710	0.282633	0.035401
144.250000	1	1.220658	0.243428	2.169266	0.257744
144.500000	0	0.064737	0.002871	0.375916	0.038290
144.500000	1	1.241548	0.513278	1.913824	0.253493
144.750000	0	0.063512	0.006538	0.305806	0.034943
144.750000	1	1.250436	0.596957	2.384352	0.292363
145.000000	0	0.065365	0.004828	1.130595	0.055985
145.000000	1	1.284638	0.454122	2.363342	0.265177
145.250000	0	0.062033	0.004121	0.303109	0.034749
145.250000	1	1.208716	0.655337	1.880994	0.179489
145.500000	0	0.061651	0.005117	0.293584	0.031326
145.500000	1	1.230784	0.700246	1.835851	0.202881
145.750000	0	0.063514	0.002888	0.337085	0.035551
145.750000	1	1.233832	0.626115	2.373356	0.247626
146.000000	0	0.063257	0.005489	0.285601	0.035203
146.000000	1	1.304663	0.696960	5.735827	0.562739
146.250000	0	0.063394	0.004984	0.418989	0.038049
146.250000	1	1.222404	0.474577	2.088485	0.264791
146.500000	0	0.060463	0.006343	0.287878	0.031692
146.500000	1	1.244093	0.466226	2.399922	0.298865
146.750000	0	0.061409	0.007863	0.553006	0.035281
146.750000	1	1.269990	0.665089	2.223098	0.245897
147.000000	0	0.061836	0.006033	0.281056	0.032260
147.000000	1	1.252660	0.630086	1.881390	0.230454
147.250000	0	0.063306	0.009047	0.617136	0.041264
147.250000	1	1.248214	0.734816	2.164185	0.248245
147.500000	0	0.063237	0.007002	0.328487	0.036288
147.500000	1	1.229314	0.638207	2.023014	0.247772
147.750000	0	0.064213	0.005602	0.428256	0.039140
147.750000	1	1.257553	0.636566	2.065240	0.251050
148.000000	0	0.062459	0.008746	0.670472	0.041194
148.000000	1	1.250764	0.157056	2.436459	0.343155
148.250000	0	0.063995	0.003772	0.645349	0.045497
148.250000	1	1.281680	0.720699	2.781338	0.294826
148.500000	0	0.063310	0.005491	0.327615	0.035164
148.500000	1	1.222090	0.743913	2.009166	0.204625
148.750000	0	0.061749	0.002742	0.285695	0.034374
148.750000	1	1.230791	0.347699	2.337741	0.276091
149.000000	0	0.062337	0.005569	0.377562	0.033848
149.000000	1	1.203120	0.561419	1.898138	0.231270
149.250000	0	0.063289	0.005452	0.481193	0.041527
149.250000	1	1.247033	0.580474	2.244022	0.248239
149.500000	0	0.065390	0.007127	0.773959	0.048361
149.500000	1	1.226262	0.558063	2.110283	0.232279
149.750000	0	0.064781	0.002392	0.440298	0.043524
149.750000	1	1.227554	0.499489	1.928336	0.230644
150.000000	0	0.065404	0.000266	0.468228	0.043388
150.000000	1	1.252666	0.278948	2.384807	0.304632
150.250000	0	0.062943	0.002949	0.327542	0.036841
150.250000	1	1.240058	0.080438	3.107737	0.346692
150.500000	0	0.062453	0.002698	0.426588	0.041383
150.500000	1	1.298517	0.182217	3.267334	0.342616
150.750000	0	0.062983	0.004596	0.292630	0.035343
150.750000	1	1.289001	0.061876	5.552279	0.601301
151.000000	0	0.066720	0.007355	0.820426	0.051986
151.000000	1	1.231501	0.531114	2.523273	0.287041
151.250000	0	0.065649	0.003890	0.736134	0.054169
151.250000	1	1.258697	0.451128	3.251029	0.334063
151.500000	0	0.066284	0.000079	0.365586	0.042589
151.500000	1	1.250654	0.354546	2.347153	0.314714
151.750000	0	0.065722	0.008613	0.648329	0.047281
151.750000	1	1.178641	0.140270	1.827822	0.249484
152.000000	0	0.069428	0.003374	1.264130	0.070554
152.000000	1	1.250164	0.403756	3.192360	0.337300
152.250000	0	0.065683	0.003807	0.507547	0.043813
152.250000	1	1.228115	0.440031	2.070452	0.205096
152.500000	0	0.064733	0.003545	0.333825	0.038344
152.500000	1	1.246397	0.279882	2.698464	0.277856
152.750000	0	0.063687	0.003871	0.286362	0.035926
152.750000	1	1.240687	0.715585	1.723854	0.197785
153.000000	0	0.065446	0.002378	0.423527	0.042606
153.000000	1	1.221333	0.636823	2.449133	0.269864
153.250000	0	0.066233	0.010875	0.428049	0.044644
153.250000	1	1.242390	0.302311	2.432254	0.301687
153.500000	0	0.067254	0.003675	0.556205	0.048716
153.500000	1	1.269225	0.432385	2.271012	0.314522
153.750000	0	0.066279	0.008598	0.482946	0.045487
153.750000	1	1.227095	0.516619	2.127322	0.286136
154.000000	0	0.067776	0.006438	0.711832	0.052618
154.000000	1	1.225882	0.382336	2.043779	0.289024
154.250000	0	0.065375	0.005215	0.459258	0.042241
154.250000	1	1.233283	0.423078	1.902305	0.245538
154.500000	0	0.067476	0.009520	0.722994	0.056171
154.500000	1	1.238816	0.096787	3.076309	0.313649
154.750000	0	0.066060	0.005841	0.452526	0.042563
154.750000	1	1.259134	0.660888	2.560323	0.258144
155.000000	0	0.064246	0.007449	0.297568	0.035358
155.000000	1	1.215954	0.156442	2.036612	0.257694
155.250000	0	0.063799	0.002132	0.447254	0.040724
155.250000	1	1.257277	0.722795	2.250342	0.244973
155.500000	0	0.065182	0.006500	0.383866	0.041282
155.500000	1	1.239842	0.475523	2.043855	0.235103
155.750000	0	0.064512	0.001860	0.322854	0.039900
155.750000	1	1.229435	0.083213	2.181250	0.269472
156.000000	0	0.063046	0.001750	0.676420	0.043692
156.000000	1	1.214257	0.224627	1.937769	0.277512
156.250000	0	0.064680	0.005454	0.442260	0.040549
156.250000	1	1.244997	0.626157	2.111386	0.235623
156.500000	0	0.062032	0.005376	0.296808	0.034326
156.500000	1	1.273239	0.327851	4.155906	0.444259
156.750000	0	0.062629	0.004905	0.352341	0.036409
156.750000	1	1.233854	0.293950	2.158061	0.287045
157.000000	0	0.063044	0.000498	0.335519	0.036328
157.000000	1	1.248852	0.654286	2.098526	0.242443
157.250000	0	0.064148	0.010094	0.778899	0.046841
157.250000	1	1.234616	0.568657	2.591123	0.265829
157.500000	0	0.064804	0.006313	0.742887	0.046296
157.500000	1	1.240358	0.289955	2.108744	0.245344
157.750000	0	0.063791	0.006068	0.506461	0.043169
157.750000	1	1.270056	0.322710	2.392839	0.263494
158.000000	0	0.062889	0.005648	0.266529	0.033317
158.000000	1	1.156229	0.216964	1.707188	0.257726
158.250000	0	0.063723	0.006980	0.625022	0.041285
158.250000	1	1.282056	0.398859	2.689336	0.314560
158.500000	0	0.064750	0.007703	0.622480	0.042993
158.500000	1	1.199164	0.653436	1.880187	0.222582
158.750000	0	0.063810	0.005886	0.366220	0.035700
158.750000	1	1.237979	0.383381	2.198605	0.304366
159.000000	0	0.067168	0.003744	1.274799	0.061227
159.000000	1	1.338372	0.510233	4.738465	0.559753
159.250000	0	0.065321	0.002310	0.623492	0.043394
159.250000	1	1.263962	0.620676	3.772918	0.388607
159.500000	0	0.064017	0.005253	0.372075	0.039783
159.500000	1	1.224287	0.485959	2.061801	0.276367
159.750000	0	0.065594	0.011165	0.436187	0.041425
159.750000	1	1.265251	0.567591	2.398980	0.307109
160.000000	0	0.064895	0.005113	0.503660	0.043430
160.000000	1	1.219502	0.397061	2.086468	0.269068
160.250000	0	0.062521	0.005132	0.416411	0.038460
160.250000	1	1.218373	0.408314	2.198307	0.277337
160.500000	0	0.064208	0.006768	0.449338	0.043302
160.500000	1	1.298470	0.284940	2.759655	0.283557
160.750000	0	0.063381	0.006138	0.484573	0.041524
160.750000	1	1.229371	0.432904	1.948640	0.213984
161.000000	0	0.063745	0.001375	0.324926	0.038854
161.000000	1	1.232003	0.657111	3.029826	0.276858
161.250000	0	0.066065	0.004379	0.445158	0.042656
161.250000	1	1.239472	0.359937	2.485583	0.272425
161.500000	0	0.063516	0.010457	0.351457	0.038042
161.500000	1	1.235193	0.685617	2.100596	0.244554
161.750000	0	0.066427	0.005288	0.458641	0.049334
161.750000	1	1.243763	0.493284	2.097133	0.257801
162.000000	0	0.065688	0.001986	0.382565	0.040608
162.000000	1	1.215249	0.205657	2.876677	0.328392
162.250000	0	0.066373	0.004437	0.444667	0.041171
162.250000	1	1.294097	0.662313	2.479601	0.304599
162.500000	0	0.065588	0.002355	0.465296	0.041122
162.500000	1	1.285497	0.779699	2.383835	0.224084
162.750000	0	0.062355	0.005937	0.348021	0.036285
162.750000	1	1.230574	0.407025	1.880309	0.217212
163.000000	0	0.064644	0.006963	0.306269	0.039639
163.000000	1	1.247807	0.646101	2.020532	0.225601
163.250000	0	0.063923	0.002613	0.454531	0.038715
163.250000	1	1.236245	0.190461	2.356827	0.299714
163.500000	0	0.064814	0.009182	0.437766	0.039926
163.500000	1	1.233880	0.388303	2.041338	0.250770
163.750000	0	0.062564	0.002753	0.312876	0.036387
163.750000	1	1.245741	0.459330	2.317775	0.277904
164.000000	0	0.060045	0.006924	0.311030	0.033387
164.000000	1	1.190635	0.563933	1.984852	0.217226
164.250000	0	0.064114	0.013511	0.394388	0.042395
164.250000	1	1.258598	0.526046	1.958435	0.221708
164.500000	0	0.063821	0.007376	0.376051	0.037546
164.500000	1	1.208725	0.326969	2.038377	0.250473
164.750000	0	0.065253	0.009588	0.654670	0.047245
164.750000	1	1.258415	0.304571	2.421688	0.282626
165.000000	0	0.062540	0.007436	0.311098	0.034760
165.000000	1	1.234089	0.103639	2.163465	0.242403
165.250000	0	0.062719	0.001385	0.390094	0.035889
165.250000	1	1.280817	0.606412	3.239763	0.349680
165.500000	0	0.062757	0.002295	0.521973	0.040759
165.500000	1	1.248797	0.574890	2.276372	0.255059
165.750000	0	0.064431	0.012630	0.372734	0.040654
165.750000	1	1.192840	0.315916	2.117511	0.268534
166.000000	0	0.064340	0.005049	0.685135	0.046098
166.000000	1	1.267228	0.708065	2.433920	0.286279
166.250000	0	0.065397	0.001735	0.386280	0.042748
166.250000	1	1.272929	0.209241	3.385887	0.378792
166.500000	0	0.063725	0.005588	0.351139	0.038226
166.500000	1	1.219876	0.666807	1.903282	0.232309
166.750000	0	0.063644	0.007727	0.819671	0.046877
166.750000	1	1.238380	0.641493	2.179619	0.238047
167.000000	0	0.063564	0.004522	0.520915	0.041174
167.000000	1	1.230106	0.669613	2.694910	0.263594
167.250000	0	0.063069	0.000812	0.547255	0.044616
167.250000	1	1.232148	0.674355	2.270281	0.252783
167.500000	0	0.064985	0.005429	0.570014	0.046876
167.500000	1	1.181565	0.332696	1.784932	0.234680
167.750000	0	0.066328	0.003249	0.426903	0.043095
167.750000	1	1.223151	0.230811	2.879011	0.352340
168.000000	0	0.066578	0.001478	0.602059	0.051238
168.000000	1	1.242595	0.493097	2.185854	0.273124
168.250000	0	0.063339	0.005897	0.304643	0.036070
168.250000	1	1.219460	0.298758	2.150982	0.262587
168.500000	0	0.064670	0.007077	0.878586	0.048401
168.500000	1	1.270723	0.294313	3.216281	0.351894
168.750000	0	0.063304	0.002348	0.544373	0.041206
168.750000	1	1.264312	0.475699	2.702444	0.307216
169.000000	0	0.064100	0.004174	0.484117	0.039036
169.000000	1	1.223374	0.301098	2.126588	0.266577
169.250000	0	0.066068	0.004230	1.075378	0.057172
169.250000	1	1.235890	0.415607	2.280238	0.258145
169.500000	0	0.067388	0.009044	0.632721	0.046785
169.500000	1	1.238200	0.665330	1.898354	0.229067
169.750000	0	0.062276	0.003864	0.382352	0.035076
169.750000	1	1.262885	0.108454	3.085638	0.367108
170.000000	0	0.063274	0.005303	0.300502	0.037219
170.000000	1	1.237714	0.537451	2.410451	0.282408
170.250000	0	0.063871	0.003139	1.293393	0.058465
170.250000	1	1.233162	0.177522	2.166571	0.288437
170.500000	0	0.063471	0.003703	0.399471	0.038770
170.500000	1	1.248334	0.535493	2.021394	0.276646
170.750000	0	0.062807	0.006226	0.606390	0.040946
170.750000	1	1.203231	0.295914	2.206254	0.301753
171.000000	0	0.063312	0.007430	0.315199	0.034754
171.000000	1	1.252923	0.731270	1.906482	0.257130
171.250000	0	0.062299	0.005923	0.323094	0.036487
171.250000	1	1.235293	0.524812	2.272355	0.221961
171.500000	0	0.063967	0.010879	1.062010	0.055371
171.500000	1	1.226546	0.181767	2.798869	0.300989
171.750000	0	0.063991	0.004611	0.321393	0.036686
171.750000	1	1.229338	0.581163	2.396438	0.258555
172.000000	0	0.064534	0.010178	0.301896	0.039812
172.000000	1	1.237737	0.168521	2.453414	0.307459
172.250000	0	0.064444	0.008913	0.685563	0.044303
172.250000	1	1.281910	0.375553	2.340386	0.287468
172.500000	0	0.062594	0.006846	0.542451	0.035459
172.500000	1	1.238908	0.694879	1.958710	0.226261
172.750000	0	0.063318	0.000662	0.423433	0.037943
172.750000	1	1.247567	0.517577	3.070305	0.308321
173.000000	0	0.064804	0.007752	0.600598	0.045393
173.000000	1	1.197615	0.057817	2.119817	0.304833
173.250000	0	0.063402	0.003182	0.412622	0.036539
173.250000	1	1.187885	0.611926	1.853374	0.247190
173.500000	0	0.065922	0.007762	0.534732	0.042511
173.500000	1	1.263386	0.381090	2.149582	0.279840
173.750000	0	0.062639	0.002860	0.496003	0.039974
173.750000	1	1.238304	0.049186	2.169301	0.260251
174.000000	0	0.063264	0.003792	1.228345	0.055280
174.000000	1	1.214441	0.450862	1.964746	0.243840
174.250000	0	0.059720	0.008389	0.225916	0.028841
174.250000	1	1.227875	0.253600	2.175703	0.265434
174.500000	0	0.064391	0.005400	0.526920	0.039679
174.500000	1	1.256165	0.093891	2.265716	0.278822
174.750000	0	0.064020	0.005582	0.423995	0.038939
174.750000	1	1.234134	0.562273	2.045712	0.237629
175.000000	0	0.062953	0.004997	0.371825	0.039045
175.000000	1	1.242277	0.434950	2.373235	0.267447
175.250000	0	0.063292	0.007060	0.306340	0.037028
175.250000	1	1.260163	0.530745	4.770142	0.411812
175.500000	0	0.066160	0.006440	0.699001	0.051786
175.500000	1	1.242396	0.412073	2.442714	0.277687
175.750000	0	0.063849	0.006954	0.449132	0.041662
175.750000	1	1.279134	0.743662	3.103445	0.289225
176.000000	0	0.062440	0.003686	0.372687	0.036744
176.000000	1	1.226387	0.230718	2.105221	0.289100
176.250000	0	0.063556	0.002199	0.407244	0.039042
176.250000	1	1.289030	0.541155	2.308579	0.290522
176.500000	0	0.062590	0.002812	0.459389	0.037709
176.500000	1	1.250200	0.446642	2.189939	0.229063
176.750000	0	0.062241	0.006106	0.508978	0.039699
176.750000	1	1.249945	0.773762	2.426121	0.242713
177.000000	0	0.061091	0.002914	0.509851	0.036907
177.000000	1	1.218516	0.403942	2.324984	0.261169
177.250000	0	0.060949	0.002706	0.267670	0.032274
177.250000	1	1.251543	0.735848	2.496139	0.301590
177.500000	0	0.063810	0.007547	0.508312	0.038219
177.500000	1	1.212453	0.300301	2.087074	0.257853
177.750000	0	0.063054	0.005245	0.310754	0.035454
177.750000	1	1.219297	0.469122	1.930786	0.226359
178.000000	0	0.062679	0.002912	0.274946	0.033929
178.000000	1	1.237438	0.260300	2.490680	0.311140
178.250000	0	0.062901	0.007584	0.429978	0.039096
178.250000	1	1.231732	0.342766	2.213195	0.273993
178.500000	0	0.064597	0.004234	0.461789	0.044234
178.500000	1	1.272185	0.452618	2.578746	0.288534
178.750000	0	0.062688	0.009225	0.268509	0.034158
178.750000	1	1.323332	0.314815	5.120289	0.539337
179.000000	0	0.064798	0.002541	0.456386	0.043421
179.000000	1	1.194356	0.558602	1.824312	0.237238
179.250000	0	0.064491	0.005125	0.309915	0.039593
179.250000	1	1.249819	0.632570	2.040461	0.229240
179.500000	0	0.063376	0.004504	0.456325	0.037081
179.500000	1	1.245902	0.522963	2.242193	0.224178
179.750000	0	0.063400	0.006819	0.726376	0.046760
179.750000	1	1.258664	0.621590	2.333659	0.264849
180.000000	0	0.065024	0.009445	0.457904	0.040349
180.000000	1	1.309062	0.677634	3.852072	0.414236
180.250000	0	0.062590	0.004449	0.536353	0.039605
180.250000	1	1.203467	0.622335	1.994463	0.224269
180.500000	0	0.064393	0.008736	0.522827	0.042193
180.500000	1	1.211838	0.290661	2.658631	0.311063
180.750000	0	0.065387	0.003056	0.517311	0.043783
180.750000	1	1.251975	0.637521	2.424818	0.281443
181.000000	0	0.065562	0.000685	0.746069	0.050860
181.000000	1	1.250998	0.641144	2.615705	0.302514
181.250000	0	0.064026	0.005805	0.383878	0.042125
181.250000	1	1.192086	0.175133	1.782092	0.230332
181.500000	0	0.064129	0.003994	0.734464	0.049141
181.500000	1	1.272213	0.451653	2.886825	0.354097
181.750000	0	0.068525	0.005153	1.839390	0.084600
181.750000	1	1.216320	0.341489	3.108591	0.363108
182.000000	0	0.063050	0.005677	0.383673	0.035875
182.000000	1	1.238361	0.343646	2.990867	0.329581
182.250000	0	0.064184	0.007536	0.673018	0.048921
182.250000	1	1.228033	0.497866	2.505894	0.298219
182.500000	0	0.062082	0.001364	0.332345	0.032655
182.500000	1	1.271992	0.170484	2.840142	0.386814
182.750000	0	0.064413	0.002910	0.718469	0.044780
182.750000	1	1.210506	0.238030	2.106672	0.241236
183.000000	0	0.063575	0.001372	0.376301	0.037351
183.000000	1	1.228827	0.254173	2.793927	0.365953
183.250000	0	0.067632	0.003287	1.125270	0.063249
183.250000	1	1.266376	0.096674	2.428682	0.364658
183.500000	0	0.063926	0.003178	0.342594	0.038202
183.500000	1	1.221561	0.342939	2.175099	0.305243
183.750000	0	0.062732	0.004270	0.654400	0.043253
183.750000	1	1.278097	0.566820	2.908917	0.287379
184.000000	0	0.062898	0.005377	0.689590	0.047193
184.000000	1	1.257338	0.636280	3.745432	0.356077
184.250000	0	0.061695	0.005065	0.284746	0.034182
184.250000	1	1.273994	0.436696	2.393618	0.291377
184.500000	0	0.065050	0.002992	1.346711	0.062509
184.500000	1	1.241587	0.503969	2.295766	0.233453
184.750000	0	0.064272	0.007666	0.379872	0.038075
184.750000	1	1.260558	0.492688	2.216908	0.287159
185.000000	0	0.063708	0.004763	0.489803	0.040900
185.000000	1	1.253086	0.396330	2.079299	0.245139
185.250000	0	0.063716	0.002839	0.692793	0.047011
185.250000	1	1.244260	0.214044	2.417141	0.320519
185.500000	0	0.062022	0.007890	0.371426	0.036304
185.500000	1	1.252339	0.470393	2.495381	0.309267
185.750000	0	0.064479	0.008834	0.329746	0.040203
185.750000	1	1.226146	0.356049	2.302037	0.293836
186.000000	0	0.065434	0.001234	0.561703	0.043563
186.000000	1	1.277273	0.505224	2.181110	0.276804
186.250000	0	0.063024	0.008122	0.348942	0.036215
186.250000	1	1.226390	0.532209	1.906985	0.228352
186.500000	0	0.063777	0.006778	0.450814	0.039574
186.500000	1	1.257117	0.463193	2.819596	0.334919
186.750000	0	0.065871	0.003874	0.806471	0.050043
186.750000	1	1.244977	0.413692	2.475072	0.287626
187.000000	0	0.064997	0.000498	0.535326	0.039532
187.000000	1	1.216263	0.573153	2.818893	0.297158
187.250000	0	0.064274	0.004762	1.119659	0.054025
187.250000	1	1.238411	0.690787	2.318436	0.272039
187.500000	0	0.064385	0.004180	0.553097	0.044292
187.500000	1	1.197113	0.375819	1.988960	0.280664
187.750000	0	0.062765	0.003893	0.522411	0.041890
187.750000	1	1.239346	0.107538	2.386365	0.288024
188.000000	0	0.063615	0.007436	0.366772	0.038857
188.000000	1	1.230913	0.670259	2.994410	0.268505
188.250000	0	0.063443	0.008714	0.389281	0.037761
188.250000	1	1.204637	0.610138	1.758504	0.229374
188.500000	0	0.065411	0.004904	0.525892	0.044242
188.500000	1	1.205645	0.372877	2.097486	0.261065
188.750000	0	0.064752	0.005061	0.377913	0.039383
188.750000	1	1.221858	0.160547	2.123729	0.296875
189.000000	0	0.063775	0.003061	0.273124	0.037665
189.000000	1	1.203221	0.513650	2.253064	0.218272
189.250000	0	0.063796	0.002997	0.420113	0.043164
189.250000	1	1.268887	0.443895	2.388735	0.282094
189.500000	0	0.062821	0.000491	0.656354	0.041808
189.500000	1	1.253595	0.678491	2.168468	0.249186
189.750000	0	0.063520	0.005810	0.274809	0.035090
189.750000	1	1.224554	0.480560	2.100172	0.252191
190.000000	0	0.065321	0.005602	0.423985	0.040303
190.000000	1	1.280666	0.788922	2.587645	0.290941
190.250000	0	0.063837	0.006213	0.389979	0.039171
190.250000	1	1.263179	0.767569	2.396098	0.260315
190.500000	0	0.062287	0.003019	0.390133	0.034934
190.500000	1	1.227398	0.198351	2.624815	0.294702
190.750000	0	0.062780	0.005529	0.405222	0.038808
190.750000	1	1.237519	0.494661	2.138408	0.255308
191.000000	0	0.064579	0.006650	0.421741	0.039293
191.000000	1	1.252286	0.365876	2.308159	0.249824
191.250000	0	0.063907	0.004657	0.492257	0.036859
191.250000	1	1.225759	0.346567	2.318849	0.241378
191.500000	0	0.064043	0.005048	0.455084	0.040746
191.500000	1	1.225748	0.451978	2.344706	0.272623
191.750000	0	0.063471	0.000237	0.407177	0.037752
191.750000	1	1.252961	0.321172	2.557756	0.309451
192.000000	0	0.064951	0.002339	0.693288	0.051256
192.000000	1	1.232517	0.332932	2.311642	0.300508
192.250000	0	0.064114	0.002620	0.939698	0.057330
192.250000	1	1.256219	0.535856	1.991185	0.254486
192.500000	0	0.065038	0.007491	1.237675	0.061382
192.500000	1	1.207935	0.484122	2.121503	0.236859
192.750000	0	0.064301	0.007354	0.507318	0.043714
192.750000	1	1.222626	0.343544	1.887232	0.257619
193.000000	0	0.064372	0.007813	0.574191	0.042992
193.000000	1	1.253522	0.142057	2.067077	0.280731
193.250000	0	0.064274	0.002803	0.334169	0.039494
193.250000	1	1.206898	0.528672	1.804073	0.231415
193.500000	0	0.061988	0.005153	0.468339	0.039008
193.500000	1	1.231591	0.876989	2.075853	0.220170
193.750000	0	0.063639	0.006252	0.499671	0.039320
193.750000	1	1.206863	0.582440	2.270245	0.256288
194.000000	0	0.062581	0.005384	0.378396	0.037817
194.000000	1	1.275517	0.670428	2.723700	0.295657
194.250000	0	0.061595	0.004783	0.395149	0.038094
194.250000	1	1.229507	0.348228	1.999170	0.270805
194.500000	0	0.062381	0.003285	0.372584	0.036453
194.500000	1	1.247509	0.678432	2.644919	0.249685
194.750000	0	0.063412	0.005637	0.473844	0.041635
194.750000	1	1.213678	0.262113	2.597678	0.319744
195.000000	0	0.063141	0.002629	0.355216	0.036788
195.000000	1	1.219067	0.491101	2.126431	0.243494
195.250000	0	0.062643	0.001352	0.307077	0.033484
195.250000	1	1.230207	0.225165	2.291364	0.335354
195.500000	0	0.061616	0.005193	0.308883	0.034505
195.500000	1	1.243944	0.368339	2.799318	0.312401
195.750000	0	0.061165	0.004512	0.443267	0.036233
195.750000	1	1.236558	0.337142	3.051763	0.319862
196.000000	0	0.062297	0.006080	0.336989	0.037241
196.000000	1	1.233333	0.487038	2.467877	0.291923
196.250000	0	0.064843	0.005164	0.388949	0.040667
196.250000	1	1.226198	0.813274	1.681000	0.180075
196.500000	0	0.064787	0.004406	0.318301	0.035106
196.500000	1	1.219133	0.163684	1.985897	0.237780
196.750000	0	0.063126	0.005699	0.573250	0.041157
196.750000	1	1.213927	0.409643	2.332043	0.245847
197.000000	0	0.063340	0.007796	0.356363	0.037375
197.000000	1	1.257569	0.543756	2.335487	0.254361
197.250000	0	0.065999	0.004802	0.702525	0.049565
197.250000	1	1.179573	0.253008	2.071838	0.274801
197.500000	0	0.062177	0.009275	0.426994	0.036623
197.500000	1	1.238890	0.684655	1.956637	0.223818
197.750000	0	0.061530	0.005779	0.282586	0.031066
197.750000	1	1.240149	0.365324	2.841612	0.334137
198.000000	0	0.061472	0.002949	0.316276	0.033589
198.000000	1	1.220827	0.507594	2.136459	0.237561
198.250000	0	0.062381	0.001783	0.979312	0.050018
198.250000	1	1.234706	0.687584	2.057017	0.229776
198.500000	0	0.062143	0.002528	0.708722	0.040867
198.500000	1	1.229239	0.429553	2.466936	0.278778
198.750000	0	0.061197	0.003889	0.479352	0.032353
198.750000	1	1.226157	0.473268	2.402792	0.339259
199.000000	0	0.062085	0.008624	0.363758	0.034965
199.000000	1	1.287686	0.506745	2.218298	0.271226
199.250000	0	0.062709	0.008738	0.329397	0.035428
199.250000	1	1.226534	0.803566	1.820462	0.200846
199.500000	0	0.062700	0.004631	0.501888	0.039437
199.500000	1	1.191323	0.402670	2.066046	0.239786
199.750000	0	0.063233	0.009088	0.377483	0.036738
199.750000	1	1.252009	0.201535	2.255753	0.331119
200.000000	0	0.059200	0.006234	0.259958	0.030564
200.000000	1	1.235275	0.514842	2.116328	0.199580
200.250000	0	0.062264	0.005698	0.421413	0.037002
200.250000	1	1.210695	0.577256	1.992043	0.227263
200.500000	0	0.061814	0.002106	0.671519	0.039868
200.500000	1	1.250725	0.459437	2.353768	0.269404
200.750000	0	0.064209	0.006661	0.704213	0.041635
200.750000	1	1.264954	0.711720	1.991208	0.229002
201.000000	0	0.060544	0.004842	0.265197	0.031347
201.000000	1	1.283775	0.175274	2.487461	0.325131
201.250000	0	0.059975	0.002476	0.503810	0.033187
201.250000	1	1.231110	0.498143	2.679649	0.258840
201.500000	0	0.061105	0.004523	0.412889	0.033451
201.500000	1	1.232086	0.400504	2.274385	0.261482
201.750000	0	0.060936	0.003876	0.466385	0.035942
201.750000	1	1.339369	0.817421	3.134378	0.302461
202.000000	0	0.060036	0.005264	0.300928	0.028299
202.000000	1	1.203808	0.481979	1.937481	0.191843
202.250000	0	0.061404	0.004634	0.392068	0.034586
202.250000	1	1.218351	0.723470	1.977608	0.197407
202.500000	0	0.061186	0.002046	0.334503	0.033384
202.500000	1	1.230856	0.517630	2.246710	0.262393
202.750000	0	0.063055	0.013002	0.447117	0.037318
202.750000	1	1.242623	0.299820	2.151821	0.248230
203.000000	0	0.061834	0.002769	0.361661	0.036764
203.000000	1	1.239519	0.597686	1.961607	0.223949
203.250000	0	0.062666	0.001951	0.449243	0.036549
203.250000	1	1.208817	0.471645	2.095711	0.246406
203.500000	0	0.063748	0.007501	0.602191	0.046132
203.500000	1	1.208658	0.163987	2.332170	0.273061
203.750000	0	0.065195	0.010871	0.509186	0.042357
203.750000	1	1.227001	0.489118	1.994393	0.291412
204.000000	0	0.066432	0.001333	0.433115	0.046226
204.000000	1	1.180369	0.559994	1.964396	0.247722
204.250000	0	0.066404	0.005214	0.511896	0.048441
204.250000	1	1.213769	0.204563	3.057130	0.357205
204.500000	0	0.063144	0.000706	0.573810	0.043294
204.500000	1	1.247344	0.130276	2.207168	0.313079
204.750000	0	0.064997	0.006833	0.459146	0.045423
204.750000	1	1.247025	0.454731	2.140259	0.280941
205.000000	0	0.065802	0.003220	0.464643	0.045310
205.000000	1	1.245216	0.336795	2.178156	0.316031
205.250000	0	0.065859	0.008706	0.524039	0.044456
205.250000	1	1.233752	0.376340	2.027605	0.301255
205.500000	0	0.066389	0.010629	0.391471	0.043762
205.500000	1	1.206083	0.363068	2.010681	0.274380
205.750000	0	0.064934	0.006961	0.490541	0.039858
205.750000	1	1.219270	0.532714	1.911342	0.243355
206.000000	0	0.064523	0.002299	0.417297	0.040665
206.000000	1	1.200902	0.404912	2.360755	0.287088
206.250000	0	0.066988	0.008311	0.477225	0.044666
206.250000	1	1.183191	0.149717	2.626879	0.340277
206.500000	0	0.066209	0.007204	0.527990	0.044686
206.500000	1	1.182382	0.397780	2.035274	0.268998
206.750000	0	0.068762	0.007420	0.596626	0.052654
206.750000	1	1.247346	0.530287	3.505360	0.407131
207.000000	0	0.066459	0.002464	0.455350	0.047403
207.000000	1	1.214128	0.241336	2.218390	0.294950
207.250000	0	0.064772	0.006166	0.341724	0.038206
207.250000	1	1.246687	0.359422	1.895513	0.237574
207.500000	0	0.063761	0.011400	0.373918	0.036189
207.500000	1	1.230814	0.654679	1.979932	0.209818
207.750000	0	0.066374	0.011162	0.562142	0.051911
207.750000	1	1.234236	0.253526	2.529473	0.308252
208.000000	0	0.062307	0.002547	0.379524	0.036553
208.000000	1	1.217529	0.369156	2.143919	0.243503
208.250000	0	0.064909	0.003292	0.339402	0.040068
208.250000	1	1.258712	0.736857	2.184120	0.240214
208.500000	0	0.063865	0.005700	0.407080	0.038139
208.500000	1	1.202409	0.690192	1.838427	0.195866
208.750000	0	0.066272	0.003165	0.718464	0.048986
208.750000	1	1.267639	0.274378	2.856966	0.301860
209.000000	0	0.064003	0.007259	0.928280	0.055929
209.000000	1	1.213881	0.152016	1.991701	0.271562
209.250000	0	0.063598	0.003143	0.515871	0.042076
209.250000	1	1.194813	0.148954	2.514946	0.257713
209.500000	0	0.064239	0.001497	0.355561	0.036545
209.500000	1	1.192176	0.204427	2.155832	0.237219
209.750000	0	0.066318	0.003618	0.878210	0.049042
209.750000	1	1.223943	0.259238	2.378552	0.273632
210.000000	0	0.064879	0.002003	0.553527	0.042783
210.000000	1	1.277803	0.459465	2.617722	0.300313
210.250000	0	0.064313	0.009956	0.692727	0.044569
210.250000	1	1.197623	0.480697	1.941573	0.265000
210.500000	0	0.067864	0.000806	0.833534	0.061049
210.500000	1	1.225368	0.446779	2.488369	0.265643
210.750000	0	0.063546	0.001801	0.374867	0.040138
210.750000	1	1.255114	0.104102	2.470036	0.317860
211.000000	0	0.063020	0.004310	0.331072	0.036765
211.000000	1	1.268997	0.235942	2.162620	0.269095
211.250000	0	0.065848	0.003623	0.392157	0.042659
211.250000	1	1.207909	0.318190	1.813570	0.238455
211.500000	0	0.063980	0.001018	0.644146	0.043005
211.500000	1	1.248797	0.332748	1.948604	0.248233
211.750000	0	0.062476	0.005053	0.421721	0.038258
211.750000	1	1.228510	0.454736	2.837982	0.282702
212.000000	0	0.064790	0.007666	0.363794	0.039819
212.000000	1	1.245062	0.566027	2.546881	0.268567
212.250000	0	0.064570	0.004931	0.670671	0.044639
212.250000	1	1.231702	0.282806	2.373858	0.335180
212.500000	0	0.065276	0.006348	0.408970	0.042719
212.500000	1	1.245671	0.086727	2.475406	0.312684
212.750000	0	0.062299	0.005783	0.325204	0.035916
212.750000	1	1.312293	0.163327	3.169191	0.373711
213.000000	0	0.062898	0.003752	0.500170	0.036873
213.000000	1	1.249671	0.660896	2.341154	0.235615
213.250000	0	0.062234	0.001126	0.408860	0.036128
213.250000	1	1.244290	0.599236	2.993922	0.323947
213.500000	0	0.062570	0.006510	0.383997	0.039257
213.500000	1	1.204976	0.386164	2.048641	0.231991
213.750000	0	0.064634	0.004887	0.303423	0.038180
213.750000	1	1.265531	0.105489	2.424080	0.299748
214.000000	0	0.062344	0.004748	0.535692	0.040570
214.000000	1	1.214172	0.507705	2.355681	0.260643
214.250000	0	0.061638	0.005107	0.513747	0.038357
214.250000	1	1.205506	0.188087	2.068885	0.270759
214.500000	0	0.062306	0.001871	0.379928	0.037320
214.500000	1	1.211164	0.505888	2.135318	0.270707
214.750000	0	0.061872	0.001941	0.311611	0.032195
214.750000	1	1.252215	0.278754	2.191551	0.320725
215.000000	0	0.064292	0.004411	0.350372	0.038319
215.000000	1	1.270614	0.723333	1.794039	0.210901
215.250000	0	0.061497	0.002885	0.297030	0.033714
215.250000	1	1.249559	0.573818	2.182667	0.226027
215.500000	0	0.062535	0.009433	0.774437	0.044539
215.500000	1	1.239286	0.275789	2.134711	0.262014
215.750000	0	0.062289	0.002919	0.307897	0.035333
215.750000	1	1.190694	0.420322	2.067752	0.236299
216.000000	0	0.061880	0.009286	0.856219	0.048140
216.000000	1	1.250011	0.554236	2.487281	0.246264
216.250000	0	0.061932	0.005311	0.297508	0.032442
216.250000	1	1.220516	0.556143	2.248256	0.246851
216.500000	0	0.062425	0.010508	0.561772	0.042011
216.500000	1	1.205950	0.503551	1.980096	0.246586
216.750000	0	0.061446	0.004053	0.441676	0.036394
216.750000	1	1.237552	0.310247	2.129438	0.265786
217.000000	0	0.062561	0.004346	0.364775	0.039894
217.000000	1	1.241869	0.190079	2.217724	0.301336
217.250000	0	0.061520	0.008461	0.457322	0.037788
217.250000	1	1.206304	0.458676	1.958360	0.254746
217.500000	0	0.065154	0.006291	0.814802	0.047632
217.500000	1	1.231088	0.321624	2.464989	0.326525
217.750000	0	0.062856	0.005608	0.553061	0.041582
217.750000	1	1.255918	0.542952	2.318270	0.260020
218.000000	0	0.062919	0.002544	0.394836	0.037959
218.000000	1	1.240077	0.686490	2.376765	0.242628
218.250000	0	0.062648	0.005190	0.566810	0.042191
218.250000	1	1.263636	0.702003	2.685698	0.298782
218.500000	0	0.059950	0.008580	0.333604	0.032418
218.500000	1	1.215745	0.378327	2.211464	0.241184
218.750000	0	0.065606	0.002189	0.988297	0.056930
218.750000	1	1.221841	0.713557	2.542410	0.237033
219.000000	0	0.063631	0.005373	0.336147	0.039656
219.000000	1	1.302385	0.307899	5.917641	0.567634
219.250000	0	0.066181	0.007139	1.098957	0.054894
219.250000	1	1.214071	0.634442	2.114924	0.235586
219.500000	0	0.068687	0.010301	0.937021	0.060151
219.500000	1	1.248615	0.733773	2.622327	0.253752
219.750000	0	0.063186	0.005451	0.573191	0.041046
219.750000	1	1.225059	0.495264	2.631282	0.245013
220.000000	0	0.064141	0.010278	0.426642	0.038202
220.000000	1	1.223558	0.267164	3.080060	0.343266
220.250000	0	0.063587	0.007145	0.648752	0.041488
220.250000	1	1.220967	0.380920	1.942715	0.253109
220.500000	0	0.064405	0.007015	0.366969	0.038282
220.500000	1	1.274506	0.342188	3.120082	0.327555
220.750000	0	0.065493	0.006812	1.246724	0.061444
220.750000	1	1.230281	0.538248	2.386729	0.276986
221.000000	0	0.063900	0.008617	0.287171	0.033416
221.000000	1	1.216116	0.307715	2.526643	0.323876
221.250000	0	0.065272	0.005840	0.474887	0.042782
221.250000	1	1.202101	0.267813	2.089165	0.262719
221.500000	0	0.064667	0.001468	0.568540	0.046423
221.500000	1	1.212540	0.359065	2.526587	0.276938
221.750000	0	0.068206	0.006467	1.187099	0.064336
221.750000	1	1.267398	0.267616	2.789714	0.326482
222.000000	0	0.064259	0.005347	0.436540	0.041807
222.000000	1	1.254722	0.775081	2.119555	0.236248
222.250000	0	0.062886	0.004181	0.783489	0.045355
222.250000	1	1.239164	0.241250	2.259267	0.241956
222.500000	0	0.061645	0.011349	0.305094	0.033525
222.500000	1	1.212085	0.087788	2.091375	0.252115
222.750000	0	0.063654	0.005267	0.491082	0.041416
222.750000	1	1.200052	0.048326	2.099515	0.291570
223.000000	0	0.062970	0.003967	0.488858	0.042137
223.000000	1	1.219632	0.501739	2.192658	0.269790
223.250000	0	0.066237	0.004741	1.078426	0.053719
223.250000	1	1.249436	0.295098	2.647609	0.303560
223.500000	0	0.061947	0.004226	0.455293	0.040705
223.500000	1	1.231363	0.290617	1.821178	0.284064
223.750000	0	0.064608	0.007255	1.045649	0.052327
223.750000	1	1.211176	0.341032	2.358159	0.316658
224.000000	0	0.062368	0.003598	0.870127	0.047648
224.000000	1	1.234654	0.338140	2.743155	0.299230
224.250000	0	0.062064	0.002153	0.415479	0.036201
224.250000	1	1.261669	0.690740	2.468699	0.318811
224.500000	0	0.062094	0.005797	0.528349	0.038016
224.500000	1	1.215833	0.149106	2.217716	0.318549
224.750000	0	0.061894	0.006089	0.324331	0.034318
224.750000	1	1.239411	0.361751	2.121171	0.289622
225.000000	0	0.062842	0.004961	0.297482	0.035385
225.000000	1	1.203740	0.436377	2.388262	0.287997
225.250000	0	0.063116	0.005010	0.405182	0.035260
225.250000	1	1.207584	0.454919	2.201063	0.250328
225.500000	0	0.063528	0.004453	0.303536	0.037242
225.500000	1	1.246585	0.724467	1.925493	0.246050
225.750000	0	0.064745	0.000775	0.558371	0.041099
225.750000	1	1.288887	0.449973	2.178806	0.287906
226.000000	0	0.060648	0.007322	0.268270	0.030805
226.000000	1	1.218647	0.249342	1.844041	0.211435
226.250000	0	0.060909	0.005809	0.532423	0.035781
226.250000	1	1.276948	0.721849	2.736394	0.275483
226.500000	0	0.061793	0.005213	0.568301	0.036010
226.500000	1	1.253560	0.781592	2.686201	0.258531
226.750000	0	0.062836	0.001256	0.479210	0.037022
226.750000	1	1.243888	0.578619	2.423143	0.263338
227.000000	0	0.061966	0.004295	0.390137	0.034626
227.000000	1	1.269658	0.310007	4.278191	0.388402
227.250000	0	0.062198	0.006307	0.308899	0.035427
227.250000	1	1.240535	0.482974	3.094290	0.326672
227.500000	0	0.064619	0.006723	0.546802	0.044928
227.500000	1	1.248599	0.458568	2.672903	0.291092
227.750000	0	0.064977	0.001455	0.772861	0.046958
227.750000	1	1.211379	0.449919	2.306692	0.250881
228.000000	0	0.064799	0.004855	0.312245	0.039414
228.000000	1	1.256851	0.546719	2.024246	0.253812
228.250000	0	0.060649	0.001370	0.319125	0.034089
228.250000	1	1.298389	0.750312	6.960439	0.636394
228.500000	0	0.063294	0.003188	1.360194	0.064610
228.500000	1	1.257897	0.627596	2.506049	0.304494
228.750000	0	0.063558	0.004323	0.370442	0.039396
228.750000	1	1.242401	0.547369	2.007601	0.218495
229.000000	0	0.062959	0.003479	0.667898	0.039139
229.000000	1	1.199042	0.534074	2.808026	0.277656
229.250000	0	0.063214	0.002808	0.488974	0.044858
229.250000	1	1.253009	0.555349	2.444476	0.282845
229.500000	0	0.064698	0.000880	0.567691	0.041652
229.500000	1	1.262906	0.775534	3.676692	0.316893
229.750000	0	0.060900	0.001086	0.499731	0.035645
229.750000	1	1.230549	0.720866	2.280510	0.245705
230.000000	0	0.065252	0.001836	0.505662	0.044130
230.000000	1	1.217582	0.332247	2.164763	0.234151
230.250000	0	0.065200	0.002967	0.582264	0.047799
230.250000	1	1.242817	0.623999	2.250121	0.265092
230.500000	0	0.067672	0.001332	1.309584	0.071612
230.500000	1	1.267339	0.145305	2.015564	0.304967
230.750000	0	0.065673	0.007250	0.608992	0.044806
230.750000	1	1.271593	0.437114	2.712704	0.297746
231.000000	0	0.063310	0.007488	0.351489	0.038014
231.000000	1	1.304633	0.137200	3.515916	0.395695
231.250000	0	0.064897	0.001046	0.485571	0.041199
231.250000	1	1.222598	0.516206	2.651849	0.297817
231.500000	0	0.068749	0.002346	0.741577	0.061315
231.500000	1	1.247525	0.200262	3.427281	0.351851
231.750000	0	0.067649	0.004980	0.635698	0.049901
231.750000	1	1.214823	0.273722	2.204757	0.273068
232.000000	0	0.067980	0.002796	0.940714	0.063960
232.000000	1	1.263172	0.206080	2.677584	0.312564
232.250000	0	0.062839	0.003156	0.355136	0.037916
232.250000	1	1.252529	0.492357	2.213030	0.257351
232.500000	0	0.065087	0.004909	0.509230	0.044074
232.500000	1	1.235873	0.205634	2.314182	0.271422
232.750000	0	0.065505	0.004277	0.427381	0.042222
232.750000	1	1.183246	0.613575	2.126399	0.246121
233.000000	0	0.065970	0.006684	0.589474	0.049994
233.000000	1	1.228619	0.478204	2.075641	0.266470
233.250000	0	0.063846	0.011551	0.428625	0.040816
233.250000	1	1.217272	0.562064	2.509501	0.311815
233.500000	0	0.063858	0.009744	0.490537	0.040449
233.500000	1	1.330812	0.453124	2.738135	0.366975
233.750000	0	0.062885	0.008338	0.346016	0.037803
233.750000	1	1.281874	0.174348	2.384415	0.303590
234.000000	0	0.060442	0.005075	0.568379	0.035261
234.000000	1	1.210977	0.534191	1.894669	0.226004
234.250000	0	0.061126	0.004619	0.323015	0.035003
234.250000	1	1.207521	0.466166	1.921841	0.269195
234.500000	0	0.061326	0.002038	0.301014	0.035681
234.500000	1	1.226288	0.382212	2.760740	0.314761
234.750000	0	0.066760	0.004667	0.621321	0.053044
234.750000	1	1.196109	0.271021	1.937298	0.252365
235.000000	0	0.065709	0.003519	0.556367	0.047997
235.000000	1	1.215757	0.599314	2.074859	0.252255
235.250000	0	0.064190	0.008831	0.307977	0.037795
235.250000	1	1.234455	0.578771	2.631038	0.258853
235.500000	0	0.063918	0.011589	0.519047	0.039673
235.500000	1	1.235953	0.462595	2.267007	0.268737
235.750000	0	0.063247	0.006685	0.328938	0.038131
235.750000	1	1.195944	0.305479	2.257715	0.293665
236.000000	0	0.065873	0.002555	0.404281	0.044551
236.000000	1	1.239968	0.593907	2.184425	0.233374
236.250000	0	0.065250	0.006664	0.491777	0.043064
236.250000	1	1.211700	0.486513	1.821520	0.220135
236.500000	0	0.066148	0.003197	0.425097	0.043306
236.500000	1	1.247046	0.531482	2.503974	0.300050
236.750000	0	0.063637	0.005242	0.375233	0.037381
236.750000	1	1.233887	0.482765	2.367864	0.293653
237.000000	0	0.063384	0.004662	0.620075	0.040713
237.000000	1	1.228200	0.590813	2.250957	0.267966
237.250000	0	0.068610	0.004205	0.985092	0.062819
237.250000	1	1.255010	0.442132	2.335450	0.322746
237.500000	0	0.064956	0.006956	0.415523	0.046494
237.500000	1	1.246368	0.439228	2.400289	0.305334
237.750000	0	0.064261	0.006090	0.345082	0.038710
237.750000	1	1.230984	0.304959	2.879234	0.277068
238.000000	0	0.065504	0.004493	0.441483	0.041999
238.000000	1	1.244977	0.577766	1.946024	0.231624
238.250000	0	0.064032	0.003951	0.586876	0.042797
238.250000	1	1.176935	0.280901	1.863333	0.248277
238.500000	0	0.064325	0.009184	0.379139	0.039522
238.500000	1	1.222594	0.223350	2.219328	0.273320
238.750000	0	0.063344	0.008577	0.767315	0.047949
238.750000	1	1.249139	0.467650	2.467197	0.312421
239.000000	0	0.065281	0.006974	0.474163	0.045283
239.000000	1	1.228690	0.276750	2.724166	0.298006
239.250000	0	0.063079	0.002490	0.602169	0.041983
239.250000	1	1.200853	0.662839	2.058636	0.214730
239.500000	0	0.065202	0.003508	0.708043	0.050218
239.500000	1	1.213811	0.187845	1.896786	0.271621
239.750000	0	0.063624	0.004153	0.645203	0.044964
239.750000	1	1.250680	0.191471	2.885150	0.360317
240.000000	0	0.063988	0.001779	0.510603	0.044123
240.000000	1	1.319756	0.369619	4.423308	0.537607
240.250000	0	0.062862	0.002003	0.385468	0.040876
240.250000	1	1.252159	0.177013	2.016132	0.246606
240.500000	0	0.062283	0.005811	0.304821	0.035442
240.500000	1	1.230773	0.538210	2.047390	0.244256
240.750000	0	0.064435	0.004966	0.471952	0.043004
240.750000	1	1.227616	0.388855	2.031793	0.291621
241.000000	0	0.064674	0.005957	0.474112	0.041748
241.000000	1	1.302614	0.357310	5.719847	0.604406
241.250000	0	0.065200	0.002007	0.541244	0.047808
241.250000	1	1.215254	0.651450	2.628988	0.237095
241.500000	0	0.064837	0.007626	0.790327	0.047958
241.500000	1	1.268133	0.152695	2.894316	0.292431
241.750000	0	0.064910	0.004111	0.651202	0.044310
241.750000	1	1.238922	0.594965	2.267069	0.248497
242.000000	0	0.065777	0.009422	0.845414	0.054274
242.000000	1	1.198791	0.456381	1.949304	0.258660
242.250000	0	0.066448	0.007443	0.929280	0.053555
242.250000	1	1.215695	0.286915	2.309826	0.294131
242.500000	0	0.066560	0.004681	0.620472	0.056322
242.500000	1	1.237816	0.297547	2.075888	0.321086
242.750000	0	0.066277	0.002037	0.735103	0.053495
242.750000	1	1.302145	0.566900	3.968163	0.401269
243.000000	0	0.063644	0.008644	0.577941	0.043344
243.000000	1	1.210172	0.513501	1.961286	0.230608
243.250000	0	0.066900	0.007276	0.850526	0.058772
243.250000	1	1.262623	0.516569	2.211621	0.238479
243.500000	0	0.064481	0.005892	0.648912	0.042906
243.500000	1	1.226485	0.293164	1.988451	0.239624
243.750000	0	0.064872	0.008023	0.502043	0.045765
243.750000	1	1.202195	0.423286	1.954741	0.240834
244.000000	0	0.064951	0.005105	0.619466	0.048845
244.000000	1	1.270623	0.428692	2.993177	0.334634
244.250000	0	0.063073	0.005863	0.485616	0.038841
244.250000	1	1.278792	0.126111	2.452491	0.298779
244.500000	0	0.061802	0.004101	0.251497	0.031933
244.500000	1	1.217618	0.563506	1.872778	0.190872
244.750000	0	0.065213	0.008309	0.458847	0.042105
244.750000	1	1.198863	0.635575	2.461706	0.278422
245.000000	0	0.063266	0.009809	0.333409	0.036027
245.000000	1	1.263269	0.600242	2.017722	0.232840
245.250000	0	0.062055	0.001383	0.355916	0.036369
245.250000	1	1.227050	0.736900	2.038803	0.231922
245.500000	0	0.062249	0.008517	0.286161	0.033551
245.500000	1	1.212147	0.357320	2.137206	0.264180
245.750000	0	0.061970	0.008842	0.237518	0.031279
245.750000	1	1.252150	0.295510	2.061840	0.265006
246.000000	0	0.061369	0.002047	0.439660	0.035285
246.000000	1	1.228932	0.492924	2.006697	0.242833
246.250000	0	0.061010	0.006928	0.352735	0.033645
246.250000	1	1.233581	0.094375	2.445584	0.264961
246.500000	0	0.061578	0.001929	0.288652	0.032988
246.500000	1	1.267984	0.629263	1.993433	0.229821
246.750000	0	0.061591	0.005713	0.777770	0.045270
246.750000	1	1.254442	0.544571	2.152727	0.218220
247.000000	0	0.060666	0.009260	0.425501	0.030685
247.000000	1	1.171854	0.154254	2.109657	0.244713
247.250000	0	0.061020	0.003561	0.314192	0.033259
247.250000	1	1.235604	0.660316	2.217883	0.255949
247.500000	0	0.062584	0.002191	0.461577	0.038941
247.500000	1	1.229482	0.724004	1.941869	0.235302
247.750000	0	0.060865	0.004326	0.321082	0.035069
247.750000	1	1.218013	0.604937	2.152916	0.242630
248.000000	0	0.063668	0.005241	0.449768	0.044349
248.000000	1	1.262965	0.278174	2.495678	0.318404
248.250000	0	0.061303	0.005947	0.435795	0.034839
248.250000	1	1.233656	0.356293	2.007953	0.214052
248.500000	0	0.061424	0.011105	0.312530	0.032175
248.500000	1	1.233493	0.329983	2.142417	0.264567
248.750000	0	0.062344	0.005242	0.278168	0.034323
248.750000	1	1.256644	0.494365	2.238433	0.269396
249.000000	0	0.062328	0.012802	0.595101	0.039194
249.000000	1	1.230303	0.586114	1.855790	0.226560
249.250000	0	0.061835	0.005944	0.691696	0.040810
249.250000	1	1.238745	0.547763	2.140907	0.248123
249.500000	0	0.062241	0.002148	1.001156	0.050329
249.500000	1	1.197791	0.327526	2.328756	0.326333
249.750000	0	0.062854	0.002300	0.488375	0.041532
249.750000	1	1.265034	0.354635	3.216816	0.366620
250.000000	0	0.064548	0.001642	0.488608	0.041437
250.000000	1	1.248501	0.357809	2.437625	0.345339
250.250000	0	0.066236	0.012319	0.698354	0.047903
250.250000	1	1.249172	0.487281	2.421742	0.248977
250.500000	0	0.062140	0.013356	0.376550	0.036494
250.500000	1	1.251338	0.216990	2.574494	0.312870
250.750000	0	0.062983	0.002304	0.357875	0.036753
250.750000	1	1.179011	0.346232	1.848188	0.230327
251.000000	0	0.063817	0.008109	0.473198	0.044367
251.000000	1	1.286942	0.508902	5.069863	0.472549
251.250000	0	0.064078	0.006346	0.559523	0.043863
251.250000	1	1.247727	0.292492	2.754290	0.288035
251.500000	0	0.062543	0.005687	0.370597	0.040053
251.500000	1	1.216510	0.404203	2.168277	0.229808
251.750000	0	0.062972	0.004684	0.471297	0.038492
251.750000	1	1.217127	0.116593	2.585422	0.321888
252.000000	0	0.063465	0.010248	0.277753	0.035304
252.000000	1	1.224773	0.383615	2.287910	0.288244
252.250000	0	0.066091	0.004644	1.270145	0.064360
252.250000	1	1.238629	0.177406	2.183961	0.300163
252.500000	0	0.063430	0.004794	0.555579	0.042313
252.500000	1	1.236318	0.069421	2.008083	0.273521
252.750000	0	0.062350	0.005823	0.416520	0.036170
252.750000	1	1.262106	0.501739	3.206058	0.316744
253.000000	0	0.062272	0.004758	0.357524	0.036884
253.000000	1	1.203802	0.515229	1.878362	0.231211
253.250000	0	0.062400	0.007334	0.665802	0.038865
253.250000	1	1.209136	0.174630	2.195076	0.261419
253.500000	0	0.063736	0.012509	0.234288	0.033319
253.500000	1	1.277848	0.430307	2.284028	0.314523
253.750000	0	0.064958	0.004668	0.526414	0.047870
253.750000	1	1.257426	0.360855	2.122395	0.300959
254.000000	0	0.063518	0.003859	0.516929	0.042790
254.000000	1	1.243689	0.750810	1.906076	0.210785
254.250000	0	0.060519	0.003827	0.331622	0.033612
254.250000	1	1.242673	0.428595	2.269787	0.299805
254.500000	0	0.061452	0.001270	0.400071	0.033840
254.500000	1	1.256798	0.382390	2.625697	0.282352
254.750000	0	0.059212	0.002520	0.323038	0.031755
254.750000	1	1.227720	0.698462	1.914920	0.205178
255.000000	0	0.062357	0.009931	0.289515	0.033793
255.000000	1	1.241897	0.467720	2.148262	0.220235
255.250000	0	0.063112	0.003085	0.440178	0.037188
255.250000	1	1.211153	0.553258	2.250107	0.224046
255.500000	0	0.065081	0.005991	0.403814	0.040077
255.500000	1	1.224687	0.293306	2.939745	0.313017
255.750000	0	0.061002	0.004942	0.428577	0.034142
255.750000	1	1.210663	0.490041	1.811270	0.203827
256.000000	0	0.062862	0.008448	1.007141	0.049790
256.000000	1	1.247863	0.426663	2.799107	0.326114
256.250000	0	0.060838	0.007578	0.459613	0.035394
256.250000	1	1.258412	0.414422	2.263434	0.334575
256.500000	0	0.059064	0.003215	0.309860	0.030850
256.500000	1	1.254323	0.763172	3.502415	0.296417
256.750000	0	0.059779	0.004892	0.287211	0.030195
256.750000	1	1.222393	0.337762	2.031133	0.219283
257.000000	0	0.062042	0.003082	0.443763	0.036991
257.000000	1	1.235595	0.664076	1.762805	0.220865
257.250000	0	0.062863	0.005170	0.363346	0.034486
257.250000	1	1.228559	0.565737	2.738599	0.261783
257.500000	0	0.063996	0.001791	0.843649	0.051819
257.500000	1	1.216558	0.268916	2.463613	0.340058
257.750000	0	0.064389	0.001679	0.428244	0.039513
257.750000	1	1.228646	0.457514	3.135236	0.327372
258.000000	0	0.063575	0.002691	0.556255	0.042901
258.000000	1	1.234236	0.491718	2.160299	0.272285
258.250000	0	0.063980	0.004985	0.575525	0.042996
258.250000	1	1.213018	0.523566	2.120049	0.247780
258.500000	0	0.064529	0.011250	0.453582	0.041670
258.500000	1	1.256680	0.306286	2.507498	0.315351
258.750000	0	0.061039	0.002176	0.488032	0.039547
258.750000	1	1.377803	0.388424	6.534965	0.672883
259.000000	0	0.063378	0.005486	1.012604	0.049359
259.000000	1	1.205906	0.196039	1.850325	0.235723
259.250000	0	0.061966	0.005276	0.327898	0.034369
259.250000	1	1.232957	0.581290	2.192177	0.233122
259.500000	0	0.066319	0.009693	0.567170	0.047580
259.500000	1	1.216811	0.228130	2.224219	0.282055
259.750000	0	0.063651	0.006385	0.422452	0.038502
259.750000	1	1.224400	0.707119	1.997477	0.241790
260.000000	0	0.062791	0.003852	0.328145	0.035103
260.000000	1	1.246900	0.377122	2.045027	0.240346
260.250000	0	0.062236	0.005400	0.318562	0.035776
260.250000	1	1.216841	0.511569	2.159515	0.274306
260.500000	0	0.062846	0.004616	0.553116	0.039943
260.500000	1	1.187100	0.205492	1.893270	0.269879
260.750000	0	0.065196	0.004001	0.571719	0.044328
260.750000	1	1.242593	0.413695	2.223558	0.308245
261.000000	0	0.068017	0.007591	0.903713	0.061915
261.000000	1	1.259131	0.618079	2.485232	0.254908
261.250000	0	0.063697	0.005752	0.444476	0.041251
261.250000	1	1.221864	0.429327	2.440461	0.311040
261.500000	0	0.064491	0.004468	1.048584	0.059888
261.500000	1	1.266177	0.325608	3.328397	0.340632
261.750000	0	0.062782	0.004549	0.633522	0.039868
261.750000	1	1.307504	0.718755	2.249139	0.261831
262.000000	0	0.061762	0.007421	0.301766	0.035351
262.000000	1	1.249501	0.090978	2.429844	0.286024
262.250000	0	0.061717	0.008185	0.367916	0.035665
262.250000	1	1.240034	0.742188	2.270935	0.220468
262.500000	0	0.060789	0.005495	0.354169	0.034829
262.500000	1	1.209404	0.574640	2.161721	0.228914
262.750000	0	0.062924	0.002657	0.488917	0.042148
262.750000	1	1.252340	0.443805	2.374069	0.272663
263.000000	0	0.062531	0.003808	0.493538	0.037663
263.000000	1	1.190816	0.605497	2.120287	0.226041
263.250000	0	0.063179	0.005941	0.480258	0.041912
263.250000	1	1.217321	0.183174	2.623678	0.343410
263.500000	0	0.062234	0.003903	0.754015	0.048257
263.500000	1	1.207178	0.272601	2.176258	0.267072
263.750000	0	0.064864	0.002931	0.454080	0.039911
263.750000	1	1.188588	0.457460	2.236417	0.255862
264.000000	0	0.065466	0.006538	0.431674	0.044448
264.000000	1	1.220432	0.263101	2.239026	0.293386
264.250000	0	0.067947	0.009532	0.719575	0.052488
264.250000	1	1.234038	0.543949	2.881769	0.286302
264.500000	0	0.065632	0.001924	0.618379	0.052908
264.500000	1	1.253661	0.313519	2.252318	0.313871
264.750000	0	0.064454	0.004476	0.603993	0.044590
264.750000	1	1.212065	0.586842	2.077768	0.212361
265.000000	0	0.063851	0.003874	0.659941	0.045621
265.000000	1	1.242286	0.246088	2.541946	0.295686
265.250000	0	0.064044	0.011822	0.504011	0.045186
265.250000	1	1.254258	0.489978	2.158912	0.256067
265.500000	0	0.062609	0.008918	0.385667	0.035164
265.500000	1	1.224326	0.205348	2.023155	0.254661
265.750000	0	0.063363	0.002475	0.275612	0.035226
265.750000	1	1.189415	0.412947	1.974837	0.270165
266.000000	0	0.064716	0.003172	0.477307	0.042050
266.000000	1	1.283698	0.443382	2.227888	0.316226
266.250000	0	0.062412	0.006108	0.381529	0.035700
266.250000	1	1.200064	0.263468	2.315143	0.314428
266.500000	0	0.064630	0.004320	0.534308	0.043291
266.500000	1	1.217007	0.631898	2.017206	0.256164
266.750000	0	0.063571	0.009494	0.685111	0.041197
266.750000	1	1.208857	0.414038	2.414611	0.269012
267.000000	0	0.064167	0.006337	0.607470	0.040463
267.000000	1	1.222617	0.221675	2.257559	0.301025
267.250000	0	0.062926	0.001498	0.321823	0.036097
267.250000	1	1.256331	0.302051	2.417194	0.289295
267.500000	0	0.061438	0.005126	0.595797	0.042109
267.500000	1	1.217779	0.497558	2.188742	0.225335
267.750000	0	0.063232	0.013411	0.357749	0.036492
267.750000	1	1.243013	0.559148	1.962370	0.237186
268.000000	0	0.062080	0.002940	0.273344	0.033727
268.000000	1	1.199208	0.314891	1.682515	0.214280
268.250000	0	0.063594	0.004377	0.794273	0.047838
268.250000	1	1.239456	0.527679	2.656005	0.325501
268.500000	0	0.064959	0.006901	0.752772	0.045472
268.500000	1	1.212386	0.565794	2.495851	0.284811
268.750000	0	0.062526	0.004921	0.704830	0.040900
268.750000	1	1.269890	0.268591	2.335994	0.301891
269.000000	0	0.061788	0.006012	0.547461	0.038874
269.000000	1	1.221616	0.186465	2.365546	0.311552
269.250000	0	0.062736	0.004110	0.382293	0.033267
269.250000	1	1.214269	0.238053	2.093878	0.228630
269.500000	0	0.062213	0.006266	0.409570	0.034384
269.500000	1	1.229186	0.553229	2.248308	0.269044
269.750000	0	0.061046	0.004477	0.426882	0.034036
269.750000	1	1.256749	0.492789	2.094320	0.262975
270.000000	0	0.061347	0.010924	0.509892	0.036237
270.000000	1	1.224524	0.410982	2.087680	0.254900
270.250000	0	0.063337	0.007381	0.268267	0.033672
270.250000	1	1.230547	0.571931	2.202206	0.226000
270.500000	0	0.063217	0.007937	0.358534	0.038092
270.500000	1	1.247149	0.585475	2.282649	0.287122
270.750000	0	0.063582	0.006712	0.298570	0.036522
270.750000	1	1.259322	0.134862	2.455150	0.301638
271.000000	0	0.063391	0.010002	0.315776	0.036623
271.000000	1	1.229233	0.521546	1.839977	0.202042
271.250000	0	0.063172	0.003179	0.395124	0.038608
271.250000	1	1.270999	0.323923	2.298566	0.313269
271.500000	0	0.060620	0.002419	0.375709	0.031191
271.500000	1	1.304457	0.631071	2.707809	0.313004
271.750000	0	0.061227	0.006054	0.748852	0.040337
271.750000	1	1.197354	0.673006	1.840980	0.203239
272.000000	0	0.061386	0.001940	0.359642	0.031639
272.000000	1	1.228549	0.544869	2.225127	0.249802
272.250000	0	0.061727	0.004194	0.256676	0.033696
272.250000	1	1.215463	0.615779	2.294560	0.277076
272.500000	0	0.063802	0.008501	0.955135	0.051102
272.500000	1	1.278802	0.367407	3.160247	0.322190
272.750000	0	0.063562	0.005218	0.523864	0.038367
272.750000	1	1.253255	0.194197	2.382825	0.310587
273.000000	0	0.061251	0.009015	0.272673	0.032432
273.000000	1	1.240392	0.495672	2.166600	0.218839
273.250000	0	0.062665	0.008393	0.317147	0.035288
273.250000	1	1.213949	0.426201	1.968104	0.234589
273.500000	0	0.061268	0.002065	0.295231	0.035642
273.500000	1	1.250374	0.655231	2.159762	0.254144
273.750000	0	0.063609	0.003523	0.524072	0.040575
273.750000	1	1.258682	0.526999	2.370491	0.279003
274.000000	0	0.058870	0.004689	0.270444	0.027981
274.000000	1	1.198356	0.155834	2.060946	0.264802
274.250000	0	0.061543	0.008881	0.336360	0.033981
274.250000	1	1.188478	0.481492	2.016425	0.224483
274.500000	0	0.062300	0.004602	0.533113	0.039353
274.500000	1	1.205309	0.186375	2.354003	0.297675
274.750000	0	0.062977	0.006996	0.549222	0.039140
274.750000	1	1.242689	0.446386	2.761417	0.339432
275.000000	0	0.063064	0.004673	0.396494	0.041829
275.000000	1	1.223053	0.490412	1.911662	0.226257
275.250000	0	0.061971	0.006296	0.359751	0.036845
275.250000	1	1.218835	0.437640	1.989803	0.249635
275.500000	0	0.063400	0.006728	0.308190	0.033929
275.500000	1	1.231228	0.200023	2.454866	0.341153
275.750000	0	0.062541	0.004792	0.651209	0.040320
275.750000	1	1.237433	0.393677	2.762667	0.275890
276.000000	0	0.062859	0.004975	0.436014	0.040595
276.000000	1	1.250798	0.574515	2.623811	0.289155
276.250000	0	0.065151	0.010742	0.414558	0.042368
276.250000	1	1.234824	0.235631	2.500270	0.289760
276.500000	0	0.066776	0.006295	0.504137	0.046783
276.500000	1	1.245882	0.161679	2.307329	0.311335
276.750000	0	0.063316	0.001563	0.367847	0.037301
276.750000	1	1.203628	0.430317	1.915495	0.256165
277.000000	0	0.065905	0.002757	0.912612	0.056933
277.000000	1	1.291416	0.248357	2.758321	0.375986
277.250000	0	0.064871	0.002428	0.887642	0.050605
277.250000	1	1.260367	0.609625	2.524796	0.252284
277.500000	0	0.063035	0.007420	0.384212	0.036553
277.500000	1	1.235549	0.474192	2.433850	0.250995
277.750000	0	0.063121	0.005134	0.322761	0.037116
277.750000	1	1.263269	0.420062	2.397290	0.268831
278.000000	0	0.062531	0.005181	0.294346	0.033802
278.000000	1	1.188639	0.574511	1.906056	0.197339
278.250000	0	0.062640	0.005377	0.497689	0.040542
278.250000	1	1.301803	0.353139	2.785305	0.388992
278.500000	0	0.063608	0.009833	0.661151	0.041834
278.500000	1	1.191013	0.255417	2.376397	0.355961
278.750000	0	0.066153	0.003996	0.810913	0.055949
278.750000	1	1.343171	0.531525	4.930271	0.539234
279.000000	0	0.064745	0.008951	0.455637	0.041213
279.000000	1	1.240345	0.427828	2.300775	0.270001
279.250000	0	0.065334	0.008172	0.379670	0.041544
279.250000	1	1.232598	0.626377	2.164110	0.260721
279.500000	0	0.064411	0.005040	0.491460	0.040475
279.500000	1	1.244231	0.301811	2.911626	0.335013
279.750000	0	0.061913	0.003292	0.365828	0.036947
279.750000	1	1.274847	0.577917	2.221627	0.313149
280.000000	0	0.062916	0.003303	0.406128	0.038871
280.000000	1	1.207479	0.045580	2.118018	0.290395
280.250000	0	0.063284	0.003930	0.310927	0.037258
280.250000	1	1.180624	0.247294	2.124253	0.313104
280.500000	0	0.063819	0.004478	0.638895	0.048094
280.500000	1	1.255291	0.098469	2.715617	0.341366
280.750000	0	0.062149	0.003521	0.554176	0.041162
280.750000	1	1.256795	0.332803	3.375800	0.373236
281.000000	0	0.061127	0.002577	0.311494	0.032632
281.000000	1	1.236304	0.413626	2.365800	0.266422
281.250000	0	0.062052	0.004360	0.466636	0.038408
281.250000	1	1.185553	0.365285	2.081049	0.263725
281.500000	0	0.062270	0.005523	0.481791	0.039150
281.500000	1	1.246508	0.604818	2.236499	0.278290
281.750000	0	0.063046	0.007106	0.331931	0.034354
281.750000	1	1.222446	0.289883	2.334452	0.309387
282.000000	0	0.064801	0.003505	0.696411	0.047162
282.000000	1	1.240830	0.354159	2.282953	0.255295
282.250000	0	0.065355	0.004874	1.293893	0.063879
282.250000	1	1.239076	0.134647	2.558351	0.319192
282.500000	0	0.064641	0.006061	0.424883	0.042022
282.500000	1	1.260950	0.439389	2.418484	0.335371
282.750000	0	0.063297	0.009493	0.409160	0.039214
282.750000	1	1.222009	0.249932	1.936350	0.266499
283.000000	0	0.065927	0.007250	0.421218	0.044170
283.000000	1	1.242733	0.673098	2.522826	0.252420
283.250000	0	0.066206	0.001682	0.581021	0.044978
283.250000	1	1.197357	0.554925	2.193486	0.249442
283.500000	0	0.062538	0.002216	0.395814	0.035413
283.500000	1	1.272166	0.625507	2.528705	0.306760
283.750000	0	0.065655	0.005396	0.979993	0.052780
283.750000	1	1.203584	0.564471	2.619210	0.294258
284.000000	0	0.065826	0.004689	0.382552	0.042575
284.000000	1	1.220655	0.434195	2.347594	0.286687
284.250000	0	0.068395	0.002746	1.371534	0.068024
284.250000	1	1.213971	0.143206	1.894901	0.252734
284.500000	0	0.062978	0.004728	0.330910	0.036754
284.500000	1	1.238785	0.661868	2.229703	0.231723
284.750000	0	0.063490	0.005294	0.448087	0.038888
284.750000	1	1.223705	0.249803	1.880823	0.233225
285.000000	0	0.061252	0.002261	0.522320	0.037697
285.000000	1	1.238708	0.292611	2.335641	0.253361
285.250000	0	0.061419	0.007568	0.325903	0.035531
285.250000	1	1.252415	0.473757	3.373680	0.332035
285.500000	0	0.063258	0.005232	0.277398	0.034825
285.500000	1	1.224670	0.526855	1.774649	0.201175
285.750000	0	0.062429	0.000228	0.369826	0.035012
285.750000	1	1.268175	0.496786	2.282981	0.290270
286.000000	0	0.064239	0.009742	0.462816	0.040783
286.000000	1	1.219153	0.389929	1.716316	0.211479
286.250000	0	0.061897	0.005378	0.375422	0.034973
286.250000	1	1.221222	0.739978	2.017064	0.219003
286.500000	0	0.062766	0.005609	0.327859	0.034039
286.500000	1	1.210949	0.487441	2.038111	0.255820
286.750000	0	0.062428	0.002257	0.647736	0.040159
286.750000	1	1.214317	0.157089	1.813546	0.242712
287.000000	0	0.063492	0.005292	0.394931	0.035197
287.000000	1	1.260850	0.475695	2.344382	0.269820
287.250000	0	0.064008	0.004071	0.474071	0.046418
287.250000	1	1.232289	0.640787	1.918994	0.254709
287.500000	0	0.063407	0.004865	1.086121	0.057098
287.500000	1	1.276714	0.536353	3.834007	0.391071
287.750000	0	0.064574	0.004583	1.074492	0.057246
287.750000	1	1.200571	0.262614	2.345176	0.243770
288.000000	0	0.062943	0.003811	0.385770	0.039005
288.000000	1	1.268320	0.304685	2.183160	0.300055
288.250000	0	0.064565	0.000886	0.344256	0.040212
288.250000	1	1.235356	0.500021	2.335603	0.294484
288.500000	0	0.063986	0.009320	0.619467	0.043586
288.500000	1	1.231956	0.559791	2.702961	0.304446
288.750000	0	0.066569	0.011752	0.907109	0.054284
288.750000	1	1.246701	0.375301	2.656363	0.313826
289.000000	0	0.062258	0.004128	0.382636	0.037554
289.000000	1	1.205427	0.229604	1.895424	0.256424
289.250000	0	0.064702	0.007267	0.518958	0.043760
289.250000	1	1.220758	0.455936	2.109563	0.277510
289.500000	0	0.061347	0.002694	0.551143	0.036211
289.500000	1	1.258617	0.368641	2.339305	0.261664
289.750000	0	0.061505	0.005808	0.330751	0.034478
289.750000	1	1.231700	0.377324	2.470564	0.242770
290.000000	0	0.063837	0.005034	0.604603	0.043627
290.000000	1	1.197040	0.283111	2.829135	0.274622
290.250000	0	0.064909	0.002652	0.668619	0.047733
290.250000	1	1.263680	0.378655	2.257316	0.268916
290.500000	0	0.067477	0.002657	1.336455	0.080427
290.500000	1	1.264815	0.256324	2.987835	0.356586
290.750000	0	0.061776	0.002398	0.470642	0.037594
290.750000	1	1.218720	0.395773	2.108956	0.247381
291.000000	0	0.061243	0.010079	0.446501	0.035124
291.000000	1	1.209520	0.525828	2.154809	0.253663
291.250000	0	0.061958	0.009325	0.320905	0.034220
291.250000	1	1.270170	0.437279	2.240730	0.317956
291.500000	0	0.061265	0.008147	0.363743	0.031837
291.500000	1	1.260828	0.559076	2.818056	0.321961
291.750000	0	0.065514	0.004020	0.780229	0.051052
291.750000	1	1.238486	0.500513	2.266406	0.293615
292.000000	0	0.061832	0.008840	0.291050	0.033540
292.000000	1	1.231642	0.600738	2.082324	0.234865
292.250000	0	0.061190	0.008881	0.506307	0.036746
292.250000	1	1.236874	0.277616	2.056141	0.242137
292.500000	0	0.060825	0.006991	0.257002	0.031738
292.500000	1	1.254956	0.253594	2.314257	0.240699
292.750000	0	0.063020	0.011281	0.693516	0.050923
292.750000	1	1.217983	0.476477	2.155868	0.235183
293.000000	0	0.064741	0.005451	0.330836	0.039232
293.000000	1	1.208898	0.414139	2.805012	0.336927
293.250000	0	0.063301	0.003898	0.538757	0.040214
293.250000	1	1.235565	0.457555	2.050063	0.251165
293.500000	0	0.061976	0.005831	0.795919	0.045488
293.500000	1	1.228107	0.176827	2.090958	0.247661
293.750000	0	0.062481	0.003233	0.465249	0.038217
293.750000	1	1.255820	0.297711	2.009888	0.266227
294.000000	0	0.063935	0.005321	0.310606	0.035235
294.000000	1	1.244697	0.089567	2.162068	0.256213
294.250000	0	0.061558	0.004175	0.355125	0.035302
294.250000	1	1.320455	0.398263	10.008736	1.078359
294.500000	0	0.065749	0.011041	0.877734	0.053465
294.500000	1	1.291482	0.387512	2.425023	0.291420
294.750000	0	0.063802	0.007449	0.354475	0.038127
294.750000	1	1.251499	0.392463	2.101505	0.274977
295.000000	0	0.064241	0.002882	0.567620	0.043946
295.000000	1	1.202784	0.599599	1.822959	0.217955
295.250000	0	0.061862	0.003819	0.472318	0.036051
295.250000	1	1.220851	0.797043	2.488749	0.260343
295.500000	0	0.066467	0.004092	0.601047	0.048839
295.500000	1	1.254500	0.613597	2.119506	0.246651
295.750000	0	0.065428	0.004391	0.583880	0.046652
295.750000	1	1.254531	0.760217	1.972130	0.204208
296.000000	0	0.066433	0.011325	0.350751	0.040776
296.000000	1	1.242921	0.286044	2.806903	0.312688
296.250000	0	0.065130	0.008604	0.527272	0.044205
296.250000	1	1.210862	0.384676	2.013540	0.245167
296.500000	0	0.066824	0.004248	0.662464	0.050394
296.500000	1	1.228364	0.265607	2.326264	0.266551
296.750000	0	0.064834	0.003613	0.391529	0.044299
296.750000	1	1.208539	0.092898	1.679246	0.229613
297.000000	0	0.062181	0.004822	0.361452	0.038508
297.000000	1	1.216170	0.529063	1.855061	0.226189
297.250000	0	0.065998	0.002134	0.599037	0.048179
297.250000	1	1.232772	0.330822	2.420813	0.265841
297.500000	0	0.062738	0.005559	0.356142	0.036790
297.500000	1	1.233384	0.574274	2.264691	0.244928
297.750000	0	0.064740	0.008700	0.380227	0.041280
297.750000	1	1.194745	0.637026	1.947452	0.215520
298.000000	0	0.064063	0.004020	0.878096	0.052661
298.000000	1	1.264060	0.417894	2.487487	0.304541
298.250000	0	0.065205	0.006649	0.566925	0.048009
298.250000	1	1.236207	0.654746	1.887937	0.241478
298.500000	0	0.063212	0.001518	0.593873	0.040469
298.500000	1	1.205900	0.356202	1.939474	0.230124
298.750000	0	0.063964	0.006895	0.333232	0.038341
298.750000	1	1.347956	0.745262	4.304981	0.466652
299.000000	0	0.062972	0.002503	0.516742	0.039791
299.000000	1	1.225668	0.466660	2.525258	0.258491
299.250000	0	0.066539	0.003523	0.652300	0.049070
299.250000	1	1.241102	0.331195	2.241984	0.272455
299.500000	0	0.064663	0.008432	0.679420	0.047054
299.500000	1	1.231805	0.200633	2.356715	0.332831
299.750000	0	0.064099	0.006545	0.566456	0.040771
299.750000	1	1.190954	0.404327	2.294066	0.233325
300.000000	0	0.064652	0.004749	0.441918	0.040051
300.000000	1	1.211644	0.225155	2.575641	0.315988
300.250000	0	0.064873	0.006494	0.506861	0.045102
300.250000	1	1.209424	0.479979	2.137893	0.272273
300.500000	0	0.066786	0.002027	0.574951	0.050858
300.500000	1	1.280767	0.545534	2.679192	0.331274
300.750000	0	0.064181	0.003506	0.565283	0.040137
300.750000	1	1.262002	0.170882	3.322686	0.387887
301.000000	0	0.062658	0.000994	0.411977	0.037868
301.000000	1	1.197622	0.529407	2.291369	0.262270
301.250000	0	0.062726	0.006340	0.760968	0.045562
301.250000	1	1.218806	0.455219	2.051462	0.257113
301.500000	0	0.064073	0.005504	0.731407	0.050203
301.500000	1	1.458104	0.201946	14.491308	1.713481
301.750000	0	0.062732	0.008352	0.341386	0.038531
301.750000	1	1.273196	0.642451	3.013268	0.319116
302.000000	0	0.064384	0.005151	0.880950	0.051265
302.000000	1	1.221533	0.590924	2.240313	0.257390
302.250000	0	0.063756	0.002360	0.444447	0.041270
302.250000	1	1.256709	0.246553	1.933423	0.272184
302.500000	0	0.059812	0.002202	0.262813	0.031348
302.500000	1	1.221350	0.187706	2.028346	0.233525
302.750000	0	0.062977	0.006985	0.479021	0.037410
302.750000	1	1.196474	0.409126	2.160705	0.263496
303.000000	0	0.063721	0.004492	0.498746	0.039436
303.000000	1	1.193457	0.588568	1.832736	0.240575
303.250000	0	0.063662	0.004236	0.338633	0.036328
303.250000	1	1.247249	0.477641	2.194180	0.287330
303.500000	0	0.062959	0.005745	0.759640	0.045962
303.500000	1	1.254907	0.487194	2.346826	0.261671
303.750000	0	0.061612	0.003104	0.571139	0.039002
303.750000	1	1.220738	0.259534	2.833898	0.331541
304.000000	0	0.063847	0.002332	0.291075	0.035504
304.000000	1	1.242476	0.350520	2.206190	0.263299
304.250000	0	0.059009	0.003405	0.257109	0.030608
304.250000	1	1.242074	0.501093	2.007826	0.229596
304.500000	0	0.061639	0.004182	0.285619	0.032353
304.500000	1	1.191625	0.292712	2.093358	0.290414
304.750000	0	0.063065	0.005981	0.514504	0.042155
304.750000	1	1.252238	0.602070	3.316078	0.380165
305.000000	0	0.062219	0.001899	0.299782	0.034609
305.000000	1	1.284349	0.335410	5.167951	0.549976
305.250000	0	0.065973	0.002895	0.981466	0.058919
305.250000	1	1.244611	0.143284	2.328284	0.303339
305.500000	0	0.061724	0.005769	0.398352	0.038312
305.500000	1	1.253009	0.379315	4.689024	0.428629
305.750000	0	0.062154	0.012868	0.398618	0.037038
305.750000	1	1.242444	0.420106	2.219732	0.265500
306.000000	0	0.065716	0.004832	1.070329	0.060332
306.000000	1	1.199283	0.249610	3.361426	0.363775
306.250000	0	0.062973	0.002459	0.339958	0.039532
306.250000	1	1.224300	0.630187	2.084885	0.236714
306.500000	0	0.062947	0.003552	0.310022	0.037276
306.500000	1	1.288217	0.554897	2.343014	0.293142
306.750000	0	0.060456	0.005170	0.296372	0.033602
306.750000	1	1.222730	0.559294	2.893319	0.272881
307.000000	0	0.063433	0.001977	0.873452	0.051947
307.000000	1	1.229958	0.429155	2.228698	0.277172
307.250000	0	0.062259	0.001710	0.423360	0.038444
307.250000	1	1.237858	0.573336	2.384908	0.241792
307.500000	0	0.061216	0.004086	0.512702	0.036669
307.500000	1	1.234839	0.413161	2.260389	0.294727
307.750000	0	0.063977	0.006970	0.346558	0.037313
307.750000	1	1.256646	0.560738	2.329565	0.294804
308.000000	0	0.062659	0.008060	0.460579	0.039513
308.000000	1	1.250852	0.280836	2.873427	0.364195
308.250000	0	0.063960	0.002817	0.614945	0.044229
308.250000	1	1.264138	0.306499	4.490935	0.504031
308.500000	0	0.064695	0.003060	0.465252	0.044637
308.500000	1	1.226085	0.629565	2.208379	0.266127
308.750000	0	0.068103	0.006186	0.655659	0.054158
308.750000	1	1.259448	0.520189	2.202865	0.299932
309.000000	0	0.065892	0.009002	0.883866	0.051411
309.000000	1	1.258271	0.430498	3.842877	0.385517
309.250000	0	0.063508	0.001538	0.566560	0.043317
309.250000	1	1.255727	0.600673	2.364968	0.276079
309.500000	0	0.063806	0.004075	0.513957	0.042702
309.500000	1	1.261840	0.571983	2.322631	0.279760
309.750000	0	0.064291	0.008149	0.411185	0.038477
309.750000	1	1.213314	0.059698	2.036714	0.236741
310.000000	0	0.064569	0.007901	0.583297	0.043379
310.000000	1	1.205811	0.522336	1.824600	0.189335
310.250000	0	0.064184	0.003022	0.345135	0.039516
310.250000	1	1.202022	0.522728	2.396636	0.245721
310.500000	0	0.063881	0.002613	0.355915	0.039171
310.500000	1	1.267396	0.494209	2.326290	0.276899
310.750000	0	0.062742	0.002027	0.427751	0.039706
310.750000	1	1.264341	0.784053	2.478240	0.254537
311.000000	0	0.064282	0.006235	0.821377	0.047217
311.000000	1	1.257673	0.865947	2.075298	0.209580
311.250000	0	0.061957	0.005364	0.409565	0.034784
311.250000	1	1.199105	0.390977	2.188947	0.251547
311.500000	0	0.064295	0.004491	0.393661	0.037931
311.500000	1	1.183535	0.384646	1.871446	0.249900
311.750000	0	0.064278	0.003567	0.653629	0.045154
311.750000	1	1.254219	0.526021	2.437806	0.371888
312.000000	0	0.066154	0.007680	0.724029	0.048003
312.000000	1	1.232511	0.743060	1.948493	0.216053
312.250000	0	0.065543	0.005061	0.483829	0.046240
312.250000	1	1.209591	0.084010	2.261602	0.298297
312.500000	0	0.064173	0.001304	0.401374	0.037626
312.500000	1	1.245914	0.634177	2.733663	0.345337
312.750000	0	0.063748	0.004713	0.472924	0.040641
312.750000	1	1.225356	0.340698	2.768715	0.340214
313.000000	0	0.065623	0.002344	0.741339	0.046695
313.000000	1	1.262039	0.405066	2.711205	0.362540
313.250000	0	0.063384	0.002683	0.578823	0.037833
313.250000	1	1.229857	0.528806	2.070304	0.240951
313.500000	0	0.063107	0.010663	0.523797	0.039153
313.500000	1	1.236805	0.707432	2.011373	0.237489
313.750000	0	0.063605	0.003320	0.773311	0.051139
313.750000	1	1.223361	0.400004	2.083950	0.244475
314.000000	0	0.064126	0.002634	0.373460	0.038842
314.000000	1	1.547859	0.365162	20.024830	2.296142
314.250000	0	0.063854	0.005165	0.458696	0.040403
314.250000	1	1.286476	0.470835	2.490184	0.298010
314.500000	0	0.064826	0.006820	0.395034	0.040007
314.500000	1	1.263935	0.306117	4.855963	0.460424
314.750000	0	0.066337	0.004670	0.739618	0.047506
314.750000	1	1.249890	0.274525	2.071737	0.281571
315.000000	0	0.062419	0.004557	0.842287	0.043421
315.000000	1	1.229500	0.616731	2.333534	0.227533
315.250000	0	0.066904	0.005246	0.664200	0.048875
315.250000	1	1.239262	0.671339	2.330976	0.225622
315.500000	0	0.065009	0.006378	0.542298	0.041033
315.500000	1	1.251294	0.545491	2.280887	0.202505
315.750000	0	0.064099	0.008298	0.652918	0.045028
315.750000	1	1.264846	0.507400	2.742807	0.231655
316.000000	0	0.064885	0.007663	0.379085	0.039633
316.000000	1	1.217886	0.557093	1.795640	0.192459
316.250000	0	0.065434	0.004978	0.353720	0.040865
316.250000	1	1.271510	0.242882	2.420613	0.292826
316.500000	0	0.066003	0.008724	0.554513	0.047842
316.500000	1	1.243799	0.231472	2.233020	0.240705
316.750000	0	0.064539	0.001283	0.354325	0.038019
316.750000	1	1.195991	0.657573	1.945846	0.245111
317.000000	0	0.064693	0.004494	0.374806	0.041927
317.000000	1	1.186777	0.320451	1.913487	0.270557
317.250000	0	0.064154	0.005074	0.426023	0.038799
317.250000	1	1.244981	0.621742	2.224301	0.247928
317.500000	0	0.062827	0.009484	0.476870	0.039012
317.500000	1	1.240062	0.220577	2.390462	0.275625
317.750000	0	0.062828	0.003309	0.326047	0.035814
317.750000	1	1.223044	0.734553	1.809703	0.196601
318.000000	0	0.065837	0.007616	0.857074	0.063773
318.000000	1	1.249679	0.196829	2.687380	0.316636
318.250000	0	0.062789	0.004209	0.731706	0.042237
318.250000	1	1.292079	0.293170	6.114170	0.563758
318.500000	0	0.066862	0.005420	0.351104	0.044333
318.500000	1	1.250459	0.430548	2.147664	0.319845
318.750000	0	0.064902	0.004720	0.310845	0.037500
318.750000	1	1.281227	0.521028	2.811299	0.288343
319.000000	0	0.062568	0.004925	0.725290	0.039826
319.000000	1	1.221019	0.539157	1.897896	0.212664
319.250000	0	0.064210	0.005591	0.730559	0.044803
319.250000	1	1.247011	0.620155	2.347605	0.247248
319.500000	0	0.063148	0.005485	0.770543	0.044636
319.500000	1	1.249322	0.368446	2.599874	0.276627
319.750000	0	0.064834	0.007858	0.689423	0.045494
319.750000	1	1.271614	0.450591	2.334807	0.251454
320.000000	0	0.062661	0.014082	0.363081	0.034796
320.000000	1	1.209655	0.737100	1.753222	0.186433
320.250000	0	0.065114	0.005173	0.429783	0.038208
320.250000	1	1.233736	0.515070	2.179085	0.279030
320.500000	0	0.063527	0.000429	0.444597	0.038918
320.500000	1	1.275691	0.639030	2.802027	0.321013
320.750000	0	0.065003	0.007382	0.790319	0.052395
320.750000	1	1.209383	0.663990	2.002904	0.205939
321.000000	0	0.064362	0.004556	0.435741	0.040717
321.000000	1	1.213533	0.266627	1.886677	0.257355
321.250000	0	0.062399	0.003296	0.504555	0.041131
321.250000	1	1.242311	0.572042	2.044568	0.241037
321.500000	0	0.063749	0.008807	0.411952	0.039627
321.500000	1	1.236235	0.636664	1.882247	0.230619
321.750000	0	0.064107	0.006976	0.419177	0.040851
321.750000	1	1.229246	0.478328	2.384131	0.256341
322.000000	0	0.063604	0.005156	0.367116	0.038606
322.000000	1	1.270867	0.345005	2.834211	0.275406
322.250000	0	0.064471	0.003151	0.811296	0.053554
322.250000	1	1.184178	0.228470	2.151075	0.262208
322.500000	0	0.066147	0.004620	0.655057	0.048764
322.500000	1	1.263649	0.318102	2.981695	0.325406
322.750000	0	0.068264	0.003030	1.276925	0.064876
322.750000	1	1.258924	0.631839	2.786129	0.294638
323.000000	0	0.062995	0.007158	0.315298	0.035935
323.000000	1	1.233210	0.642300	1.882474	0.203825
323.250000	0	0.062671	0.003608	0.288325	0.036318
323.250000	1	1.225420	0.373452	2.481820	0.262189
323.500000	0	0.061441	0.004639	0.321115	0.036125
323.500000	1	1.228529	0.387356	2.425728	0.307889
323.750000	0	0.062359	0.006848	0.335592	0.034940
323.750000	1	1.230446	0.314368	2.512040	0.344811
324.000000	0	0.065873	0.009812	0.604265	0.046251
324.000000	1	1.313959	0.661713	2.511725	0.302529
324.250000	0	0.061921	0.011074	0.495713	0.041586
324.250000	1	1.244039	0.433592	2.193928	0.211789
324.500000	0	0.062880	0.003486	0.344664	0.036175
324.500000	1	1.226534	0.594352	2.050988	0.225470
324.750000	0	0.063315	0.003614	0.525821	0.038173
324.750000	1	1.234919	0.638884	2.308210	0.217900
325.000000	0	0.065295	0.002984	0.969382	0.051530
325.000000	1	1.213719	0.442147	2.881160	0.279716
325.250000	0	0.066673	0.005786	1.451701	0.066641
325.250000	1	1.234235	0.280565	2.294223	0.303504
325.500000	0	0.065447	0.010574	0.431256	0.044096
325.500000	1	1.200827	0.419349	1.812973	0.240394
325.750000	0	0.066457	0.004172	0.559972	0.047379
325.750000	1	1.245209	0.399621	2.168250	0.268436
326.000000	0	0.061754	0.002422	0.355463	0.035188
326.000000	1	1.233113	0.175786	2.609858	0.303941
326.250000	0	0.061103	0.001981	0.324094	0.034446
326.250000	1	1.219167	0.616652	2.075153	0.241577
326.500000	0	0.064436	0.009138	0.395458	0.038502
326.500000	1	1.178117	0.390914	1.856072	0.273119
326.750000	0	0.062914	0.008863	0.526118	0.041588
326.750000	1	1.237960	0.568784	2.274775	0.273904
327.000000	0	0.065326	0.009193	0.428936	0.039095
327.000000	1	1.240650	0.537019	2.115892	0.285341
327.250000	0	0.063315	0.008681	0.709101	0.047068
327.250000	1	1.221212	0.605367	2.417339	0.287443
327.500000	0	0.065495	0.001653	0.523808	0.044555
327.500000	1	1.309755	0.248116	3.740844	0.515331
327.750000	0	0.065408	0.009700	0.431569	0.043647
327.750000	1	1.238625	0.317492	2.293787	0.300505
328.000000	0	0.064483	0.003064	0.604856	0.045264
328.000000	1	1.228307	0.660531	2.580472	0.280977
328.250000	0	0.063236	0.008665	0.487849	0.042591
328.250000	1	1.224186	0.259783	2.915324	0.349806
328.500000	0	0.062003	0.004918	0.629225	0.042035
328.500000	1	1.261360	0.540601	1.978661	0.216644
328.750000	0	0.062840	0.007143	0.658509	0.044765
328.750000	1	1.224541	0.458229	2.433470	0.298302
329.000000	0	0.064384	0.008676	0.719408	0.045306
329.000000	1	1.230307	0.414149	2.464880	0.268646
329.250000	0	0.063717	0.000495	0.481749	0.041603
329.250000	1	1.250402	0.434822	2.309729	0.264553
329.500000	0	0.060116	0.003613	0.466634	0.034282
329.500000	1	1.211466	0.645273	2.479895	0.218830
329.750000	0	0.064029	0.005759	0.499147	0.041054
329.750000	1	1.227868	0.367926	2.292155	0.259213
330.000000	0	0.063386	0.003422	0.663921	0.044940
330.000000	1	1.212323	0.403813	2.065171	0.255766
330.250000	0	0.063393	0.003826	0.783756	0.047078
330.250000	1	1.202919	0.185832	1.767733	0.237020
330.500000	0	0.065973	0.003044	0.625198	0.046675
330.500000	1	1.226135	0.443415	2.474756	0.290958
330.750000	0	0.065083	0.003700	0.686866	0.044662
330.750000	1	1.244094	0.223995	2.982255	0.390879
331.000000	0	0.064192	0.004035	0.374378	0.042005
331.000000	1	1.223120	0.291226	2.453185	0.309607
331.250000	0	0.063916	0.003182	0.454408	0.040845
331.250000	1	1.264101	0.589134	2.378004	0.246139
331.500000	0	0.064383	0.008009	0.734390	0.047131
331.500000	1	1.221860	0.466028	2.450651	0.291611
331.750000	0	0.064782	0.002261	0.812077	0.051848
331.750000	1	1.212498	0.477543	2.213880	0.275383
332.000000	0	0.066214	0.001115	0.651521	0.048529
332.000000	1	1.238595	0.645193	2.181771	0.268344
332.250000	0	0.067389	0.004246	0.628993	0.055178
332.250000	1	1.235823	0.436503	2.652504	0.314440
332.500000	0	0.066078	0.002165	0.499207	0.048249
332.500000	1	1.259608	0.636646	3.153728	0.331238
332.750000	0	0.066148	0.007333	0.509120	0.046499
332.750000	1	1.225341	0.554742	2.301086	0.269647
333.000000	0	0.064030	0.003055	0.499773	0.043828
333.000000	1	1.258460	0.142453	2.227878	0.313000
333.250000	0	0.062872	0.001502	0.567035	0.041219
333.250000	1	1.233791	0.389819	2.303372	0.257964
333.500000	0	0.062315	0.002917	0.421117	0.037422
333.500000	1	1.213975	0.544012	2.204659	0.248383
333.750000	0	0.065566	0.005458	0.730416	0.047349
333.750000	1	1.239140	0.270709	2.216155	0.283488
334.000000	0	0.063706	0.005268	0.854595	0.046323
334.000000	1	1.275013	0.580886	2.053618	0.262272
334.250000	0	0.062562	0.006620	0.239118	0.030959
334.250000	1	1.251777	0.525685	1.892407	0.221306
334.500000	0	0.061146	0.004537	0.257388	0.032583
334.500000	1	1.217648	0.248842	2.302322	0.270627
334.750000	0	0.063026	0.008222	0.283029	0.035390
334.750000	1	1.231923	0.554256	2.556395	0.299414
335.000000	0	0.062790	0.004208	0.361568	0.037089
335.000000	1	1.196006	0.188573	1.976278	0.238784
335.250000	0	0.064225	0.004343	0.683610	0.043997
335.250000	1	1.237841	0.526445	2.377106	0.258042
335.500000	0	0.064062	0.011042	0.431631	0.041985
335.500000	1	1.234780	0.607162	2.327647	0.239835
335.750000	0	0.065102	0.003975	0.515240	0.047625
335.750000	1	1.234881	0.253092	2.499518	0.303580
336.000000	0	0.063836	0.003035	0.323373	0.038130
336.000000	1	1.222350	0.565066	1.827562	0.207729
336.250000	0	0.065311	0.007585	0.647395	0.047495
336.250000	1	1.409278	0.575355	11.104875	1.271875
336.500000	0	0.067278	0.005972	0.688108	0.052897
336.500000	1	1.212916	0.396325	2.609889	0.278973
336.750000	0	0.065854	0.006956	0.442010	0.044054
336.750000	1	1.280798	0.382154	2.916221	0.404384
337.000000	0	0.064094	0.004011	0.619172	0.045318
337.000000	1	1.235151	0.238867	2.378567	0.285506
337.250000	0	0.066566	0.007072	0.553967	0.048932
337.250000	1	1.223033	0.404809	2.352492	0.271063
337.500000	0	0.065403	0.004703	0.478942	0.041684
337.500000	1	1.229775	0.600048	2.763762	0.289090
337.750000	0	0.065094	0.002662	0.518941	0.044007
337.750000	1	1.265531	0.610970	2.117038	0.255765
338.000000	0	0.064282	0.012998	0.305170	0.037425
338.000000	1	1.253207	0.643118	2.085805	0.193498
338.250000	0	0.063518	0.007896	0.618538	0.041767
338.250000	1	1.214521	0.375846	2.092177	0.252860
338.500000	0	0.062161	0.009629	0.242108	0.035295
338.500000	1	1.194624	0.152134	1.784848	0.238151
338.750000	0	0.064567	0.009609	0.481977	0.042273
338.750000	1	1.212472	0.461216	2.258414	0.296304
339.000000	0	0.065781	0.005741	0.468103	0.042073
339.000000	1	1.213674	0.354884	1.917283	0.246587
339.250000	0	0.064057	0.003105	0.407878	0.040447
339.250000	1	1.231161	0.406991	1.897276	0.246753
339.500000	0	0.064988	0.002662	0.518479	0.043498
339.500000	1	1.240121	0.148415	2.061050	0.290265
339.750000	0	0.065826	0.004566	0.987413	0.055785
339.750000	1	1.184241	0.223227	1.895651	0.256267
340.000000	0	0.066221	0.005510	0.513016	0.046050
340.000000	1	1.264846	0.193355	2.581251	0.354629
340.250000	0	0.065952	0.007268	0.607437	0.050472
340.250000	1	1.252739	0.109263	2.572443	0.310186
340.500000	0	0.063569	0.010393	0.391084	0.039429
340.500000	1	1.274824	0.697327	2.612598	0.291849
340.750000	0	0.064682	0.005866	0.303715	0.036571
340.750000	1	1.265662	0.614898	2.412265	0.257262
341.000000	0	0.060112	0.003955	0.328721	0.031610
341.000000	1	1.203372	0.481281	2.372088	0.223798
341.250000	0	0.062287	0.002362	0.622636	0.040522
341.250000	1	1.268990	0.596209	2.255137	0.222034
341.500000	0	0.060539	0.003247	0.301824	0.031249
341.500000	1	1.275848	0.444818	2.262797	0.256716
341.750000	0	0.062098	0.004794	0.672066	0.039750
341.750000	1	1.272831	0.229454	2.407351	0.318384
342.000000	0	0.063336	0.005569	0.873718	0.050969
342.000000	1	1.229214	0.501564	2.431167	0.235161
342.250000	0	0.062704	0.005076	0.362378	0.036814
342.250000	1	1.256771	0.633238	2.312606	0.269718
342.500000	0	0.062475	0.000320	0.404119	0.036666
342.500000	1	1.257509	0.186563	2.601130	0.305496
342.750000	0	0.065608	0.001115	1.161214	0.058392
342.750000	1	1.263949	0.637522	2.269642	0.267750
343.000000	0	0.062096	0.004919	0.456400	0.039225
343.000000	1	1.238474	0.303194	2.129360	0.249746
343.250000	0	0.063054	0.003855	0.484167	0.040415
343.250000	1	1.238911	0.795608	2.250756	0.201937
343.500000	0	0.060808	0.005666	0.317293	0.033637
343.500000	1	1.205044	0.097061	1.768212	0.244028
343.750000	0	0.060791	0.002983	0.610167	0.038726
343.750000	1	1.243339	0.243008	2.238895	0.279333
344.000000	0	0.063367	0.002038	0.378189	0.036879
344.000000	1	1.234702	0.144910	2.726316	0.291702
344.250000	0	0.060734	0.002902	0.376089	0.032719
344.250000	1	1.236535	0.587994	2.370677	0.242571
344.500000	0	0.065217	0.006737	0.574494	0.051315
344.500000	1	1.230318	0.462999	2.025324	0.217617
344.750000	0	0.063570	0.004388	0.635341	0.042985
344.750000	1	1.249669	0.778166	1.840583	0.188687
345.000000	0	0.063273	0.003686	0.881132	0.045368
345.000000	1	1.200057	0.453419	2.094410	0.252293
345.250000	0	0.062040	0.005548	0.635774	0.037976
345.250000	1	1.215961	0.651891	1.940048	0.197039
345.500000	0	0.061464	0.006205	0.323814	0.033321
345.500000	1	1.233745	0.424012	2.942256	0.274566
345.750000	0	0.063415	0.006728	0.522600	0.041602
345.750000	1	1.251928	0.770526	2.461791	0.228626
346.000000	0	0.063418	0.005399	0.595898	0.042175
346.000000	1	1.259697	0.038777	2.921692	0.311070
346.250000	0	0.062623	0.001704	0.447121	0.040452
346.250000	1	1.227992	0.120717	2.047832	0.314134
346.500000	0	0.064715	0.003827	0.698026	0.048329
346.500000	1	1.287385	0.339043	2.569197	0.329003
346.750000	0	0.062797	0.007602	0.458656	0.038032
346.750000	1	1.240477	0.719407	2.272518	0.220369
347.000000	0	0.060748	0.006355	0.704321	0.041094
347.000000	1	1.209426	0.598234	1.749089	0.193797
347.250000	0	0.061837	0.002941	0.410697	0.036838
347.250000	1	1.224968	0.534537	2.308746	0.277884
347.500000	0	0.061578	0.003063	0.281529	0.033909
347.500000	1	1.231712	0.682560	1.992689	0.247059
347.750000	0	0.062554	0.007192	0.334427	0.035051
347.750000	1	1.237517	0.500154	1.968725	0.252993
348.000000	0	0.061672	0.006564	0.401678	0.035441
348.000000	1	1.228735	0.316139	1.970857	0.230269
348.250000	0	0.063184	0.008447	0.370584	0.037225
348.250000	1	1.225286	0.504663	2.427918	0.276899
348.500000	0	0.063597	0.009982	0.736680	0.042185
348.500000	1	1.246578	0.447352	2.152586	0.287124
348.750000	0	0.066363	0.009759	0.540068	0.048103
348.750000	1	1.214515	0.206429	2.663938	0.283990
349.000000	0	0.063361	0.005232	0.467266	0.038989
349.000000	1	1.221763	0.453966	2.226019	0.275967
349.250000	0	0.064933	0.005837	0.409477	0.039738
349.250000	1	1.286391	0.656116	2.346051	0.322906
349.500000	0	0.063063	0.002250	0.523657	0.041377
349.500000	1	1.209966	0.355840	2.475777	0.270914
349.750000	0	0.062725	0.002962	0.450960	0.041199
349.750000	1	1.213103	0.639655	2.030831	0.232121
350.000000	0	0.063327	0.001148	0.448198	0.038652
350.000000	1	1.239187	0.502308	2.098479	0.258618
350.250000	0	0.066572	0.006856	0.552971	0.048203
350.250000	1	1.239589	0.479763	2.699228	0.304797
350.500000	0	0.063840	0.009760	0.448044	0.038720
350.500000	1	1.262870	0.653884	2.213742	0.254098
350.750000	0	0.063325	0.003705	0.919391	0.048195
350.750000	1	1.234894	0.601171	2.387569	0.283389
351.000000	0	0.063525	0.004939	0.455104	0.043110
351.000000	1	1.260761	0.252028	2.610316	0.341269
351.250000	0	0.063159	0.004215	0.403498	0.037419
351.250000	1	1.237472	0.311442	2.451038	0.320681
351.500000	0	0.065600	0.008644	0.285760	0.037496
351.500000	1	1.243919	0.512486	2.554884	0.319941
351.750000	0	0.066716	0.002945	0.632128	0.050204
351.750000	1	1.269093	0.278696	4.989519	0.476452
352.000000	0	0.066041	0.004058	1.199217	0.057651
352.000000	1	1.211821	0.366552	2.219569	0.286361
352.250000	0	0.064102	0.004018	0.531187	0.040371
352.250000	1	1.170627	0.406732	2.689879	0.313571
352.500000	0	0.064506	0.006308	0.586163	0.045507
352.500000	1	1.280962	0.283104	2.246570	0.320598
352.750000	0	0.064403	0.005004	0.618690	0.046084
352.750000	1	1.183639	0.551242	1.856148	0.222955
353.000000	0	0.064428	0.003125	0.557845	0.042535
353.000000	1	1.299381	0.567525	4.210102	0.419972
353.250000	0	0.063618	0.004164	0.533155	0.046482
353.250000	1	1.223297	0.553914	3.112152	0.333554
353.500000	0	0.063576	0.005834	0.408110	0.044330
353.500000	1	1.219248	0.561141	1.983890	0.250168
353.750000	0	0.062392	0.002383	0.272952	0.031473
353.750000	1	1.290266	0.679691	3.401891	0.386713
354.000000	0	0.061757	0.003152	0.274168	0.032943
354.000000	1	1.256119	0.798756	1.944369	0.206405
354.250000	0	0.062225	0.001050	0.293381	0.034122
354.250000	1	1.181141	0.509023	2.551963	0.290177
354.500000	0	0.064696	0.005844	0.676528	0.048015
354.500000	1	1.295737	0.489466	3.268061	0.334320
354.750000	0	0.062262	0.003014	0.298577	0.036059
354.750000	1	1.257566	0.719818	1.926300	0.231619
355.000000	0	0.063842	0.002007	0.649846	0.044260
355.000000	1	1.272521	0.497933	2.238475	0.286419
355.250000	0	0.059963	0.003377	0.475582	0.032802
355.250000	1	1.229256	0.328354	2.265548	0.262574
355.500000	0	0.061954	0.006703	0.361717	0.037343
355.500000	1	1.228667	0.495239	2.477246	0.299207
355.750000	0	0.064450	0.014708	0.530495	0.043406
355.750000	1	1.266656	0.045029	3.049388	0.361599
356.000000	0	0.063138	0.002279	0.470816	0.041155
356.000000	1	1.267740	0.564034	3.816060	0.375644
356.250000	0	0.065634	0.006132	0.399249	0.043104
356.250000	1	1.230859	0.496687	2.084017	0.260363
356.500000	0	0.063480	0.003500	0.393689	0.040229
356.500000	1	1.234514	0.320181	2.204991	0.296398
356.750000	0	0.064635	0.002631	0.636061	0.044609
356.750000	1	1.191146	0.342336	2.196885	0.243223
357.000000	0	0.063306	0.006266	0.346682	0.036594
357.000000	1	1.273787	0.183934	2.168144	0.280239
357.250000	0	0.064444	0.001544	0.469395	0.042706
357.250000	1	1.280248	0.539419	2.769463	0.291258
357.500000	0	0.060774	0.005345	0.256798	0.028176
357.500000	1	1.246935	0.563229	2.299896	0.273733
357.750000	0	0.061390	0.001793	0.264238	0.029785
357.750000	1	1.207987	0.529358	2.352596	0.250635
358.000000	0	0.060416	0.003526	0.295553	0.032971
358.000000	1	1.214201	0.176149	2.192591	0.327428
358.250000	0	0.061866	0.005358	0.301378	0.033007
358.250000	1	1.220079	0.347085	2.557455	0.295420
358.500000	0	0.061918	0.009289	0.298557	0.033671
358.500000	1	1.214604	0.577542	2.486434	0.300763
358.750000	0	0.062612	0.004240	0.296408	0.034991
358.750000	1	1.247796	0.449955	2.659112	0.309316
359.000000	0	0.065735	0.007210	0.397776	0.044386
359.000000	1	1.242774	0.449136	2.320428	0.298692
359.250000	0	0.064599	0.002262	0.388366	0.041262
359.250000	1	1.258151	0.709772	2.289666	0.276894
359.500000	0	0.062841	0.005761	0.306429	0.037028
359.500000	1	1.223475	0.323945	2.320593	0.260825
359.750000	0	0.062968	0.003869	0.540009	0.041183
359.750000	1	1.215839	0.546167	2.187029	0.225581
360.000000	0	0.062389	0.006527	0.268705	0.032877
360.000000	1	1.299362	0.335277	2.298728	0.332800
360.250000	0	0.063806	0.004083	0.376821	0.037330
360.250000	1	1.248933	0.485680	2.779263	0.283689
360.500000	0	0.058902	0.007235	0.304074	0.028653
360.500000	1	1.236373	0.735851	2.842915	0.306094
360.750000	0	0.065711	0.005430	0.562566	0.045743
360.750000	1	1.215153	0.369329	2.116231	0.277812
361.000000	0	0.064944	0.003722	0.505847	0.043069
361.000000	1	1.211500	0.256803	1.905409	0.277151
361.250000	0	0.065889	0.000311	0.551055	0.045473
361.250000	1	1.261889	0.478232	2.832725	0.325980
361.500000	0	0.063960	0.006524	0.450998	0.043181
361.500000	1	1.202612	0.494958	2.647478	0.265658
361.750000	0	0.063661	0.006285	0.391500	0.036543
361.750000	1	1.206048	0.355593	2.305399	0.267865
362.000000	0	0.066786	0.002141	0.513465	0.048672
362.000000	1	1.235690	0.120018	2.692538	0.294711
362.250000	0	0.064700	0.002767	0.642482	0.046624
362.250000	1	1.238158	0.373972	2.502648	0.299100
362.500000	0	0.061917	0.004120	0.484957	0.036781
362.500000	1	1.235996	0.644829	2.399549	0.242481
362.750000	0	0.062282	0.003054	0.582890	0.040363
362.750000	1	1.250790	0.117816	2.167063	0.264046
363.000000	0	0.063664	0.002692	0.488706	0.041658
363.000000	1	1.239353	0.774436	2.020382	0.217812
363.250000	0	0.062226	0.007899	0.332259	0.031622
363.250000	1	1.251757	0.558741	2.188670	0.247339
363.500000	0	0.062888	0.007396	0.421844	0.036709
363.500000	1	1.232442	0.590479	1.842801	0.192854
363.750000	0	0.062378	0.000589	0.394557	0.034698
363.750000	1	1.227451	0.534534	2.471047	0.263396
364.000000	0	0.063928	0.007521	0.434644	0.041956
364.000000	1	1.208742	0.439340	1.900847	0.211903
364.250000	0	0.063993	0.011518	0.860978	0.049657
364.250000	1	1.239524	0.366792	2.050626	0.288412
364.500000	0	0.063757	0.008967	0.517627	0.041836
364.500000	1	1.233371	0.116758	2.088798	0.235845
364.750000	0	0.061152	0.004873	0.309446	0.033841
364.750000	1	1.239256	0.596840	2.375385	0.232778
365.000000	0	0.064868	0.004324	0.914426	0.051271
365.000000	1	1.232960	0.492703	2.345085	0.246373
365.250000	0	0.062559	0.006558	0.332550	0.036444
365.250000	1	1.212430	0.546892	2.186055	0.227056
365.500000	0	0.061403	0.003793	0.738636	0.040623
365.500000	1	1.259137	0.709838	2.266846	0.229963
365.750000	0	0.063597	0.003257	0.691548	0.042034
365.750000	1	1.235956	0.486468	2.190416	0.231349
366.000000	0	0.061859	0.002229	0.296941	0.032445
366.000000	1	1.195544	0.391231	1.939819	0.250186
366.250000	0	0.064658	0.006541	0.606659	0.047053
366.250000	1	1.238592	0.410529	2.079206	0.245573
366.500000	0	0.060950	0.003339	0.381683	0.035677
366.500000	1	1.225866	0.678793	1.893114	0.230365
366.750000	0	0.064223	0.006753	0.625292	0.046441
366.750000	1	1.272823	0.662378	2.710835	0.281804
367.000000	0	0.064611	0.010647	0.485047	0.040910
367.000000	1	1.197324	0.577239	1.874484	0.192865
367.250000	0	0.062832	0.005045	0.283186	0.034808
367.250000	1	1.252999	0.754769	4.071423	0.368111
367.500000	0	0.065222	0.001770	0.588575	0.043205
367.500000	1	1.259211	0.614987	2.535312	0.260092
367.750000	0	0.063258	0.002706	0.287746	0.036016
367.750000	1	1.222764	0.660868	2.000248	0.221886
368.000000	0	0.063530	0.003513	0.369074	0.036545
368.000000	1	1.193316	0.037125	3.127465	0.301401
368.250000	0	0.063819	0.006627	0.359016	0.040033
368.250000	1	1.250912	0.250097	2.116004	0.296616
368.500000	0	0.063854	0.004326	0.418982	0.039387
368.500000	1	1.244155	0.736289	3.841354	0.329104
368.750000	0	0.066410	0.005693	0.803163	0.053584
368.750000	1	1.214625	0.184349	2.254118	0.271499
369.000000	0	0.064223	0.004140	0.657761	0.044517
369.000000	1	1.247685	0.685645	2.619385	0.296326
369.250000	0	0.063075	0.011838	0.439540	0.035810
369.250000	1	1.219971	0.455148	2.164824	0.246061
369.500000	0	0.064269	0.004592	0.629048	0.044007
369.500000	1	1.241177	0.260336	2.192134	0.307985
369.750000	0	0.060777	0.004359	0.480757	0.034517
369.750000	1	1.248339	0.763391	2.723511	0.294518
370.000000	0	0.062321	0.001411	0.479597	0.038762
370.000000	1	1.242772	0.261277	2.578053	0.311828
370.250000	0	0.065237	0.004489	0.654282	0.050200
370.250000	1	1.177499	0.166445	1.918427	0.276481
370.500000	0	0.065029	0.005058	0.365970	0.041679
370.500000	1	1.239894	0.524275	2.690047	0.307055
370.750000	0	0.063544	0.004778	0.523820	0.044884
370.750000	1	1.196981	0.167994	2.220835	0.304133
371.000000	0	0.063097	0.002814	0.455619	0.037662
371.000000	1	1.254546	0.569519	2.289287	0.260061
371.250000	0	0.063404	0.005463	0.439573	0.040466
371.250000	1	1.262928	0.533675	3.210236	0.356467
371.500000	0	0.063037	0.006158	0.534998	0.038027
371.500000	1	1.233525	0.576300	2.158516	0.228132
371.750000	0	0.063156	0.007552	0.340965	0.033986
371.750000	1	1.246612	0.408250	2.397430	0.304089
372.000000	0	0.061795	0.002768	0.516505	0.038640
372.000000	1	1.225943	0.641391	2.372912	0.281668
372.250000	0	0.066695	0.004719	1.047576	0.058834
372.250000	1	1.231525	0.334675	2.196601	0.249342
372.500000	0	0.066188	0.006865	0.797537	0.053009
372.500000	1	1.245280	0.503184	2.144859	0.278153
372.750000	0	0.062399	0.001404	0.981609	0.050321
372.750000	1	1.252954	0.464852	3.022913	0.371363
373.000000	0	0.062087	0.001210	0.636526	0.041813
373.000000	1	1.268696	0.502612	2.157156	0.284481
373.250000	0	0.060677	0.007643	0.416078	0.029360
373.250000	1	1.221737	0.803765	2.116444	0.191812
373.500000	0	0.062403	0.007135	0.421211	0.034745
373.500000	1	1.176800	0.493177	1.969663	0.242095
373.750000	0	0.061515	0.007234	0.314063	0.033810
373.750000	1	1.224926	0.741205	2.263307	0.265297
374.000000	0	0.062917	0.005168	0.649183	0.040617
374.000000	1	1.216393	0.401347	2.470871	0.256161
374.250000	0	0.063991	0.000565	0.306137	0.037751
374.250000	1	1.257617	0.444714	2.621409	0.326617
374.500000	0	0.062681	0.005735	0.553697	0.042238
374.500000	1	1.271692	0.267419	2.972314	0.326418
374.750000	0	0.066240	0.000467	0.747498	0.053631
374.750000	1	1.257536	0.182352	2.093800	0.284915
375.000000	0	0.061892	0.006861	0.308548	0.034371
375.000000	1	1.242152	0.482428	3.161053	0.336448
375.250000	0	0.063113	0.003442	0.507388	0.037290
375.250000	1	1.280082	0.601379	3.488741	0.347628
375.500000	0	0.066304	0.002520	2.453637	0.097576
375.500000	1	1.277891	0.331251	3.944709	0.368154
375.750000	0	0.061115	0.005463	0.343898	0.034871
375.750000	1	1.213829	0.605882	1.812943	0.192867
376.000000	0	0.060994	0.004033	0.234196	0.030975
376.000000	1	1.207528	0.365828	1.861429	0.247861
376.250000	0	0.061693	0.007233	0.422041	0.035255
376.250000	1	1.239564	0.591694	2.722142	0.267153
376.500000	0	0.064949	0.005077	0.416605	0.041362
376.500000	1	1.244045	0.568898	2.437019	0.252788
376.750000	0	0.062410	0.004758	0.296316	0.034074
376.750000	1	1.244384	0.770206	1.905482	0.213682
377.000000	0	0.064059	0.000773	0.551142	0.044178
377.000000	1	1.241444	0.301618	2.740874	0.291499
377.250000	0	0.063483	0.004389	0.644654	0.042443
377.250000	1	1.270088	0.285929	2.503150	0.293824
377.500000	0	0.062532	0.010940	0.353847	0.036825
377.500000	1	1.198170	0.503905	2.278172	0.287722
377.750000	0	0.062135	0.004464	0.371687	0.038198
377.750000	1	1.246839	0.395358	2.217259	0.282803
378.000000	0	0.064095	0.006564	0.481475	0.038485
378.000000	1	1.204191	0.680434	2.073897	0.227622
378.250000	0	0.061726	0.010249	0.512975	0.040326
378.250000	1	1.232471	0.370305	2.550666	0.339948
378.500000	0	0.064070	0.005136	0.369668	0.037538
378.500000	1	1.223517	0.572027	2.180466	0.272495
378.750000	0	0.064432	0.002450	0.316632	0.036442
378.750000	1	1.272136	0.379668	2.241557	0.301814
379.000000	0	0.061528	0.004990	0.320900	0.033688
379.000000	1	1.216161	0.613788	1.961517	0.224318
379.250000	0	0.062533	0.001484	0.294274	0.038383
379.250000	1	1.212649	0.330902	1.893314	0.249011
379.500000	0	0.062781	0.009764	0.490306	0.039428
379.500000	1	1.253889	0.416450	2.430302	0.304424
379.750000	0	0.065517	0.004198	1.153752	0.056913
379.750000	1	1.247718	0.305891	1.867892	0.244338
380.000000	0	0.063667	0.003624	0.529617	0.040346
380.000000	1	1.226237	0.796835	2.610883	0.265062
380.250000	0	0.062399	0.003453	0.811224	0.044383
380.250000	1	1.221914	0.754068	2.001247	0.254298
380.500000	0	0.063322	0.001350	0.369851	0.036210
380.500000	1	1.235704	0.527809	2.037166	0.283176
380.750000	0	0.060631	0.004853	0.293398	0.031009
380.750000	1	1.275413	0.592403	2.853836	0.275979
381.000000	0	0.064957	0.008492	0.548423	0.044640
381.000000	1	1.248668	0.209826	2.559421	0.284883
381.250000	0	0.062360	0.006159	0.378393	0.037049
381.250000	1	1.220030	0.389770	2.199670	0.247244
381.500000	0	0.060533	0.009556	0.596680	0.036515
381.500000	1	1.237134	0.586300	2.587119	0.244914
381.750000	0	0.062953	0.006099	0.337452	0.034130
381.750000	1	1.233806	0.237164	2.235254	0.294639
382.000000	0	0.062698	0.007530	0.463832	0.036903
382.000000	1	1.200128	0.220678	2.403557	0.288587
382.250000	0	0.065172	0.002207	0.855060	0.048338
382.250000	1	1.273899	0.550911	2.186147	0.273384
382.500000	0	0.062328	0.001261	0.392143	0.036808
382.500000	1	1.234620	0.414816	2.440462	0.312206
382.750000	0	0.061561	0.003981	0.460644	0.034407
382.750000	1	1.254159	0.500315	3.139297	0.347359
383.000000	0	0.061518	0.006998	0.399807	0.034126
383.000000	1	1.260832	0.392459	2.219155	0.263782
383.250000	0	0.062340	0.004055	0.803093	0.042455
383.250000	1	1.247232	0.442869	2.220540	0.246218
383.500000	0	0.060946	0.004680	0.364836	0.033510
383.500000	1	1.272859	0.735348	2.289292	0.241111
383.750000	0	0.063048	0.008166	0.329422	0.036068
383.750000	1	1.263157	0.265174	3.841177	0.377228
384.000000	0	0.064843	0.002651	0.885833	0.050657
384.000000	1	1.240620	0.571625	3.014172	0.345164
384.250000	0	0.064121	0.008489	0.424010	0.039927
384.250000	1	1.293577	0.093053	2.698977	0.341485
384.500000	0	0.062541	0.002658	0.408008	0.037808
384.500000	1	1.196751	0.195514	1.872862	0.272098
384.750000	0	0.062740	0.004212	0.775685	0.045550
384.750000	1	1.244421	0.458067	2.225678	0.234696
385.000000	0	0.061929	0.002954	0.310194	0.033580
385.000000	1	1.248633	0.438390	2.051249	0.261592
385.250000	0	0.065817	0.008508	0.381585	0.043252
385.250000	1	1.238236	0.585131	2.166866	0.232461
385.500000	0	0.063412	0.004049	0.474281	0.042961
385.500000	1	1.221305	0.491024	2.292536	0.306976
385.750000	0	0.063660	0.001515	0.510575	0.041383
385.750000	1	1.235300	0.360775	2.445953	0.324293
386.000000	0	0.065817	0.004547	1.193701	0.060275
386.000000	1	1.237767	0.528617	2.425289	0.259577
386.250000	0	0.062914	0.002417	0.295714	0.035876
386.250000	1	1.232500	0.631243	2.000474	0.225686
386.500000	0	0.060027	0.002760	0.539992	0.035249
386.500000	1	1.255223	0.442753	2.497434	0.318760
386.750000	0	0.061617	0.008234	0.322315	0.031520
386.750000	1	1.221589	0.091382	2.263798	0.313891
387.000000	0	0.060659	0.004346	0.470862	0.038845
387.000000	1	1.266658	0.345819	2.266185	0.309235
387.250000	0	0.062756	0.004877	0.601752	0.041565
387.250000	1	1.262071	0.514790	2.394071	0.284332
387.500000	0	0.062214	0.007219	0.450981	0.038312
387.500000	1	1.240285	0.458112	2.822647	0.261024
387.750000	0	0.063983	0.005883	1.122004	0.053384
387.750000	1	1.205920	0.237738	2.117147	0.256221
388.000000	0	0.063536	0.004452	0.380010	0.036609
388.000000	1	1.200020	0.288004	2.051904	0.233425
388.250000	0	0.065379	0.004120	0.489516	0.046417
388.250000	1	1.284296	0.469361	2.261387	0.281496
388.500000	0	0.063830	0.009549	0.290137	0.035862
388.500000	1	1.233917	0.391864	2.924841	0.269581
388.750000	0	0.061914	0.012943	0.332955	0.034017
388.750000	1	1.186306	0.248635	2.030612	0.243613
389.000000	0	0.062533	0.008580	0.278243	0.032094
389.000000	1	1.247619	0.386739	2.615454	0.269402
389.250000	0	0.062217	0.003056	0.569713	0.040914
389.250000	1	1.223325	0.265551	2.101050	0.257783
389.500000	0	0.061269	0.004791	0.273251	0.031076
389.500000	1	1.244970	0.372962	2.854117	0.305378
389.750000	0	0.064262	0.005346	0.596217	0.044246
389.750000	1	1.215372	0.441571	2.119907	0.223030
390.000000	0	0.064233	0.003689	0.344001	0.038477
390.000000	1	1.268554	0.526506	2.604364	0.280319
390.250000	0	0.065756	0.008348	0.701237	0.047260
390.250000	1	1.278666	0.795019	3.135112	0.321543
390.500000	0	0.065936	0.003117	0.506285	0.044346
390.500000	1	1.196650	0.181863	2.257391	0.258413
390.750000	0	0.066964	0.003217	0.927042	0.053482
390.750000	1	1.215933	0.576780	2.637281	0.258720
391.000000	0	0.066983	0.000374	0.589554	0.051046
391.000000	1	1.225348	0.490596	1.949853	0.250012
391.250000	0	0.062038	0.004657	0.381099	0.036506
391.250000	1	1.234522	0.491654	2.139271	0.232845
391.500000	0	0.066071	0.011681	0.658127	0.048934
391.500000	1	1.250338	0.533144	3.083708	0.308647
391.750000	0	0.063479	0.005149	0.605816	0.045873
391.750000	1	1.184139	0.467677	2.124640	0.259453
392.000000	0	0.066600	0.007986	0.730649	0.053637
392.000000	1	1.215797	0.584574	2.397092	0.292017
392.250000	0	0.064876	0.006331	0.398664	0.038272
392.250000	1	1.297809	0.687099	6.371460	0.592542
392.500000	0	0.063572	0.004209	0.448787	0.040081
392.500000	1	1.226267	0.635337	2.063398	0.239359
392.750000	0	0.064272	0.000878	0.394485	0.039204
392.750000	1	1.222853	0.273960	2.150281	0.254776
393.000000	0	0.066547	0.009682	1.227446	0.065697
393.000000	1	1.239783	0.644103	2.065965	0.253727
393.250000	0	0.061755	0.009935	0.368033	0.035200
393.250000	1	1.196056	0.575889	2.090236	0.233576
393.500000	0	0.065889	0.000416	1.000258	0.058403
393.500000	1	1.209059	0.398965	2.046320	0.265113
393.750000	0	0.063501	0.010045	0.264048	0.035485
393.750000	1	1.238190	0.200189	2.205659	0.279006
394.000000	0	0.060043	0.007188	0.361439	0.032993
394.000000	1	1.194652	0.498038	1.916055	0.219058
394.250000	0	0.059900	0.001113	0.234347	0.029948
394.250000	1	1.234889	0.458571	3.441960	0.346304
394.500000	0	0.063385	0.005513	0.395508	0.037603
394.500000	1	1.241563	0.534029	2.094423	0.283276
394.750000	0	0.064173	0.004500	0.311851	0.034596
394.750000	1	1.308514	0.235042	4.971359	0.546234
395.000000	0	0.061381	0.004362	0.329565	0.034290
395.000000	1	1.253019	0.591270	1.908647	0.228191
395.250000	0	0.063616	0.002538	0.455253	0.038283
395.250000	1	1.254512	0.237699	2.084500	0.253867
395.500000	0	0.062597	0.004704	0.490633	0.036925
395.500000	1	1.198858	0.489337	1.888528	0.186926
395.750000	0	0.059894	0.002397	0.340517	0.033970
395.750000	1	1.214944	0.394614	1.898392	0.223961
396.000000	0	0.062852	0.005090	0.576771	0.038833
396.000000	1	1.282015	0.263468	2.507180	0.344366
396.250000	0	0.062321	0.004162	0.292735	0.034532
396.250000	1	1.180898	0.429830	1.783432	0.234350
396.500000	0	0.063874	0.006664	0.465851	0.042295
396.500000	1	1.233120	0.288405	2.364813	0.300135
396.750000	0	0.063534	0.001455	0.390273	0.037509
396.750000	1	1.253902	0.462746	2.700718	0.268156
397.000000	0	0.061005	0.009433	0.253204	0.031188
397.000000	1	1.218536	0.457540	2.315711	0.230767
397.250000	0	0.060632	0.005059	0.427511	0.034617
397.250000	1	1.202414	0.306169	1.883902	0.233514
397.500000	0	0.062228	0.016841	0.386982	0.034430
397.500000	1	1.191357	0.523610	2.031591	0.214630
397.750000	0	0.065304	0.005991	0.421746	0.044126
397.750000	1	1.202074	0.234479	2.299526	0.324545
398.000000	0	0.062768	0.004162	0.400365	0.037656
398.000000	1	1.272906	0.581935	3.060943	0.361093
398.250000	0	0.062688	0.000185	0.451811	0.040031
398.250000	1	1.243437	0.383093	2.115233	0.296405
398.500000	0	0.061922	0.006432	0.365787	0.034809
398.500000	1	1.231500	0.391797	2.002897	0.282329
398.750000	0	0.061687	0.004715	0.273966	0.032938
398.750000	1	1.238656	0.424450	2.049152	0.249078
399.000000	0	0.063079	0.011116	0.403046	0.037560
399.000000	1	1.174312	0.553162	1.777309	0.189967
399.250000	0	0.065734	0.005256	1.176710	0.059934
399.250000	1	1.247574	0.422380	2.319234	0.299082
399.500000	0	0.064548	0.003430	0.646678	0.045284
399.500000	1	1.265408	0.734581	2.387218	0.241514
399.750000	0	0.065015	0.001606	1.118806	0.061269
399.750000	1	1.246849	0.505848	2.819049	0.308592
400.000000	0	0.062743	0.005099	0.393576	0.035154
400.000000	1	1.265595	0.653892	1.859691	0.202993
400.250000	0	0.064264	0.003795	0.485984	0.040922
400.250000	1	1.234812	0.402818	2.438392	0.280025
400.500000	0	0.062038	0.000609	0.785568	0.042089
400.500000	1	1.255731	0.365404	2.549092	0.300463
400.750000	0	0.061658	0.008454	0.332193	0.032156
400.750000	1	1.280275	0.307544	2.575291	0.297876
401.000000	0	0.062544	0.006615	0.437840	0.038044
401.000000	1	1.231235	0.543041	2.157006	0.255089
401.250000	0	0.060247	0.006542	0.287853	0.031762
401.250000	1	1.229602	0.661842	2.206034	0.236003
401.500000	0	0.062531	0.006723	0.278971	0.035678
401.500000	1	1.231984	0.434928	2.170907	0.275127
401.750000	0	0.059340	0.005725	0.334453	0.030845
401.750000	1	1.238776	0.638287	2.785546	0.320200
402.000000	0	0.063894	0.007733	0.608337	0.045207
402.000000	1	1.216969	0.297382	2.403056	0.297826
402.250000	0	0.063190	0.001558	0.350093	0.037721
402.250000	1	1.251547	0.324959	2.685137	0.254165
402.500000	0	0.063212	0.006656	0.635774	0.043932
402.500000	1	1.229562	0.127501	2.340142	0.321883
402.750000	0	0.063025	0.008253	0.299759	0.034655
402.750000	1	1.224670	0.200135	2.351711	0.303132
403.000000	0	0.063914	0.008300	0.538874	0.044115
403.000000	1	1.259369	0.308708	2.477381	0.303718
403.250000	0	0.063782	0.000920	0.486666	0.040334
403.250000	1	1.264177	0.521632	2.038452	0.274648
403.500000	0	0.063620	0.005486	0.352009	0.036240
403.500000	1	1.207991	0.669159	1.813770	0.186047
403.750000	0	0.063742	0.006173	0.518957	0.040896
403.750000	1	1.267008	0.484542	2.429155	0.283543
404.000000	0	0.062145	0.006695	0.452228	0.039150
404.000000	1	1.222091	0.432779	2.468436	0.262010
404.250000	0	0.061996	0.001341	0.254037	0.032182
404.250000	1	1.230839	0.354996	2.360943	0.307763
404.500000	0	0.060625	0.009436	0.236994	0.031125
404.500000	1	1.262631	0.206461	3.299879	0.358582
404.750000	0	0.059241	0.003079	0.246502	0.030128
404.750000	1	1.227741	0.223847	1.856754	0.226367
405.000000	0	0.062804	0.000661	0.478877	0.037714
405.000000	1	1.244314	0.533819	3.285852	0.309304
405.250000	0	0.063844	0.002621	0.588269	0.042794
405.250000	1	1.254608	0.387305	2.359680	0.263955
405.500000	0	0.060059	0.006128	0.215287	0.027572
405.500000	1	1.235299	0.557215	2.039816	0.248142
405.750000	0	0.060711	0.006020	0.256470	0.033741
405.750000	1	1.208698	0.228378	1.830009	0.245432
406.000000	0	0.063869	0.002745	0.608287	0.044485
406.000000	1	1.217553	0.474779	1.888278	0.217029
406.250000	0	0.063072	0.005874	0.382386	0.038893
406.250000	1	1.205291	0.763990	2.075029	0.262254
406.500000	0	0.067699	0.011212	0.929913	0.061197
406.500000	1	1.213136	0.328203	2.205249	0.295690
406.750000	0	0.067736	0.001423	0.684451	0.050487
406.750000	1	1.254195	0.261790	2.318421	0.310148
407.000000	0	0.065008	0.005544	0.833728	0.049400
407.000000	1	1.224469	0.308237	2.271286	0.274835
407.250000	0	0.067853	0.005582	0.790974	0.062537
407.250000	1	1.237331	0.767803	2.091357	0.263522
407.500000	0	0.066814	0.003623	0.775531	0.055451
407.500000	1	1.297701	0.585126	3.980258	0.381736
407.750000	0	0.061185	0.004225	0.310894	0.033958
407.750000	1	1.208835	0.681477	2.026459	0.208762
408.000000	0	0.062118	0.004907	0.270027	0.032331
408.000000	1	1.218453	0.304659	1.869939	0.237525
408.250000	0	0.064906	0.004641	0.684789	0.046216
408.250000	1	1.251825	0.142791	2.343211	0.290082
408.500000	0	0.062670	0.002750	0.331298	0.036518
408.500000	1	1.246052	0.599148	2.431687	0.252113
408.750000	0	0.063074	0.008826	0.365986	0.036623
408.750000	1	1.234789	0.439687	1.996613	0.215232
409.000000	0	0.063375	0.006420	0.636052	0.040890
409.000000	1	1.203470	0.300513	2.191724	0.232888
409.250000	0	0.062886	0.004858	0.449462	0.037131
409.250000	1	1.206696	0.498165	1.740934	0.210385
409.500000	0	0.064103	0.004571	0.370222	0.040615
409.500000	1	1.255634	0.454854	2.076277	0.281556
409.750000	0	0.063239	0.004184	0.417817	0.040967
409.750000	1	1.242572	0.370162	2.756594	0.312290
410.000000	0	0.067962	0.003468	0.472389	0.050827
410.000000	1	1.255619	0.305846	3.033428	0.336198
410.250000	0	0.063680	0.005745	0.519998	0.046813
410.250000	1	1.251217	0.500388	2.348115	0.269817
410.500000	0	0.064770	0.003063	0.520487	0.047589
410.500000	1	1.217388	0.307710	1.830741	0.232832
410.750000	0	0.062907	0.003850	0.308872	0.037536
410.750000	1	1.183547	0.162572	1.894907	0.279841
411.000000	0	0.063126	0.003042	0.397714	0.039507
411.000000	1	1.205649	0.410681	2.116307	0.269874
411.250000	0	0.064268	0.008002	0.421169	0.039466
411.250000	1	1.195823	0.271131	2.208423	0.261618
411.500000	0	0.066234	0.007988	0.469283	0.047158
411.500000	1	1.226914	0.539367	2.157585	0.253496
411.750000	0	0.065690	0.006998	0.301960	0.038602
411.750000	1	1.185014	0.426188	1.955954	0.254884
412.000000	0	0.066109	0.000801	0.448549	0.043366
412.000000	1	1.242682	0.659686	2.553707	0.270350
412.250000	0	0.067394	0.007828	0.520020	0.047729
412.250000	1	1.244523	0.508431	2.128962	0.254919
412.500000	0	0.063783	0.009517	0.305147	0.037972
412.500000	1	1.270155	0.442234	2.251772	0.282414
412.750000	0	0.062800	0.009879	0.430145	0.038898
412.750000	1	1.230134	0.440622	2.470376	0.270171
413.000000	0	0.062563	0.005274	0.481506	0.036995
413.000000	1	1.224342	0.674131	2.082784	0.258307
413.250000	0	0.065066	0.004102	0.413672	0.043081
413.250000	1	1.235084	0.452317	1.831369	0.252134
413.500000	0	0.062601	0.007224	0.402968	0.035780
413.500000	1	1.273981	0.451455	2.578737	0.319543
413.750000	0	0.064430	0.004766	1.066549	0.053917
413.750000	1	1.237661	0.668531	2.698144	0.320463
414.000000	0	0.063799	0.005375	0.864168	0.051918
414.000000	1	1.260955	0.293578	2.922181	0.385567
414.250000	0	0.063158	0.005845	0.660128	0.043519
414.250000	1	1.217482	0.215873	2.145717	0.296697
414.500000	0	0.062498	0.011329	0.450029	0.034439
414.500000	1	1.222324	0.209202	2.123829	0.265621
414.750000	0	0.063766	0.009036	0.671214	0.042297
414.750000	1	1.256481	0.236915	2.676160	0.331629
415.000000	0	0.064598	0.006075	1.855991	0.076655
415.000000	1	1.266622	0.510539	3.708542	0.336294
415.250000	0	0.060745	0.002581	0.834927	0.044478
415.250000	1	1.244953	0.161104	2.520478	0.319077
415.500000	0	0.062647	0.001413	0.582243	0.038113
415.500000	1	1.218857	0.457935	2.069225	0.251249
415.750000	0	0.064135	0.011848	0.614852	0.046051
415.750000	1	1.286689	0.317443	2.823621	0.330547
416.000000	0	0.062223	0.004613	0.421121	0.037204
416.000000	1	1.269142	0.256836	2.515677	0.306204
416.250000	0	0.060024	0.005985	0.286977	0.029842
416.250000	1	1.218586	0.708815	2.395352	0.273453
416.500000	0	0.062999	0.007459	0.466904	0.038994
416.500000	1	1.229668	0.485585	2.171933	0.294731
416.750000	0	0.067146	0.002620	0.779621	0.054738
416.750000	1	1.212075	0.504629	2.333599	0.241487
417.000000	0	0.062985	0.007470	0.447985	0.038359
417.000000	1	1.241072	0.135177	2.828128	0.331748
417.250000	0	0.063449	0.002846	0.693857	0.043853
417.250000	1	1.203018	0.264618	2.149065	0.270137
417.500000	0	0.066999	0.010181	0.927953	0.057829
417.500000	1	1.252119	0.696073	2.266913	0.270355
417.750000	0	0.065875	0.004666	0.689207	0.049554
417.750000	1	1.215207	0.278406	2.194271	0.273399
418.000000	0	0.064460	0.006956	0.792982	0.049363
418.000000	1	1.227970	0.453108	2.165968	0.279552
418.250000	0	0.064590	0.006692	0.303677	0.037567
418.250000	1	1.254846	0.602132	2.368762	0.305562
418.500000	0	0.065110	0.008447	0.565506	0.044320
418.500000	1	1.271023	0.435532	2.877386	0.337185
418.750000	0	0.063999	0.009678	0.471689	0.039430
418.750000	1	1.246704	0.741118	2.447444	0.239597
419.000000	0	0.063511	0.005355	0.347067	0.036776
419.000000	1	1.193214	0.594476	1.849032	0.231949
419.250000	0	0.064744	0.002021	0.481888	0.042146
419.250000	1	1.266273	0.652629	2.412915	0.298508
419.500000	0	0.063289	0.006926	0.354746	0.037175
419.500000	1	1.230068	0.661273	1.882885	0.210760
419.750000	0	0.062288	0.010389	0.516290	0.041161
419.750000	1	1.221655	0.364914	2.316023	0.285667
420.000000	0	0.063925	0.000795	0.495660	0.040855
420.000000	1	1.216689	0.304038	2.087542	0.256562
420.250000	0	0.063290	0.006052	0.667502	0.041118
420.250000	1	1.262127	0.195696	2.466588	0.346364
420.500000	0	0.062215	0.005781	0.317403	0.034944
420.500000	1	1.203387	0.259275	2.313816	0.299203
420.750000	0	0.063772	0.005369	0.644843	0.043829
420.750000	1	1.188535	0.539084	2.110764	0.238803
421.000000	0	0.065682	0.006394	0.920963	0.055788
421.000000	1	1.225296	0.593043	2.217987	0.292707
421.250000	0	0.063215	0.011411	0.405008	0.038165
421.250000	1	1.207798	0.255791	2.318130	0.300403
421.500000	0	0.065369	0.002048	0.963499	0.055027
421.500000	1	1.247791	0.427184	2.965255	0.314485
421.750000	0	0.063738	0.007313	0.518864	0.040502
421.750000	1	1.208979	0.540155	1.930840	0.267334
422.000000	0	0.065245	0.013782	0.874038	0.055173
422.000000	1	1.228067	0.374130	2.538327	0.329865
422.250000	0	0.063652	0.004241	0.336952	0.036024
422.250000	1	1.254427	0.456957	3.206254	0.342739
422.500000	0	0.062363	0.010625	0.386929	0.040712
422.500000	1	1.209661	0.406963	2.490943	0.276166
422.750000	0	0.062362	0.003864	0.366300	0.036620
422.750000	1	1.236631	0.325483	2.206360	0.261469
423.000000	0	0.065742	0.004583	0.592521	0.049978
423.000000	1	1.244138	0.741344	2.165916	0.241498
423.250000	0	0.063789	0.005865	0.497976	0.039069
423.250000	1	1.245864	0.631363	2.265285	0.237040
423.500000	0	0.064105	0.002298	0.497271	0.041843
423.500000	1	1.251121	0.652920	2.142442	0.257961
423.750000	0	0.064255	0.003638	0.710068	0.045255
423.750000	1	1.249122	0.593717	2.134130	0.246311
424.000000	0	0.062790	0.006859	0.291265	0.033999
424.000000	1	1.174488	0.457151	1.742588	0.213606
424.250000	0	0.062627	0.007154	0.410447	0.039690
424.250000	1	1.277466	0.585360	2.788842	0.344647
424.500000	0	0.062954	0.005601	0.597302	0.040807
424.500000	1	1.254585	0.798861	1.984082	0.202712
424.750000	0	0.060667	0.008657	0.345853	0.032995
424.750000	1	1.222564	0.370287	2.419194	0.265977
425.000000	0	0.063446	0.004156	0.538402	0.043579
425.000000	1	1.262909	0.193109	2.350029	0.305127
425.250000	0	0.064242	0.002538	0.583380	0.045979
425.250000	1	1.256231	0.463827	2.494327	0.271393
425.500000	0	0.059886	0.009005	0.341466	0.033193
425.500000	1	1.234569	0.142133	2.048403	0.233990
425.750000	0	0.060719	0.007677	0.253719	0.030981
425.750000	1	1.241994	0.745518	2.385305	0.257011
426.000000	0	0.061353	0.007459	0.388589	0.038518
426.000000	1	1.232951	0.327487	2.371320	0.266722
426.250000	0	0.064018	0.007365	0.594575	0.042185
426.250000	1	1.214711	0.265797	2.432038	0.281778
426.500000	0	0.064138	0.005393	0.561885	0.045581
426.500000	1	1.243516	0.344022	2.581542	0.323989
426.750000	0	0.063828	0.006354	0.487094	0.040951
426.750000	1	1.228193	0.394300	2.031616	0.253975
427.000000	0	0.063769	0.001656	0.584129	0.038987
427.000000	1	1.243681	0.417220	2.307698	0.268862
427.250000	0	0.064257	0.011225	0.427693	0.042251
427.250000	1	1.312723	0.344442	2.662215	0.363501
427.500000	0	0.060143	0.010161	0.334789	0.030165
427.500000	1	1.223796	0.299772	1.895790	0.220760
427.750000	0	0.059127	0.001768	0.344725	0.032159
427.750000	1	1.224872	0.421382	1.925534	0.240156
428.000000	0	0.061747	0.008244	0.281446	0.031528
428.000000	1	1.248025	0.617297	2.424485	0.262638
428.250000	0	0.062539	0.003250	0.423751	0.037932
428.250000	1	1.249864	0.604194	2.316642	0.227013
428.500000	0	0.062183	0.005002	0.397326	0.035164
428.500000	1	1.214886	0.315374	2.446971	0.266109
428.750000	0	0.060935	0.002346	0.422776	0.036809
428.750000	1	1.240576	0.487624	2.315878	0.276305
429.000000	0	0.062405	0.004023	0.255647	0.035586
429.000000	1	1.263471	0.755505	2.387629	0.265897
429.250000	0	0.061817	0.002579	0.389304	0.035812
429.250000	1	1.195408	0.085041	2.828481	0.337877
429.500000	0	0.063905	0.002881	0.597841	0.045675
429.500000	1	1.235983	0.582702	2.214236	0.246583
429.750000	0	0.061949	0.002157	0.398033	0.036181
429.750000	1	1.232102	0.400034	2.366782	0.287205
430.000000	0	0.062552	0.005687	0.368967	0.036153
430.000000	1	1.222907	0.534822	2.077035	0.235388
430.250000	0	0.063434	0.003413	0.472728	0.040230
430.250000	1	1.257246	0.651646	2.144473	0.255764
430.500000	0	0.063073	0.000827	0.384124	0.037253
430.500000	1	1.238335	0.326502	2.188931	0.290951
430.750000	0	0.061292	0.005270	0.311225	0.034265
430.750000	1	1.244064	0.405367	2.268148	0.233814
431.000000	0	0.063364	0.004748	0.299245	0.034823
431.000000	1	1.274441	0.192093	3.751222	0.377772
431.250000	0	0.062627	0.004101	0.369524	0.039282
431.250000	1	1.222697	0.552965	2.880853	0.288691
431.500000	0	0.060484	0.002592	0.300080	0.035879
431.500000	1	1.247311	0.487613	2.343875	0.255124
431.750000	0	0.062401	0.007804	0.480270	0.037372
431.750000	1	1.214861	0.370981	2.645689	0.280927
432.000000	0	0.063493	0.002441	0.451786	0.042281
432.000000	1	1.255310	0.459245	2.723400	0.293161
432.250000	0	0.061668	0.006480	0.323744	0.036727
432.250000	1	1.245061	0.735735	2.162829	0.240814
432.500000	0	0.062453	0.005647	0.327954	0.034152
432.500000	1	1.210371	0.545439	1.685130	0.206283
432.750000	0	0.062643	0.003631	0.684994	0.041085
432.750000	1	1.260082	0.295126	2.342340	0.272711
433.000000	0	0.061096	0.006534	0.442374	0.036994
433.000000	1	1.230461	0.539347	2.013518	0.197102
433.250000	0	0.064504	0.005166	0.514896	0.043705
433.250000	1	1.209195	0.448544	1.805380	0.205151
433.500000	0	0.065259	0.008792	0.730667	0.048629
433.500000	1	1.205935	0.544732	1.798435	0.216349
433.750000	0	0.066059	0.004529	0.756051	0.053732
433.750000	1	1.223176	0.196404	1.926162	0.276733
434.000000	0	0.066592	0.002701	0.552103	0.047652
434.000000	1	1.259851	0.590668	2.587330	0.263828
434.250000	0	0.062081	0.009305	0.266392	0.034419
434.250000	1	1.235034	0.520201	2.074686	0.231766
434.500000	0	0.066081	0.008956	0.406267	0.043312
434.500000	1	1.261698	0.277553	2.910209	0.304816
434.750000	0	0.062884	0.005857	0.433817	0.038652
434.750000	1	1.235948	0.562658	2.103039	0.242531
435.000000	0	0.062830	0.003866	0.355798	0.035900
435.000000	1	1.239093	0.477658	2.097669	0.246078
435.250000	0	0.063270	0.008429	0.326475	0.038047
435.250000	1	1.222587	0.298118	2.287473	0.293476
435.500000	0	0.063152	0.002092	0.535362	0.043011
435.500000	1	1.246621	0.560926	1.980142	0.275051
435.750000	0	0.063830	0.002523	0.783383	0.044921
435.750000	1	1.236567	0.251785	2.228064	0.233629
436.000000	0	0.062258	0.005997	0.628294	0.039422
436.000000	1	1.235810	0.575905	2.680598	0.267173
436.250000	0	0.063976	0.002491	0.369065	0.040004
436.250000	1	1.227611	0.732663	1.952917	0.202911
436.500000	0	0.064529	0.001970	0.394251	0.042220
436.500000	1	1.178688	0.302221	2.011395	0.267148
436.750000	0	0.064458	0.004446	0.911421	0.050187
436.750000	1	1.196904	0.294224	2.066360	0.312809
437.000000	0	0.063542	0.006893	0.398881	0.038143
437.000000	1	1.238718	0.452275	2.124094	0.284979
437.250000	0	0.063061	0.005731	0.592736	0.041135
437.250000	1	1.289112	0.352310	2.175718	0.265601
437.500000	0	0.062810	0.002426	0.408101	0.036984
437.500000	1	1.226244	0.445160	2.569483	0.283507
437.750000	0	0.060666	0.005665	0.301652	0.033687
437.750000	1	1.193028	0.484575	1.739264	0.188542
438.000000	0	0.062160	0.000511	0.359067	0.035755
438.000000	1	1.234963	0.362816	1.901859	0.250534
438.250000	0	0.062765	0.005407	0.559211	0.040942
438.250000	1	1.218810	0.116592	2.558964	0.306310
438.500000	0	0.061909	0.004995	0.326199	0.035094
438.500000	1	1.222048	0.322759	2.093743	0.247144
438.750000	0	0.061195	0.005129	0.379963	0.034192
438.750000	1	1.237593	0.487368	2.121084	0.244827
439.000000	0	0.062510	0.007173	0.407634	0.037695
439.000000	1	1.173685	0.514300	2.013858	0.251486
439.250000	0	0.064452	0.001889	0.388100	0.040459
439.250000	1	1.247714	0.356955	2.793681	0.348792
439.500000	0	0.063820	0.004496	0.538104	0.044663
439.500000	1	1.260519	0.718229	2.677558	0.268794
439.750000	0	0.062290	0.006644	0.469139	0.036715
439.750000	1	1.245577	0.801471	2.024454	0.221050
440.000000	0	0.062597	0.000574	0.460817	0.039517
440.000000	1	1.272375	0.267185	1.999802	0.228319
440.250000	0	0.061381	0.009409	0.548399	0.036868
440.250000	1	1.212170	0.676792	1.956717	0.197301
440.500000	0	0.063666	0.004791	0.511213	0.043590
440.500000	1	1.228025	0.264365	1.957459	0.224574
440.750000	0	0.063598	0.004985	0.534315	0.040483
440.750000	1	1.214496	0.604180	2.113074	0.226818
441.000000	0	0.063096	0.002623	0.273902	0.035520
441.000000	1	1.255085	0.722374	2.292239	0.232896
441.250000	0	0.063017	0.001692	0.575236	0.042229
441.250000	1	1.251543	0.472405	2.454268	0.283840
441.500000	0	0.062546	0.006422	0.511064	0.043362
441.500000	1	1.243895	0.614153	2.716058	0.280837
441.750000	0	0.062762	0.004643	0.400587	0.037053
441.750000	1	1.256314	0.496871	2.157520	0.210794
442.000000	0	0.063367	0.006620	0.523667	0.044495
442.000000	1	1.279267	0.378361	4.040944	0.417567
442.250000	0	0.060257	0.004858	0.447802	0.036627
442.250000	1	1.182095	0.245902	2.385593	0.356443
442.500000	0	0.061915	0.001643	1.154952	0.058847
442.500000	1	1.260099	0.344213	2.205474	0.272634
442.750000	0	0.060422	0.002702	0.354527	0.032155
442.750000	1	1.245480	0.518100	1.950751	0.223305
443.000000	0	0.060214	0.001451	0.279168	0.031475
443.000000	1	1.204988	0.189189	2.337879	0.269676
443.250000	0	0.062298	0.009744	0.267599	0.033654
443.250000	1	1.209998	0.497359	1.828618	0.227221
443.500000	0	0.064862	0.003545	0.953752	0.056451
443.500000	1	1.288153	0.551320	2.729193	0.302926
443.750000	0	0.062205	0.011615	0.245751	0.030893
443.750000	1	1.278152	0.612079	3.075756	0.320458
444.000000	0	0.061966	0.001873	0.552544	0.038579
444.000000	1	1.247600	0.581879	2.476976	0.251314
444.250000	0	0.063221	0.005362	0.697037	0.043535
444.250000	1	1.300596	0.773571	3.361794	0.345851
444.500000	0	0.062009	0.008936	0.309596	0.033456
444.500000	1	1.249570	0.677955	2.981802	0.293662
444.750000	0	0.062250	0.008371	0.920799	0.048886
444.750000	1	1.234981	0.492102	2.456156	0.262745
445.000000	0	0.060637	0.004071	0.341834	0.035005
445.000000	1	1.217810	0.650567	1.995413	0.234289
445.250000	0	0.063133	0.001920	0.379300	0.035739
445.250000	1	1.313267	0.528750	6.710330	0.642218
445.500000	0	0.061036	0.003039	0.370446	0.032510
445.500000	1	1.161070	0.421027	2.304630	0.248020
445.750000	0	0.064506	0.005283	0.423462	0.039710
445.750000	1	1.285636	0.262847	4.554290	0.449835
446.000000	0	0.065132	0.006913	1.183067	0.057853
446.000000	1	1.241747	0.520971	2.243623	0.283962
446.250000	0	0.064504	0.007810	0.312315	0.038885
446.250000	1	1.236751	0.247598	3.034415	0.354777
446.500000	0	0.062366	0.005820	0.477208	0.044876
446.500000	1	1.259316	0.318835	2.932770	0.377209
446.750000	0	0.060558	0.003859	0.322094	0.032492
446.750000	1	1.240429	0.420494	2.186867	0.264579
447.000000	0	0.064010	0.009818	0.354082	0.036097
447.000000	1	1.227830	0.499396	2.647937	0.291094
447.250000	0	0.062009	0.002357	0.276131	0.033784
447.250000	1	1.235509	0.640253	2.519343	0.263378
447.500000	0	0.061022	0.002940	0.409987	0.038072
447.500000	1	1.190721	0.277752	2.411232	0.285589
447.750000	0	0.065904	0.002947	0.399640	0.043235
447.750000	1	1.220965	0.478271	1.980130	0.267520
448.000000	0	0.064074	0.006015	0.807259	0.053496
448.000000	1	1.234163	0.614896	2.131714	0.253039
448.250000	0	0.062431	0.005055	0.467012	0.036141
448.250000	1	1.288748	0.209821	6.302497	0.597184
448.500000	0	0.063623	0.005159	0.537999	0.042513
448.500000	1	1.229947	0.537028	2.112148	0.262244
448.750000	0	0.064172	0.001533	0.626891	0.044012
448.750000	1	1.239515	0.524892	2.187647	0.257902
449.000000	0	0.060632	0.004428	0.530918	0.035406
449.000000	1	1.233365	0.667054	3.072053	0.266696
449.250000	0	0.062637	0.007067	0.355577	0.034825
449.250000	1	1.231754	0.435402	2.154668	0.262267
449.500000	0	0.061737	0.005051	0.510544	0.039457
449.500000	1	1.221112	0.587920	2.512232	0.268496
449.750000	0	0.062596	0.008507	0.388308	0.035541
449.750000	1	1.265978	0.397189	2.304887	0.305946
450.000000	0	0.061349	0.003403	0.347329	0.033555
450.000000	1	1.165620	0.358836	1.835532	0.237924
450.250000	0	0.063433	0.002357	0.987759	0.049518
450.250000	1	1.285533	0.581291	2.478573	0.321053
450.500000	0	0.062482	0.006752	0.445033	0.037857
450.500000	1	1.229279	0.339021	2.087704	0.247958
450.750000	0	0.059959	0.002812	0.228200	0.032455
450.750000	1	1.217677	0.553583	2.204869	0.290052
451.000000	0	0.063873	0.009465	0.483110	0.042916
451.000000	1	1.309671	0.645778	5.448128	0.493720
451.250000	0	0.062673	0.000963	0.445032	0.037080
451.250000	1	1.228346	0.252665	2.027316	0.231764
451.500000	0	0.061395	0.002648	0.402038	0.035320
451.500000	1	1.220622	0.530315	2.057245	0.220072
451.750000	0	0.063077	0.002816	0.536560	0.039788
451.750000	1	1.234266	0.487819	1.986840	0.208575
452.000000	0	0.062537	0.003674	0.433382	0.038661
452.000000	1	1.229519	0.663357	2.105883	0.214152
452.250000	0	0.062276	0.005272	0.702007	0.038990
452.250000	1	1.239898	0.369534	2.003870	0.242353
452.500000	0	0.062409	0.009752	0.359983	0.035935
452.500000	1	1.266101	0.567845	2.086875	0.257450
452.750000	0	0.061844	0.008715	0.566495	0.036736
452.750000	1	1.217913	0.393552	1.734661	0.216536
453.000000	0	0.063492	0.003168	0.756974	0.049115
453.000000	1	1.198817	0.431850	2.115379	0.253341
453.250000	0	0.063159	0.002570	0.391547	0.039130
453.250000	1	1.221756	0.321058	2.208479	0.267996
453.500000	0	0.064999	0.007099	0.364285	0.040355
453.500000	1	1.270310	0.598588	2.862682	0.312045
453.750000	0	0.064153	0.004766	0.320703	0.038088
453.750000	1	1.200376	0.451119	2.245848	0.278521
454.000000	0	0.064561	0.008430	0.589131	0.047617
454.000000	1	1.277799	0.330930	2.805888	0.355340
454.250000	0	0.062575	0.003705	0.395086	0.036663
454.250000	1	1.275641	0.769563	2.269391	0.245863
454.500000	0	0.060435	0.011234	0.563884	0.035389
454.500000	1	1.208469	0.552003	1.885735	0.262799
454.750000	0	0.064705	0.003184	0.360255	0.040863
454.750000	1	1.182889	0.360926	1.896491	0.227710
455.000000	0	0.065937	0.003936	0.581251	0.052582
455.000000	1	1.293911	0.172475	2.611579	0.342614
455.250000	0	0.061370	0.005473	0.320860	0.034210
455.250000	1	1.243880	0.644708	2.061263	0.247658
455.500000	0	0.062748	0.004619	0.547527	0.039727
455.500000	1	1.204615	0.296254	2.625363	0.297761
455.750000	0	0.065156	0.007240	1.183798	0.055826
455.750000	1	1.214956	0.389517	2.432594	0.318245
456.000000	0	0.063973	0.005265	0.334378	0.036694
456.000000	1	1.227816	0.349692	2.305123	0.292341
456.250000	0	0.063367	0.003915	0.448341	0.038861
456.250000	1	1.236952	0.452480	2.125607	0.253017
456.500000	0	0.062633	0.001619	0.385720	0.037242
456.500000	1	1.200753	0.456442	2.123779	0.268410
456.750000	0	0.064079	0.004729	0.625266	0.044247
456.750000	1	1.280256	0.139701	2.462935	0.324906
457.000000	0	0.064131	0.014233	0.499361	0.039188
457.000000	1	1.245933	0.536634	2.840215	0.291346
457.250000	0	0.063338	0.004481	0.393574	0.038213
457.250000	1	1.221051	0.799283	1.812241	0.208819
457.500000	0	0.064574	0.005019	1.076838	0.052458
457.500000	1	1.213272	0.241602	2.489579	0.324669
457.750000	0	0.063787	0.003915	0.496508	0.039879
457.750000	1	1.233851	0.443887	2.123239	0.290451
458.000000	0	0.063493	0.003528	0.702607	0.044623
458.000000	1	1.259113	0.566760	2.465239	0.266693
458.250000	0	0.061919	0.007513	0.330494	0.034148
458.250000	1	1.260266	0.456105	2.035597	0.228761
458.500000	0	0.061072	0.005464	0.320010	0.032240
458.500000	1	1.273442	0.606152	2.671367	0.265512
458.750000	0	0.062366	0.005781	0.363677	0.034540
458.750000	1	1.215747	0.326685	1.989174	0.252121
459.000000	0	0.061725	0.003896	0.327941	0.034144
459.000000	1	1.234316	0.404881	2.080713	0.278344
459.250000	0	0.062346	0.004165	0.435128	0.039337
459.250000	1	1.214663	0.371073	2.246061	0.284652
459.500000	0	0.061255	0.010134	0.425567	0.030962
459.500000	1	1.215315	0.072571	2.237126	0.288956
459.750000	0	0.060906	0.006421	0.301869	0.032104
459.750000	1	1.235527	0.328727	2.043762	0.237811
460.000000	0	0.062493	0.003022	0.289035	0.037425
460.000000	1	1.275577	0.297660	2.038858	0.239764
460.250000	0	0.059208	0.001798	0.819190	0.041642
460.250000	1	1.263535	0.751263	2.423600	0.272565
460.500000	0	0.062758	0.007092	0.524701	0.037078
460.500000	1	1.236240	0.622225	2.286959	0.234339
460.750000	0	0.060246	0.003378	0.259481	0.031871
460.750000	1	1.234618	0.510612	2.175227	0.232030
461.000000	0	0.061666	0.008900	0.511104	0.037394
461.000000	1	1.249285	0.471564	2.135504	0.236599
461.250000	0	0.062553	0.012352	0.572668	0.036216
461.250000	1	1.283618	0.306491	2.262293	0.283214
461.500000	0	0.061217	0.004573	0.250572	0.029918
461.500000	1	1.218732	0.511784	1.831361	0.210128
461.750000	0	0.060378	0.005386	0.237250	0.031055
461.750000	1	1.234222	0.579625	2.579469	0.259032
462.000000	0	0.060846	0.006639	0.314318	0.031875
462.000000	1	1.197331	0.428630	1.908951	0.224132
462.250000	0	0.059750	0.008193	0.443683	0.032954
462.250000	1	1.265799	0.634106	2.648172	0.302964
462.500000	0	0.061355	0.008174	0.450861	0.034436
462.500000	1	1.253868	0.329994	2.100479	0.266587
462.750000	0	0.058600	0.005916	0.285647	0.026615
462.750000	1	1.242191	0.259356	2.327312	0.284286
463.000000	0	0.059534	0.008336	0.234553	0.028854
463.000000	1	1.222623	0.797091	1.880687	0.173759
463.250000	0	0.061709	0.004280	0.363324	0.033116
463.250000	1	1.222449	0.616323	1.909571	0.215441
463.500000	0	0.061123	0.001300	0.285826	0.029674
463.500000	1	1.181715	0.280894	2.282405	0.251209
463.750000	0	0.062727	0.004395	0.584291	0.040923
463.750000	1	1.284085	0.679941	2.359736	0.260416
464.000000	0	0.061164	0.004644	0.664631	0.040578
464.000000	1	1.204784	0.328272	1.978139	0.247127
464.250000	0	0.062857	0.006121	0.484816	0.038960
464.250000	1	1.294553	0.394955	2.365296	0.303604
464.500000	0	0.062966	0.003325	0.448589	0.037871
464.500000	1	1.246267	0.491946	2.491701	0.239081
464.750000	0	0.061740	0.005225	0.359840	0.035936
464.750000	1	1.246066	0.718393	2.395243	0.284185
465.000000	0	0.063894	0.008292	0.363948	0.039692
465.000000	1	1.223610	0.287588	2.311118	0.265177
465.250000	0	0.064673	0.006216	0.438362	0.045668
465.250000	1	1.215750	0.463160	2.216783	0.253023
465.500000	0	0.063656	0.006601	0.335680	0.037466
465.500000	1	1.235103	0.250632	2.581688	0.329416
465.750000	0	0.065268	0.001238	0.895624	0.056990
465.750000	1	1.227494	0.168421	2.342014	0.336026
466.000000	0	0.064760	0.005175	0.531545	0.042807
466.000000	1	1.285658	0.541942	4.840925	0.480643
466.250000	0	0.062830	0.011278	0.327600	0.035536
466.250000	1	1.171737	0.203735	2.269018	0.316462
466.500000	0	0.064965	0.011109	0.361501	0.041551
466.500000	1	1.206416	0.402244	1.947177	0.291513
466.750000	0	0.064838	0.002379	0.599189	0.043568
466.750000	1	1.231637	0.340135	2.133603	0.299256
467.000000	0	0.063928	0.002567	0.398371	0.037221
467.000000	1	1.253679	0.513313	2.241706	0.294029
467.250000	0	0.064199	0.009038	0.477284	0.041719
467.250000	1	1.251011	0.351934	2.126985	0.293998
467.500000	0	0.063567	0.007115	0.377448	0.038799
467.500000	1	1.233302	0.492375	2.392690	0.251012
467.750000	0	0.062051	0.006811	0.591334	0.041123
467.750000	1	1.227667	0.752682	2.456319	0.278337
468.000000	0	0.062985	0.003472	0.390654	0.042258
468.000000	1	1.207328	0.462367	2.359681	0.294497
468.250000	0	0.065043	0.003255	0.560209	0.041829
468.250000	1	1.259532	0.485670	2.136560	0.302084
468.500000	0	0.066112	0.002154	1.487167	0.068525
468.500000	1	1.246470	0.230096	3.036148	0.333470
468.750000	0	0.064287	0.004648	0.603018	0.044285
468.750000	1	1.230027	0.456397	2.073811	0.242245
469.000000	0	0.063973	0.002842	0.283508	0.035003
469.000000	1	1.225338	0.153454	3.181161	0.345892
469.250000	0	0.061020	0.004446	0.546899	0.035995
469.250000	1	1.223010	0.438245	2.152435	0.243151
469.500000	0	0.063302	0.008770	0.486580	0.039467
469.500000	1	1.256713	0.532657	2.899361	0.299283
469.750000	0	0.063511	0.000556	0.418807	0.038846
469.750000	1	1.217792	0.406466	2.053380	0.267512
470.000000	0	0.062634	0.003981	0.362385	0.037818
470.000000	1	1.283600	0.053896	3.119361	0.301849
470.250000	0	0.063387	0.011055	0.325289	0.035717
470.250000	1	1.233685	0.392302	2.233758	0.247969
470.500000	0	0.062542	0.007558	0.379848	0.036076
470.500000	1	1.210777	0.675306	2.071178	0.205214
470.750000	0	0.062388	0.009042	0.369281	0.038479
470.750000	1	1.296233	0.167526	4.906177	0.567272
471.000000	0	0.062251	0.006307	0.312402	0.036728
471.000000	1	1.238556	0.468354	2.850927	0.340844
471.250000	0	0.064132	0.009856	0.590774	0.049179
471.250000	1	1.236248	0.279590	2.410997	0.278026
471.500000	0	0.063517	0.007160	0.426537	0.038834
471.500000	1	1.240846	0.470587	2.161321	0.275891
471.750000	0	0.061429	0.010178	0.413011	0.035382
471.750000	1	1.217742	0.747887	2.255826	0.204384
472.000000	0	0.062425	0.010346	0.470074	0.036128
472.000000	1	1.244646	0.417858	2.032357	0.264951
472.250000	0	0.063166	0.010471	0.308984	0.035443
472.250000	1	1.245478	0.800046	2.522781	0.273858
472.500000	0	0.063368	0.006546	0.298317	0.036959
472.500000	1	1.250079	0.308943	2.465692	0.306722
472.750000	0	0.062284	0.008758	0.423097	0.035953
472.750000	1	1.254911	0.524720	2.369897	0.259845
473.000000	0	0.063291	0.000575	0.293113	0.034587
473.000000	1	1.219972	0.113430	1.977211	0.261530
473.250000	0	0.061019	0.002948	0.295946	0.031638
473.250000	1	1.256933	0.339072	1.988705	0.253086
473.500000	0	0.061145	0.004645	0.300988	0.033728
473.500000	1	1.232929	0.466870	1.866411	0.218869
473.750000	0	0.059774	0.004292	0.295242	0.029629
473.750000	1	1.221330	0.503804	1.907770	0.230984
474.000000	0	0.059439	0.007485	0.251444	0.030714
474.000000	1	1.244429	0.794476	2.936510	0.246034
474.250000	0	0.060892	0.004833	0.363933	0.033618
474.250000	1	1.220919	0.199607	2.019431	0.263718
474.500000	0	0.062190	0.002649	0.443559	0.036076
474.500000	1	1.233058	0.207828	2.456528	0.253478
474.750000	0	0.060060	0.008766	0.337334	0.032345
474.750000	1	1.236785	0.631349	2.246020	0.233489
475.000000	0	0.061416	0.003528	0.302341	0.034032
475.000000	1	1.158378	0.251377	1.902767	0.269313
475.250000	0	0.063876	0.009353	0.499461	0.042002
475.250000	1	1.242736	0.364679	2.371872	0.261263
475.500000	0	0.063612	0.011236	0.551848	0.043418
475.500000	1	1.328568	0.561365	4.629423	0.565634
475.750000	0	0.062305	0.000864	0.612140	0.045587
475.750000	1	1.273525	0.464457	5.199799	0.432914
476.000000	0	0.063017	0.008609	0.616430	0.041262
476.000000	1	1.257339	0.336419	3.536583	0.341857
476.250000	0	0.064375	0.007675	0.484370	0.039956
476.250000	1	1.223185	0.568993	1.764835	0.218729
476.500000	0	0.061803	0.003723	0.368405	0.034495
476.500000	1	1.187894	0.409594	1.843746	0.243908
476.750000	0	0.064927	0.002363	0.699324	0.045325
476.750000	1	1.263421	0.509744	2.348853	0.309645
477.000000	0	0.062149	0.004505	0.453262	0.034646
477.000000	1	1.228210	0.544584	2.544576	0.246761
477.250000	0	0.064897	0.007959	0.793765	0.046699
477.250000	1	1.211025	0.118307	2.016190	0.273132
477.500000	0	0.062875	0.015802	0.328594	0.036310
477.500000	1	1.245027	0.516801	2.334095	0.281569
477.750000	0	0.061865	0.004471	0.579642	0.037991
477.750000	1	1.246455	0.485901	1.899811	0.244989
478.000000	0	0.063441	0.007499	0.441287	0.038138
478.000000	1	1.316364	0.518335	5.218844	0.564691
478.250000	0	0.062711	0.002540	0.513791	0.044610
478.250000	1	1.280620	0.526188	2.953581	0.394845
478.500000	0	0.061771	0.007263	0.573564	0.039395
478.500000	1	1.210835	0.371487	1.893507	0.246574
478.750000	0	0.061601	0.005954	0.293331	0.033201
478.750000	1	1.232448	0.439229	2.063987	0.281070
479.000000	0	0.063875	0.005310	0.436460	0.039774
479.000000	1	1.240769	0.295883	2.172259	0.262978
479.250000	0	0.061467	0.002708	0.345605	0.034112
479.250000	1	1.194966	0.465872	1.939161	0.212141
479.500000	0	0.064245	0.002123	0.387237	0.039769
479.500000	1	1.216252	0.357259	1.966759	0.263639
479.750000	0	0.061846	0.007716	0.400729	0.038989
479.750000	1	1.272541	0.554808	3.519279	0.350248
480.000000	0	0.063004	0.009582	0.661049	0.040217
480.000000	1	1.246338	0.263081	2.121987	0.241871
480.250000	0	0.063481	0.007811	0.424976	0.038642
480.250000	1	1.221673	0.352900	1.731925	0.180475
480.500000	0	0.061688	0.002572	0.393915	0.037983
480.500000	1	1.300841	0.485232	5.132268	0.501209
480.750000	0	0.063202	0.004077	0.494554	0.038795
480.750000	1	1.214452	0.626379	1.957415	0.235371
481.000000	0	0.063288	0.005594	0.374149	0.036671
481.000000	1	1.227121	0.590547	1.961207	0.237264
481.250000	0	0.066079	0.009637	0.566653	0.042488
481.250000	1	1.220227	0.373577	2.167886	0.256894
481.500000	0	0.066064	0.007987	0.690500	0.051148
481.500000	1	1.206819	0.575534	2.093842	0.239577
481.750000	0	0.066124	0.007655	0.565710	0.055669
481.750000	1	1.297060	0.505659	5.470882	0.603925
482.000000	0	0.062550	0.006212	0.346193	0.034842
482.000000	1	1.243862	0.745200	2.278932	0.267642
482.250000	0	0.063355	0.007800	0.384819	0.038245
482.250000	1	1.217651	0.443049	1.807593	0.235385
482.500000	0	0.061791	0.008865	0.432225	0.038105
482.500000	1	1.274840	0.543677	2.433698	0.301703
482.750000	0	0.063329	0.007078	0.671010	0.047246
482.750000	1	1.253873	0.291819	2.291264	0.282876
483.000000	0	0.061453	0.012520	0.301374	0.032142
483.000000	1	1.267739	0.656858	2.813434	0.317401
483.250000	0	0.060820	0.001363	0.361304	0.032975
483.250000	1	1.266650	0.522573	1.952340	0.236059
483.500000	0	0.061093	0.004607	0.309557	0.032123
483.500000	1	1.241841	0.296553	2.146497	0.232213
483.750000	0	0.062709	0.005449	0.733275	0.044654
483.750000	1	1.220479	0.424511	2.014519	0.222520
484.000000	0	0.060890	0.014648	0.286355	0.033159
484.000000	1	1.273666	0.712318	2.366751	0.246961
484.250000	0	0.062892	0.001564	0.333496	0.034710
484.250000	1	1.260979	0.156188	3.822015	0.396314
484.500000	0	0.062548	0.005342	0.408471	0.037098
484.500000	1	1.269231	0.706527	2.134638	0.244878
484.750000	0	0.062000	0.007461	0.462996	0.036442
484.750000	1	1.201907	0.607507	1.833708	0.217906
485.000000	0	0.064420	0.006942	0.353632	0.037282
485.000000	1	1.239010	0.564878	2.633638	0.250325
485.250000	0	0.061112	0.007721	0.362998	0.035409
485.250000	1	1.262775	0.675024	2.697990	0.303444
485.500000	0	0.061993	0.004091	0.967977	0.050188
485.500000	1	1.252480	0.219604	2.448843	0.297191
485.750000	0	0.061691	0.004218	0.484718	0.037178
485.750000	1	1.215254	0.380770	1.872514	0.226159
486.000000	0	0.064229	0.005793	0.505430	0.042003
486.000000	1	1.221174	0.690522	1.740061	0.212251
486.250000	0	0.064077	0.006603	0.521304	0.042066
486.250000	1	1.198772	0.651439	1.931364	0.197496
486.500000	0	0.064636	0.002990	0.559595	0.045884
486.500000	1	1.269157	0.210562	2.230011	0.285292
486.750000	0	0.061412	0.002891	0.553433	0.038592
486.750000	1	1.239606	0.630511	2.104085	0.248188
487.000000	0	0.065639	0.006671	0.900854	0.049527
487.000000	1	1.235177	0.323203	1.888812	0.249018
487.250000	0	0.060502	0.005594	0.296086	0.033554
487.250000	1	1.225278	0.208423	3.059576	0.297228
487.500000	0	0.059061	0.002298	0.298822	0.030271
487.500000	1	1.226980	0.657676	2.127455	0.221663
487.750000	0	0.059805	0.002049	0.280099	0.029072
487.750000	1	1.233961	0.303390	2.434665	0.259394
488.000000	0	0.063624	0.001648	1.869037	0.076917
488.000000	1	1.219021	0.163398	2.603754	0.319631
488.250000	0	0.060855	0.002774	0.268623	0.031859
488.250000	1	1.229325	0.467142	2.511580	0.274062
488.500000	0	0.060293	0.007003	0.328252	0.032219
488.500000	1	1.233242	0.364250	2.800747	0.325715
488.750000	0	0.062288	0.009778	0.282976	0.033968
488.750000	1	1.174594	0.475717	1.962002	0.259502
489.000000	0	0.063747	0.009564	0.410402	0.039526
489.000000	1	1.228923	0.534020	2.148664	0.283036
489.250000	0	0.062363	0.004864	0.397570	0.036035
489.250000	1	1.250892	0.486228	2.684335	0.278980
489.500000	0	0.062053	0.004346	0.363806	0.034646
489.500000	1	1.244088	0.769557	2.429810	0.226645
489.750000	0	0.060251	0.007369	0.291866	0.031742
489.750000	1	1.242959	0.251248	2.137558	0.263145
490.000000	0	0.061020	0.005840	0.302320	0.034494
490.000000	1	1.232250	0.507633	1.975332	0.254973
490.250000	0	0.063918	0.001574	0.457559	0.040138
490.250000	1	1.224352	0.583510	1.977472	0.202106
490.500000	0	0.063551	0.004809	0.464319	0.040827
490.500000	1	1.214407	0.302839	1.939363	0.241920
490.750000	0	0.062335	0.006077	0.350368	0.036551
490.750000	1	1.280707	0.376782	3.378299	0.346527
491.000000	0	0.061433	0.005509	0.280952	0.032032
491.000000	1	1.233586	0.660386	2.141626	0.238585
491.250000	0	0.061165	0.003799	0.319495	0.033174
491.250000	1	1.264281	0.731267	2.804540	0.318183
491.500000	0	0.060967	0.007833	0.665253	0.038660
491.500000	1	1.215258	0.278412	2.520969	0.298212
491.750000	0	0.063950	0.005558	0.398547	0.040137
491.750000	1	1.251992	0.416415	2.462960	0.305469
492.000000	0	0.061441	0.003364	0.278335	0.034458
492.000000	1	1.214148	0.435164	2.070022	0.266394
492.250000	0	0.062759	0.002718	0.286788	0.035411
492.250000	1	1.262695	0.163871	2.569724	0.322440
492.500000	0	0.064685	0.006798	0.654198	0.045526
492.500000	1	1.237438	0.288081	2.789790	0.360669
492.750000	0	0.064348	0.004545	0.603056	0.046077
492.750000	1	1.204708	0.664724	2.078134	0.240777
493.000000	0	0.062867	0.002040	0.293658	0.036899
493.000000	1	1.244569	0.273958	2.838681	0.307819
493.250000	0	0.061061	0.004265	0.406233	0.032645
493.250000	1	1.331143	0.252133	9.397153	0.973663
493.500000	0	0.066977	0.004113	0.441467	0.045756
493.500000	1	1.242397	0.293450	2.520472	0.284644
493.750000	0	0.065379	0.007313	0.813199	0.050610
493.750000	1	1.178686	0.126185	1.948615	0.267578
494.000000	0	0.064043	0.001645	0.571419	0.044686
494.000000	1	1.266078	0.154881	4.836823	0.515101
494.250000	0	0.064532	0.005470	0.557788	0.048354
494.250000	1	1.210280	0.384345	2.194355	0.323183
494.500000	0	0.062535	0.008533	0.420960	0.037826
494.500000	1	1.352604	0.378280	7.744162	0.793832
494.750000	0	0.065636	0.003246	0.723070	0.055645
494.750000	1	1.250267	0.196412	2.264264	0.299145
495.000000	0	0.064789	0.004561	0.337876	0.040569
495.000000	1	1.210033	0.538616	2.010392	0.238460
495.250000	0	0.062347	0.000983	0.298201	0.037666
495.250000	1	1.208521	0.394312	1.865253	0.231655
495.500000	0	0.064023	0.008086	0.673858	0.043876
495.500000	1	1.253545	0.640358	2.392114	0.233625
495.750000	0	0.063536	0.006542	0.336796	0.036389
495.750000	1	1.229766	0.412103	2.515913	0.294196
496.000000	0	0.061806	0.002256	0.322414	0.034215
496.000000	1	1.248067	0.385082	2.626639	0.265219
496.250000	0	0.062028	0.001359	0.282953	0.033007
496.250000	1	1.312402	0.551005	3.144981	0.378060
496.500000	0	0.062727	0.000403	0.415717	0.036371
496.500000	1	1.243824	0.535363	2.002360	0.217920
496.750000	0	0.065023	0.001127	0.926325	0.054179
496.750000	1	1.223460	0.234748	2.655224	0.292480
497.000000	0	0.062984	0.001846	0.448549	0.040442
497.000000	1	1.249502	0.106069	2.061911	0.240717
497.250000	0	0.060598	0.000834	0.287696	0.033577
497.250000	1	1.223961	0.397383	2.496144	0.251061
497.500000	0	0.061978	0.000438	0.522637	0.036134
497.500000	1	1.246467	0.698510	2.345401	0.267093
497.750000	0	0.062922	0.002559	0.376820	0.036030
497.750000	1	1.284922	0.483536	2.338447	0.274729
498.000000	0	0.060737	0.002049	0.402016	0.037264
498.000000	1	1.251851	0.399979	2.474423	0.289876
498.250000	0	0.059343	0.004864	0.446586	0.031665
498.250000	1	1.195338	0.012597	1.552355	0.226019
498.500000	0	0.061692	0.005901	0.301800	0.034522
498.500000	1	1.235422	0.320315	2.148190	0.279051
498.750000	0	0.062348	0.008892	0.300536	0.035814
498.750000	1	1.235746	0.425406	2.140364	0.267895
499.000000	0	0.064367	0.003368	1.071950	0.052906
499.000000	1	1.217357	0.372954	1.921874	0.242262
499.250000	0	0.063661	0.009611	0.499488	0.042417
499.250000	1	1.239882	0.664627	2.276191	0.259718
499.500000	0	0.064389	0.002894	0.658791	0.050508
499.500000	1	1.204362	0.418709	1.930798	0.256770
499.750000	0	0.064157	0.011859	0.418804	0.041241
499.750000	1	1.238097	0.606078	2.098853	0.239771
500.000000	0	0.062944	0.003618	0.383707	0.035480
500.000000	1	1.226084	0.585036	2.235002	0.270711
500.250000	0	0.062128	0.009668	0.400449	0.036181
500.250000	1	1.244607	0.452610	2.022965	0.242877
500.500000	0	0.062356	0.000635	0.293768	0.034068
500.500000	1	1.215927	0.568577	2.045075	0.218329
500.750000	0	0.063513	0.005525	0.595060	0.040655
500.750000	1	1.203130	0.346200	2.335658	0.255502
