Time	Cell_type	Mean	Min	Max	Std
0.250000	0	0.088738	0.005171	0.532421	0.066370
0.250000	1	1.216161	0.727431	1.603321	0.170151
0.500000	0	0.088530	0.007001	0.627586	0.067612
0.500000	1	1.222476	0.751555	1.870218	0.240015
0.750000	0	0.090437	0.001959	0.844052	0.078580
0.750000	1	1.251540	0.249435	1.926667	0.257327
1.000000	0	0.089254	0.001797	1.518052	0.082622
1.000000	1	1.249392	0.298988	3.563820	0.383874
1.250000	0	0.087313	0.006706	0.603386	0.070944
1.250000	1	1.228569	0.476175	1.831450	0.248921
1.500000	0	0.089721	0.002884	0.734832	0.072836
1.500000	1	1.249252	0.297981	2.237786	0.277270
1.750000	0	0.088059	0.011986	0.846855	0.070567
1.750000	1	1.291052	0.524640	1.979877	0.243480
2.000000	0	0.083748	0.002519	0.655638	0.062517
2.000000	1	1.219663	0.140666	2.287846	0.265608
2.250000	0	0.084801	0.003974	0.822574	0.066874
2.250000	1	1.234788	0.587111	2.423542	0.253229
2.500000	0	0.083869	0.005990	0.909089	0.066508
2.500000	1	1.228927	0.514607	2.477897	0.291106
2.750000	0	0.083891	0.012316	1.165850	0.073346
2.750000	1	1.240742	0.355000	2.737334	0.333889
3.000000	0	0.085143	0.006491	0.817426	0.067856
3.000000	1	1.232344	0.302898	2.320315	0.335091
3.250000	0	0.082762	0.004215	1.522323	0.077429
3.250000	1	1.259413	0.512132	2.913035	0.316236
3.500000	0	0.083717	0.005833	0.789770	0.061715
3.500000	1	1.210579	0.300171	2.046844	0.280540
3.750000	0	0.081044	0.004361	1.105260	0.068322
3.750000	1	1.205463	0.309633	2.038300	0.269974
4.000000	0	0.082680	0.004066	0.468660	0.052761
4.000000	1	1.275504	0.688930	2.778565	0.305854
4.250000	0	0.080959	0.007435	0.767846	0.058107
4.250000	1	1.247652	0.490945	2.241573	0.248692
4.500000	0	0.080735	0.009574	0.579829	0.053904
4.500000	1	1.258012	0.664476	1.914834	0.226734
4.750000	0	0.080442	0.004612	0.601342	0.056578
4.750000	1	1.244144	0.300244	2.056141	0.275751
5.000000	0	0.078554	0.003951	0.671998	0.052325
5.000000	1	1.232872	0.453192	1.848492	0.237196
5.250000	0	0.078974	0.004792	0.529167	0.052160
5.250000	1	1.214740	0.466706	1.912871	0.217279
5.500000	0	0.079029	0.002325	0.615496	0.053867
5.500000	1	1.227766	0.503020	2.284359	0.265617
5.750000	0	0.079336	0.009484	1.231881	0.063750
5.750000	1	1.263621	0.569332	2.671258	0.305488
6.000000	0	0.079288	0.006930	0.665240	0.055027
6.000000	1	1.253002	0.543922	2.284256	0.256748
6.250000	0	0.080247	0.005528	0.741871	0.057973
6.250000	1	1.236038	0.323336	2.479792	0.292900
6.500000	0	0.082128	0.008275	0.805276	0.068265
6.500000	1	1.213296	0.558512	2.408203	0.267155
6.750000	0	0.079245	0.001054	0.630465	0.055430
6.750000	1	1.250952	0.475196	2.597745	0.278754
7.000000	0	0.080172	0.003244	0.670492	0.054026
7.000000	1	1.212364	0.152764	2.606811	0.343023
7.250000	0	0.081635	0.008782	0.686022	0.055663
7.250000	1	1.226457	0.434492	2.402953	0.298060
7.500000	0	0.081461	0.009749	0.985313	0.065198
7.500000	1	1.226195	0.465459	2.191274	0.263726
7.750000	0	0.082618	0.000941	0.545822	0.057377
7.750000	1	1.202782	0.318623	2.090057	0.270886
8.000000	0	0.083931	0.004530	1.341645	0.074561
8.000000	1	1.233960	0.264277	2.638381	0.318274
8.250000	0	0.082780	0.005507	0.909774	0.066889
8.250000	1	1.198494	0.173355	1.929281	0.312219
8.500000	0	0.080378	0.003968	0.589031	0.056987
8.500000	1	1.233616	0.145889	2.038085	0.299674
8.750000	0	0.083214	0.005187	0.778053	0.067040
8.750000	1	1.254014	0.225975	2.568813	0.297879
9.000000	0	0.077709	0.006944	0.390866	0.045471
9.000000	1	1.190725	0.183608	1.742860	0.231652
9.250000	0	0.079203	0.005190	0.487471	0.052502
9.250000	1	1.240982	0.544991	2.294138	0.275690
9.500000	0	0.078902	0.007713	0.945127	0.061220
9.500000	1	1.240959	0.307436	2.447137	0.300954
9.750000	0	0.083012	0.003545	0.631815	0.058699
9.750000	1	1.237608	0.506837	2.177466	0.243853
10.000000	0	0.082247	0.010871	0.600018	0.063969
10.000000	1	1.263075	0.335438	2.662310	0.317851
10.250000	0	0.080228	0.007151	0.757362	0.059923
10.250000	1	1.220962	0.387915	2.454718	0.312532
10.500000	0	0.080866	0.003624	0.773632	0.057321
10.500000	1	1.195374	0.377155	2.045127	0.255163
10.750000	0	0.077889	0.003613	0.677909	0.056225
10.750000	1	1.217726	0.528923	2.555129	0.277431
11.000000	0	0.083883	0.008967	1.652553	0.083224
11.000000	1	1.260832	0.684764	2.750042	0.243783
11.250000	0	0.084590	0.005296	1.372339	0.083093
11.250000	1	1.241281	0.372971	2.261858	0.307935
11.500000	0	0.078979	0.003588	0.578305	0.053908
11.500000	1	1.211111	0.285239	2.643497	0.272249
11.750000	0	0.079682	0.005160	0.597696	0.059574
11.750000	1	1.226873	0.335133	2.446893	0.354877
12.000000	0	0.079527	0.001071	0.508775	0.057318
12.000000	1	1.246116	0.383650	2.685996	0.305674
12.250000	0	0.082240	0.013833	1.281221	0.078330
12.250000	1	1.246745	0.293202	3.937406	0.417749
12.500000	0	0.080335	0.007826	0.514432	0.057769
12.500000	1	1.249069	0.354799	3.129156	0.334421
12.750000	0	0.079064	0.005893	1.479578	0.074027
12.750000	1	1.247028	0.486919	1.860579	0.233836
13.000000	0	0.080115	0.011926	0.527682	0.055081
13.000000	1	1.259309	0.651844	2.055889	0.245315
13.250000	0	0.078597	0.008010	0.698227	0.053543
13.250000	1	1.222318	0.459381	1.774805	0.188024
13.500000	0	0.080245	0.002398	0.682024	0.056845
13.500000	1	1.263907	0.307617	2.357299	0.303751
13.750000	0	0.076939	0.011591	0.604411	0.049934
13.750000	1	1.258049	0.422335	2.091219	0.260480
14.000000	0	0.078907	0.006087	0.574109	0.052251
14.000000	1	1.254255	0.100739	2.627516	0.337283
14.250000	0	0.079698	0.005437	0.417485	0.050876
14.250000	1	1.236465	0.510341	2.184631	0.234030
14.500000	0	0.077135	0.002892	0.515678	0.044240
14.500000	1	1.258382	0.545259	2.280871	0.303933
14.750000	0	0.078095	0.007224	0.611843	0.051798
14.750000	1	1.238183	0.432333	2.134342	0.268521
15.000000	0	0.077620	0.010540	0.824344	0.052082
15.000000	1	1.188242	0.277845	1.800631	0.243722
15.250000	0	0.082487	0.007969	0.520957	0.058938
15.250000	1	1.226086	0.359347	2.554783	0.316485
15.500000	0	0.079835	0.004331	0.644166	0.061022
15.500000	1	1.256885	0.219997	2.137487	0.284830
15.750000	0	0.078949	0.006789	0.821036	0.059858
15.750000	1	1.212146	0.410982	2.122668	0.235803
16.000000	0	0.078218	0.003049	0.612882	0.052449
16.000000	1	1.237807	0.075594	2.595878	0.338815
16.250000	0	0.076975	0.008423	0.366030	0.046724
16.250000	1	1.247917	0.142659	2.663321	0.364045
16.500000	0	0.077674	0.001257	1.046435	0.057300
16.500000	1	1.307044	0.715138	4.680778	0.485166
16.750000	0	0.078781	0.001491	0.530265	0.051402
16.750000	1	1.300415	0.723290	2.681082	0.296350
17.000000	0	0.076646	0.004542	0.889334	0.052001
17.000000	1	1.290482	0.600641	4.868074	0.447494
17.250000	0	0.078141	0.005376	0.783165	0.051563
17.250000	1	1.216582	0.404449	2.746622	0.309315
17.500000	0	0.077423	0.003426	0.760101	0.050179
17.500000	1	1.209920	0.280503	2.243128	0.282616
17.750000	0	0.077447	0.002028	0.530221	0.048146
17.750000	1	1.272739	0.526058	2.144341	0.293174
18.000000	0	0.077161	0.005384	0.720642	0.051497
18.000000	1	1.282032	0.293583	4.326754	0.480609
18.250000	0	0.079594	0.002415	0.584011	0.052956
18.250000	1	1.191351	0.245761	1.802458	0.250151
18.500000	0	0.083225	0.005589	0.707383	0.069386
18.500000	1	1.189939	0.340407	2.107440	0.279275
18.750000	0	0.077553	0.003110	0.625272	0.056439
18.750000	1	1.253351	0.214028	2.497858	0.294377
19.000000	0	0.078914	0.011126	0.728892	0.056491
19.000000	1	1.268990	0.713130	2.274536	0.272183
19.250000	0	0.078449	0.007729	0.644454	0.054071
19.250000	1	1.219069	0.353306	2.378761	0.275780
19.500000	0	0.077230	0.002446	0.381355	0.046657
19.500000	1	1.221112	0.114262	1.981009	0.271927
19.750000	0	0.076129	0.004574	0.479456	0.048176
19.750000	1	1.253543	0.384823	2.169893	0.265376
20.000000	0	0.074232	0.008408	0.472278	0.043723
20.000000	1	1.232454	0.486366	3.013746	0.301309
20.250000	0	0.076222	0.008220	0.874081	0.052964
20.250000	1	1.218826	0.068418	2.179855	0.315834
20.500000	0	0.075500	0.005535	0.561822	0.048343
20.500000	1	1.226186	0.092465	2.107940	0.260488
20.750000	0	0.077038	0.013477	0.524179	0.047950
20.750000	1	1.278782	0.564128	2.238208	0.253790
21.000000	0	0.076197	0.005570	1.908294	0.082122
21.000000	1	1.225685	0.115215	1.991835	0.268864
21.250000	0	0.078999	0.002812	0.875419	0.057091
21.250000	1	1.248850	0.392288	2.705417	0.313994
21.500000	0	0.076844	0.006509	0.439871	0.045447
21.500000	1	1.237741	0.200542	2.350277	0.300088
21.750000	0	0.078337	0.006022	0.801879	0.060502
21.750000	1	1.232421	0.039174	2.017848	0.293446
22.000000	0	0.073494	0.008014	0.456261	0.043374
22.000000	1	1.213579	0.663042	2.460493	0.280564
22.250000	0	0.077660	0.008341	0.705998	0.054596
22.250000	1	1.238765	0.273979	2.164301	0.286938
22.500000	0	0.075425	0.008456	0.730896	0.049885
22.500000	1	1.276508	0.347897	2.455719	0.334545
22.750000	0	0.076871	0.007416	0.468184	0.047927
22.750000	1	1.234874	0.377123	1.976896	0.264454
23.000000	0	0.077423	0.000439	0.632000	0.049327
23.000000	1	1.209410	0.501096	2.294566	0.282295
23.250000	0	0.079405	0.004817	0.701206	0.052310
23.250000	1	1.181829	0.375300	2.373405	0.314624
23.500000	0	0.078149	0.003324	0.977161	0.060018
23.500000	1	1.249380	0.513133	2.748056	0.348418
23.750000	0	0.076604	0.005813	0.791786	0.053525
23.750000	1	1.228600	0.177042	3.378399	0.419281
24.000000	0	0.075803	0.003090	0.707675	0.050313
24.000000	1	1.274607	0.574523	2.655350	0.276100
24.250000	0	0.074885	0.005004	0.410744	0.045828
24.250000	1	1.201958	0.405389	1.766104	0.231777
24.500000	0	0.076213	0.010463	0.618670	0.048025
24.500000	1	1.286967	0.465038	2.990413	0.339145
24.750000	0	0.075844	0.001087	0.536201	0.045736
24.750000	1	1.221771	0.667589	2.402652	0.280093
25.000000	0	0.077616	0.007221	0.588954	0.051130
25.000000	1	1.198657	0.246133	2.116853	0.293021
25.250000	0	0.077199	0.007276	0.818125	0.053237
25.250000	1	1.232053	0.403156	3.227772	0.318686
25.500000	0	0.076163	0.004523	0.688456	0.051007
25.500000	1	1.243306	0.374371	3.045026	0.316621
25.750000	0	0.077784	0.007105	0.917620	0.061857
25.750000	1	1.229185	0.277419	2.564825	0.277761
26.000000	0	0.075357	0.006298	0.415115	0.041926
26.000000	1	1.237040	0.632159	2.291315	0.250213
26.250000	0	0.074266	0.002583	0.445418	0.042871
26.250000	1	1.263997	0.298056	2.218376	0.276959
26.500000	0	0.075032	0.003977	0.425972	0.043234
26.500000	1	1.260811	0.513030	2.430860	0.303954
26.750000	0	0.076797	0.006582	0.472472	0.047742
26.750000	1	1.241526	0.083877	2.299084	0.329615
27.000000	0	0.076330	0.004980	1.002878	0.053143
27.000000	1	1.264992	0.346279	2.593096	0.315202
27.250000	0	0.072265	0.002405	0.621128	0.040499
27.250000	1	1.233930	0.434843	2.552789	0.298937
27.500000	0	0.072499	0.010215	0.800955	0.047058
27.500000	1	1.247058	0.295221	2.319906	0.305074
27.750000	0	0.073873	0.006457	0.594470	0.043025
27.750000	1	1.234336	0.544610	2.529096	0.260620
28.000000	0	0.073097	0.008184	0.569355	0.041654
28.000000	1	1.215639	0.115144	2.617249	0.289866
28.250000	0	0.072602	0.005002	0.392146	0.039918
28.250000	1	1.206208	0.301409	2.229562	0.272053
28.500000	0	0.075071	0.001968	0.530946	0.045166
28.500000	1	1.265618	0.466644	3.246595	0.395515
28.750000	0	0.075605	0.009004	1.314311	0.062763
28.750000	1	1.244763	0.585695	2.362731	0.285446
29.000000	0	0.073888	0.005004	0.922184	0.049690
29.000000	1	1.217675	0.445525	2.402480	0.281642
29.250000	0	0.073886	0.004535	0.366110	0.040150
29.250000	1	1.260991	0.151766	2.661798	0.325974
29.500000	0	0.076940	0.002853	0.496472	0.049827
29.500000	1	1.220819	0.440152	2.236720	0.280793
29.750000	0	0.073966	0.002359	0.366388	0.040633
29.750000	1	1.233792	0.606513	1.906278	0.247407
30.000000	0	0.076090	0.008573	0.582352	0.050685
30.000000	1	1.239107	0.507057	2.093182	0.263567
30.250000	0	0.074342	0.001720	0.703725	0.044341
30.250000	1	1.253844	0.502765	2.526354	0.291651
30.500000	0	0.074858	0.003769	0.353590	0.041757
30.500000	1	1.260697	0.231937	3.755566	0.381573
30.750000	0	0.071276	0.005788	0.344203	0.035144
30.750000	1	1.242705	0.625971	1.997390	0.270057
31.000000	0	0.072283	0.004012	0.491325	0.040392
31.000000	1	1.229368	0.223217	2.829815	0.304278
31.250000	0	0.071484	0.001771	0.403158	0.038644
31.250000	1	1.228960	0.415383	2.250934	0.301018
31.500000	0	0.071366	0.004547	0.423078	0.038773
31.500000	1	1.237266	0.578322	2.375989	0.238826
31.750000	0	0.072453	0.008771	0.330479	0.037132
31.750000	1	1.254948	0.356458	1.862269	0.236865
32.000000	0	0.073427	0.004847	0.916902	0.049046
32.000000	1	1.241917	0.493880	2.471282	0.265447
32.250000	0	0.072371	0.004698	0.466816	0.040269
32.250000	1	1.247482	0.296039	2.470424	0.313063
32.500000	0	0.072788	0.004430	0.274229	0.035084
32.500000	1	1.211564	0.081982	1.937151	0.271590
32.750000	0	0.075346	0.010276	0.796038	0.048361
32.750000	1	1.274302	0.300263	2.449447	0.318148
33.000000	0	0.073222	0.004141	0.364582	0.036414
33.000000	1	1.233593	0.355972	2.112550	0.237493
33.250000	0	0.072172	0.003622	0.347378	0.036930
33.250000	1	1.237350	0.568116	2.414344	0.261542
33.500000	0	0.073313	0.000805	0.471815	0.044277
33.500000	1	1.239659	0.568828	1.968290	0.262906
33.750000	0	0.076750	0.009402	0.566996	0.050907
33.750000	1	1.219182	0.429412	1.903545	0.273046
34.000000	0	0.074128	0.004413	0.736843	0.049645
34.000000	1	1.236271	0.579947	2.800750	0.271311
34.250000	0	0.076734	0.007809	0.371690	0.042897
34.250000	1	1.314837	0.439344	4.479342	0.456680
34.500000	0	0.075441	0.003935	0.488510	0.046276
34.500000	1	1.239520	0.457181	2.394165	0.267950
34.750000	0	0.075260	0.005290	0.482242	0.044597
34.750000	1	1.206233	0.545391	2.282679	0.233388
35.000000	0	0.076769	0.010227	0.890748	0.056055
35.000000	1	1.272484	0.572606	2.305635	0.296492
35.250000	0	0.075323	0.005661	0.509459	0.044190
35.250000	1	1.281933	0.629823	2.756332	0.300837
35.500000	0	0.076857	0.014175	0.620777	0.046268
35.500000	1	1.208420	0.482947	1.998342	0.261448
35.750000	0	0.076719	0.004809	0.454389	0.045144
35.750000	1	1.264981	0.340937	3.145259	0.342610
36.000000	0	0.074795	0.001333	0.607151	0.046587
36.000000	1	1.268605	0.223417	2.583181	0.366419
36.250000	0	0.076984	0.006803	0.962553	0.061958
36.250000	1	1.201373	0.492140	1.822142	0.234661
36.500000	0	0.078324	0.007790	0.830540	0.057994
36.500000	1	1.195157	0.254585	2.168458	0.277093
36.750000	0	0.076094	0.006514	0.573785	0.049276
36.750000	1	1.249454	0.541476	2.533624	0.293672
37.000000	0	0.073494	0.002770	0.417974	0.041066
37.000000	1	1.240228	0.462453	2.206766	0.268228
37.250000	0	0.076904	0.003532	0.737761	0.048747
37.250000	1	1.239153	0.122482	2.299239	0.257308
37.500000	0	0.069987	0.004839	0.269115	0.032973
37.500000	1	1.203853	0.559885	1.951114	0.213664
37.750000	0	0.075933	0.006054	0.662756	0.047890
37.750000	1	1.255650	0.621083	2.271327	0.261002
38.000000	0	0.075801	0.004322	0.424323	0.043339
38.000000	1	1.226904	0.459956	2.121634	0.226579
38.250000	0	0.075255	0.004697	0.661734	0.049188
38.250000	1	1.265064	0.176690	2.716463	0.300019
38.500000	0	0.074406	0.006223	0.953983	0.049467
38.500000	1	1.181034	0.247430	2.231376	0.284292
38.750000	0	0.076284	0.004964	0.717210	0.053800
38.750000	1	1.248008	0.236504	2.263662	0.312654
39.000000	0	0.073406	0.004159	0.534547	0.040383
39.000000	1	1.240575	0.512254	2.473949	0.284919
39.250000	0	0.071565	0.008969	0.344495	0.035313
39.250000	1	1.239088	0.604118	2.106583	0.247636
39.500000	0	0.074803	0.004864	0.504891	0.043944
39.500000	1	1.253839	0.744111	2.047378	0.253445
39.750000	0	0.077145	0.006586	0.723187	0.053526
39.750000	1	1.237414	0.256207	2.063298	0.255892
40.000000	0	0.076546	0.007600	1.099866	0.064098
40.000000	1	1.243170	0.408237	2.339964	0.281404
40.250000	0	0.075807	0.006462	0.374084	0.043089
40.250000	1	1.244191	0.233926	2.253858	0.281324
40.500000	0	0.072636	0.005721	0.294535	0.036322
40.500000	1	1.243277	0.585983	2.428704	0.267251
40.750000	0	0.072631	0.005827	0.282673	0.036925
40.750000	1	1.261995	0.188126	2.627724	0.289453
41.000000	0	0.073434	0.004389	0.640049	0.046253
41.000000	1	1.227913	0.523840	3.512705	0.321854
41.250000	0	0.075365	0.007591	0.486561	0.048681
41.250000	1	1.290675	0.478335	2.877744	0.345802
41.500000	0	0.074173	0.001532	0.475358	0.041477
41.500000	1	1.227562	0.500573	2.396370	0.256313
41.750000	0	0.078915	0.003785	0.601629	0.054402
41.750000	1	1.283616	0.552563	2.803720	0.315927
42.000000	0	0.074094	0.010143	0.681978	0.045582
42.000000	1	1.215120	0.211138	2.399092	0.269471
42.250000	0	0.075090	0.001740	0.361909	0.042080
42.250000	1	1.270839	0.685247	2.254206	0.275121
42.500000	0	0.074113	0.002732	0.505295	0.040573
42.500000	1	1.241114	0.452856	1.881298	0.219671
42.750000	0	0.072101	0.010410	0.313584	0.037254
42.750000	1	1.238148	0.476787	2.131488	0.237770
43.000000	0	0.074766	0.002994	0.398940	0.041018
43.000000	1	1.238459	0.735800	2.042582	0.213718
43.250000	0	0.073818	0.012336	0.594067	0.046549
43.250000	1	1.275754	0.614555	2.787681	0.369290
43.500000	0	0.073896	0.005557	0.915422	0.048787
43.500000	1	1.227103	0.218347	2.709964	0.295664
43.750000	0	0.074311	0.004202	0.359099	0.039635
43.750000	1	1.276878	0.310571	2.261067	0.281166
44.000000	0	0.073219	0.002632	0.668735	0.043429
44.000000	1	1.225864	0.101588	2.370010	0.252306
44.250000	0	0.073322	0.007125	0.350247	0.037287
44.250000	1	1.235622	0.346740	2.094489	0.268484
44.500000	0	0.071587	0.009107	0.402904	0.040800
44.500000	1	1.245657	0.317215	2.353576	0.278111
44.750000	0	0.074286	0.001878	1.298119	0.060257
44.750000	1	1.234493	0.285020	2.161510	0.284840
45.000000	0	0.073012	0.002366	0.604158	0.044376
45.000000	1	1.254826	0.675466	2.783259	0.289965
45.250000	0	0.074500	0.007722	0.975610	0.060904
45.250000	1	1.211702	0.306908	2.831672	0.329818
45.500000	0	0.079101	0.011922	2.301768	0.094631
45.500000	1	1.215950	0.504291	3.275216	0.305046
45.750000	0	0.076175	0.009802	0.747716	0.047993
45.750000	1	1.233547	0.443215	2.965251	0.321611
46.000000	0	0.075520	0.000657	0.572503	0.049104
46.000000	1	1.324407	0.288368	2.362205	0.339035
46.250000	0	0.072797	0.004713	0.714238	0.044516
46.250000	1	1.204864	0.348783	2.255197	0.280729
46.500000	0	0.075535	0.010530	0.648237	0.051076
46.500000	1	1.205007	0.235121	2.282180	0.286612
46.750000	0	0.076269	0.002500	0.671099	0.049834
46.750000	1	1.240318	0.168346	2.170411	0.278677
47.000000	0	0.074801	0.007198	0.415270	0.045684
47.000000	1	1.212696	0.535551	2.109479	0.280631
47.250000	0	0.076047	0.003633	0.782001	0.053018
47.250000	1	1.263489	0.711870	2.405640	0.276988
47.500000	0	0.075285	0.002887	0.377767	0.040260
47.500000	1	1.229997	0.183232	2.575184	0.310374
47.750000	0	0.073970	0.004716	0.544451	0.041368
47.750000	1	1.222863	0.174478	2.124994	0.299715
48.000000	0	0.070714	0.010648	0.321647	0.035716
48.000000	1	1.253852	0.553763	2.408371	0.306401
48.250000	0	0.070761	0.006692	0.348499	0.035250
48.250000	1	1.219805	0.164128	1.923957	0.264150
48.500000	0	0.071519	0.005068	0.604157	0.038605
48.500000	1	1.246690	0.369830	2.268380	0.300046
48.750000	0	0.073109	0.003267	0.422000	0.038932
48.750000	1	1.208884	0.216051	2.037340	0.260990
49.000000	0	0.075688	0.007643	0.591665	0.048257
49.000000	1	1.247026	0.519859	2.958001	0.280532
49.250000	0	0.074924	0.006771	0.469581	0.042219
49.250000	1	1.263742	0.774967	2.114135	0.251838
49.500000	0	0.073730	0.006342	0.530821	0.042868
49.500000	1	1.271283	0.220249	2.574357	0.312710
49.750000	0	0.076965	0.007941	0.658518	0.050905
49.750000	1	1.235000	0.461178	2.218535	0.251582
50.000000	0	0.071137	0.006821	0.357254	0.034428
50.000000	1	1.231075	0.329316	2.095302	0.251271
50.250000	0	0.072689	0.001371	0.348865	0.039475
50.250000	1	1.226155	0.379381	3.488501	0.355919
50.500000	0	0.074705	0.004654	0.444886	0.042573
50.500000	1	1.263211	0.626250	2.487713	0.324620
50.750000	0	0.074366	0.014938	0.585653	0.044702
50.750000	1	1.218621	0.247243	2.508615	0.278592
51.000000	0	0.072786	0.002477	0.666408	0.043979
51.000000	1	1.237266	0.182375	2.692365	0.318988
51.250000	0	0.075160	0.013055	0.415868	0.043514
51.250000	1	1.198753	0.102805	2.151710	0.261658
51.500000	0	0.072474	0.006053	0.453449	0.038281
51.500000	1	1.217993	0.505122	2.015288	0.296331
51.750000	0	0.076493	0.010348	0.542759	0.047202
51.750000	1	1.267736	0.244855	2.701350	0.303618
52.000000	0	0.074182	0.008245	0.776463	0.053092
52.000000	1	1.199553	0.184119	2.744578	0.268338
52.250000	0	0.077682	0.015269	0.523693	0.049290
52.250000	1	1.258709	0.613979	2.358524	0.294230
52.500000	0	0.074443	0.003831	0.436027	0.041426
52.500000	1	1.256483	0.247469	2.279960	0.366636
52.750000	0	0.073191	0.005245	0.380816	0.042522
52.750000	1	1.202659	0.395517	2.305397	0.272554
53.000000	0	0.075136	0.004354	0.653261	0.044280
53.000000	1	1.253156	0.560927	2.587181	0.275798
53.250000	0	0.075704	0.004308	0.809533	0.054882
53.250000	1	1.253094	0.513852	2.596465	0.334920
53.500000	0	0.074880	0.010844	0.758858	0.048425
53.500000	1	1.256078	0.160155	2.674357	0.301489
53.750000	0	0.075407	0.002297	0.625656	0.048978
53.750000	1	1.197218	0.376813	2.789623	0.304497
54.000000	0	0.077217	0.010974	0.588664	0.049630
54.000000	1	1.189589	0.403075	2.185961	0.321606
54.250000	0	0.076709	0.006035	0.737426	0.054104
54.250000	1	1.237274	0.262370	2.223332	0.270517
54.500000	0	0.073786	0.008462	0.445245	0.038129
54.500000	1	1.213975	0.467862	2.167364	0.272259
54.750000	0	0.073798	0.005491	0.364086	0.039693
54.750000	1	1.243716	0.103610	2.706816	0.298931
55.000000	0	0.073581	0.007852	0.297621	0.035717
55.000000	1	1.210388	0.236600	1.829304	0.230923
55.250000	0	0.076103	0.008019	0.460804	0.048701
55.250000	1	1.209762	0.407378	2.468611	0.282740
55.500000	0	0.076277	0.008067	0.881027	0.057917
55.500000	1	1.249175	0.450098	2.187502	0.265177
55.750000	0	0.075341	0.012274	0.558390	0.046014
55.750000	1	1.235883	0.388312	2.194143	0.270976
56.000000	0	0.071381	0.009212	0.359886	0.035326
56.000000	1	1.229271	0.301303	2.207881	0.256989
56.250000	0	0.073483	0.009012	0.345711	0.034971
56.250000	1	1.215789	0.521578	2.496918	0.262164
56.500000	0	0.075326	0.002827	0.741361	0.045572
56.500000	1	1.274925	0.532974	2.385355	0.274428
56.750000	0	0.073417	0.003217	0.796882	0.052737
56.750000	1	1.241760	0.559357	2.452862	0.245154
57.000000	0	0.073431	0.003611	0.580568	0.048286
57.000000	1	1.314936	0.575640	3.209819	0.339980
57.250000	0	0.074711	0.002060	0.351626	0.039056
57.250000	1	1.260828	0.295719	2.375594	0.334047
57.500000	0	0.074250	0.005380	0.869878	0.049286
57.500000	1	1.224437	0.330292	2.142597	0.282648
57.750000	0	0.074913	0.011410	0.949460	0.055723
57.750000	1	1.243987	0.597107	2.085886	0.253119
58.000000	0	0.073034	0.012432	0.353373	0.035877
58.000000	1	1.267859	0.691586	2.305293	0.268784
58.250000	0	0.073155	0.003667	0.615529	0.043786
58.250000	1	1.233210	0.194082	2.426720	0.302736
58.500000	0	0.073639	0.005261	0.571920	0.043297
58.500000	1	1.258420	0.308162	2.786955	0.322260
58.750000	0	0.069702	0.007299	0.463192	0.031606
58.750000	1	1.209621	0.366380	2.254184	0.267154
59.000000	0	0.072168	0.005829	0.333835	0.035384
59.000000	1	1.208121	0.425010	2.299996	0.254561
59.250000	0	0.077913	0.003005	1.647758	0.081022
59.250000	1	1.265762	0.403580	2.802237	0.315429
59.500000	0	0.076318	0.005902	0.524716	0.048111
59.500000	1	1.255620	0.156733	2.711100	0.347072
59.750000	0	0.073727	0.005879	1.077725	0.054657
59.750000	1	1.267120	0.363458	2.707158	0.291522
60.000000	0	0.071767	0.001964	0.425677	0.037988
60.000000	1	1.212846	0.307344	1.905178	0.236504
60.250000	0	0.071877	0.002661	0.516161	0.040883
60.250000	1	1.209112	0.463396	1.803444	0.216335
60.500000	0	0.074846	0.008112	0.440404	0.041087
60.500000	1	1.276294	0.412217	2.501384	0.377377
60.750000	0	0.072923	0.003523	0.812971	0.050957
60.750000	1	1.272172	0.683097	2.230374	0.267332
61.000000	0	0.074638	0.005824	1.020924	0.052416
61.000000	1	1.250223	0.450966	2.332624	0.305869
61.250000	0	0.071947	0.010948	0.562919	0.039285
61.250000	1	1.197756	0.353775	2.451297	0.280747
61.500000	0	0.074064	0.003314	0.815179	0.047128
61.500000	1	1.204590	0.502095	1.843213	0.231447
61.750000	0	0.073943	0.005992	0.555728	0.042291
61.750000	1	1.173672	0.419980	1.981281	0.216225
62.000000	0	0.077000	0.008731	0.604169	0.048085
62.000000	1	1.221467	0.253329	2.899926	0.343998
62.250000	0	0.072885	0.007334	0.275397	0.036207
62.250000	1	1.237053	0.474769	2.809978	0.330276
62.500000	0	0.075156	0.010748	0.578288	0.049666
62.500000	1	1.228476	0.432597	2.628604	0.350124
62.750000	0	0.072145	0.011053	0.818533	0.045690
62.750000	1	1.246168	0.538124	2.693069	0.322398
63.000000	0	0.071981	0.004526	0.313280	0.034101
63.000000	1	1.244206	0.345344	2.715732	0.313145
63.250000	0	0.072044	0.006432	0.490459	0.037466
63.250000	1	1.238891	0.585000	2.966836	0.310366
63.500000	0	0.075337	0.005171	0.500318	0.045184
63.500000	1	1.250984	0.367757	2.189714	0.289962
63.750000	0	0.074221	0.007249	1.109228	0.056817
63.750000	1	1.198471	0.346159	2.185039	0.291155
64.000000	0	0.073982	0.013113	0.507652	0.041789
64.000000	1	1.311070	0.616630	3.907982	0.389066
64.250000	0	0.068488	0.002532	0.220461	0.029981
64.250000	1	1.261556	0.609811	2.127793	0.267873
64.500000	0	0.074754	0.001522	0.634169	0.048247
64.500000	1	1.190912	0.660251	1.947262	0.209507
64.750000	0	0.075043	0.003824	0.608015	0.047775
64.750000	1	1.252900	0.462660	2.715624	0.318634
65.000000	0	0.073764	0.008928	0.569350	0.041177
65.000000	1	1.210188	0.342746	2.135360	0.270960
65.250000	0	0.073829	0.004601	0.436131	0.040630
65.250000	1	1.268672	0.430416	2.240300	0.283376
65.500000	0	0.072566	0.007016	0.445960	0.040829
65.500000	1	1.266185	0.069300	2.127097	0.276334
65.750000	0	0.073838	0.000729	0.462397	0.042235
65.750000	1	1.219655	0.189755	2.960553	0.369834
66.000000	0	0.072040	0.003601	0.382917	0.038291
66.000000	1	1.223131	0.568621	1.868703	0.220433
66.250000	0	0.076558	0.012082	0.599719	0.053241
66.250000	1	1.230050	0.582374	1.835753	0.207258
66.500000	0	0.075189	0.002798	0.470326	0.044816
66.500000	1	1.215069	0.050541	2.484883	0.287043
66.750000	0	0.073739	0.006945	1.032967	0.054949
66.750000	1	1.262977	0.291980	2.599024	0.336886
67.000000	0	0.073186	0.005487	0.508439	0.039111
67.000000	1	1.248847	0.596093	2.011929	0.222101
67.250000	0	0.072625	0.006379	0.615029	0.043332
67.250000	1	1.220759	0.240450	2.340459	0.289575
67.500000	0	0.071587	0.012542	0.361601	0.034880
67.500000	1	1.285165	0.296017	2.821464	0.311807
67.750000	0	0.070872	0.009724	0.470757	0.034668
67.750000	1	1.261040	0.492043	3.063223	0.272317
68.000000	0	0.070765	0.004790	0.403908	0.037239
68.000000	1	1.253413	0.116865	2.237576	0.283747
68.250000	0	0.070691	0.006061	0.463710	0.034404
68.250000	1	1.214944	0.389206	2.483307	0.281027
68.500000	0	0.072382	0.002870	0.526875	0.038403
68.500000	1	1.221210	0.373304	2.154842	0.245437
68.750000	0	0.072873	0.003100	0.632293	0.043382
68.750000	1	1.252477	0.673121	3.714486	0.333410
69.000000	0	0.071860	0.005725	0.498192	0.038681
69.000000	1	1.192728	0.286102	2.242937	0.285724
69.250000	0	0.075655	0.010761	0.490955	0.049250
69.250000	1	1.247715	0.357046	2.504970	0.345761
69.500000	0	0.075649	0.002453	0.611012	0.047294
69.500000	1	1.277466	0.662371	2.388188	0.294628
69.750000	0	0.075365	0.008500	0.439553	0.045688
69.750000	1	1.313141	0.438685	7.335025	0.828126
70.000000	0	0.079516	0.009763	1.375705	0.079823
70.000000	1	1.282022	0.556332	2.813416	0.333812
70.250000	0	0.073471	0.002164	0.324640	0.039811
70.250000	1	1.226190	0.636005	2.081403	0.218189
70.500000	0	0.075118	0.001864	0.492406	0.043347
70.500000	1	1.233203	0.354591	2.424807	0.263328
70.750000	0	0.072568	0.001786	0.452815	0.040109
70.750000	1	1.233415	0.653495	2.189290	0.211146
71.000000	0	0.073932	0.009768	0.565723	0.043368
71.000000	1	1.215133	0.329341	2.071539	0.264432
71.250000	0	0.075170	0.008693	0.503929	0.045913
71.250000	1	1.316439	0.340724	2.551729	0.342857
71.500000	0	0.073710	0.003836	0.548933	0.044550
71.500000	1	1.262075	0.266133	2.164490	0.253571
71.750000	0	0.073714	0.001248	1.296838	0.058753
71.750000	1	1.206532	0.438612	2.480867	0.253705
72.000000	0	0.071391	0.008766	0.311113	0.032952
72.000000	1	1.224805	0.515858	2.022939	0.227290
72.250000	0	0.071163	0.003763	0.338733	0.038073
72.250000	1	1.261711	0.582137	2.506105	0.274076
72.500000	0	0.071220	0.006512	0.608689	0.039369
72.500000	1	1.233539	0.239246	2.166862	0.239947
72.750000	0	0.071386	0.005633	0.425692	0.033006
72.750000	1	1.228521	0.586375	2.232239	0.231611
73.000000	0	0.072453	0.000341	0.591202	0.039262
73.000000	1	1.236202	0.608883	2.458748	0.247214
73.250000	0	0.074894	0.011513	0.370022	0.041527
73.250000	1	1.222004	0.512587	2.073472	0.240560
73.500000	0	0.074697	0.001186	0.396383	0.041599
73.500000	1	1.201716	0.501501	1.918412	0.232333
73.750000	0	0.073493	0.002921	0.462640	0.042971
73.750000	1	1.230009	0.298752	2.145755	0.307898
74.000000	0	0.075195	0.007381	0.442435	0.041866
74.000000	1	1.239020	0.156210	2.199121	0.273649
74.250000	0	0.072235	0.005681	0.550975	0.040007
74.250000	1	1.201261	0.526571	2.554129	0.271287
74.500000	0	0.075600	0.008382	0.451030	0.045524
74.500000	1	1.241330	0.526412	2.146157	0.286816
74.750000	0	0.073672	0.002110	0.649936	0.045862
74.750000	1	1.218850	0.140231	2.084857	0.239732
75.000000	0	0.075774	0.007688	0.488387	0.043337
75.000000	1	1.231143	0.353347	2.364192	0.271234
75.250000	0	0.073497	0.006321	0.847042	0.049520
75.250000	1	1.223550	0.479103	2.177415	0.284131
75.500000	0	0.075116	0.003425	0.565169	0.044628
75.500000	1	1.241152	0.571095	2.422013	0.267057
75.750000	0	0.075095	0.009421	0.929339	0.051587
75.750000	1	1.260957	0.534963	2.041819	0.263625
76.000000	0	0.074309	0.004482	0.317894	0.038890
76.000000	1	1.251820	0.212696	2.278125	0.294394
76.250000	0	0.072920	0.006142	0.703154	0.045394
76.250000	1	1.292762	0.172312	3.879444	0.406234
76.500000	0	0.073608	0.008069	0.434444	0.036944
76.500000	1	1.276222	0.652499	5.192951	0.484002
76.750000	0	0.073176	0.014021	0.438379	0.039154
76.750000	1	1.210403	0.281930	2.579405	0.292174
77.000000	0	0.072194	0.003110	0.340355	0.036475
77.000000	1	1.240923	0.186070	3.301735	0.335607
77.250000	0	0.074003	0.006195	0.890182	0.051132
77.250000	1	1.316687	0.546336	3.850012	0.432434
77.500000	0	0.073905	0.007006	0.476890	0.044046
77.500000	1	1.211948	0.550970	2.094989	0.237811
77.750000	0	0.071472	0.009662	0.338027	0.039074
77.750000	1	1.239218	0.486991	2.406118	0.272081
78.000000	0	0.072303	0.007077	0.374823	0.037332
78.000000	1	1.272410	0.480731	2.634349	0.316248
78.250000	0	0.070458	0.004679	0.683875	0.041188
78.250000	1	1.201346	0.274207	2.160885	0.301400
78.500000	0	0.072105	0.003528	0.532988	0.038691
78.500000	1	1.239508	0.390712	2.056831	0.288020
78.750000	0	0.073079	0.008239	0.494620	0.043691
78.750000	1	1.247676	0.207593	2.326784	0.288875
79.000000	0	0.073644	0.003003	0.621818	0.043615
79.000000	1	1.229252	0.485239	2.293352	0.297459
79.250000	0	0.074426	0.003798	0.643556	0.044786
79.250000	1	1.255069	0.344620	2.772522	0.298600
79.500000	0	0.074232	0.004909	0.671808	0.046127
79.500000	1	1.273059	0.451554	2.465128	0.279020
79.750000	0	0.075158	0.003691	0.642582	0.049507
79.750000	1	1.296498	0.706249	3.454447	0.373230
80.000000	0	0.073223	0.007260	0.382831	0.039950
80.000000	1	1.216622	0.388996	2.632850	0.268218
80.250000	0	0.073980	0.004005	0.409263	0.041843
80.250000	1	1.303811	0.064391	2.509524	0.309691
80.500000	0	0.074442	0.006198	0.598561	0.052087
80.500000	1	1.230839	0.423706	2.387027	0.299749
80.750000	0	0.076457	0.008734	0.433760	0.042629
80.750000	1	1.225521	0.169923	2.212718	0.296764
81.000000	0	0.076252	0.005130	0.498143	0.048804
81.000000	1	1.262818	0.345076	1.996971	0.235086
81.250000	0	0.074593	0.005542	0.721330	0.046590
81.250000	1	1.255206	0.703447	2.298249	0.261367
81.500000	0	0.070517	0.004435	0.436062	0.034784
81.500000	1	1.258750	0.733353	1.970325	0.214830
81.750000	0	0.072582	0.004504	0.314643	0.036913
81.750000	1	1.242416	0.402589	2.336144	0.290943
82.000000	0	0.072970	0.003126	0.557696	0.045325
82.000000	1	1.238858	0.361715	2.406032	0.290880
82.250000	0	0.075751	0.005754	0.495462	0.044186
82.250000	1	1.245649	0.573203	2.326864	0.262211
82.500000	0	0.074078	0.006833	0.800668	0.047328
82.500000	1	1.223727	0.343737	3.600797	0.323171
82.750000	0	0.072110	0.003086	0.426408	0.038375
82.750000	1	1.276379	0.746217	2.284753	0.283051
83.000000	0	0.071852	0.006323	0.320361	0.034752
83.000000	1	1.248018	0.365278	2.521244	0.283602
83.250000	0	0.075757	0.008128	0.556930	0.051864
83.250000	1	1.189984	0.200638	2.215444	0.275826
83.500000	0	0.073854	0.008277	0.419361	0.043174
83.500000	1	1.192206	0.458025	2.690702	0.325098
83.750000	0	0.073470	0.004408	0.743669	0.048524
83.750000	1	1.263646	0.673025	2.406034	0.286704
84.000000	0	0.074227	0.013553	0.563737	0.047127
84.000000	1	1.259104	0.273677	2.475309	0.321528
84.250000	0	0.072585	0.006867	0.382109	0.037090
84.250000	1	1.225415	0.443909	2.147909	0.281354
84.500000	0	0.078727	0.011441	1.432787	0.081903
84.500000	1	1.264144	0.175453	2.893030	0.373321
84.750000	0	0.075403	0.005948	0.728084	0.054794
84.750000	1	1.277217	0.442347	2.381001	0.322892
85.000000	0	0.073018	0.007775	0.506316	0.039503
85.000000	1	1.215786	0.142141	2.131375	0.260459
85.250000	0	0.075413	0.009765	0.526545	0.047486
85.250000	1	1.309239	0.601572	5.227388	0.585501
85.500000	0	0.074097	0.008671	0.394812	0.041926
85.500000	1	1.229766	0.309610	2.512938	0.296628
85.750000	0	0.074225	0.004883	0.402380	0.041593
85.750000	1	1.214225	0.590847	2.114991	0.234011
86.000000	0	0.076700	0.004111	0.605415	0.049685
86.000000	1	1.220969	0.323426	2.454347	0.290633
86.250000	0	0.073549	0.006305	0.504204	0.043326
86.250000	1	1.251219	0.262804	2.850768	0.354122
86.500000	0	0.075445	0.003977	0.477996	0.044548
86.500000	1	1.244434	0.520604	2.375915	0.323829
86.750000	0	0.072716	0.007966	0.559991	0.045630
86.750000	1	1.227392	0.260970	2.561138	0.276685
87.000000	0	0.072890	0.004584	0.520629	0.044842
87.000000	1	1.240968	0.343929	2.173571	0.250926
87.250000	0	0.071883	0.004905	0.564666	0.040128
87.250000	1	1.251484	0.675799	2.555018	0.260884
87.500000	0	0.073488	0.006985	0.352336	0.039462
87.500000	1	1.266142	0.386035	3.408707	0.318289
87.750000	0	0.074186	0.008175	0.759867	0.050372
87.750000	1	1.266736	0.328368	2.866659	0.353762
88.000000	0	0.072977	0.003661	0.389580	0.040014
88.000000	1	1.251458	0.773434	2.806643	0.296797
88.250000	0	0.072211	0.008124	0.390625	0.039763
88.250000	1	1.225658	0.573852	2.578137	0.285327
88.500000	0	0.074662	0.003591	0.605183	0.048244
88.500000	1	1.286417	0.382224	2.738690	0.346166
88.750000	0	0.074826	0.002710	0.717062	0.051468
88.750000	1	1.227916	0.133064	2.135683	0.261663
89.000000	0	0.073016	0.012256	0.637622	0.042937
89.000000	1	1.232170	0.400428	2.272302	0.341220
89.250000	0	0.072929	0.006524	0.787909	0.047188
89.250000	1	1.221452	0.430055	2.323654	0.293525
89.500000	0	0.071897	0.011909	0.399930	0.037924
89.500000	1	1.278630	0.522132	2.261756	0.263634
89.750000	0	0.069326	0.008967	0.261002	0.031391
89.750000	1	1.236631	0.724121	3.041856	0.274040
90.000000	0	0.073349	0.009013	0.497837	0.038637
90.000000	1	1.257838	0.488401	1.974843	0.234209
90.250000	0	0.073128	0.007360	0.494103	0.043891
90.250000	1	1.205629	0.616256	2.169132	0.250991
90.500000	0	0.074095	0.002029	0.575376	0.048279
90.500000	1	1.274441	0.340048	2.198401	0.279805
90.750000	0	0.074695	0.008160	0.595566	0.044745
90.750000	1	1.216609	0.798211	1.982355	0.202198
91.000000	0	0.073981	0.009174	0.588297	0.046275
91.000000	1	1.206906	0.432552	2.132651	0.235750
91.250000	0	0.072735	0.002455	0.924634	0.049776
91.250000	1	1.217642	0.456837	2.291979	0.248944
91.500000	0	0.070293	0.008814	0.330609	0.033320
91.500000	1	1.249776	0.561336	2.558490	0.270074
91.750000	0	0.072851	0.004455	0.849221	0.048059
91.750000	1	1.258042	0.431983	2.294688	0.288209
92.000000	0	0.072542	0.005849	0.337843	0.036047
92.000000	1	1.228014	0.648753	2.309967	0.246495
92.250000	0	0.072175	0.013035	0.598948	0.041203
92.250000	1	1.235682	0.465236	2.383606	0.279657
92.500000	0	0.073429	0.007268	0.445129	0.040449
92.500000	1	1.216240	0.208592	2.190872	0.260472
92.750000	0	0.073912	0.004010	0.666458	0.044751
92.750000	1	1.216960	0.207046	2.013725	0.252243
93.000000	0	0.073567	0.008823	0.395310	0.036968
93.000000	1	1.262470	0.223851	3.362765	0.376458
93.250000	0	0.070967	0.006363	0.347396	0.032901
93.250000	1	1.218260	0.270149	4.147345	0.402636
93.500000	0	0.073398	0.004864	0.966157	0.048956
93.500000	1	1.259280	0.263184	2.348480	0.279747
93.750000	0	0.075458	0.005675	0.921139	0.055266
93.750000	1	1.220683	0.634071	2.248540	0.230234
94.000000	0	0.074479	0.008968	0.462360	0.044695
94.000000	1	1.228833	0.417481	2.291609	0.314466
94.250000	0	0.074475	0.005577	0.500200	0.042919
94.250000	1	1.234604	0.182879	2.860127	0.367417
94.500000	0	0.073046	0.005828	0.587261	0.040201
94.500000	1	1.215922	0.268752	2.235111	0.307847
94.750000	0	0.070222	0.008165	0.262076	0.031594
94.750000	1	1.273083	0.478912	2.258910	0.287732
95.000000	0	0.069597	0.006443	0.366754	0.033374
95.000000	1	1.271796	0.539967	2.620006	0.321697
95.250000	0	0.071700	0.004969	0.552842	0.040722
95.250000	1	1.250061	0.414849	2.398061	0.324013
95.500000	0	0.071500	0.007409	0.977030	0.047033
95.500000	1	1.229038	0.594668	2.315791	0.271934
95.750000	0	0.073108	0.001317	0.560428	0.043462
95.750000	1	1.319459	0.134866	5.780411	0.590444
96.000000	0	0.075358	0.002307	0.684158	0.047496
96.000000	1	1.211695	0.304001	1.876109	0.250348
96.250000	0	0.074624	0.008878	0.468105	0.041434
96.250000	1	1.262283	0.189090	2.479082	0.276355
96.500000	0	0.074965	0.012860	0.656649	0.050728
96.500000	1	1.240121	0.204199	2.262453	0.282144
96.750000	0	0.073151	0.005704	0.598913	0.045582
96.750000	1	1.290323	0.639644	2.786863	0.309007
97.000000	0	0.072083	0.011345	0.541373	0.042714
97.000000	1	1.246179	0.357315	2.496068	0.272813
97.250000	0	0.076142	0.008900	0.715277	0.053625
97.250000	1	1.280292	0.526712	2.234040	0.283522
97.500000	0	0.070480	0.011737	0.357808	0.034046
97.500000	1	1.242337	0.513394	2.191080	0.234427
97.750000	0	0.071793	0.004536	0.539180	0.037626
97.750000	1	1.250171	0.685682	2.544506	0.249492
98.000000	0	0.070815	0.005057	0.365414	0.034312
98.000000	1	1.272380	0.555843	2.346944	0.261549
98.250000	0	0.070360	0.006501	0.362343	0.033568
98.250000	1	1.220626	0.695500	1.718590	0.169089
98.500000	0	0.072029	0.006473	0.307978	0.033910
98.500000	1	1.267780	0.713794	2.950189	0.333750
98.750000	0	0.072445	0.014548	0.576068	0.036789
98.750000	1	1.282533	0.123052	3.302641	0.440252
99.000000	0	0.071379	0.004093	0.437701	0.035360
99.000000	1	1.243885	0.638256	2.159311	0.296127
99.250000	0	0.072095	0.010422	0.458276	0.034881
99.250000	1	1.244705	0.655952	3.051089	0.260461
99.500000	0	0.073442	0.006620	0.416985	0.041061
99.500000	1	1.213915	0.299902	2.536204	0.251181
99.750000	0	0.072477	0.011598	0.506233	0.040677
99.750000	1	1.242008	0.529910	2.315275	0.282710
100.000000	0	0.070627	0.009384	0.336915	0.034677
100.000000	1	1.219252	0.752868	2.785687	0.259650
100.250000	0	0.072610	0.000318	0.534308	0.039808
100.250000	1	1.205652	0.381429	1.828100	0.232749
100.500000	0	0.070508	0.005472	0.516930	0.040061
100.500000	1	1.248039	0.268191	2.021846	0.278921
100.750000	0	0.070937	0.004006	0.314005	0.032630
100.750000	1	1.200595	0.360060	2.023721	0.245075
101.000000	0	0.072584	0.003023	0.503331	0.037720
101.000000	1	1.312737	0.241568	3.251444	0.342816
101.250000	0	0.071435	0.003399	0.591408	0.038418
101.250000	1	1.258216	0.471567	2.550039	0.317509
101.500000	0	0.074389	0.003596	0.454007	0.043779
101.500000	1	1.219563	0.541012	2.778633	0.294084
101.750000	0	0.074797	0.008395	0.801565	0.049973
101.750000	1	1.236707	0.230041	2.333866	0.299624
102.000000	0	0.073175	0.007985	0.796341	0.050132
102.000000	1	1.242988	0.342110	2.712154	0.328721
102.250000	0	0.073433	0.006461	0.556283	0.039966
102.250000	1	1.254516	0.437851	2.153255	0.279686
102.500000	0	0.071178	0.010920	0.299092	0.035022
102.500000	1	1.213882	0.108312	2.266082	0.302205
102.750000	0	0.073862	0.010194	0.499506	0.046142
102.750000	1	1.260670	0.435969	3.248083	0.307795
103.000000	0	0.076584	0.009307	0.897903	0.057398
103.000000	1	1.258558	0.292063	2.343750	0.272663
103.250000	0	0.072165	0.005569	0.313490	0.034513
103.250000	1	1.202960	0.462091	1.967536	0.256605
103.500000	0	0.072318	0.005199	0.555331	0.044740
103.500000	1	1.229913	0.463875	2.167044	0.298033
103.750000	0	0.077050	0.005740	0.747391	0.050039
103.750000	1	1.216375	0.241092	2.361454	0.289274
104.000000	0	0.073969	0.004076	0.487880	0.042921
104.000000	1	1.249204	0.236605	2.025177	0.263452
104.250000	0	0.074023	0.007863	0.412526	0.044070
104.250000	1	1.213417	0.388719	2.444370	0.227475
104.500000	0	0.073882	0.014231	0.760526	0.043771
104.500000	1	1.256590	0.380648	2.041393	0.248002
104.750000	0	0.072655	0.002976	0.576994	0.043109
104.750000	1	1.239458	0.032611	2.077781	0.283899
105.000000	0	0.071369	0.004141	0.336619	0.034947
105.000000	1	1.254120	0.543430	2.862318	0.305055
105.250000	0	0.074171	0.012700	0.821961	0.049082
105.250000	1	1.262573	0.806494	2.354787	0.230801
105.500000	0	0.071174	0.003634	0.283324	0.034089
105.500000	1	1.223317	0.222587	2.585650	0.259941
105.750000	0	0.071783	0.006765	0.376337	0.035062
105.750000	1	1.248277	0.598017	2.760673	0.249358
106.000000	0	0.072679	0.003995	0.348219	0.038589
106.000000	1	1.286567	0.279384	3.601669	0.424820
106.250000	0	0.073047	0.008101	0.482710	0.038943
106.250000	1	1.232734	0.242753	2.840866	0.292474
106.500000	0	0.071869	0.005651	0.618467	0.040544
106.500000	1	1.247522	0.519124	2.235569	0.231185
106.750000	0	0.074451	0.007906	0.419803	0.041768
106.750000	1	1.209653	0.275354	1.884992	0.237469
107.000000	0	0.073553	0.000338	0.804715	0.045793
107.000000	1	1.236513	0.456853	1.962581	0.267670
107.250000	0	0.073199	0.007243	0.380761	0.036928
107.250000	1	1.234406	0.584698	2.175636	0.239459
107.500000	0	0.072079	0.006115	0.349666	0.037170
107.500000	1	1.193796	0.259108	1.766570	0.238239
107.750000	0	0.073250	0.006348	0.673264	0.047021
107.750000	1	1.221128	0.090299	1.945172	0.277005
108.000000	0	0.072743	0.004318	0.626141	0.044537
108.000000	1	1.249825	0.248842	5.655255	0.641226
108.250000	0	0.075293	0.006715	0.493971	0.044078
108.250000	1	1.238367	0.294525	2.258319	0.285268
108.500000	0	0.076106	0.002760	0.680039	0.051846
108.500000	1	1.213935	0.208629	2.135434	0.284289
108.750000	0	0.075353	0.015048	0.764452	0.051818
108.750000	1	1.242065	0.123005	2.807013	0.352888
109.000000	0	0.075421	0.008793	0.749215	0.055339
109.000000	1	1.278491	0.503725	2.937706	0.305644
109.250000	0	0.074019	0.010677	0.575158	0.044407
109.250000	1	1.193722	0.402351	2.217135	0.272982
109.500000	0	0.071499	0.003571	0.470979	0.039350
109.500000	1	1.224108	0.453743	2.168475	0.227887
109.750000	0	0.071383	0.011445	0.451308	0.037521
109.750000	1	1.234442	0.642110	2.174489	0.244322
110.000000	0	0.069285	0.005350	0.304719	0.034236
110.000000	1	1.230092	0.547551	2.196448	0.249931
110.250000	0	0.070279	0.004808	0.452505	0.034566
110.250000	1	1.234411	0.708734	2.681142	0.245118
110.500000	0	0.069353	0.008432	0.368871	0.036547
110.500000	1	1.262154	0.484908	2.168372	0.258897
110.750000	0	0.072151	0.009269	0.593442	0.043533
110.750000	1	1.235017	0.495288	1.856758	0.236766
111.000000	0	0.073046	0.008581	0.649186	0.045669
111.000000	1	1.235361	0.529673	2.072148	0.259724
111.250000	0	0.072100	0.005963	0.617533	0.049283
111.250000	1	1.216171	0.377589	1.931847	0.249459
111.500000	0	0.073641	0.004510	0.956038	0.054749
111.500000	1	1.253216	0.314156	2.651696	0.356734
111.750000	0	0.074073	0.006567	0.407518	0.040529
111.750000	1	1.236228	0.085295	2.379786	0.305003
112.000000	0	0.073535	0.011167	0.552722	0.042252
112.000000	1	1.230303	0.764924	1.934016	0.203373
112.250000	0	0.073719	0.007818	0.499347	0.042380
112.250000	1	1.207270	0.306669	1.928105	0.208917
112.500000	0	0.072133	0.009183	0.395994	0.036633
112.500000	1	1.233383	0.479950	2.129575	0.246335
112.750000	0	0.072607	0.004159	0.378251	0.037636
112.750000	1	1.279448	0.296470	2.448509	0.333335
113.000000	0	0.072347	0.004600	0.734994	0.045343
113.000000	1	1.252442	0.498250	2.595228	0.302420
113.250000	0	0.073081	0.007029	0.604852	0.045176
113.250000	1	1.245211	0.412886	2.230571	0.287912
113.500000	0	0.073077	0.006853	0.406261	0.038389
113.500000	1	1.228261	0.577316	1.888803	0.214407
113.750000	0	0.071061	0.002605	0.347534	0.034896
113.750000	1	1.208974	0.309173	2.108399	0.234768
114.000000	0	0.072039	0.004401	0.296632	0.034868
114.000000	1	1.215297	0.350291	2.493395	0.286821
114.250000	0	0.073942	0.005636	0.649697	0.044097
114.250000	1	1.212289	0.374319	2.131811	0.296381
114.500000	0	0.068417	0.005996	0.402113	0.031125
114.500000	1	1.240221	0.750180	2.176100	0.247457
114.750000	0	0.071670	0.003186	0.311443	0.035441
114.750000	1	1.277067	0.295020	2.099483	0.263905
115.000000	0	0.073531	0.007750	0.912860	0.050497
115.000000	1	1.232339	0.372006	1.972083	0.205824
115.250000	0	0.071566	0.005081	0.379676	0.037012
115.250000	1	1.281910	0.446859	2.938069	0.345816
115.500000	0	0.073929	0.006970	0.322998	0.037800
115.500000	1	1.218090	0.389661	1.856943	0.206509
115.750000	0	0.074309	0.012917	0.400292	0.042378
115.750000	1	1.265741	0.660986	2.289711	0.241918
116.000000	0	0.073557	0.003067	0.791372	0.047894
116.000000	1	1.239650	0.686554	2.006430	0.223584
116.250000	0	0.070805	0.006853	0.428115	0.039017
116.250000	1	1.202444	0.507918	1.901411	0.191779
116.500000	0	0.071584	0.002358	0.330587	0.036774
116.500000	1	1.261012	0.204785	2.436910	0.307109
116.750000	0	0.070986	0.009827	0.341450	0.036550
116.750000	1	1.227155	0.285440	2.026851	0.207398
117.000000	0	0.070869	0.011833	0.301646	0.031622
117.000000	1	1.243957	0.451757	2.615035	0.290575
117.250000	0	0.071479	0.012992	0.466772	0.037927
117.250000	1	1.236235	0.322155	1.891808	0.234324
117.500000	0	0.072485	0.006655	0.501680	0.038325
117.500000	1	1.254661	0.656202	2.365748	0.262682
117.750000	0	0.071119	0.009539	0.370293	0.035207
117.750000	1	1.250939	0.250848	2.284603	0.270292
118.000000	0	0.071471	0.008695	0.308050	0.034065
118.000000	1	1.233344	0.202825	2.387313	0.270043
118.250000	0	0.072617	0.002062	0.369535	0.035302
118.250000	1	1.229327	0.591819	1.885987	0.196954
118.500000	0	0.070131	0.009457	0.405281	0.033613
118.500000	1	1.252376	0.176446	2.713154	0.307580
118.750000	0	0.071561	0.005649	0.399147	0.038317
118.750000	1	1.223670	0.097044	2.278261	0.281926
119.000000	0	0.070733	0.005764	0.632580	0.039103
119.000000	1	1.260938	0.594011	2.272608	0.267345
119.250000	0	0.069509	0.004595	0.337895	0.030930
119.250000	1	1.228828	0.540256	2.660323	0.264536
119.500000	0	0.070764	0.003617	0.409339	0.036541
119.500000	1	1.308033	0.367234	6.454797	0.628039
119.750000	0	0.070355	0.006323	0.580945	0.040532
119.750000	1	1.235447	0.372984	2.270784	0.287648
120.000000	0	0.072748	0.002425	0.390778	0.036578
120.000000	1	1.239863	0.370960	2.009632	0.277678
120.250000	0	0.070595	0.007304	0.302353	0.033293
120.250000	1	1.334537	0.316073	4.119077	0.540389
120.500000	0	0.073643	0.002559	0.407772	0.041274
120.500000	1	1.289425	0.788851	2.525055	0.252604
120.750000	0	0.071538	0.009330	0.300883	0.036479
120.750000	1	1.215081	0.317722	2.036165	0.228560
121.000000	0	0.070947	0.006706	0.446016	0.038061
121.000000	1	1.229855	0.216999	2.354075	0.325079
121.250000	0	0.072683	0.008551	0.378534	0.037770
121.250000	1	1.264812	0.378853	2.754146	0.301157
121.500000	0	0.071710	0.009699	0.478670	0.040872
121.500000	1	1.212303	0.496105	1.838610	0.231848
121.750000	0	0.070720	0.004942	0.603914	0.040046
121.750000	1	1.239326	0.408061	2.453608	0.284394
122.000000	0	0.072019	0.009428	0.456139	0.037388
122.000000	1	1.261305	0.593216	2.209801	0.265299
122.250000	0	0.072831	0.009573	0.630183	0.042214
122.250000	1	1.237449	0.632862	2.251468	0.233422
122.500000	0	0.072140	0.004066	0.456015	0.037711
122.500000	1	1.207729	0.302691	2.207361	0.268889
122.750000	0	0.072695	0.004518	0.332896	0.036114
122.750000	1	1.263577	0.673061	2.483247	0.275765
123.000000	0	0.070883	0.011241	0.458430	0.041296
123.000000	1	1.208818	0.314041	2.131781	0.273146
123.250000	0	0.072288	0.002004	0.416636	0.038378
123.250000	1	1.236949	0.222703	2.329436	0.309003
123.500000	0	0.072841	0.009442	0.419457	0.040104
123.500000	1	1.245181	0.381778	2.459649	0.325108
123.750000	0	0.071237	0.003237	0.381771	0.037794
123.750000	1	1.243587	0.430162	2.218704	0.277121
124.000000	0	0.072508	0.005836	0.530751	0.041192
124.000000	1	1.232183	0.413165	2.188432	0.275084
124.250000	0	0.071691	0.006008	0.410258	0.036316
124.250000	1	1.238569	0.698092	2.533340	0.235402
124.500000	0	0.071672	0.008362	0.409693	0.036874
124.500000	1	1.256278	0.439710	2.568478	0.306702
124.750000	0	0.070673	0.012129	0.320373	0.034414
124.750000	1	1.252309	0.410126	2.302986	0.301982
125.000000	0	0.072066	0.006352	0.707154	0.039694
125.000000	1	1.230541	0.130598	2.073345	0.236554
125.250000	0	0.070911	0.010538	0.324858	0.033936
125.250000	1	1.240718	0.682926	2.722307	0.280980
125.500000	0	0.071291	0.011161	0.371760	0.037914
125.500000	1	1.204199	0.346507	2.855848	0.291881
125.750000	0	0.070730	0.009214	0.537221	0.039560
125.750000	1	1.262287	0.469911	2.186091	0.278400
126.000000	0	0.069144	0.004146	0.332444	0.034175
126.000000	1	1.228841	0.228804	2.209338	0.246240
126.250000	0	0.073476	0.006486	0.660781	0.048461
126.250000	1	1.212898	0.842568	1.934487	0.178781
126.500000	0	0.070433	0.013099	0.298617	0.032983
126.500000	1	1.257573	0.544749	2.726437	0.276778
126.750000	0	0.071081	0.000635	0.303939	0.032847
126.750000	1	1.281554	0.619936	3.639611	0.339335
127.000000	0	0.071250	0.012526	0.357115	0.035269
127.000000	1	1.276223	0.651635	2.938261	0.295381
127.250000	0	0.070087	0.005369	0.334126	0.035080
127.250000	1	1.209912	0.278211	2.230355	0.285635
127.500000	0	0.071112	0.009552	0.291411	0.034036
127.500000	1	1.276715	0.326330	2.407651	0.292213
127.750000	0	0.069980	0.007448	0.264150	0.031681
127.750000	1	1.247658	0.373809	2.645483	0.299028
128.000000	0	0.071014	0.004310	0.253025	0.033212
128.000000	1	1.265704	0.643289	4.678677	0.411434
128.250000	0	0.071978	0.005461	0.925143	0.048273
128.250000	1	1.225446	0.676395	2.189941	0.258401
128.500000	0	0.072549	0.004905	0.578505	0.041118
128.500000	1	1.274785	0.277146	2.177473	0.285939
128.750000	0	0.073143	0.003644	0.359884	0.039761
128.750000	1	1.269356	0.502450	2.486623	0.304777
129.000000	0	0.072608	0.006487	0.711113	0.045655
129.000000	1	1.205526	0.212173	2.243549	0.283707
129.250000	0	0.072340	0.003840	0.535478	0.044763
129.250000	1	1.233793	0.412571	2.519786	0.275026
129.500000	0	0.074974	0.004158	0.604254	0.045495
129.500000	1	1.216292	0.662872	1.788123	0.213177
129.750000	0	0.073137	0.003519	0.529743	0.042044
129.750000	1	1.296084	0.659801	2.550523	0.278023
130.000000	0	0.071525	0.003337	0.461864	0.037456
130.000000	1	1.210280	0.505688	2.844948	0.296009
130.250000	0	0.071548	0.002055	0.491346	0.040076
130.250000	1	1.250550	0.411828	2.511691	0.357449
130.500000	0	0.071591	0.003793	0.651057	0.041140
130.500000	1	1.226840	0.693501	2.515287	0.276587
130.750000	0	0.071662	0.005601	0.688377	0.040229
130.750000	1	1.257738	0.143287	2.513085	0.337241
131.000000	0	0.072080	0.004531	0.551630	0.041462
131.000000	1	1.258806	0.022098	2.247595	0.329550
131.250000	0	0.068142	0.005813	0.404279	0.031595
131.250000	1	1.250417	0.163868	1.984144	0.247630
131.500000	0	0.069586	0.006419	0.408862	0.032459
131.500000	1	1.251834	0.260251	2.488538	0.335291
131.750000	0	0.072911	0.006879	0.980250	0.050290
131.750000	1	1.237505	0.635386	2.670364	0.286925
132.000000	0	0.070902	0.006331	0.652149	0.044700
132.000000	1	1.236277	0.254580	1.993644	0.291452
132.250000	0	0.070308	0.004808	0.340794	0.035420
132.250000	1	1.226426	0.389075	2.120288	0.270614
132.500000	0	0.071675	0.008307	0.440100	0.041835
132.500000	1	1.237879	0.051682	2.836272	0.344297
132.750000	0	0.072155	0.003803	0.597321	0.044536
132.750000	1	1.293155	0.497634	2.834125	0.308906
133.000000	0	0.070954	0.005851	0.365942	0.036908
133.000000	1	1.243986	0.597301	2.276880	0.262008
133.250000	0	0.072191	0.007466	0.437442	0.039125
133.250000	1	1.232098	0.528793	1.851838	0.220118
133.500000	0	0.072828	0.008928	0.447340	0.041207
133.500000	1	1.245910	0.704626	2.071216	0.221483
133.750000	0	0.070111	0.005182	0.384615	0.032306
133.750000	1	1.236293	0.700932	2.453874	0.249401
134.000000	0	0.071456	0.001744	0.741007	0.041165
134.000000	1	1.252435	0.462913	1.923423	0.251707
134.250000	0	0.069696	0.000980	0.384730	0.032816
134.250000	1	1.226253	0.741152	2.654858	0.254958
134.500000	0	0.074312	0.008960	0.722652	0.047516
134.500000	1	1.249110	0.224442	2.259395	0.294309
134.750000	0	0.071330	0.003818	0.354726	0.034075
134.750000	1	1.246279	0.461289	2.665554	0.325805
135.000000	0	0.078160	0.002833	0.737075	0.057346
135.000000	1	1.242300	0.593610	2.315560	0.301472
135.250000	0	0.072126	0.005637	0.554189	0.044215
135.250000	1	1.237501	0.146730	2.659659	0.319689
135.500000	0	0.076035	0.007122	1.004370	0.054700
135.500000	1	1.229261	0.175202	2.324290	0.288375
135.750000	0	0.072615	0.004731	0.463064	0.041182
135.750000	1	1.205988	0.608796	2.332897	0.234241
136.000000	0	0.073491	0.002679	0.551074	0.044149
136.000000	1	1.214539	0.332665	2.209514	0.292245
136.250000	0	0.075104	0.004477	0.340765	0.040493
136.250000	1	1.237198	0.463789	2.720347	0.324889
136.500000	0	0.074549	0.007034	0.654429	0.046922
136.500000	1	1.237894	0.423308	2.430653	0.325989
136.750000	0	0.073517	0.001762	0.382196	0.042344
136.750000	1	1.237028	0.393528	2.218034	0.305468
137.000000	0	0.076873	0.001775	0.534807	0.053297
137.000000	1	1.263896	0.535135	3.194465	0.342876
137.250000	0	0.073323	0.005125	0.514657	0.040999
137.250000	1	1.248940	0.251163	1.961821	0.247541
137.500000	0	0.073868	0.006363	0.391094	0.041358
137.500000	1	1.216218	0.232393	1.899599	0.223816
137.750000	0	0.070728	0.007247	0.366569	0.034010
137.750000	1	1.260778	0.593352	2.065402	0.237375
138.000000	0	0.071946	0.009408	0.444610	0.036201
138.000000	1	1.199424	0.495373	2.149517	0.253412
138.250000	0	0.074471	0.011590	0.526716	0.044653
138.250000	1	1.205425	0.374971	2.689272	0.270136
138.500000	0	0.071616	0.009479	0.484893	0.038816
138.500000	1	1.227400	0.063167	2.737084	0.303634
138.750000	0	0.072753	0.008689	0.466580	0.038706
138.750000	1	1.243731	0.238060	2.402527	0.292032
139.000000	0	0.070245	0.002039	0.575151	0.037911
139.000000	1	1.206695	0.422119	2.209747	0.271714
139.250000	0	0.070270	0.011743	0.329142	0.034550
139.250000	1	1.193175	0.501128	1.864455	0.216487
139.500000	0	0.072014	0.004476	0.473677	0.039217
139.500000	1	1.221862	0.394370	2.170798	0.277551
139.750000	0	0.074550	0.005133	0.728032	0.051049
139.750000	1	1.229657	0.222147	1.905146	0.277357
140.000000	0	0.071594	0.005018	0.467813	0.037550
140.000000	1	1.211792	0.628072	1.994268	0.250149
140.250000	0	0.072086	0.000749	0.566505	0.042426
140.250000	1	1.269115	0.360719	2.016885	0.264936
140.500000	0	0.075449	0.015432	0.584153	0.052759
140.500000	1	1.216437	0.544477	2.467199	0.289852
140.750000	0	0.072992	0.003170	0.344709	0.040261
140.750000	1	1.223676	0.199704	2.369062	0.302714
141.000000	0	0.072481	0.008319	0.613099	0.048001
141.000000	1	1.259170	0.656429	2.465475	0.296470
141.250000	0	0.074558	0.009130	1.263641	0.058474
141.250000	1	1.225297	0.574990	3.297804	0.301131
141.500000	0	0.077301	0.012246	0.605476	0.049223
141.500000	1	1.236045	0.492874	2.121080	0.264133
141.750000	0	0.077253	0.001034	0.592279	0.050851
141.750000	1	1.268385	0.659982	2.096912	0.290094
142.000000	0	0.075392	0.002114	0.501877	0.048668
142.000000	1	1.266896	0.380620	2.031242	0.242598
142.250000	0	0.073234	0.002108	0.598168	0.043655
142.250000	1	1.257599	0.550122	2.655801	0.279637
142.500000	0	0.075781	0.004024	1.250784	0.070645
142.500000	1	1.257167	0.593665	3.545668	0.305314
142.750000	0	0.071168	0.001898	0.355084	0.036125
142.750000	1	1.266753	0.533875	2.510709	0.311908
143.000000	0	0.073012	0.002104	0.352731	0.039056
143.000000	1	1.258188	0.338449	2.263744	0.292618
143.250000	0	0.072095	0.008499	0.378347	0.037699
143.250000	1	1.236190	0.672243	2.216743	0.266984
143.500000	0	0.072301	0.005130	0.446023	0.038756
143.500000	1	1.243041	0.434216	1.948641	0.249522
143.750000	0	0.071542	0.004244	0.340116	0.034429
143.750000	1	1.216595	0.555841	2.231101	0.235213
144.000000	0	0.071553	0.003491	0.538583	0.042249
144.000000	1	1.233588	0.679597	2.172649	0.222657
144.250000	0	0.071457	0.004255	0.348697	0.032930
144.250000	1	1.255620	0.399947	3.281770	0.345757
144.500000	0	0.072148	0.003361	0.520908	0.042308
144.500000	1	1.199461	0.354830	1.868702	0.264730
144.750000	0	0.072808	0.009662	0.736587	0.047783
144.750000	1	1.227509	0.257352	2.481949	0.346251
145.000000	0	0.073427	0.002297	0.505381	0.041536
145.000000	1	1.224480	0.454077	1.858557	0.252033
145.250000	0	0.072900	0.007433	0.795037	0.047139
145.250000	1	1.253564	0.379187	3.566832	0.418425
145.500000	0	0.072795	0.005146	0.454493	0.040427
145.500000	1	1.270715	0.210648	2.292672	0.315539
145.750000	0	0.069475	0.006731	0.323932	0.029789
145.750000	1	1.219713	0.436698	2.400277	0.259032
146.000000	0	0.069407	0.002941	0.389361	0.032865
146.000000	1	1.218284	0.085115	2.470206	0.276762
146.250000	0	0.072011	0.006215	0.521976	0.043668
146.250000	1	1.181509	0.521156	2.380416	0.235587
146.500000	0	0.071206	0.009752	0.341494	0.036254
146.500000	1	1.189113	0.389695	1.979133	0.239249
146.750000	0	0.074301	0.008749	0.401752	0.043955
146.750000	1	1.221703	0.485038	2.136899	0.253654
147.000000	0	0.071197	0.010607	0.340034	0.037737
147.000000	1	1.245449	0.686137	1.816630	0.212107
147.250000	0	0.070791	0.010347	0.464929	0.038105
147.250000	1	1.225720	0.385523	2.093007	0.264957
147.500000	0	0.074215	0.003236	2.337612	0.091450
147.500000	1	1.227831	0.423311	3.310202	0.325705
147.750000	0	0.072562	0.004124	0.322335	0.038268
147.750000	1	1.234516	0.064501	2.380903	0.327271
148.000000	0	0.073895	0.004322	0.363258	0.040126
148.000000	1	1.209227	0.342940	2.269759	0.273396
148.250000	0	0.072966	0.003516	0.794824	0.049659
148.250000	1	1.276135	0.322475	2.193817	0.260814
148.500000	0	0.072289	0.006224	0.774540	0.045552
148.500000	1	1.174544	0.501674	2.085925	0.248750
148.750000	0	0.072404	0.009664	0.606359	0.045441
148.750000	1	1.282188	0.228272	2.617055	0.352458
149.000000	0	0.071618	0.004117	0.427888	0.037222
149.000000	1	1.266118	0.705229	2.045068	0.254600
149.250000	0	0.072555	0.003640	0.296117	0.033814
149.250000	1	1.250026	0.482207	2.715277	0.330407
149.500000	0	0.072284	0.006440	0.396874	0.036555
149.500000	1	1.287068	0.561864	3.015449	0.383698
149.750000	0	0.071450	0.001945	0.526854	0.039936
149.750000	1	1.335810	0.277596	3.968725	0.509204
150.000000	0	0.073806	0.011251	0.890012	0.050038
150.000000	1	1.217281	0.195027	2.303182	0.284060
150.250000	0	0.072496	0.002690	0.474442	0.036651
150.250000	1	1.213419	0.316802	2.130831	0.267000
150.500000	0	0.073384	0.011799	0.618513	0.046011
150.500000	1	1.258766	0.692824	2.134923	0.267943
150.750000	0	0.073291	0.008111	0.341260	0.041300
150.750000	1	1.199784	0.061502	1.801174	0.236809
151.000000	0	0.075117	0.003432	0.538005	0.044911
151.000000	1	1.257315	0.296017	2.493089	0.318127
151.250000	0	0.072766	0.010745	0.515503	0.040845
151.250000	1	1.216946	0.224560	2.047249	0.273790
151.500000	0	0.072974	0.004750	0.911944	0.046499
151.500000	1	1.246799	0.201355	2.522516	0.279843
151.750000	0	0.072377	0.008021	0.352778	0.038207
151.750000	1	1.218937	0.239741	2.955616	0.298850
152.000000	0	0.073447	0.003093	0.418025	0.042539
152.000000	1	1.205905	0.305302	1.993670	0.285794
152.250000	0	0.071156	0.006903	0.359883	0.036503
152.250000	1	1.247376	0.082838	2.364037	0.320960
152.500000	0	0.072354	0.008254	0.422407	0.039870
152.500000	1	1.257048	0.436698	2.137433	0.247511
152.750000	0	0.073533	0.004748	0.325435	0.036823
152.750000	1	1.275539	0.590696	2.711075	0.310108
153.000000	0	0.072956	0.001028	0.457513	0.042958
153.000000	1	1.229139	0.506374	2.330192	0.300123
153.250000	0	0.073284	0.005069	0.679034	0.050644
153.250000	1	1.237762	0.441035	2.026938	0.232414
153.500000	0	0.074949	0.002003	0.654282	0.051114
153.500000	1	1.269584	0.737223	2.513546	0.272586
153.750000	0	0.072563	0.002882	0.400601	0.037321
153.750000	1	1.235312	0.120509	2.328774	0.285808
154.000000	0	0.073589	0.001464	0.403389	0.037777
154.000000	1	1.233972	0.525180	2.482192	0.269468
154.250000	0	0.072485	0.005926	0.951185	0.049724
154.250000	1	1.212476	0.208130	2.357720	0.290172
154.500000	0	0.076379	0.007011	0.607763	0.053307
154.500000	1	1.247561	0.474003	2.099926	0.275159
154.750000	0	0.073973	0.005614	0.560308	0.043999
154.750000	1	1.206000	0.165800	2.204059	0.293584
155.000000	0	0.072270	0.006596	0.331313	0.035388
155.000000	1	1.215497	0.450900	2.443155	0.280328
155.250000	0	0.072588	0.003638	0.451228	0.039496
155.250000	1	1.211567	0.457881	2.382450	0.293775
155.500000	0	0.072985	0.002510	0.370102	0.037225
155.500000	1	1.218336	0.444638	2.201227	0.254167
155.750000	0	0.072365	0.008494	0.513903	0.039731
155.750000	1	1.231616	0.473905	2.345559	0.276568
156.000000	0	0.072309	0.002158	0.350529	0.039477
156.000000	1	1.232836	0.473542	2.178170	0.281562
156.250000	0	0.072959	0.008212	0.514423	0.040856
156.250000	1	1.229410	0.507684	1.932523	0.255614
156.500000	0	0.072345	0.009554	0.495092	0.042436
156.500000	1	1.210766	0.311057	2.923836	0.347305
156.750000	0	0.076856	0.005938	0.635831	0.052464
156.750000	1	1.260651	0.331123	2.340452	0.320021
157.000000	0	0.075236	0.013021	0.529672	0.050166
157.000000	1	1.271139	0.394580	3.429396	0.367696
157.250000	0	0.071268	0.010261	0.363483	0.037519
157.250000	1	1.262936	0.692696	2.339643	0.274897
157.500000	0	0.072432	0.005577	0.257630	0.035399
157.500000	1	1.278492	0.781775	2.540644	0.305790
157.750000	0	0.072910	0.008449	0.394121	0.037827
157.750000	1	1.275155	0.373662	2.411887	0.308804
158.000000	0	0.072489	0.000676	0.421291	0.041330
158.000000	1	1.256209	0.643247	2.638895	0.335020
158.250000	0	0.074226	0.003804	2.502592	0.097351
158.250000	1	1.281760	0.374346	2.131308	0.274535
158.500000	0	0.071188	0.007839	0.322808	0.033997
158.500000	1	1.190496	0.490684	1.954296	0.236611
158.750000	0	0.071577	0.004572	0.665719	0.039993
158.750000	1	1.206411	0.421876	2.152273	0.269101
159.000000	0	0.071958	0.004333	0.650900	0.042970
159.000000	1	1.284747	0.243150	3.866636	0.448977
159.250000	0	0.071360	0.005457	0.482922	0.039167
159.250000	1	1.230747	0.420127	2.247320	0.265350
159.500000	0	0.070532	0.010543	0.375918	0.038844
159.500000	1	1.240556	0.564103	2.839232	0.294158
159.750000	0	0.072429	0.005488	0.384225	0.039381
159.750000	1	1.240582	0.543522	2.339616	0.255970
160.000000	0	0.073384	0.002782	0.534342	0.045982
160.000000	1	1.237569	0.184980	2.526454	0.338478
160.250000	0	0.075132	0.007342	0.836556	0.051356
160.250000	1	1.231737	0.445681	2.314352	0.274976
160.500000	0	0.075008	0.007454	0.483824	0.048081
160.500000	1	1.209856	0.436477	2.074078	0.279614
160.750000	0	0.073404	0.001883	0.964331	0.055617
160.750000	1	1.230557	0.529396	2.081469	0.296834
161.000000	0	0.073337	0.003989	0.538848	0.045658
161.000000	1	1.248149	0.530118	2.430353	0.245493
161.250000	0	0.070768	0.005905	0.420880	0.034445
161.250000	1	1.221001	0.304485	2.393886	0.310720
161.500000	0	0.070999	0.014937	0.371265	0.035498
161.500000	1	1.212262	0.443650	2.018556	0.283616
161.750000	0	0.074490	0.012083	0.471814	0.044018
161.750000	1	1.242059	0.223807	2.326298	0.301256
162.000000	0	0.070035	0.003037	0.294595	0.032924
162.000000	1	1.241349	0.125809	3.802399	0.382867
162.250000	0	0.073284	0.010401	0.781627	0.047733
162.250000	1	1.268292	0.568726	2.311401	0.272883
162.500000	0	0.071225	0.008386	0.616238	0.038729
162.500000	1	1.262582	0.613675	2.273740	0.288103
162.750000	0	0.073048	0.003502	0.754556	0.044387
162.750000	1	1.218721	0.325688	2.662491	0.273281
163.000000	0	0.073654	0.006690	0.775532	0.050266
163.000000	1	1.266861	0.265827	2.285864	0.335739
163.250000	0	0.070716	0.012753	0.470762	0.039014
163.250000	1	1.245655	0.123773	2.215235	0.275387
163.500000	0	0.070298	0.002810	0.406234	0.037481
163.500000	1	1.322642	0.448829	3.139836	0.387474
163.750000	0	0.072202	0.015612	0.653948	0.044435
163.750000	1	1.248086	0.737204	1.753545	0.204077
164.000000	0	0.071678	0.011007	0.425147	0.035974
164.000000	1	1.214952	0.730369	1.964137	0.205527
164.250000	0	0.071601	0.009942	0.415728	0.037634
164.250000	1	1.253658	0.703643	2.313793	0.243547
164.500000	0	0.071665	0.004673	0.332783	0.034493
164.500000	1	1.227736	0.445705	2.435056	0.304765
164.750000	0	0.072651	0.011659	0.472552	0.035829
164.750000	1	1.258630	0.078082	2.904978	0.332201
165.000000	0	0.069850	0.002937	0.347530	0.034546
165.000000	1	1.227049	0.727444	2.080206	0.245019
165.250000	0	0.071213	0.004891	0.369837	0.035698
165.250000	1	1.194582	0.442387	2.107253	0.264354
165.500000	0	0.073016	0.007489	0.448621	0.040078
165.500000	1	1.244561	0.323110	2.145472	0.280178
165.750000	0	0.072360	0.003633	0.373709	0.037587
165.750000	1	1.233500	0.298435	3.263363	0.315267
166.000000	0	0.072721	0.009407	0.364363	0.038676
166.000000	1	1.205552	0.591231	2.078500	0.225821
166.250000	0	0.073385	0.002426	0.822403	0.049429
166.250000	1	1.247029	0.525384	2.551327	0.252559
166.500000	0	0.071312	0.005675	0.343065	0.035437
166.500000	1	1.218827	0.601768	2.208168	0.263343
166.750000	0	0.071596	0.008710	0.849674	0.044387
166.750000	1	1.271682	0.461854	1.970703	0.265527
167.000000	0	0.071530	0.007828	0.497551	0.037943
167.000000	1	1.222555	0.291006	2.519546	0.296232
167.250000	0	0.073928	0.001233	0.649141	0.048056
167.250000	1	1.211612	0.503918	2.383409	0.247935
167.500000	0	0.071270	0.005721	0.572015	0.042098
167.500000	1	1.232665	0.426543	2.423887	0.329896
167.750000	0	0.072642	0.002252	0.530771	0.040358
167.750000	1	1.260753	0.325695	2.149475	0.283465
168.000000	0	0.076478	0.004798	1.688295	0.078022
168.000000	1	1.245197	0.613702	2.828700	0.292460
168.250000	0	0.073858	0.000787	0.638425	0.048035
168.250000	1	1.227248	0.164356	1.985227	0.250609
168.500000	0	0.071901	0.012749	0.355925	0.035422
168.500000	1	1.254321	0.718625	2.343512	0.243217
168.750000	0	0.071355	0.002761	0.369007	0.036550
168.750000	1	1.214590	0.173283	2.417400	0.326717
169.000000	0	0.070726	0.010451	0.461803	0.036708
169.000000	1	1.191801	0.127960	2.243034	0.258638
169.250000	0	0.075040	0.011150	0.417846	0.040778
169.250000	1	1.212546	0.660940	2.947443	0.285771
169.500000	0	0.072679	0.002935	0.381396	0.040287
169.500000	1	1.270621	0.528447	2.415084	0.301880
169.750000	0	0.072926	0.009390	0.318393	0.035949
169.750000	1	1.238385	0.438855	2.388171	0.308422
170.000000	0	0.071445	0.000876	0.547759	0.039539
170.000000	1	1.221032	0.365556	2.026503	0.202717
170.250000	0	0.070858	0.007896	0.359035	0.033567
170.250000	1	1.274651	0.306440	4.446321	0.517035
170.500000	0	0.072105	0.001623	0.540732	0.037618
170.500000	1	1.254869	0.399446	2.249863	0.288901
170.750000	0	0.072165	0.015588	0.412219	0.037500
170.750000	1	1.277874	0.428308	3.993080	0.440354
171.000000	0	0.074264	0.002493	1.097857	0.055598
171.000000	1	1.236684	0.576734	3.201011	0.341939
171.250000	0	0.073769	0.008005	0.411172	0.038252
171.250000	1	1.216568	0.222394	2.160073	0.285925
171.500000	0	0.071900	0.001352	0.494486	0.045665
171.500000	1	1.253638	0.263872	4.209908	0.407939
171.750000	0	0.073792	0.015146	0.520782	0.042955
171.750000	1	1.215630	0.337259	2.493024	0.261369
172.000000	0	0.072462	0.007448	0.325036	0.038144
172.000000	1	1.226992	0.722615	2.052108	0.222479
172.250000	0	0.071503	0.005926	0.469554	0.033892
172.250000	1	1.284198	0.521490	2.786481	0.280589
172.500000	0	0.071294	0.008565	0.408486	0.035418
172.500000	1	1.242386	0.666627	2.173912	0.272980
172.750000	0	0.070614	0.009831	0.491881	0.036673
172.750000	1	1.227494	0.497406	2.020484	0.230644
173.000000	0	0.072601	0.006499	0.339796	0.036688
173.000000	1	1.204380	0.681498	1.819310	0.233023
173.250000	0	0.073993	0.004612	1.130011	0.057567
173.250000	1	1.299523	0.563996	2.580380	0.320078
173.500000	0	0.073835	0.010847	0.386835	0.039831
173.500000	1	1.226642	0.138758	1.803056	0.230427
173.750000	0	0.073408	0.002534	0.403590	0.041492
173.750000	1	1.179543	0.290565	2.140297	0.275267
174.000000	0	0.072528	0.003310	0.639183	0.047083
174.000000	1	1.197658	0.052523	2.545339	0.355813
174.250000	0	0.072577	0.003604	0.498862	0.036804
174.250000	1	1.204958	0.514331	1.921802	0.247892
174.500000	0	0.073085	0.003188	0.460596	0.040090
174.500000	1	1.295473	0.422244	2.532211	0.298671
174.750000	0	0.074360	0.001106	0.761245	0.052755
174.750000	1	1.252650	0.199574	2.797690	0.270398
175.000000	0	0.071516	0.008508	0.364430	0.037849
175.000000	1	1.217158	0.614544	2.663774	0.237914
175.250000	0	0.070623	0.002360	0.295734	0.031085
175.250000	1	1.245491	0.628066	2.256710	0.251366
175.500000	0	0.072480	0.003925	0.556226	0.041729
175.500000	1	1.240486	0.438007	2.089837	0.220876
175.750000	0	0.071327	0.011054	0.552642	0.042474
175.750000	1	1.212180	0.200217	1.932701	0.261410
176.000000	0	0.072071	0.006117	0.512851	0.042378
176.000000	1	1.239823	0.389881	2.556408	0.317501
176.250000	0	0.073253	0.002184	0.468661	0.043245
176.250000	1	1.196459	0.335740	2.118148	0.290027
176.500000	0	0.074269	0.000067	0.678022	0.055382
176.500000	1	1.260267	0.350560	2.308790	0.315127
176.750000	0	0.072355	0.006787	0.677117	0.042775
176.750000	1	1.262166	0.380619	2.756773	0.288299
177.000000	0	0.073501	0.011358	0.650374	0.044821
177.000000	1	1.217057	0.281905	2.444479	0.287646
177.250000	0	0.071573	0.009957	0.302202	0.034529
177.250000	1	1.262934	0.179867	2.658192	0.315917
177.500000	0	0.072161	0.003338	0.443253	0.043047
177.500000	1	1.244766	0.499974	2.729727	0.311388
177.750000	0	0.072176	0.011583	0.471848	0.043627
177.750000	1	1.237963	0.512429	1.789702	0.240364
178.000000	0	0.071836	0.005121	0.391731	0.036635
178.000000	1	1.235526	0.571564	2.459735	0.293845
178.250000	0	0.072290	0.008190	0.517005	0.039148
178.250000	1	1.225925	0.476444	2.311212	0.229577
178.500000	0	0.070547	0.008814	0.485518	0.037592
178.500000	1	1.226817	0.504040	2.549941	0.240279
178.750000	0	0.073777	0.004446	0.655857	0.046577
178.750000	1	1.251264	0.476992	2.018837	0.287405
179.000000	0	0.071243	0.004593	0.717269	0.042235
179.000000	1	1.218282	0.383124	2.795168	0.274027
179.250000	0	0.073579	0.005062	0.599251	0.048452
179.250000	1	1.207589	0.550998	2.433180	0.262474
179.500000	0	0.074597	0.016457	0.406010	0.038247
179.500000	1	1.234928	0.212214	2.268187	0.290136
179.750000	0	0.074043	0.012906	0.469433	0.044426
179.750000	1	1.273482	0.350726	2.192371	0.270956
180.000000	0	0.070592	0.003684	0.335818	0.034764
180.000000	1	1.239510	0.384161	3.043620	0.300681
180.250000	0	0.069904	0.001424	0.316666	0.031213
180.250000	1	1.215462	0.688622	2.194064	0.255310
180.500000	0	0.072683	0.008714	0.324055	0.038163
180.500000	1	1.259428	0.483042	2.382478	0.284740
180.750000	0	0.072133	0.009842	0.428391	0.040098
180.750000	1	1.237165	0.306976	2.475393	0.265668
181.000000	0	0.072475	0.004239	0.469703	0.041885
181.000000	1	1.165495	0.373960	2.045973	0.281169
181.250000	0	0.071043	0.000756	0.457330	0.041619
181.250000	1	1.264467	0.489208	2.651478	0.344423
181.500000	0	0.070053	0.008278	0.404674	0.035114
181.500000	1	1.232618	0.461726	2.717961	0.310321
181.750000	0	0.072893	0.005429	0.303543	0.035743
181.750000	1	1.196365	0.454371	2.395885	0.300618
182.000000	0	0.071669	0.004062	0.487383	0.040195
182.000000	1	1.236135	0.111211	3.099811	0.394263
182.250000	0	0.072749	0.005699	0.612851	0.043449
182.250000	1	1.233160	0.337036	2.163547	0.288322
182.500000	0	0.071388	0.009452	0.469372	0.037381
182.500000	1	1.255829	0.593639	2.061564	0.242624
182.750000	0	0.075729	0.006485	0.746393	0.049379
182.750000	1	1.200902	0.154765	2.202573	0.311575
183.000000	0	0.075319	0.003343	0.779179	0.050895
183.000000	1	1.261513	0.714497	2.663075	0.277598
183.250000	0	0.072714	0.008963	0.354889	0.036114
183.250000	1	1.195827	0.638472	1.884792	0.234569
183.500000	0	0.070709	0.013726	0.320998	0.034248
183.500000	1	1.265881	0.529363	2.843051	0.324784
183.750000	0	0.071711	0.005617	0.530142	0.042129
183.750000	1	1.224337	0.618268	2.292049	0.275802
184.000000	0	0.072034	0.008203	1.110290	0.052174
184.000000	1	1.260984	0.354160	2.983314	0.376040
184.250000	0	0.072261	0.001896	0.511318	0.043029
184.250000	1	1.213364	0.132746	2.251790	0.284854
184.500000	0	0.070741	0.006357	0.453427	0.039493
184.500000	1	1.228760	0.755640	2.365900	0.227467
184.750000	0	0.074252	0.001463	0.354004	0.037655
184.750000	1	1.245555	0.331643	2.992436	0.294994
185.000000	0	0.077423	0.010540	0.681898	0.054745
185.000000	1	1.274053	0.118922	2.473517	0.332665
185.250000	0	0.072843	0.003313	0.474941	0.041297
185.250000	1	1.276600	0.239091	3.009495	0.356655
185.500000	0	0.069272	0.008134	0.407412	0.035276
185.500000	1	1.262906	0.681823	2.542926	0.270166
185.750000	0	0.072267	0.008026	0.353000	0.035168
185.750000	1	1.217850	0.434203	2.393143	0.250727
186.000000	0	0.072383	0.007898	0.370006	0.037174
186.000000	1	1.262682	0.611982	2.270359	0.236854
186.250000	0	0.071071	0.010211	0.367462	0.035063
186.250000	1	1.238204	0.515712	1.948896	0.232109
186.500000	0	0.071005	0.007815	0.489111	0.037317
186.500000	1	1.239847	0.349110	2.306562	0.324385
186.750000	0	0.073641	0.007547	0.599186	0.047804
186.750000	1	1.214162	0.456129	2.253335	0.261297
187.000000	0	0.073225	0.006483	0.844921	0.051124
187.000000	1	1.262749	0.422345	2.692401	0.316791
187.250000	0	0.073172	0.007214	0.594822	0.049858
187.250000	1	1.289202	0.496757	3.515721	0.386890
187.500000	0	0.074929	0.005117	0.784038	0.052745
187.500000	1	1.204857	0.265955	2.591697	0.340229
187.750000	0	0.072697	0.005239	0.501012	0.046089
187.750000	1	1.226548	0.531424	1.909832	0.232870
188.000000	0	0.072153	0.005680	0.454236	0.040275
188.000000	1	1.241503	0.405348	2.605205	0.275491
188.250000	0	0.072133	0.011239	0.791368	0.046715
188.250000	1	1.229928	0.134817	2.607348	0.303492
188.500000	0	0.072623	0.006947	0.560656	0.043530
188.500000	1	1.226701	0.513662	2.156183	0.255447
188.750000	0	0.073579	0.006016	0.467816	0.041373
188.750000	1	1.257078	0.235327	2.309455	0.287759
189.000000	0	0.071354	0.011026	0.556203	0.039975
189.000000	1	1.219253	0.272872	2.123376	0.221694
189.250000	0	0.071555	0.004591	0.507869	0.041395
189.250000	1	1.238452	0.330185	2.041927	0.249675
189.500000	0	0.069867	0.005030	0.320456	0.034238
189.500000	1	1.282924	0.336892	2.301562	0.279405
189.750000	0	0.069381	0.007160	0.285090	0.031170
189.750000	1	1.248663	0.392981	2.655957	0.301045
190.000000	0	0.069840	0.003535	0.388550	0.033685
190.000000	1	1.264573	0.656352	3.159301	0.316603
190.250000	0	0.068942	0.006078	0.327451	0.029883
190.250000	1	1.268320	0.621045	2.770163	0.312836
190.500000	0	0.072755	0.008187	0.996948	0.052271
190.500000	1	1.245711	0.357475	2.147763	0.227067
190.750000	0	0.072476	0.005599	0.692483	0.043122
190.750000	1	1.224718	0.537442	2.357753	0.267882
191.000000	0	0.071943	0.001557	0.581681	0.041031
191.000000	1	1.196589	0.306498	1.991737	0.288352
191.250000	0	0.070741	0.006102	0.426837	0.036376
191.250000	1	1.227176	0.144868	2.225898	0.293391
191.500000	0	0.072861	0.007849	0.485885	0.037662
191.500000	1	1.203166	0.344185	2.377978	0.273037
191.750000	0	0.071581	0.005794	0.315648	0.037706
191.750000	1	1.251477	0.623736	2.207366	0.295126
192.000000	0	0.072991	0.009599	0.360213	0.040643
192.000000	1	1.271192	0.378934	2.111285	0.269288
192.250000	0	0.071137	0.013173	0.356262	0.036386
192.250000	1	1.238580	0.592477	2.260893	0.232233
192.500000	0	0.071165	0.004515	0.434556	0.038964
192.500000	1	1.221547	0.424272	1.835357	0.219162
192.750000	0	0.072543	0.002616	0.351895	0.038736
192.750000	1	1.231980	0.546882	2.234808	0.269881
193.000000	0	0.073760	0.005113	0.717804	0.046142
193.000000	1	1.246861	0.551209	2.342028	0.286777
193.250000	0	0.074469	0.011073	0.489597	0.045474
193.250000	1	1.214904	0.200728	2.129952	0.280821
193.500000	0	0.077093	0.003330	0.850241	0.065389
193.500000	1	1.243491	0.259673	2.622500	0.333333
193.750000	0	0.074539	0.014160	0.659723	0.045748
193.750000	1	1.230782	0.264490	2.604908	0.295301
194.000000	0	0.073980	0.006030	1.481230	0.082496
194.000000	1	1.290571	0.623290	3.345174	0.342358
194.250000	0	0.069163	0.006527	0.412099	0.032382
194.250000	1	1.214959	0.361297	2.462578	0.257093
194.500000	0	0.074294	0.009203	0.606279	0.044917
194.500000	1	1.201398	0.318428	1.928318	0.258176
194.750000	0	0.070442	0.003712	0.313933	0.034478
194.750000	1	1.203817	0.170389	2.414852	0.303546
195.000000	0	0.072408	0.008470	0.368472	0.036579
195.000000	1	1.347862	0.422964	6.290958	0.721633
195.250000	0	0.071308	0.010796	0.847593	0.045820
195.250000	1	1.220386	0.402936	2.317896	0.224343
195.500000	0	0.074349	0.011578	0.483706	0.045155
195.500000	1	1.241127	0.491329	2.071174	0.219117
195.750000	0	0.072428	0.002629	0.418913	0.041438
195.750000	1	1.261444	0.337302	2.834020	0.359211
196.000000	0	0.071172	0.012537	0.324716	0.032625
196.000000	1	1.192461	0.321336	1.815390	0.240211
196.250000	0	0.073513	0.003650	0.460672	0.042081
196.250000	1	1.233958	0.524791	2.229919	0.228685
196.500000	0	0.072454	0.014403	0.566329	0.041231
196.500000	1	1.258095	0.505456	2.508952	0.311707
196.750000	0	0.073928	0.005083	0.684823	0.049574
196.750000	1	1.278140	0.611954	2.321968	0.243577
197.000000	0	0.070186	0.004062	0.510052	0.036577
197.000000	1	1.235598	0.794337	2.404346	0.243118
197.250000	0	0.072915	0.005111	0.440027	0.042572
197.250000	1	1.232646	0.640652	2.087906	0.251973
197.500000	0	0.074654	0.002944	0.655413	0.049220
197.500000	1	1.262483	0.237980	2.854467	0.318008
197.750000	0	0.072696	0.003441	0.394359	0.039919
197.750000	1	1.250156	0.375561	2.578735	0.281567
198.000000	0	0.073301	0.009404	0.664558	0.045426
198.000000	1	1.212500	0.243117	2.365958	0.300394
198.250000	0	0.074797	0.009515	0.635417	0.049879
198.250000	1	1.231757	0.486023	2.251876	0.299158
198.500000	0	0.073614	0.005329	0.580215	0.046219
198.500000	1	1.235341	0.442298	2.402733	0.299197
198.750000	0	0.069547	0.007533	0.429064	0.034877
198.750000	1	1.275678	0.709587	2.801110	0.279339
199.000000	0	0.073460	0.001029	0.394192	0.040128
199.000000	1	1.286275	0.634698	4.101250	0.395700
199.250000	0	0.072013	0.001635	0.388131	0.036088
199.250000	1	1.223533	0.473640	2.245098	0.254128
199.500000	0	0.071481	0.005012	0.342455	0.033023
199.500000	1	1.263344	0.304011	2.805866	0.311660
199.750000	0	0.071484	0.004415	0.327535	0.035352
199.750000	1	1.223421	0.481514	2.538119	0.287692
200.000000	0	0.070591	0.005516	0.311385	0.032279
200.000000	1	1.216169	0.294729	2.070470	0.282337
200.250000	0	0.070391	0.007565	0.552903	0.037046
200.250000	1	1.203294	0.333849	2.081509	0.232840
200.500000	0	0.073027	0.003343	0.534478	0.041755
200.500000	1	1.261478	0.750141	2.992734	0.318530
200.750000	0	0.073289	0.011192	0.522138	0.043926
200.750000	1	1.226400	0.104604	2.138431	0.279941
201.000000	0	0.072042	0.003364	0.568748	0.043643
201.000000	1	1.239693	0.462712	2.468546	0.266785
201.250000	0	0.071073	0.003196	0.365785	0.032926
201.250000	1	1.234363	0.177351	2.314687	0.265337
201.500000	0	0.071428	0.001642	0.546097	0.035589
201.500000	1	1.276590	0.236009	3.797089	0.407442
201.750000	0	0.070316	0.002637	0.311740	0.033413
201.750000	1	1.250429	0.424674	2.155766	0.256722
202.000000	0	0.067808	0.006847	0.396037	0.030279
202.000000	1	1.211067	0.525577	2.882957	0.298271
202.250000	0	0.069383	0.004212	0.624397	0.036118
202.250000	1	1.237267	0.372171	2.264149	0.322899
202.500000	0	0.069504	0.003387	0.357377	0.031774
202.500000	1	1.260301	0.632430	2.546381	0.314669
202.750000	0	0.070411	0.007112	0.552585	0.034832
202.750000	1	1.269057	0.737876	2.412362	0.278080
203.000000	0	0.070341	0.009727	0.342917	0.034261
203.000000	1	1.230304	0.659799	1.899854	0.212602
203.250000	0	0.069225	0.002843	0.297412	0.030012
203.250000	1	1.187557	0.328780	2.008179	0.287617
203.500000	0	0.072725	0.008221	0.477868	0.040242
203.500000	1	1.317065	0.193036	2.951106	0.423883
203.750000	0	0.071222	0.005359	0.568943	0.041463
203.750000	1	1.237400	0.705099	2.346867	0.253187
204.000000	0	0.071307	0.010649	0.384258	0.035833
204.000000	1	1.200517	0.741398	2.398935	0.218886
204.250000	0	0.073558	0.004003	0.602109	0.045245
204.250000	1	1.229665	0.370488	2.696043	0.311890
204.500000	0	0.070171	0.001231	0.365503	0.033449
204.500000	1	1.231935	0.554460	2.007107	0.234421
204.750000	0	0.070810	0.007293	0.405400	0.035236
204.750000	1	1.206915	0.389075	2.060633	0.217327
205.000000	0	0.073193	0.003027	0.677753	0.047785
205.000000	1	1.235554	0.431947	2.226572	0.271285
205.250000	0	0.072930	0.004834	0.637755	0.043218
205.250000	1	1.219074	0.454159	2.549257	0.278883
205.500000	0	0.074225	0.002814	0.528076	0.044356
205.500000	1	1.204457	0.240791	2.326803	0.275258
205.750000	0	0.075200	0.007095	0.582891	0.053555
205.750000	1	1.257983	0.558022	2.280101	0.273696
206.000000	0	0.071282	0.006618	0.393331	0.037873
206.000000	1	1.205849	0.723401	2.167757	0.249179
206.250000	0	0.074900	0.005023	0.541674	0.044903
206.250000	1	1.202118	0.415760	1.923116	0.264906
206.500000	0	0.073641	0.003816	0.809444	0.053437
206.500000	1	1.226829	0.504267	2.637612	0.332764
206.750000	0	0.076668	0.006342	0.561061	0.048236
206.750000	1	1.256078	0.333516	2.466861	0.333508
207.000000	0	0.076295	0.004870	0.591686	0.047913
207.000000	1	1.247193	0.423170	2.586607	0.328429
207.250000	0	0.074741	0.006738	0.579656	0.045144
207.250000	1	1.199575	0.101242	1.916725	0.270844
207.500000	0	0.071846	0.005124	0.333796	0.034051
207.500000	1	1.259478	0.519021	3.536165	0.385248
207.750000	0	0.073826	0.004808	0.407561	0.043245
207.750000	1	1.270298	0.178661	2.762445	0.414403
208.000000	0	0.073671	0.003407	0.503407	0.038348
208.000000	1	1.244596	0.423666	2.444306	0.315468
208.250000	0	0.073764	0.005412	0.550284	0.048388
208.250000	1	1.285647	0.743186	2.364619	0.272164
208.500000	0	0.072054	0.007308	0.476617	0.043327
208.500000	1	1.222269	0.389330	2.337935	0.283755
208.750000	0	0.072226	0.004776	0.611554	0.044072
208.750000	1	1.182645	0.376018	2.018956	0.239346
209.000000	0	0.073021	0.003703	0.331404	0.037235
209.000000	1	1.273640	0.553793	2.396245	0.266153
209.250000	0	0.072935	0.007813	0.479387	0.043288
209.250000	1	1.360161	0.488385	11.195549	1.175847
209.500000	0	0.075385	0.001935	0.456600	0.045850
209.500000	1	1.240363	0.548072	2.271670	0.270859
209.750000	0	0.073984	0.002827	0.441708	0.041812
209.750000	1	1.248047	0.215865	2.441517	0.311434
210.000000	0	0.072165	0.008075	0.354758	0.036691
210.000000	1	1.242333	0.099431	1.969535	0.294590
210.250000	0	0.071960	0.002753	0.302706	0.035344
210.250000	1	1.218575	0.391839	2.389534	0.269101
210.500000	0	0.070813	0.002560	0.530133	0.040827
210.500000	1	1.227753	0.310252	2.031952	0.246031
210.750000	0	0.071205	0.002626	0.489342	0.036897
210.750000	1	1.229159	0.572946	2.035955	0.239040
211.000000	0	0.072563	0.005469	0.987448	0.054527
211.000000	1	1.251907	0.691375	2.394820	0.255201
211.250000	0	0.070335	0.008017	0.478733	0.037531
211.250000	1	1.231824	0.558363	2.594338	0.268272
211.500000	0	0.071179	0.001225	0.411962	0.036916
211.500000	1	1.281158	0.285220	2.284134	0.282736
211.750000	0	0.071347	0.005247	0.365351	0.036330
211.750000	1	1.216417	0.663359	1.810726	0.210720
212.000000	0	0.071817	0.012396	0.401610	0.036933
212.000000	1	1.288801	0.584947	4.565744	0.478890
212.250000	0	0.074285	0.004171	0.703905	0.052204
212.250000	1	1.220554	0.307352	2.674714	0.288591
212.500000	0	0.075738	0.009072	0.394649	0.044948
212.500000	1	1.271196	0.359289	2.261478	0.280811
212.750000	0	0.073657	0.003474	0.491627	0.048012
212.750000	1	1.241728	0.700054	2.099616	0.231446
213.000000	0	0.071252	0.006355	0.335553	0.035612
213.000000	1	1.265988	0.418936	2.503035	0.326411
213.250000	0	0.071005	0.003479	0.616167	0.041856
213.250000	1	1.266999	0.520834	2.506400	0.322912
213.500000	0	0.074067	0.010191	0.400309	0.043779
213.500000	1	1.218007	0.419085	2.065187	0.230789
213.750000	0	0.073335	0.005476	0.524856	0.044849
213.750000	1	1.250767	0.393440	2.229484	0.280842
214.000000	0	0.071785	0.003333	1.000604	0.050523
214.000000	1	1.236619	0.643584	1.908331	0.234646
214.250000	0	0.069955	0.012576	0.336146	0.034127
214.250000	1	1.192037	0.320834	2.394626	0.282670
214.500000	0	0.074372	0.005345	0.492185	0.042137
214.500000	1	1.221792	0.234813	2.231629	0.281103
214.750000	0	0.072582	0.008324	0.368922	0.037585
214.750000	1	1.213301	0.454808	1.988369	0.267972
215.000000	0	0.070368	0.007175	0.483338	0.040990
215.000000	1	1.245543	0.662775	2.720254	0.262305
215.250000	0	0.074471	0.011221	0.695033	0.051649
215.250000	1	1.216784	0.768789	2.189116	0.257475
215.500000	0	0.073498	0.004043	0.951816	0.051742
215.500000	1	1.278083	0.234020	2.689103	0.322736
215.750000	0	0.072289	0.007525	0.484952	0.038989
215.750000	1	1.233847	0.551189	2.266995	0.279033
216.000000	0	0.070416	0.000876	0.327027	0.034608
216.000000	1	1.230669	0.450933	2.001624	0.265099
216.250000	0	0.071023	0.006938	0.327239	0.035126
216.250000	1	1.262661	0.428971	2.457207	0.310329
216.500000	0	0.071947	0.018428	0.362041	0.033935
216.500000	1	1.231817	0.149497	2.397524	0.247280
216.750000	0	0.072168	0.005327	0.341825	0.037277
216.750000	1	1.224747	0.364575	2.282338	0.245066
217.000000	0	0.072414	0.007745	0.552451	0.040660
217.000000	1	1.228628	0.697644	1.687771	0.205928
217.250000	0	0.072353	0.015157	0.409197	0.036893
217.250000	1	1.261555	0.423737	3.961371	0.442780
217.500000	0	0.073270	0.002645	0.449727	0.041194
217.500000	1	1.247159	0.534778	2.222836	0.279929
217.750000	0	0.074338	0.010257	0.588903	0.045152
217.750000	1	1.239638	0.340388	2.760031	0.305258
218.000000	0	0.073477	0.005106	0.462092	0.043395
218.000000	1	1.227066	0.526039	2.252571	0.258814
218.250000	0	0.074155	0.008880	0.714352	0.048752
218.250000	1	1.254764	0.379973	2.592308	0.285216
218.500000	0	0.070283	0.009606	0.314236	0.032078
218.500000	1	1.215957	0.148515	2.429309	0.297766
218.750000	0	0.071014	0.007479	0.310109	0.034663
218.750000	1	1.197333	0.341822	1.985088	0.261019
219.000000	0	0.073429	0.012294	0.446385	0.039920
219.000000	1	1.250028	0.467809	2.315117	0.291309
219.250000	0	0.070894	0.008159	0.383329	0.036055
219.250000	1	1.223944	0.554729	1.860252	0.228472
219.500000	0	0.072524	0.012477	0.471504	0.040924
219.500000	1	1.286587	0.138637	2.633156	0.283775
219.750000	0	0.071032	0.004985	0.472480	0.036983
219.750000	1	1.231362	0.185122	2.413068	0.282229
220.000000	0	0.072090	0.002372	0.751723	0.043346
220.000000	1	1.295844	0.719398	2.601727	0.288093
220.250000	0	0.067103	0.011958	0.269833	0.029215
220.250000	1	1.209963	0.691601	1.761694	0.170484
220.500000	0	0.070947	0.007345	0.351697	0.031344
220.500000	1	1.256023	0.363705	2.397474	0.281958
220.750000	0	0.069897	0.007812	0.409072	0.034032
220.750000	1	1.251643	0.404814	2.350158	0.301838
221.000000	0	0.072572	0.010703	0.454562	0.041245
221.000000	1	1.219201	0.185869	2.077544	0.265048
221.250000	0	0.069425	0.003663	0.403861	0.033087
221.250000	1	1.308113	0.463682	3.763858	0.428781
221.500000	0	0.071606	0.002587	0.415323	0.040643
221.500000	1	1.254811	0.324648	2.517699	0.322179
221.750000	0	0.070461	0.002275	0.474949	0.035064
221.750000	1	1.222359	0.438750	2.739490	0.308976
222.000000	0	0.071871	0.013833	0.429780	0.041197
222.000000	1	1.253988	0.272606	2.990656	0.359564
222.250000	0	0.070524	0.003225	0.378669	0.037814
222.250000	1	1.276346	0.415364	3.120389	0.371109
222.500000	0	0.073610	0.004807	0.422345	0.042027
222.500000	1	1.225288	0.198376	2.412345	0.344235
222.750000	0	0.070631	0.004193	0.481465	0.035587
222.750000	1	1.205434	0.276780	2.367386	0.272862
223.000000	0	0.072157	0.006472	0.307182	0.035801
223.000000	1	1.245975	0.371510	2.501726	0.323320
223.250000	0	0.073768	0.005443	0.338950	0.040031
223.250000	1	1.252258	0.420802	2.395627	0.270568
223.500000	0	0.071837	0.017554	0.422458	0.037752
223.500000	1	1.238796	0.608003	2.291085	0.251303
223.750000	0	0.072178	0.007243	0.276053	0.033699
223.750000	1	1.199144	0.076012	2.087855	0.257807
224.000000	0	0.071476	0.009618	0.743529	0.047348
224.000000	1	1.281181	0.447584	3.225321	0.331734
224.250000	0	0.070857	0.005603	0.597721	0.041665
224.250000	1	1.243711	0.302218	2.047756	0.224699
224.500000	0	0.072373	0.005450	0.610669	0.040752
224.500000	1	1.240307	0.460896	2.022752	0.249051
224.750000	0	0.072560	0.007701	0.326789	0.034984
224.750000	1	1.244665	0.170223	2.937550	0.342307
225.000000	0	0.072208	0.006996	0.537053	0.039762
225.000000	1	1.211008	0.292349	2.184069	0.277704
225.250000	0	0.072146	0.010528	0.451692	0.038756
225.250000	1	1.191602	0.280237	2.568358	0.291449
225.500000	0	0.071335	0.008488	0.464715	0.039488
225.500000	1	1.249328	0.596013	2.152635	0.288991
225.750000	0	0.073566	0.002722	0.561926	0.047279
225.750000	1	1.248671	0.212325	2.300546	0.324961
226.000000	0	0.072199	0.009371	0.498240	0.038144
226.000000	1	1.236468	0.243377	2.578054	0.326160
226.250000	0	0.072900	0.007383	0.855677	0.049783
226.250000	1	1.248646	0.156836	2.242605	0.287449
226.500000	0	0.072694	0.011979	0.774024	0.046439
226.500000	1	1.243274	0.654688	2.158157	0.227382
226.750000	0	0.071736	0.014958	0.392850	0.037509
226.750000	1	1.205505	0.796317	2.055293	0.221207
227.000000	0	0.071741	0.005143	0.389818	0.035891
227.000000	1	1.283516	0.582099	2.523839	0.274253
227.250000	0	0.068502	0.006264	0.295946	0.033076
227.250000	1	1.265023	0.594494	2.708899	0.318434
227.500000	0	0.067940	0.007301	0.434652	0.033946
227.500000	1	1.240587	0.439647	3.010708	0.338214
227.750000	0	0.071097	0.008204	0.415346	0.034810
227.750000	1	1.178121	0.468654	2.265996	0.297958
228.000000	0	0.072343	0.011722	0.528398	0.043234
228.000000	1	1.237978	0.548284	2.394292	0.310954
228.250000	0	0.073718	0.008131	0.803857	0.055335
228.250000	1	1.237659	0.275837	3.435230	0.340994
228.500000	0	0.072856	0.004385	0.606244	0.045092
228.500000	1	1.219542	0.599810	2.413298	0.276686
228.750000	0	0.072970	0.006799	0.476159	0.038820
228.750000	1	1.255536	0.845864	2.469970	0.288316
229.000000	0	0.072415	0.010718	0.754332	0.045801
229.000000	1	1.254899	0.315138	2.319119	0.283439
229.250000	0	0.073806	0.003860	0.681305	0.043459
229.250000	1	1.233948	0.355872	2.261227	0.285012
229.500000	0	0.074827	0.009368	0.486249	0.043181
229.500000	1	1.391875	0.323963	12.161820	1.032560
229.750000	0	0.073923	0.010325	0.319015	0.038486
229.750000	1	1.247250	0.247303	2.856188	0.308682
230.000000	0	0.073800	0.001307	0.724522	0.049066
230.000000	1	1.199879	0.298205	2.374553	0.247059
230.250000	0	0.075004	0.006976	0.614315	0.053542
230.250000	1	1.231620	0.229327	2.605637	0.321981
230.500000	0	0.072484	0.004577	0.411868	0.038260
230.500000	1	1.285486	0.451852	2.644727	0.289413
230.750000	0	0.072068	0.009230	0.446622	0.039378
230.750000	1	1.246405	0.414479	2.707233	0.312583
231.000000	0	0.073157	0.004830	0.519015	0.038457
231.000000	1	1.271575	0.394848	3.279992	0.374682
231.250000	0	0.071458	0.004919	0.483033	0.037816
231.250000	1	1.197017	0.525510	2.088921	0.247330
231.500000	0	0.072968	0.001820	0.461861	0.041633
231.500000	1	1.261852	0.271741	2.685140	0.329385
231.750000	0	0.071218	0.011776	0.652588	0.039973
231.750000	1	1.223746	0.339639	2.362303	0.295463
232.000000	0	0.070039	0.003731	0.674809	0.044855
232.000000	1	1.244812	0.355446	2.274451	0.309622
232.250000	0	0.072488	0.012629	0.600879	0.044030
232.250000	1	1.253447	0.339405	2.746354	0.317954
232.500000	0	0.073613	0.003025	0.281782	0.035533
232.500000	1	1.231304	0.535527	2.179798	0.262968
232.750000	0	0.073934	0.009599	1.042402	0.055180
232.750000	1	1.252372	0.315302	2.027889	0.252158
233.000000	0	0.071769	0.004793	0.655875	0.042206
233.000000	1	1.221714	0.592311	2.269001	0.214912
233.250000	0	0.073742	0.014714	0.279032	0.036193
233.250000	1	1.253188	0.458996	2.337244	0.288552
233.500000	0	0.074970	0.006090	0.655826	0.046579
233.500000	1	1.252012	0.639974	2.279877	0.237993
233.750000	0	0.072478	0.007972	0.608176	0.044998
233.750000	1	1.250161	0.285013	2.627166	0.281102
234.000000	0	0.073165	0.012313	0.284581	0.035921
234.000000	1	1.261156	0.157859	2.472907	0.288476
234.250000	0	0.077340	0.002797	0.994167	0.069200
234.250000	1	1.229285	0.402637	2.285426	0.284454
234.500000	0	0.073503	0.006741	0.475738	0.042722
234.500000	1	1.210270	0.387292	2.006719	0.244902
234.750000	0	0.070921	0.006972	0.390971	0.037777
234.750000	1	1.206606	0.248931	2.062909	0.265878
235.000000	0	0.072753	0.015109	0.438578	0.037841
235.000000	1	1.243121	0.435356	2.288530	0.274228
235.250000	0	0.074012	0.006196	0.763058	0.046081
235.250000	1	1.228706	0.275367	2.077491	0.240482
235.500000	0	0.072373	0.009448	0.468859	0.039939
235.500000	1	1.243434	0.645130	2.230998	0.228893
235.750000	0	0.074870	0.006234	0.547450	0.054276
235.750000	1	1.247695	0.715912	2.157501	0.243037
236.000000	0	0.075153	0.007087	0.479069	0.045341
236.000000	1	1.227431	0.447253	2.024118	0.251911
236.250000	0	0.074124	0.007860	0.660019	0.049462
236.250000	1	1.204872	0.553363	2.115817	0.262495
236.500000	0	0.074985	0.010867	1.288100	0.062757
236.500000	1	1.285701	0.288649	3.766644	0.403370
236.750000	0	0.072427	0.005368	0.817538	0.046048
236.750000	1	1.239984	0.176084	2.020568	0.265218
237.000000	0	0.072726	0.002885	0.366290	0.036586
237.000000	1	1.238607	0.319757	2.624543	0.291401
237.250000	0	0.073263	0.006266	0.495546	0.040730
237.250000	1	1.280616	0.268090	2.475144	0.355776
237.500000	0	0.078960	0.008443	0.870061	0.063690
237.500000	1	1.215466	0.403777	2.420600	0.303081
237.750000	0	0.076182	0.003339	0.565172	0.048612
237.750000	1	1.229173	0.308971	2.040781	0.265045
238.000000	0	0.073229	0.005422	0.435933	0.041412
238.000000	1	1.186604	0.190558	2.288258	0.239973
238.250000	0	0.075206	0.005906	0.355100	0.037461
238.250000	1	1.180148	0.371679	1.934611	0.240044
238.500000	0	0.073607	0.002982	0.791763	0.046782
238.500000	1	1.220918	0.460354	2.313291	0.276371
238.750000	0	0.073906	0.008055	0.636929	0.045204
238.750000	1	1.259206	0.178256	2.726531	0.352470
239.000000	0	0.071002	0.001912	0.434025	0.037319
239.000000	1	1.225468	0.545062	2.628088	0.273089
239.250000	0	0.073761	0.002052	0.813092	0.048285
239.250000	1	1.179266	0.649063	1.853566	0.211498
239.500000	0	0.076827	0.003844	1.172738	0.063648
239.500000	1	1.239675	0.539620	2.282140	0.284399
239.750000	0	0.074974	0.004154	0.636485	0.050954
239.750000	1	1.308210	0.673208	2.464074	0.275175
240.000000	0	0.073230	0.007275	0.449241	0.043275
240.000000	1	1.256699	0.504928	2.088892	0.214816
240.250000	0	0.071785	0.009086	0.318246	0.035791
240.250000	1	1.230881	0.458658	2.633730	0.292442
240.500000	0	0.073614	0.003643	0.512056	0.042193
240.500000	1	1.215769	0.503614	2.196053	0.269919
240.750000	0	0.074635	0.004043	0.724648	0.052300
240.750000	1	1.261020	0.289336	3.651518	0.393933
241.000000	0	0.073661	0.002993	0.707466	0.044340
241.000000	1	1.241203	0.195716	2.348258	0.310338
241.250000	0	0.075492	0.008621	0.628766	0.049455
241.250000	1	1.237293	0.418830	2.248657	0.260438
241.500000	0	0.072982	0.011660	0.375813	0.038412
241.500000	1	1.239901	0.594080	2.630864	0.273053
241.750000	0	0.073769	0.005766	0.580792	0.042296
241.750000	1	1.241955	0.608511	3.781371	0.320064
242.000000	0	0.071739	0.011386	0.379666	0.039266
242.000000	1	1.215773	0.373743	1.957273	0.241913
242.250000	0	0.074401	0.008049	0.811631	0.050429
242.250000	1	1.176539	0.073878	2.143683	0.273406
242.500000	0	0.075479	0.013711	0.583639	0.047163
242.500000	1	1.306627	0.626715	2.389861	0.282568
242.750000	0	0.073676	0.004128	0.595270	0.040756
242.750000	1	1.209489	0.318781	2.240764	0.261921
243.000000	0	0.070644	0.007002	0.559463	0.041130
243.000000	1	1.204092	0.445525	2.402181	0.248403
243.250000	0	0.074787	0.009681	0.690010	0.048503
243.250000	1	1.234383	0.527843	2.888676	0.315949
243.500000	0	0.072941	0.003889	0.578003	0.044137
243.500000	1	1.236404	0.148581	2.216175	0.300890
243.750000	0	0.072532	0.007412	0.714503	0.045884
243.750000	1	1.176055	0.052506	2.540649	0.336763
244.000000	0	0.076538	0.008955	0.562988	0.048078
244.000000	1	1.262430	0.362273	3.352090	0.353731
244.250000	0	0.074682	0.013134	0.553259	0.046909
244.250000	1	1.261589	0.694348	1.864111	0.208019
244.500000	0	0.070542	0.013321	0.506410	0.041419
244.500000	1	1.213425	0.369659	2.325042	0.261200
244.750000	0	0.071954	0.003716	0.446985	0.040246
244.750000	1	1.238290	0.583463	2.700416	0.259573
245.000000	0	0.072351	0.008791	0.501900	0.041612
245.000000	1	1.223948	0.462417	2.049241	0.277781
245.250000	0	0.071787	0.004939	0.678292	0.043538
245.250000	1	1.256032	0.432187	2.691156	0.313988
245.500000	0	0.068961	0.009138	0.575971	0.034768
245.500000	1	1.245465	0.636507	1.940042	0.188287
245.750000	0	0.067261	0.003648	0.283288	0.027413
245.750000	1	1.215391	0.522937	2.166495	0.229761
246.000000	0	0.069090	0.013497	0.434248	0.034841
246.000000	1	1.205455	0.739401	2.504556	0.268045
246.250000	0	0.070657	0.007998	0.544172	0.039295
246.250000	1	1.245454	0.213185	2.565861	0.324715
246.500000	0	0.072999	0.003680	0.540290	0.037914
246.500000	1	1.240334	0.343968	2.166008	0.281532
246.750000	0	0.069964	0.001755	0.337810	0.035947
246.750000	1	1.234624	0.523452	1.834019	0.204649
247.000000	0	0.069534	0.003604	0.558612	0.037344
247.000000	1	1.266802	0.357581	3.745600	0.321675
247.250000	0	0.073633	0.010613	0.554071	0.043579
247.250000	1	1.219879	0.416744	2.000371	0.220693
247.500000	0	0.070929	0.001997	0.377795	0.037002
247.500000	1	1.252088	0.056843	1.821138	0.260761
247.750000	0	0.070847	0.007821	0.574560	0.040734
247.750000	1	1.200331	0.258920	2.012431	0.218759
248.000000	0	0.071537	0.004488	0.436501	0.038718
248.000000	1	1.209425	0.108510	2.088781	0.299504
248.250000	0	0.071110	0.005195	0.469559	0.035023
248.250000	1	1.265318	0.374670	3.143129	0.366378
248.500000	0	0.072491	0.009666	0.412670	0.035646
248.500000	1	1.231053	0.096393	2.412592	0.299827
248.750000	0	0.072033	0.002887	0.428520	0.039549
248.750000	1	1.216816	0.167241	2.427997	0.321641
249.000000	0	0.071150	0.004378	0.486409	0.039221
249.000000	1	1.285839	0.331860	2.960510	0.337376
249.250000	0	0.070704	0.005191	0.355356	0.035578
249.250000	1	1.230901	0.633455	1.911048	0.220884
249.500000	0	0.070356	0.003808	0.430668	0.037478
249.500000	1	1.249452	0.533916	3.102254	0.317590
249.750000	0	0.071429	0.006555	0.469211	0.039432
249.750000	1	1.231009	0.552298	2.238053	0.249789
250.000000	0	0.072236	0.009551	0.729622	0.046185
250.000000	1	1.243753	0.484165	2.744026	0.301345
250.250000	0	0.070210	0.007682	0.395579	0.032015
250.250000	1	1.239670	0.286442	2.676481	0.296050
250.500000	0	0.071439	0.010831	0.526315	0.039212
250.500000	1	1.250430	0.554047	2.226286	0.259576
250.750000	0	0.072104	0.008841	0.771025	0.047046
250.750000	1	1.257972	0.499104	3.595419	0.376342
251.000000	0	0.073249	0.013215	0.732516	0.047926
251.000000	1	1.332377	0.651186	4.733461	0.480412
251.250000	0	0.072400	0.012883	0.542545	0.040415
251.250000	1	1.245984	0.526777	2.307758	0.263763
251.500000	0	0.074459	0.005080	1.078530	0.057918
251.500000	1	1.300848	0.296149	2.428928	0.321499
251.750000	0	0.073011	0.003513	0.584438	0.043080
251.750000	1	1.219535	0.469262	1.942527	0.234840
252.000000	0	0.073310	0.009640	0.449370	0.038642
252.000000	1	1.249635	0.311088	3.726218	0.387512
252.250000	0	0.074051	0.004212	0.589490	0.045915
252.250000	1	1.267061	0.370504	2.158268	0.265377
252.500000	0	0.072758	0.004808	0.449782	0.039858
252.500000	1	1.195602	0.418324	1.981239	0.235982
252.750000	0	0.071710	0.001645	0.340715	0.037008
252.750000	1	1.332294	0.521650	2.469673	0.306168
253.000000	0	0.070104	0.005930	0.403499	0.038666
253.000000	1	1.237811	0.151563	2.199090	0.248794
253.250000	0	0.068635	0.016378	0.431896	0.033116
253.250000	1	1.194071	0.283552	2.734939	0.271811
253.500000	0	0.074393	0.009679	0.688986	0.050670
253.500000	1	1.238718	0.249475	2.720579	0.309390
253.750000	0	0.073975	0.003165	0.600180	0.047574
253.750000	1	1.244246	0.198865	3.104439	0.313455
254.000000	0	0.073355	0.011556	0.678688	0.043220
254.000000	1	1.229726	0.590568	2.461834	0.259477
254.250000	0	0.071480	0.004428	0.495728	0.041354
254.250000	1	1.237989	0.447046	2.403091	0.319486
254.500000	0	0.071006	0.008051	0.278165	0.033792
254.500000	1	1.262803	0.440118	2.520230	0.296151
254.750000	0	0.070761	0.008183	0.372516	0.036730
254.750000	1	1.213955	0.561093	1.965218	0.203451
255.000000	0	0.071178	0.002115	0.473032	0.039972
255.000000	1	1.247217	0.713264	2.178989	0.242734
255.250000	0	0.068846	0.002808	0.337845	0.030749
255.250000	1	1.260071	0.527371	2.679714	0.298750
255.500000	0	0.071376	0.008134	0.440867	0.038330
255.500000	1	1.214993	0.323687	2.069614	0.243968
255.750000	0	0.071164	0.006587	0.370042	0.035496
255.750000	1	1.216201	0.263534	2.396053	0.279998
256.000000	0	0.075518	0.006744	0.660484	0.049128
256.000000	1	1.199041	0.296038	1.809934	0.228071
256.250000	0	0.071372	0.004369	0.415862	0.040430
256.250000	1	1.251246	0.645506	2.388706	0.272975
256.500000	0	0.068697	0.007748	0.351526	0.032337
256.500000	1	1.231304	0.305176	2.253867	0.259956
256.750000	0	0.071845	0.001855	0.308463	0.033771
256.750000	1	1.268971	0.407386	3.931134	0.430474
257.000000	0	0.072395	0.006537	0.296906	0.036857
257.000000	1	1.266105	0.319117	2.655116	0.321767
257.250000	0	0.069720	0.009366	0.567418	0.041576
257.250000	1	1.279317	0.540527	2.208364	0.283788
257.500000	0	0.069419	0.006423	0.450087	0.033619
257.500000	1	1.286518	0.477688	2.887550	0.332312
257.750000	0	0.070617	0.004357	1.410890	0.059330
257.750000	1	1.204374	0.455960	1.822050	0.203517
258.000000	0	0.072009	0.005202	0.445275	0.039863
258.000000	1	1.236307	0.369318	2.147048	0.261664
258.250000	0	0.071687	0.004135	0.336653	0.036062
258.250000	1	1.242158	0.369141	3.169608	0.314921
258.500000	0	0.071356	0.007351	0.574615	0.040723
258.500000	1	1.270436	0.244412	2.311049	0.262837
258.750000	0	0.069662	0.005774	0.322552	0.033748
258.750000	1	1.214681	0.687392	2.162289	0.200813
259.000000	0	0.070819	0.002584	0.460123	0.036127
259.000000	1	1.328296	0.345956	7.280099	0.751498
259.250000	0	0.072581	0.012150	1.085738	0.058094
259.250000	1	1.261603	0.526823	3.069573	0.341805
259.500000	0	0.071126	0.010944	0.367229	0.034224
259.500000	1	1.207681	0.289000	2.055679	0.274721
259.750000	0	0.072143	0.008980	0.316738	0.036795
259.750000	1	1.272657	0.585673	2.647596	0.271007
260.000000	0	0.070673	0.007368	0.259892	0.032369
260.000000	1	1.242598	0.490367	2.167246	0.269912
260.250000	0	0.070984	0.008563	0.416503	0.037149
260.250000	1	1.228477	0.607840	2.112068	0.222013
260.500000	0	0.071629	0.006664	0.691800	0.045209
260.500000	1	1.278105	0.717425	2.405612	0.267436
260.750000	0	0.069937	0.003985	0.375983	0.032758
260.750000	1	1.223356	0.313630	2.418443	0.237569
261.000000	0	0.071922	0.007671	0.680693	0.045477
261.000000	1	1.219197	0.343068	2.701669	0.305261
261.250000	0	0.073721	0.009234	0.554894	0.046061
261.250000	1	1.227880	0.562583	1.928477	0.200649
261.500000	0	0.069377	0.003574	0.609252	0.040178
261.500000	1	1.225442	0.188446	2.097803	0.276133
261.750000	0	0.073464	0.005275	0.614702	0.044204
261.750000	1	1.253293	0.376725	2.326426	0.292642
262.000000	0	0.069837	0.009600	0.322796	0.031522
262.000000	1	1.240855	0.510836	2.068378	0.234166
262.250000	0	0.069649	0.012085	0.322732	0.032373
262.250000	1	1.272375	0.532701	2.633202	0.243111
262.500000	0	0.073195	0.004057	0.791008	0.047517
262.500000	1	1.237023	0.036641	2.534108	0.293630
262.750000	0	0.071884	0.008294	0.547086	0.043144
262.750000	1	1.259455	0.611980	2.245752	0.253564
263.000000	0	0.070783	0.009380	0.625421	0.038545
263.000000	1	1.267605	0.393061	2.580463	0.346237
263.250000	0	0.071002	0.001175	0.262348	0.032824
263.250000	1	1.215350	0.356188	2.396495	0.257199
263.500000	0	0.070479	0.005792	0.379686	0.036185
263.500000	1	1.256855	0.744251	2.368667	0.301113
263.750000	0	0.071553	0.008662	0.436786	0.037113
263.750000	1	1.261783	0.199819	3.495162	0.365847
264.000000	0	0.074287	0.011355	1.170170	0.066893
264.000000	1	1.252412	0.450252	2.410272	0.276422
264.250000	0	0.073121	0.007345	0.594498	0.044608
264.250000	1	1.230707	0.097703	2.082538	0.285309
264.500000	0	0.072773	0.005188	0.435397	0.038855
264.500000	1	1.239607	0.474547	2.634220	0.265651
264.750000	0	0.074701	0.005802	0.695338	0.048958
264.750000	1	1.219704	0.311921	2.008184	0.262401
265.000000	0	0.072140	0.002188	1.123508	0.053358
265.000000	1	1.228616	0.348152	2.221444	0.244783
265.250000	0	0.072160	0.016153	0.476114	0.037121
265.250000	1	1.319156	0.749453	3.777209	0.378542
265.500000	0	0.070149	0.005337	0.285739	0.032104
265.500000	1	1.245125	0.600581	2.691775	0.258803
265.750000	0	0.072968	0.002415	0.715916	0.045162
265.750000	1	1.202710	0.400891	2.828220	0.338656
266.000000	0	0.072987	0.005672	0.550629	0.040376
266.000000	1	1.238726	0.130308	2.132722	0.282002
266.250000	0	0.070342	0.005659	0.545391	0.038962
266.250000	1	1.208268	0.237268	2.886204	0.350071
266.500000	0	0.069759	0.005439	0.376305	0.036855
266.500000	1	1.259007	0.485848	3.649429	0.354792
266.750000	0	0.069658	0.006268	0.461881	0.038038
266.750000	1	1.226748	0.330746	2.044155	0.266491
267.000000	0	0.069946	0.003262	0.469256	0.036795
267.000000	1	1.238215	0.119387	2.232478	0.294728
267.250000	0	0.069564	0.009317	0.562959	0.037141
267.250000	1	1.203970	0.163771	2.375577	0.312904
267.500000	0	0.071581	0.003305	0.527878	0.038857
267.500000	1	1.216745	0.500590	2.428433	0.290966
267.750000	0	0.072154	0.009563	0.713324	0.041003
267.750000	1	1.305206	0.075637	3.489121	0.379654
268.000000	0	0.071146	0.011873	0.310397	0.035187
268.000000	1	1.202253	0.511256	1.927098	0.249670
268.250000	0	0.071123	0.000624	0.577496	0.042026
268.250000	1	1.203530	0.295289	2.548339	0.289219
268.500000	0	0.076325	0.012222	0.845296	0.061546
268.500000	1	1.231259	0.091977	2.371888	0.289101
268.750000	0	0.072218	0.011651	0.308302	0.034889
268.750000	1	1.224730	0.644761	2.327291	0.253240
269.000000	0	0.072534	0.004733	0.412814	0.039078
269.000000	1	1.239571	0.470160	1.926404	0.244236
269.250000	0	0.071149	0.004646	0.513270	0.037488
269.250000	1	1.252867	0.425516	2.291968	0.292086
269.500000	0	0.070616	0.002703	0.455812	0.034742
269.500000	1	1.227521	0.481605	2.051350	0.275828
269.750000	0	0.069946	0.011840	0.370257	0.034035
269.750000	1	1.283373	0.591614	2.856641	0.314808
270.000000	0	0.068362	0.006454	0.571013	0.033980
270.000000	1	1.246211	0.473590	2.219160	0.279873
270.250000	0	0.068384	0.002906	0.294006	0.030511
270.250000	1	1.376302	0.692134	11.461515	1.272880
270.500000	0	0.070245	0.008826	0.623913	0.039158
270.500000	1	1.285808	0.759162	2.472665	0.287749
270.750000	0	0.070760	0.009321	0.413079	0.033765
270.750000	1	1.241238	0.450590	2.482539	0.306536
271.000000	0	0.071635	0.009185	0.386151	0.035328
271.000000	1	1.247486	0.685692	2.030010	0.240028
271.250000	0	0.072202	0.007952	0.620424	0.045662
271.250000	1	1.260396	0.119200	2.532895	0.317635
271.500000	0	0.071058	0.006836	0.572143	0.040102
271.500000	1	1.206107	0.502921	2.100054	0.228197
271.750000	0	0.072039	0.004973	0.887261	0.050349
271.750000	1	1.254043	0.566494	2.967641	0.356300
272.000000	0	0.072995	0.002859	0.892040	0.050423
272.000000	1	1.294086	0.426198	3.012995	0.369365
272.250000	0	0.073993	0.011727	0.783610	0.047231
272.250000	1	1.271468	0.619948	4.037998	0.386709
272.500000	0	0.075170	0.004596	0.752924	0.058563
272.500000	1	1.276030	0.447896	2.866695	0.340158
272.750000	0	0.073463	0.004268	0.566388	0.044938
272.750000	1	1.234018	0.572031	2.248705	0.225589
273.000000	0	0.071809	0.011103	0.540673	0.038088
273.000000	1	1.211842	0.223650	2.282500	0.300733
273.250000	0	0.073527	0.007338	0.403341	0.037783
273.250000	1	1.239048	0.300855	2.531084	0.322058
273.500000	0	0.069799	0.004456	0.322713	0.034807
273.500000	1	1.216665	0.644340	2.053935	0.223549
273.750000	0	0.070784	0.006415	0.673867	0.042928
273.750000	1	1.268034	0.516775	4.219619	0.383443
274.000000	0	0.070292	0.004341	0.508337	0.039063
274.000000	1	1.199805	0.161494	2.258449	0.277755
274.250000	0	0.068552	0.005912	0.619680	0.036314
274.250000	1	1.260583	0.504458	2.409413	0.291955
274.500000	0	0.071721	0.003014	0.320805	0.036468
274.500000	1	1.271951	0.254246	2.762474	0.329012
274.750000	0	0.072017	0.009825	0.380089	0.037133
274.750000	1	1.220287	0.466285	2.262211	0.248467
275.000000	0	0.072170	0.006828	0.486476	0.040923
275.000000	1	1.262019	0.377347	2.742169	0.308587
275.250000	0	0.070533	0.002482	0.410417	0.036753
275.250000	1	1.236053	0.575176	2.184914	0.271533
275.500000	0	0.071558	0.005629	0.443871	0.036410
275.500000	1	1.208946	0.097413	2.541176	0.339200
275.750000	0	0.071248	0.010569	0.416633	0.036195
275.750000	1	1.281058	0.428376	3.228023	0.355441
276.000000	0	0.070634	0.006159	0.392202	0.033667
276.000000	1	1.217592	0.608112	2.473936	0.280991
276.250000	0	0.071017	0.002844	0.405815	0.034554
276.250000	1	1.331326	0.257600	4.491660	0.493920
276.500000	0	0.069172	0.000702	0.278760	0.031018
276.500000	1	1.252871	0.253006	2.239856	0.306676
276.750000	0	0.069336	0.006295	0.522750	0.035412
276.750000	1	1.210218	0.185310	2.185302	0.296466
277.000000	0	0.068608	0.004788	0.524958	0.036501
277.000000	1	1.224447	0.390607	2.084757	0.266660
277.250000	0	0.069745	0.006572	0.324068	0.033267
277.250000	1	1.251433	0.419272	2.196614	0.303593
277.500000	0	0.071671	0.002815	0.330202	0.035294
277.500000	1	1.212781	0.160667	2.215993	0.284233
277.750000	0	0.072695	0.005778	0.483937	0.041333
277.750000	1	1.301847	0.533520	2.327595	0.318319
278.000000	0	0.071943	0.005370	0.502037	0.037092
278.000000	1	1.249642	0.563937	2.610409	0.303098
278.250000	0	0.072724	0.001677	0.795992	0.051446
278.250000	1	1.246639	0.594475	2.653955	0.289741
278.500000	0	0.071491	0.002797	0.755435	0.047156
278.500000	1	1.296673	0.446247	2.805323	0.404463
278.750000	0	0.074079	0.006423	0.551874	0.045877
278.750000	1	1.223450	0.324483	2.167042	0.271938
279.000000	0	0.072478	0.009686	0.446196	0.037263
279.000000	1	1.271011	0.455166	1.916318	0.261578
279.250000	0	0.073711	0.006651	0.577363	0.045062
279.250000	1	1.214727	0.502357	2.220882	0.256020
279.500000	0	0.071240	0.003915	0.384345	0.037664
279.500000	1	1.190489	0.441229	1.966788	0.256600
279.750000	0	0.071966	0.000964	0.421725	0.041465
279.750000	1	1.191062	0.424915	1.959492	0.242417
280.000000	0	0.071075	0.011713	0.390373	0.036487
280.000000	1	1.263234	0.061050	2.286323	0.307516
280.250000	0	0.072082	0.005795	0.811179	0.046940
280.250000	1	1.254483	0.152875	2.454298	0.300108
280.500000	0	0.070412	0.007464	0.371542	0.032889
280.500000	1	1.204600	0.560848	2.190969	0.230693
280.750000	0	0.071018	0.013747	0.421933	0.035349
280.750000	1	1.251512	0.567738	3.050933	0.295880
281.000000	0	0.073067	0.008238	0.660241	0.043805
281.000000	1	1.283097	0.318572	2.558821	0.342830
281.250000	0	0.072696	0.011805	0.620266	0.042924
281.250000	1	1.226866	0.462879	2.394084	0.220619
281.500000	0	0.070435	0.004253	0.480947	0.036983
281.500000	1	1.227542	0.315833	1.808624	0.223440
281.750000	0	0.071730	0.007500	0.530586	0.041308
281.750000	1	1.258418	0.275733	2.244405	0.331947
282.000000	0	0.070812	0.003750	0.320746	0.032513
282.000000	1	1.236761	0.391475	2.205495	0.309261
282.250000	0	0.075025	0.011675	0.741163	0.061197
282.250000	1	1.254062	0.389376	2.170388	0.286100
282.500000	0	0.070568	0.001222	0.423526	0.039036
282.500000	1	1.240243	0.506654	2.046285	0.241747
282.750000	0	0.075112	0.002532	0.814655	0.047331
282.750000	1	1.215455	0.553004	2.149399	0.233001
283.000000	0	0.074914	0.002171	0.435531	0.043062
283.000000	1	1.197310	0.451682	2.155443	0.296286
283.250000	0	0.072148	0.007331	0.344609	0.037119
283.250000	1	1.292991	0.293525	2.386223	0.368469
283.500000	0	0.075051	0.009860	0.638127	0.048077
283.500000	1	1.260094	0.436875	2.581043	0.323806
283.750000	0	0.073872	0.002787	0.621427	0.046578
283.750000	1	1.242701	0.446557	2.684607	0.285977
284.000000	0	0.072860	0.007784	0.497577	0.041317
284.000000	1	1.227885	0.604156	2.116609	0.219399
284.250000	0	0.071727	0.003179	0.392293	0.039908
284.250000	1	1.185299	0.145441	2.109299	0.292221
284.500000	0	0.070202	0.007233	0.396780	0.033529
284.500000	1	1.271599	0.670151	2.645535	0.281898
284.750000	0	0.072983	0.004054	0.418046	0.039193
284.750000	1	1.239305	0.173623	2.251517	0.278480
285.000000	0	0.072863	0.003056	0.535657	0.040933
285.000000	1	1.217031	0.512005	2.038547	0.223731
285.250000	0	0.069829	0.008764	0.258987	0.034555
285.250000	1	1.216640	0.121504	1.825779	0.250525
285.500000	0	0.071655	0.008911	0.412551	0.034918
285.500000	1	1.253636	0.726300	2.431435	0.255166
285.750000	0	0.069663	0.002330	0.321583	0.031279
285.750000	1	1.216759	0.336199	2.133912	0.275004
286.000000	0	0.070917	0.003016	0.367247	0.035233
286.000000	1	1.246342	0.622077	2.152439	0.236270
286.250000	0	0.069670	0.004821	0.397638	0.032041
286.250000	1	1.246497	0.143127	2.087927	0.260050
286.500000	0	0.071218	0.008478	0.465749	0.038321
286.500000	1	1.273279	0.725135	2.154978	0.251513
286.750000	0	0.070123	0.002874	0.324389	0.032307
286.750000	1	1.255328	0.323220	2.479057	0.331926
287.000000	0	0.071257	0.008412	0.585298	0.038490
287.000000	1	1.257138	0.486923	2.349761	0.290223
287.250000	0	0.073412	0.009843	0.670673	0.044844
287.250000	1	1.228196	0.138644	1.910181	0.284987
287.500000	0	0.068287	0.002727	0.493413	0.034637
287.500000	1	1.220573	0.457504	1.850775	0.224519
287.750000	0	0.069946	0.004584	0.466655	0.038442
287.750000	1	1.239279	0.193025	2.548284	0.307091
288.000000	0	0.069283	0.007593	0.350174	0.032492
288.000000	1	1.247928	0.082686	2.283205	0.298907
288.250000	0	0.068785	0.002979	0.280772	0.030386
288.250000	1	1.226684	0.601173	2.208791	0.252215
288.500000	0	0.070324	0.016136	0.437116	0.035060
288.500000	1	1.280141	0.325471	2.623763	0.319384
288.750000	0	0.070828	0.010834	0.289970	0.029537
288.750000	1	1.256999	0.731798	2.453670	0.278250
289.000000	0	0.070899	0.009765	0.644428	0.037850
289.000000	1	1.269999	0.655212	2.335970	0.280567
289.250000	0	0.070725	0.003651	0.493675	0.040787
289.250000	1	1.249403	0.362403	2.061062	0.280895
289.500000	0	0.068226	0.005425	0.554997	0.036157
289.500000	1	1.240081	0.532131	1.923171	0.200148
289.750000	0	0.067858	0.004203	0.293994	0.031885
289.750000	1	1.192519	0.077255	2.326072	0.342332
290.000000	0	0.070796	0.006802	0.343905	0.033977
290.000000	1	1.287058	0.246629	4.517637	0.567708
290.250000	0	0.074538	0.005831	0.809819	0.052407
290.250000	1	1.275650	0.317956	4.389071	0.539673
290.500000	0	0.074495	0.008982	0.748601	0.053153
290.500000	1	1.303233	0.472641	4.398279	0.410140
290.750000	0	0.072752	0.012624	0.661917	0.043910
290.750000	1	1.237401	0.346027	2.623855	0.320851
291.000000	0	0.072194	0.011060	0.434840	0.040967
291.000000	1	1.246090	0.244506	2.312673	0.306431
291.250000	0	0.073578	0.004080	0.889382	0.049829
291.250000	1	1.257194	0.541782	2.443321	0.296121
291.500000	0	0.071780	0.003689	0.451913	0.039905
291.500000	1	1.202037	0.396774	2.012986	0.222627
291.750000	0	0.071821	0.009919	0.669945	0.043929
291.750000	1	1.177209	0.501475	1.687734	0.214658
292.000000	0	0.074677	0.004955	0.522993	0.046926
292.000000	1	1.320726	0.457587	2.252696	0.317828
292.250000	0	0.069668	0.008677	0.613879	0.043783
292.250000	1	1.247418	0.387941	2.466592	0.248375
292.500000	0	0.069993	0.009354	0.296746	0.034095
292.500000	1	1.224349	0.490536	2.646541	0.309100
292.750000	0	0.070031	0.006057	0.593139	0.037994
292.750000	1	1.218207	0.506780	2.307553	0.242007
293.000000	0	0.070551	0.009668	0.361561	0.033944
293.000000	1	1.195965	0.218346	2.912492	0.330660
293.250000	0	0.071338	0.005289	0.399006	0.036542
293.250000	1	1.291273	0.571636	3.938557	0.352457
293.500000	0	0.070752	0.004037	0.345464	0.035885
293.500000	1	1.215120	0.719662	1.859111	0.196676
293.750000	0	0.072968	0.000527	0.365875	0.036905
293.750000	1	1.218632	0.310151	1.954685	0.240848
294.000000	0	0.074656	0.002129	1.385547	0.061674
294.000000	1	1.239906	0.727478	2.633062	0.274182
294.250000	0	0.072376	0.005075	0.463194	0.039871
294.250000	1	1.203030	0.211994	2.018197	0.250268
294.500000	0	0.075586	0.006173	0.815777	0.056424
294.500000	1	1.252245	0.138999	2.073408	0.299595
294.750000	0	0.073597	0.005405	0.630531	0.050525
294.750000	1	1.251346	0.412465	2.234558	0.266679
295.000000	0	0.070008	0.011056	0.248432	0.031879
295.000000	1	1.262136	0.466408	2.329503	0.271606
295.250000	0	0.072339	0.007702	0.294367	0.040248
295.250000	1	1.247511	0.493555	2.698841	0.337741
295.500000	0	0.072231	0.005309	0.507600	0.041720
295.500000	1	1.271153	0.308227	2.474627	0.328671
295.750000	0	0.068808	0.010925	0.434188	0.033474
295.750000	1	1.252680	0.770561	2.062310	0.240626
296.000000	0	0.070978	0.008119	0.826212	0.042869
296.000000	1	1.219928	0.616680	2.490176	0.234791
296.250000	0	0.071268	0.006739	0.518416	0.041406
296.250000	1	1.220039	0.150772	2.217182	0.278281
296.500000	0	0.074146	0.006862	0.471919	0.040573
296.500000	1	1.218895	0.145172	2.010210	0.247714
296.750000	0	0.071139	0.009561	0.373284	0.037390
296.750000	1	1.247467	0.770114	2.174673	0.211041
297.000000	0	0.070413	0.001228	0.398957	0.033445
297.000000	1	1.223708	0.605143	2.720390	0.276622
297.250000	0	0.073282	0.003723	0.831715	0.047549
297.250000	1	1.269044	0.535579	2.729263	0.296117
297.500000	0	0.073038	0.011596	0.402026	0.038162
297.500000	1	1.232062	0.492265	2.129106	0.286277
297.750000	0	0.075350	0.005077	1.020677	0.059430
297.750000	1	1.229934	0.656000	2.099306	0.242119
298.000000	0	0.073946	0.010083	0.649020	0.048739
298.000000	1	1.235415	0.103573	2.221685	0.294571
298.250000	0	0.075429	0.011057	0.844184	0.057003
298.250000	1	1.208373	0.208755	1.885832	0.256107
298.500000	0	0.075413	0.009700	0.478715	0.048076
298.500000	1	1.249333	0.333468	2.798191	0.304886
298.750000	0	0.072395	0.008054	0.426214	0.038423
298.750000	1	1.272528	0.420567	2.075386	0.285003
299.000000	0	0.071099	0.002184	0.408193	0.038005
299.000000	1	1.254629	0.275596	2.798271	0.303267
299.250000	0	0.071543	0.001945	0.549769	0.041625
299.250000	1	1.242001	0.678845	2.218239	0.246659
299.500000	0	0.071361	0.007314	0.397584	0.037330
299.500000	1	1.225361	0.460773	2.084525	0.267207
299.750000	0	0.071203	0.009130	0.416066	0.034634
299.750000	1	1.248310	0.264312	2.701777	0.308283
300.000000	0	0.071187	0.008908	0.324402	0.035195
300.000000	1	1.279500	0.176104	2.506670	0.320996
300.250000	0	0.070785	0.014227	0.621308	0.039867
300.250000	1	1.214400	0.522006	2.106486	0.254226
300.500000	0	0.070220	0.003046	0.640726	0.041724
300.500000	1	1.273578	0.654289	2.326645	0.269169
300.750000	0	0.070425	0.002021	0.616364	0.042425
300.750000	1	1.263612	0.708540	2.402805	0.247053
301.000000	0	0.070755	0.004656	0.261119	0.032062
301.000000	1	1.208499	0.493141	2.522299	0.308279
301.250000	0	0.072782	0.003335	0.562939	0.045240
301.250000	1	1.269253	0.311228	2.880887	0.345836
301.500000	0	0.071676	0.002893	0.481033	0.039064
301.500000	1	1.238591	0.250472	2.193136	0.278115
301.750000	0	0.070718	0.008919	0.515399	0.037736
301.750000	1	1.249055	0.371179	2.628809	0.306762
302.000000	0	0.071017	0.003288	0.342795	0.036043
302.000000	1	1.229004	0.461562	2.313426	0.245641
302.250000	0	0.069999	0.005213	0.346715	0.037103
302.250000	1	1.269447	0.411906	1.986691	0.263393
302.500000	0	0.069881	0.002834	0.260035	0.030950
302.500000	1	1.237941	0.738686	2.228460	0.239182
302.750000	0	0.070809	0.004298	0.272984	0.036329
302.750000	1	1.220616	0.413562	2.167616	0.244213
303.000000	0	0.071167	0.011195	0.393617	0.036783
303.000000	1	1.257340	0.378508	2.655304	0.288357
303.250000	0	0.071781	0.004054	0.378111	0.036804
303.250000	1	1.251209	0.144131	2.802998	0.347736
303.500000	0	0.071653	0.003738	0.904842	0.048499
303.500000	1	1.254501	0.590588	2.065247	0.256431
303.750000	0	0.071370	0.011323	0.889725	0.048576
303.750000	1	1.224835	0.638244	2.230373	0.248103
304.000000	0	0.072101	0.006448	0.623416	0.048749
304.000000	1	1.233059	0.299745	2.108631	0.241673
304.250000	0	0.070672	0.008612	0.422069	0.036863
304.250000	1	1.240634	0.396132	2.478348	0.278049
304.500000	0	0.071552	0.013859	0.529512	0.039215
304.500000	1	1.233415	0.491170	2.075598	0.230492
304.750000	0	0.073038	0.003094	0.487802	0.041278
304.750000	1	1.282663	0.752615	2.417057	0.270416
305.000000	0	0.070475	0.002803	0.467430	0.037086
305.000000	1	1.224717	0.064161	2.701440	0.269112
305.250000	0	0.073202	0.009575	0.549043	0.042532
305.250000	1	1.275292	0.529761	3.134096	0.302644
305.500000	0	0.074487	0.004520	0.760829	0.051590
305.500000	1	1.180024	0.191757	1.813375	0.240730
305.750000	0	0.072193	0.007537	0.786021	0.044819
305.750000	1	1.183220	0.108540	2.759121	0.368764
306.000000	0	0.074921	0.011797	0.484668	0.044484
306.000000	1	1.224809	0.235133	2.371648	0.353940
306.250000	0	0.077104	0.003890	0.903479	0.063430
306.250000	1	1.227238	0.166316	2.525719	0.333181
306.500000	0	0.077183	0.007158	0.630113	0.057886
306.500000	1	1.250341	0.309129	2.632361	0.304906
306.750000	0	0.071783	0.002403	0.426892	0.036741
306.750000	1	1.231767	0.435305	2.578781	0.283022
307.000000	0	0.075476	0.002303	0.537883	0.040979
307.000000	1	1.241595	0.618614	2.519931	0.268091
307.250000	0	0.071921	0.006078	0.368340	0.038560
307.250000	1	1.274508	0.623723	2.207253	0.271229
307.500000	0	0.070486	0.003593	0.529816	0.036429
307.500000	1	1.232944	0.372075	2.772715	0.397389
307.750000	0	0.073342	0.001260	0.500527	0.041624
307.750000	1	1.279068	0.607818	2.382079	0.292420
308.000000	0	0.071474	0.003581	0.410379	0.041673
308.000000	1	1.260979	0.135067	2.453190	0.326597
308.250000	0	0.071422	0.004213	0.425409	0.037581
308.250000	1	1.221042	0.678534	2.633990	0.257851
308.500000	0	0.072576	0.017534	0.452730	0.037946
308.500000	1	1.190253	0.443812	2.295880	0.279348
308.750000	0	0.075799	0.004379	0.704880	0.054130
308.750000	1	1.309167	0.397579	2.519223	0.338187
309.000000	0	0.071501	0.003784	0.918885	0.048024
309.000000	1	1.280511	0.788577	3.046718	0.310970
309.250000	0	0.069586	0.007966	0.320289	0.030873
309.250000	1	1.207195	0.366191	2.213495	0.241017
309.500000	0	0.070909	0.004658	0.279479	0.031688
309.500000	1	1.248477	0.097452	3.575469	0.422001
309.750000	0	0.070324	0.010300	0.323179	0.034173
309.750000	1	1.231283	0.700063	1.917657	0.238565
310.000000	0	0.070045	0.008849	0.332422	0.032807
310.000000	1	1.252501	0.596857	2.276882	0.273217
310.250000	0	0.072814	0.000083	0.442303	0.041310
310.250000	1	1.286869	0.445686	5.048534	0.555023
310.500000	0	0.075294	0.006792	1.366189	0.064406
310.500000	1	1.228929	0.497749	1.868868	0.248080
310.750000	0	0.071474	0.010114	0.708956	0.044579
310.750000	1	1.237817	0.574285	3.981025	0.350929
311.000000	0	0.072602	0.007280	0.400249	0.036687
311.000000	1	1.220938	0.362450	2.126568	0.249081
311.250000	0	0.071871	0.011253	0.527944	0.041086
311.250000	1	1.185436	0.305929	2.048663	0.281876
311.500000	0	0.071428	0.009072	0.527031	0.038798
311.500000	1	1.222027	0.327645	3.226191	0.370249
311.750000	0	0.076331	0.004875	0.801300	0.063858
311.750000	1	1.281419	0.353543	2.471941	0.311304
312.000000	0	0.072146	0.007531	0.428005	0.039194
312.000000	1	1.240752	0.313893	2.070186	0.233420
312.250000	0	0.072538	0.002508	1.009166	0.054405
312.250000	1	1.277945	0.479721	2.961664	0.377608
312.500000	0	0.074449	0.011041	0.585831	0.048754
312.500000	1	1.284496	0.228712	4.043797	0.476358
312.750000	0	0.069815	0.003004	0.585760	0.038957
312.750000	1	1.249308	0.299301	1.984337	0.239506
313.000000	0	0.072301	0.013549	0.460954	0.035819
313.000000	1	1.252927	0.549052	2.652859	0.287702
313.250000	0	0.070945	0.000760	0.422964	0.035893
313.250000	1	1.197371	0.322044	2.378191	0.279493
313.500000	0	0.071873	0.012321	0.355322	0.037324
313.500000	1	1.201907	0.377092	1.754869	0.208881
313.750000	0	0.072095	0.006794	0.769380	0.047022
313.750000	1	1.231201	0.128905	2.353676	0.320915
314.000000	0	0.073440	0.011363	0.385452	0.041714
314.000000	1	1.299157	0.536886	2.726657	0.326489
314.250000	0	0.073058	0.003322	0.910284	0.051126
314.250000	1	1.245273	0.311033	2.606562	0.307811
314.500000	0	0.074785	0.004460	0.581279	0.046749
314.500000	1	1.226763	0.465464	2.629322	0.312560
314.750000	0	0.073636	0.010391	0.438375	0.041309
314.750000	1	1.266427	0.419061	2.918588	0.339123
315.000000	0	0.072870	0.005487	0.664021	0.046150
315.000000	1	1.232473	0.415287	2.726864	0.285512
315.250000	0	0.077306	0.007107	0.734494	0.052251
315.250000	1	1.222395	0.229005	2.064838	0.260934
315.500000	0	0.073948	0.007328	0.726641	0.048134
315.500000	1	1.238356	0.306650	2.497850	0.290740
315.750000	0	0.071834	0.008071	0.995528	0.052424
315.750000	1	1.238917	0.801452	2.028860	0.236913
316.000000	0	0.070899	0.003613	0.456281	0.034438
316.000000	1	1.226065	0.616099	2.333334	0.250558
316.250000	0	0.071518	0.002551	0.342092	0.036469
316.250000	1	1.243898	0.403635	1.911185	0.257808
316.500000	0	0.070347	0.004932	0.364631	0.033122
316.500000	1	1.230875	0.149402	1.932911	0.263669
316.750000	0	0.070388	0.007692	0.406391	0.035501
316.750000	1	1.252204	0.449707	2.353643	0.318728
317.000000	0	0.072945	0.004662	0.455549	0.040061
317.000000	1	1.256514	0.565878	2.212455	0.270075
317.250000	0	0.072273	0.007143	0.634706	0.043901
317.250000	1	1.217470	0.289643	2.167974	0.267818
317.500000	0	0.074294	0.005960	0.682810	0.047005
317.500000	1	1.237207	0.183511	2.613117	0.343347
317.750000	0	0.073286	0.001680	0.483738	0.042287
317.750000	1	1.266262	0.193855	2.178512	0.299340
318.000000	0	0.071207	0.007376	0.538933	0.039637
318.000000	1	1.245761	0.347047	2.264421	0.252249
318.250000	0	0.070612	0.010197	0.382121	0.034686
318.250000	1	1.207122	0.345737	2.241926	0.233072
318.500000	0	0.073752	0.011175	0.691079	0.045272
318.500000	1	1.188317	0.173630	1.926545	0.254193
318.750000	0	0.071230	0.005302	0.308777	0.036096
318.750000	1	1.277081	0.512718	2.507884	0.330960
319.000000	0	0.070750	0.010115	0.469267	0.037157
319.000000	1	1.241560	0.574186	2.270575	0.295978
319.250000	0	0.071503	0.007987	0.374577	0.038698
319.250000	1	1.214513	0.626506	2.359608	0.239616
319.500000	0	0.072136	0.002648	0.638072	0.042970
319.500000	1	1.253686	0.325887	2.207110	0.287345
319.750000	0	0.070761	0.007390	0.534622	0.037749
319.750000	1	1.268548	0.421692	2.061841	0.276191
320.000000	0	0.068807	0.007270	0.485931	0.037099
320.000000	1	1.220123	0.053084	1.987488	0.288473
320.250000	0	0.070103	0.006402	0.507448	0.034984
320.250000	1	1.192842	0.297848	2.128003	0.253311
320.500000	0	0.070733	0.003778	0.410218	0.034611
320.500000	1	1.281467	0.271311	3.412251	0.393253
320.750000	0	0.069725	0.002349	0.407473	0.032931
320.750000	1	1.241076	0.371425	2.358022	0.326126
321.000000	0	0.072532	0.012702	0.729637	0.040879
321.000000	1	1.266575	0.165896	3.019550	0.367436
321.250000	0	0.070529	0.004754	0.283672	0.030441
321.250000	1	1.239568	0.385463	2.847797	0.313021
321.500000	0	0.071488	0.005846	0.521789	0.043118
321.500000	1	1.220978	0.097507	2.069810	0.271743
321.750000	0	0.069899	0.002846	0.715545	0.039868
321.750000	1	1.225874	0.292484	2.294585	0.268193
322.000000	0	0.071030	0.006930	0.632962	0.041023
322.000000	1	1.226799	0.380157	2.344321	0.272609
322.250000	0	0.075054	0.008599	0.763908	0.051460
322.250000	1	1.210784	0.450432	1.988551	0.261372
322.500000	0	0.072073	0.007003	0.521672	0.038672
322.500000	1	1.262242	0.597160	2.373463	0.298003
322.750000	0	0.071743	0.006358	0.539571	0.041616
322.750000	1	1.256127	0.329206	2.806860	0.346330
323.000000	0	0.070121	0.007805	0.792548	0.042810
323.000000	1	1.203067	0.245668	2.163594	0.261661
323.250000	0	0.072624	0.002279	0.321250	0.034932
323.250000	1	1.232724	0.438902	2.345955	0.270704
323.500000	0	0.072268	0.010360	0.541635	0.043436
323.500000	1	1.219902	0.377745	2.703902	0.289183
323.750000	0	0.072326	0.010422	0.554477	0.038889
323.750000	1	1.189936	0.319279	2.192895	0.299815
324.000000	0	0.071629	0.005815	0.567907	0.040570
324.000000	1	1.253179	0.334081	2.438078	0.317101
324.250000	0	0.069802	0.006203	0.384326	0.036843
324.250000	1	1.270871	0.311924	2.870528	0.309733
324.500000	0	0.070867	0.011439	0.649264	0.042353
324.500000	1	1.257337	0.039243	2.866496	0.393080
324.750000	0	0.071634	0.003993	0.404152	0.037623
324.750000	1	1.224622	0.288020	2.176073	0.254674
325.000000	0	0.071289	0.013349	0.366942	0.033968
325.000000	1	1.218670	0.634005	2.528133	0.264598
325.250000	0	0.072679	0.001594	0.405966	0.040311
325.250000	1	1.221280	0.511158	1.774723	0.236032
325.500000	0	0.072840	0.001502	0.820418	0.046298
325.500000	1	1.237631	0.385226	2.283107	0.313003
325.750000	0	0.071753	0.015143	0.398349	0.036943
325.750000	1	1.200922	0.350101	2.123575	0.248371
326.000000	0	0.071362	0.011160	0.315329	0.034457
326.000000	1	1.237021	0.431734	2.738238	0.287487
326.250000	0	0.071000	0.008682	0.424187	0.037438
326.250000	1	1.219234	0.400273	2.563353	0.293671
326.500000	0	0.071517	0.007861	0.482748	0.036768
326.500000	1	1.217356	0.635042	2.223227	0.259726
326.750000	0	0.070764	0.002126	0.480806	0.038253
326.750000	1	1.289706	0.356282	5.274814	0.505884
327.000000	0	0.073564	0.004060	0.807803	0.054968
327.000000	1	1.240835	0.236805	2.007534	0.296332
327.250000	0	0.070814	0.004818	0.302516	0.031848
327.250000	1	1.241576	0.397285	2.302582	0.291020
327.500000	0	0.069504	0.018371	0.532173	0.040372
327.500000	1	1.248272	0.301820	2.601560	0.287472
327.750000	0	0.069463	0.007435	0.329623	0.031552
327.750000	1	1.246908	0.316116	2.214070	0.267382
328.000000	0	0.069683	0.002749	0.298011	0.033235
328.000000	1	1.214115	0.283675	1.862679	0.206340
328.250000	0	0.068725	0.004869	0.313741	0.032399
328.250000	1	1.214759	0.530939	2.088426	0.247297
328.500000	0	0.071632	0.003310	0.411149	0.039838
328.500000	1	1.244849	0.650780	2.375377	0.254518
328.750000	0	0.070995	0.011970	0.617539	0.040224
328.750000	1	1.224355	0.257541	2.386038	0.302546
329.000000	0	0.073841	0.012856	0.536403	0.046124
329.000000	1	1.243035	0.640123	2.283065	0.262238
329.250000	0	0.071222	0.013073	0.435809	0.040261
329.250000	1	1.253445	0.083356	2.009042	0.266455
329.500000	0	0.071463	0.004531	0.558898	0.039952
329.500000	1	1.252765	0.389978	2.364298	0.282012
329.750000	0	0.071074	0.007983	0.419650	0.038569
329.750000	1	1.265006	0.512809	2.170723	0.251372
330.000000	0	0.072736	0.003919	0.411467	0.041065
330.000000	1	1.178557	0.157199	2.096180	0.270593
330.250000	0	0.070002	0.009187	0.400575	0.034587
330.250000	1	1.238749	0.376433	1.909875	0.245498
330.500000	0	0.072429	0.002198	0.399185	0.037813
330.500000	1	1.263339	0.482867	2.879259	0.318815
330.750000	0	0.072756	0.005960	0.466416	0.042706
330.750000	1	1.224846	0.345871	2.006027	0.227579
331.000000	0	0.073535	0.007728	0.886327	0.050355
331.000000	1	1.266105	0.597268	3.221436	0.305872
331.250000	0	0.070555	0.004240	0.405778	0.035285
331.250000	1	1.286659	0.600585	2.770483	0.341363
331.500000	0	0.071645	0.006110	0.409568	0.037211
331.500000	1	1.233249	0.415078	2.637672	0.285935
331.750000	0	0.076037	0.008440	0.765173	0.051321
331.750000	1	1.203744	0.017370	2.637121	0.323358
332.000000	0	0.072638	0.004552	0.540816	0.040743
332.000000	1	1.233513	0.161229	2.257330	0.295068
332.250000	0	0.072150	0.001168	0.669345	0.047532
332.250000	1	1.199594	0.357109	1.782438	0.245672
332.500000	0	0.072065	0.003626	0.957716	0.052481
332.500000	1	1.289810	0.621885	2.833252	0.356929
332.750000	0	0.071776	0.003407	0.568725	0.041161
332.750000	1	1.218575	0.359595	2.539239	0.328492
333.000000	0	0.073010	0.002318	0.740866	0.048533
333.000000	1	1.188900	0.233629	1.969371	0.274621
333.250000	0	0.073542	0.010967	0.588546	0.043243
333.250000	1	1.263800	0.476971	3.146758	0.352889
333.500000	0	0.073772	0.008994	0.877546	0.050874
333.500000	1	1.210332	0.549289	2.661405	0.324217
333.750000	0	0.074165	0.004725	0.601233	0.049899
333.750000	1	1.302931	0.184534	2.276340	0.381591
334.000000	0	0.070971	0.009221	0.356447	0.034695
334.000000	1	1.296147	0.187256	3.007107	0.376016
334.250000	0	0.069080	0.009246	0.295589	0.030794
334.250000	1	1.225738	0.582203	2.035562	0.222164
334.500000	0	0.069047	0.005660	0.314553	0.034229
334.500000	1	1.246956	0.605269	3.143991	0.314542
334.750000	0	0.072168	0.011348	0.617777	0.046953
334.750000	1	1.214454	0.199437	2.057116	0.248739
335.000000	0	0.070195	0.002570	0.320364	0.036936
335.000000	1	1.221627	0.656040	1.912494	0.235553
335.250000	0	0.071107	0.007287	0.533019	0.036620
335.250000	1	1.259933	0.334323	2.230928	0.279187
335.500000	0	0.068399	0.006679	0.366705	0.035293
335.500000	1	1.249261	0.338261	2.308590	0.306513
335.750000	0	0.069492	0.001755	0.381201	0.034901
335.750000	1	1.236894	0.636646	2.426427	0.262848
336.000000	0	0.070078	0.007176	0.388415	0.034228
336.000000	1	1.226706	0.463175	2.933118	0.294678
336.250000	0	0.072010	0.006626	0.573781	0.044093
336.250000	1	1.231508	0.147882	2.051079	0.279568
336.500000	0	0.075078	0.003646	0.653559	0.047976
336.500000	1	1.178332	0.128643	1.888305	0.256984
336.750000	0	0.073865	0.012470	0.517398	0.043770
336.750000	1	1.206183	0.384641	2.206605	0.275994
337.000000	0	0.072764	0.004830	0.640570	0.041529
337.000000	1	1.234345	0.422477	2.123045	0.271015
337.250000	0	0.072511	0.010478	0.434609	0.041252
337.250000	1	1.246948	0.092686	2.422913	0.314879
337.500000	0	0.071715	0.009039	0.649433	0.038148
337.500000	1	1.234010	0.454907	2.021428	0.234258
337.750000	0	0.070085	0.008904	0.445872	0.033058
337.750000	1	1.237830	0.287876	2.396688	0.285189
338.000000	0	0.069999	0.005702	0.380505	0.031309
338.000000	1	1.266511	0.483837	2.446677	0.277289
338.250000	0	0.069157	0.010978	0.245151	0.028587
338.250000	1	1.193474	0.381095	2.272601	0.253517
338.500000	0	0.069213	0.012492	0.329978	0.032527
338.500000	1	1.239888	0.315068	3.755643	0.408658
338.750000	0	0.072037	0.004738	0.767491	0.045292
338.750000	1	1.298554	0.325539	3.451682	0.415966
339.000000	0	0.074760	0.003419	0.644998	0.053870
339.000000	1	1.236670	0.614852	2.466600	0.266136
339.250000	0	0.070998	0.001643	0.531419	0.040292
339.250000	1	1.250134	0.358441	2.484426	0.320931
339.500000	0	0.073243	0.005955	0.656858	0.044799
339.500000	1	1.312821	0.536190	4.354129	0.498981
339.750000	0	0.072093	0.011140	0.481320	0.041258
339.750000	1	1.248307	0.580052	2.972616	0.333490
340.000000	0	0.072991	0.005274	0.447928	0.038323
340.000000	1	1.243154	0.369273	2.325477	0.273910
340.250000	0	0.076253	0.008493	0.966731	0.053782
340.250000	1	1.231725	0.279682	2.265272	0.276988
340.500000	0	0.074684	0.001201	0.722425	0.047469
340.500000	1	1.287652	0.208972	2.289680	0.326783
340.750000	0	0.072068	0.005968	1.040968	0.050411
340.750000	1	1.243693	0.441878	2.543990	0.290398
341.000000	0	0.072501	0.007252	0.663174	0.042038
341.000000	1	1.247305	0.611639	2.242771	0.256672
341.250000	0	0.071871	0.008960	0.307561	0.036904
341.250000	1	1.239233	0.294851	3.374514	0.355620
341.500000	0	0.070323	0.002483	0.885318	0.047250
341.500000	1	1.240820	0.693619	2.191068	0.250066
341.750000	0	0.072072	0.003005	0.505575	0.040670
341.750000	1	1.220609	0.495129	2.104462	0.249877
342.000000	0	0.073858	0.010180	0.559608	0.046217
342.000000	1	1.227458	0.562035	2.339931	0.266034
342.250000	0	0.070188	0.001675	0.346191	0.034776
342.250000	1	1.269239	0.560187	2.404323	0.254562
342.500000	0	0.068751	0.006943	0.381707	0.031831
342.500000	1	1.229774	0.632150	2.607589	0.252419
342.750000	0	0.070151	0.002509	0.540520	0.040073
342.750000	1	1.280117	0.327205	3.568621	0.372812
343.000000	0	0.072301	0.008090	0.689157	0.043309
343.000000	1	1.226003	0.412020	2.456704	0.309002
343.250000	0	0.070814	0.009765	0.384761	0.034108
343.250000	1	1.215713	0.020966	2.163508	0.338611
343.500000	0	0.070715	0.014815	0.581912	0.036525
343.500000	1	1.256146	0.318298	2.158258	0.300278
343.750000	0	0.069827	0.008969	0.408624	0.033488
343.750000	1	1.220930	0.470553	2.145725	0.228794
344.000000	0	0.070145	0.004059	0.408637	0.033820
344.000000	1	1.223166	0.646537	2.393722	0.278029
344.250000	0	0.069154	0.004556	0.307986	0.031874
344.250000	1	1.207733	0.225906	2.134425	0.288772
344.500000	0	0.071616	0.008157	0.289423	0.033780
344.500000	1	1.229655	0.077063	2.830264	0.324418
344.750000	0	0.070014	0.004221	0.394044	0.038317
344.750000	1	1.222087	0.163127	2.311568	0.298222
345.000000	0	0.071561	0.002943	0.437275	0.037004
345.000000	1	1.268560	0.749713	2.362752	0.267945
345.250000	0	0.071391	0.008593	0.455634	0.039900
345.250000	1	1.284699	0.748223	2.555086	0.270753
345.500000	0	0.071661	0.002702	0.742166	0.046423
345.500000	1	1.223221	0.383110	2.812235	0.254619
345.750000	0	0.072411	0.005378	0.448681	0.039128
345.750000	1	1.265689	0.322034	2.308135	0.303016
346.000000	0	0.069499	0.000894	0.380681	0.035984
346.000000	1	1.245946	0.309097	2.237797	0.245983
346.250000	0	0.070196	0.008102	0.486176	0.037333
346.250000	1	1.233871	0.387981	2.195842	0.259634
346.500000	0	0.071536	0.001983	0.766960	0.044520
346.500000	1	1.266011	0.720246	2.714375	0.250499
346.750000	0	0.068583	0.004284	0.388767	0.032424
346.750000	1	1.241176	0.318663	2.453479	0.289396
347.000000	0	0.070195	0.011222	0.362217	0.032193
347.000000	1	1.238807	0.502822	2.084697	0.218220
347.250000	0	0.072406	0.008061	0.760479	0.044017
347.250000	1	1.218433	0.375496	2.346055	0.267106
347.500000	0	0.069746	0.011252	0.592649	0.041826
347.500000	1	1.199669	0.121407	2.153407	0.268211
347.750000	0	0.071377	0.000295	0.507421	0.039793
347.750000	1	1.252974	0.563610	2.383550	0.287443
348.000000	0	0.067470	0.004497	0.297493	0.028859
348.000000	1	1.254510	0.604510	2.817801	0.281133
348.250000	0	0.069247	0.003078	0.689670	0.036012
348.250000	1	1.216598	0.547017	2.103804	0.208911
348.500000	0	0.068276	0.002723	0.420986	0.032977
348.500000	1	1.253409	0.057326	2.330815	0.327000
348.750000	0	0.070682	0.006909	0.305469	0.031505
348.750000	1	1.287124	0.530728	2.430955	0.305575
349.000000	0	0.069778	0.006616	0.266278	0.030000
349.000000	1	1.194406	0.379602	2.371199	0.258311
349.250000	0	0.074307	0.002056	0.609870	0.046044
349.250000	1	1.272263	0.193774	2.434055	0.300562
349.500000	0	0.070859	0.007012	0.581660	0.040289
349.500000	1	1.218748	0.249242	2.385151	0.294244
349.750000	0	0.070768	0.007105	0.262612	0.034990
349.750000	1	1.273458	0.515737	2.488288	0.292462
350.000000	0	0.070485	0.008796	0.504902	0.035863
350.000000	1	1.250042	0.545521	2.625339	0.301954
350.250000	0	0.072958	0.010640	0.344289	0.037319
350.250000	1	1.218716	0.350419	2.337062	0.282975
350.500000	0	0.071940	0.004569	0.618980	0.039314
350.500000	1	1.224843	0.478147	2.228748	0.256855
350.750000	0	0.072335	0.006842	0.717285	0.045795
350.750000	1	1.250472	0.144861	3.235734	0.362039
351.000000	0	0.073588	0.005010	0.665422	0.042062
351.000000	1	1.205940	0.448143	2.580239	0.274845
351.250000	0	0.072680	0.007429	0.540753	0.043963
351.250000	1	1.202179	0.186114	2.640384	0.369302
351.500000	0	0.075479	0.009793	0.836074	0.056702
351.500000	1	1.226199	0.317917	2.762674	0.312071
351.750000	0	0.075140	0.011923	0.666577	0.047484
351.750000	1	1.223140	0.460437	2.289904	0.261661
352.000000	0	0.072962	0.010044	0.542748	0.041559
352.000000	1	1.238509	0.471348	2.032118	0.237142
352.250000	0	0.074049	0.004654	0.648935	0.044294
352.250000	1	1.198866	0.360206	2.068408	0.282091
352.500000	0	0.075364	0.009266	0.533773	0.046148
352.500000	1	1.268542	0.310238	2.609818	0.340223
352.750000	0	0.075971	0.003272	0.493404	0.046639
352.750000	1	1.253556	0.628552	2.393545	0.280823
353.000000	0	0.072608	0.010788	0.420323	0.041021
353.000000	1	1.250004	0.304860	2.152246	0.254984
353.250000	0	0.072076	0.006418	0.751392	0.044923
353.250000	1	1.213282	0.154728	2.404337	0.267105
353.500000	0	0.072821	0.007631	0.462351	0.044057
353.500000	1	1.262057	0.637996	2.197066	0.261906
353.750000	0	0.071160	0.006343	0.395585	0.035066
353.750000	1	1.241168	0.302034	3.356676	0.330261
354.000000	0	0.072156	0.002652	0.454638	0.037925
354.000000	1	1.272729	0.877227	2.999431	0.300581
354.250000	0	0.071143	0.005155	0.455880	0.037258
354.250000	1	1.238935	0.571338	2.084892	0.264146
354.500000	0	0.073831	0.004120	0.775107	0.049929
354.500000	1	1.263223	0.436391	2.299806	0.262492
354.750000	0	0.072874	0.004228	0.887400	0.047467
354.750000	1	1.224271	0.695194	2.032566	0.191485
355.000000	0	0.071320	0.006596	0.367457	0.037626
355.000000	1	1.255429	0.592652	2.309837	0.252910
355.250000	0	0.069999	0.010043	0.463168	0.036141
355.250000	1	1.224718	0.726068	2.360935	0.252728
355.500000	0	0.069275	0.013782	0.511412	0.035868
355.500000	1	1.276078	0.594935	3.013782	0.321632
355.750000	0	0.069888	0.012096	0.488028	0.037638
355.750000	1	1.279390	0.194920	2.491439	0.283954
356.000000	0	0.071112	0.008022	0.383110	0.037249
356.000000	1	1.218809	0.106454	1.850651	0.252643
356.250000	0	0.073366	0.011187	0.540983	0.040935
356.250000	1	1.287354	0.484695	2.696824	0.272244
356.500000	0	0.069172	0.002922	0.359365	0.032916
356.500000	1	1.261815	0.540639	2.412783	0.282156
356.750000	0	0.070773	0.004777	0.392802	0.034381
356.750000	1	1.165483	0.527536	1.640670	0.211173
357.000000	0	0.071064	0.010751	0.309261	0.033604
357.000000	1	1.234303	0.220889	2.192231	0.301728
357.250000	0	0.070141	0.003047	0.742009	0.044484
357.250000	1	1.283269	0.173133	2.586604	0.323476
357.500000	0	0.067934	0.004549	0.261049	0.028901
357.500000	1	1.266899	0.285864	2.865455	0.343087
357.750000	0	0.070470	0.002096	0.664294	0.041889
357.750000	1	1.247020	0.573379	1.825254	0.247010
358.000000	0	0.069860	0.003600	0.384786	0.036934
358.000000	1	1.220479	0.229011	2.089580	0.273732
358.250000	0	0.070158	0.001686	0.332327	0.031484
358.250000	1	1.216814	0.213915	2.512701	0.294227
358.500000	0	0.070917	0.003854	0.522820	0.038778
358.500000	1	1.187442	0.296770	2.371604	0.270161
358.750000	0	0.071322	0.003947	0.315367	0.035443
358.750000	1	1.203240	0.204661	2.171265	0.281630
359.000000	0	0.074192	0.007845	0.658430	0.045118
359.000000	1	1.238153	0.762079	2.230399	0.212361
359.250000	0	0.073601	0.003919	0.951840	0.051436
359.250000	1	1.223176	0.579814	2.197232	0.266875
359.500000	0	0.072507	0.008304	0.600207	0.046918
359.500000	1	1.238711	0.242130	2.310929	0.281597
359.750000	0	0.071551	0.007061	0.516076	0.038794
359.750000	1	1.248451	0.537278	2.100755	0.259933
360.000000	0	0.071754	0.009791	0.439875	0.035746
360.000000	1	1.278564	0.246846	3.413757	0.393306
360.250000	0	0.071988	0.004269	0.474421	0.041137
360.250000	1	1.265793	0.422274	2.388445	0.280033
360.500000	0	0.073816	0.008023	1.280137	0.060634
360.500000	1	1.254037	0.360166	2.259159	0.291412
360.750000	0	0.073396	0.004357	0.409350	0.042655
360.750000	1	1.195884	0.327438	2.652901	0.296447
361.000000	0	0.074475	0.006843	0.573241	0.048666
361.000000	1	1.234493	0.149354	2.455800	0.352286
361.250000	0	0.075052	0.008258	0.625234	0.047965
361.250000	1	1.256930	0.350214	2.336657	0.281595
361.500000	0	0.072269	0.007563	0.486041	0.039506
361.500000	1	1.237601	0.596483	1.999661	0.256767
361.750000	0	0.070500	0.003743	0.656020	0.038555
361.750000	1	1.222085	0.194437	2.757137	0.339225
362.000000	0	0.072637	0.004182	0.619208	0.041469
362.000000	1	1.212272	0.536423	2.098559	0.253711
362.250000	0	0.073301	0.005008	0.748477	0.049904
362.250000	1	1.243908	0.387507	2.248003	0.278351
362.500000	0	0.072084	0.004276	0.395385	0.036064
362.500000	1	1.247533	0.201784	2.030630	0.241698
362.750000	0	0.071119	0.007389	0.548360	0.038381
362.750000	1	1.216367	0.538767	2.513820	0.261857
363.000000	0	0.069770	0.007621	0.314845	0.034743
363.000000	1	1.254597	0.367665	3.054518	0.316206
363.250000	0	0.071215	0.003872	0.493323	0.036300
363.250000	1	1.287655	0.591323	2.512763	0.315736
363.500000	0	0.070711	0.005979	0.276734	0.033154
363.500000	1	1.246661	0.592754	2.278185	0.259724
363.750000	0	0.071286	0.006416	0.308702	0.034489
363.750000	1	1.243307	0.448582	2.037887	0.251081
364.000000	0	0.071852	0.002109	0.679282	0.044343
364.000000	1	1.224996	0.504546	1.950033	0.236111
364.250000	0	0.072827	0.005068	0.390331	0.037562
364.250000	1	1.281612	0.255233	2.493361	0.394455
364.500000	0	0.071430	0.006064	0.820921	0.050054
364.500000	1	1.278923	0.535783	2.405067	0.291459
364.750000	0	0.071673	0.007348	0.345388	0.036038
364.750000	1	1.224494	0.623066	2.164186	0.248036
365.000000	0	0.072924	0.007962	0.577365	0.041873
365.000000	1	1.246652	0.445500	2.153996	0.229802
365.250000	0	0.071775	0.004296	0.402990	0.037014
365.250000	1	1.226653	0.229975	1.724852	0.224039
365.500000	0	0.071178	0.006829	0.371430	0.037794
365.500000	1	1.213337	0.444180	2.254093	0.267987
365.750000	0	0.072579	0.008119	0.714950	0.045643
365.750000	1	1.243389	0.210459	2.256798	0.317779
366.000000	0	0.071328	0.002375	1.391116	0.063556
366.000000	1	1.196679	0.560305	1.984919	0.230869
366.250000	0	0.072448	0.006909	0.677954	0.043080
366.250000	1	1.272403	0.402625	2.440475	0.300516
366.500000	0	0.074204	0.004318	0.505166	0.040217
366.500000	1	1.198996	0.525669	1.944817	0.232318
366.750000	0	0.073828	0.018042	0.463997	0.037927
366.750000	1	1.296621	0.194638	2.813846	0.332376
367.000000	0	0.072513	0.001486	0.618608	0.044232
367.000000	1	1.225551	0.604421	2.236908	0.238268
367.250000	0	0.071226	0.005097	0.391002	0.037119
367.250000	1	1.258513	0.187915	2.551641	0.271824
367.500000	0	0.071563	0.005879	0.278754	0.032350
367.500000	1	1.226521	0.436980	2.340561	0.278192
367.750000	0	0.069749	0.003847	0.315277	0.032533
367.750000	1	1.243234	0.435786	2.933637	0.333936
368.000000	0	0.071857	0.006610	0.737356	0.041299
368.000000	1	1.201158	0.414022	2.157153	0.231197
368.250000	0	0.072509	0.006498	0.338896	0.037925
368.250000	1	1.243139	0.104388	1.941993	0.263532
368.500000	0	0.067936	0.007810	0.300469	0.031269
368.500000	1	1.241466	0.567055	2.357618	0.261248
368.750000	0	0.074690	0.004686	0.627128	0.048424
368.750000	1	1.221537	0.677822	2.122913	0.224479
369.000000	0	0.071761	0.006340	0.567838	0.039423
369.000000	1	1.258208	0.280269	2.105003	0.312110
369.250000	0	0.070805	0.007985	0.523518	0.040327
369.250000	1	1.282135	0.295259	2.429009	0.286374
369.500000	0	0.070466	0.000920	0.453490	0.034765
369.500000	1	1.258682	0.666119	2.480953	0.276518
369.750000	0	0.072689	0.007323	0.975879	0.050508
369.750000	1	1.241422	0.440621	2.225403	0.260843
370.000000	0	0.071181	0.011381	0.496006	0.042646
370.000000	1	1.243196	0.568916	2.290340	0.277934
370.250000	0	0.073306	0.019505	0.594112	0.043833
370.250000	1	1.206781	0.448174	2.861342	0.296868
370.500000	0	0.070840	0.006078	0.449647	0.038287
370.500000	1	1.258265	0.274433	3.221887	0.328016
370.750000	0	0.074145	0.003936	0.499300	0.048942
370.750000	1	1.264225	0.520923	2.234004	0.311622
371.000000	0	0.071583	0.009397	0.741018	0.047051
371.000000	1	1.229087	0.474947	2.502060	0.317466
371.250000	0	0.072686	0.008204	0.356924	0.037745
371.250000	1	1.299552	0.638363	2.807509	0.352115
371.500000	0	0.071128	0.009307	0.315842	0.034337
371.500000	1	1.232607	0.760082	2.306888	0.220109
371.750000	0	0.069695	0.005919	0.313258	0.031995
371.750000	1	1.252150	0.484490	3.279191	0.279181
372.000000	0	0.071433	0.000762	0.388833	0.037072
372.000000	1	1.175974	0.145810	2.534618	0.324017
372.250000	0	0.073083	0.010052	0.557496	0.048259
372.250000	1	1.258433	0.812266	2.201622	0.280482
372.500000	0	0.072514	0.005466	0.520507	0.042127
372.500000	1	1.251750	0.099859	2.941988	0.329082
372.750000	0	0.072744	0.004010	0.661865	0.046292
372.750000	1	1.203292	0.446684	2.905029	0.324855
373.000000	0	0.072885	0.012286	0.431210	0.040035
373.000000	1	1.246492	0.503099	2.534286	0.346651
373.250000	0	0.072381	0.004084	0.464660	0.042504
373.250000	1	1.234804	0.203957	2.629843	0.302669
373.500000	0	0.072295	0.003006	0.598273	0.043947
373.500000	1	1.175095	0.298013	1.989552	0.246779
373.750000	0	0.072515	0.005437	0.509441	0.043519
373.750000	1	1.250238	0.649796	2.208040	0.263770
374.000000	0	0.074255	0.004617	1.124061	0.055986
374.000000	1	1.285592	0.414342	2.610545	0.340121
374.250000	0	0.072741	0.001380	0.420466	0.040484
374.250000	1	1.218912	0.552990	2.219150	0.273278
374.500000	0	0.072704	0.005805	0.722387	0.048392
374.500000	1	1.173679	0.292387	2.296015	0.245526
374.750000	0	0.071194	0.007094	0.347994	0.034876
374.750000	1	1.298403	0.324691	2.186856	0.317877
375.000000	0	0.069358	0.005013	0.235452	0.030665
375.000000	1	1.211495	0.281732	2.406209	0.259241
375.250000	0	0.070513	0.003888	0.311435	0.033276
375.250000	1	1.252194	0.371197	2.380566	0.298865
375.500000	0	0.070694	0.011911	0.496278	0.037914
375.500000	1	1.240511	0.197733	2.307084	0.252526
375.750000	0	0.069995	0.005595	0.319054	0.031209
375.750000	1	1.218806	0.835342	2.131174	0.205163
376.000000	0	0.069339	0.011886	0.256032	0.031933
376.000000	1	1.220170	0.462116	2.070626	0.253280
376.250000	0	0.072015	0.005011	0.552356	0.040109
376.250000	1	1.208235	0.488077	2.005658	0.277524
376.500000	0	0.073793	0.006121	0.618823	0.046666
376.500000	1	1.248188	0.410466	2.190389	0.233584
376.750000	0	0.072043	0.003563	0.523293	0.040058
376.750000	1	1.204402	0.535706	2.200760	0.231252
377.000000	0	0.070514	0.001564	0.363045	0.035320
377.000000	1	1.249724	0.500615	2.762166	0.282495
377.250000	0	0.073286	0.005626	0.471557	0.040633
377.250000	1	1.252952	0.512157	1.798048	0.198023
377.500000	0	0.070388	0.008303	0.621440	0.039177
377.500000	1	1.246343	0.723974	2.691623	0.248002
377.750000	0	0.069423	0.005926	0.305490	0.030925
377.750000	1	1.232996	0.705894	1.957810	0.199820
378.000000	0	0.072173	0.013551	1.021986	0.052019
378.000000	1	1.243458	0.694631	2.603103	0.238758
378.250000	0	0.069244	0.005641	0.274441	0.031047
378.250000	1	1.194520	0.764333	1.543676	0.166190
378.500000	0	0.072331	0.004344	0.676884	0.042140
378.500000	1	1.208998	0.346287	2.201392	0.280652
378.750000	0	0.070753	0.018125	0.494622	0.036587
378.750000	1	1.190591	0.259919	2.037519	0.264244
379.000000	0	0.071416	0.013739	0.880765	0.043130
379.000000	1	1.267715	0.461127	2.471118	0.334036
379.250000	0	0.071203	0.007311	0.257994	0.032074
379.250000	1	1.278097	0.336309	3.758486	0.434512
379.500000	0	0.070162	0.005615	0.424631	0.033350
379.500000	1	1.246223	0.425403	2.573387	0.318745
379.750000	0	0.072081	0.001606	0.455129	0.042140
379.750000	1	1.263240	0.329089	2.349256	0.258342
380.000000	0	0.071241	0.002925	0.576090	0.039737
380.000000	1	1.235757	0.418605	2.451076	0.271918
380.250000	0	0.071066	0.010298	0.841044	0.044966
380.250000	1	1.240178	0.446859	2.166328	0.223750
380.500000	0	0.070940	0.002799	0.298011	0.035667
380.500000	1	1.274703	0.403311	2.768998	0.347113
380.750000	0	0.071067	0.011826	0.334719	0.035423
380.750000	1	1.245688	0.225150	2.930799	0.328857
381.000000	0	0.071097	0.007472	0.292480	0.031245
381.000000	1	1.269137	0.453527	2.644186	0.298531
381.250000	0	0.070072	0.003569	0.334021	0.032044
381.250000	1	1.240971	0.435074	1.910805	0.250849
381.500000	0	0.071526	0.006872	0.744441	0.046765
381.500000	1	1.275859	0.318831	4.555523	0.479651
381.750000	0	0.068989	0.002719	0.431202	0.036066
381.750000	1	1.249123	0.289275	2.610693	0.320164
382.000000	0	0.070919	0.006828	0.392275	0.037022
382.000000	1	1.219052	0.761982	1.896156	0.183765
382.250000	0	0.070949	0.004795	0.337740	0.033443
382.250000	1	1.220331	0.225732	2.362910	0.278418
382.500000	0	0.072013	0.001742	0.515550	0.041736
382.500000	1	1.287119	0.299456	5.234134	0.496390
382.750000	0	0.070504	0.001833	0.364115	0.036302
382.750000	1	1.285873	0.551200	4.291397	0.429148
383.000000	0	0.069445	0.009731	0.405766	0.033765
383.000000	1	1.253991	0.533034	1.938072	0.191398
383.250000	0	0.069679	0.008622	0.245748	0.029184
383.250000	1	1.229682	0.300566	2.919260	0.292988
383.500000	0	0.071274	0.002861	0.908814	0.045180
383.500000	1	1.232635	0.244260	2.749581	0.321562
383.750000	0	0.070570	0.007657	0.424854	0.036181
383.750000	1	1.260975	0.494627	2.193350	0.242282
384.000000	0	0.069929	0.007166	0.497295	0.037633
384.000000	1	1.238569	0.352978	2.156818	0.233833
384.250000	0	0.070348	0.004395	0.340841	0.033375
384.250000	1	1.256802	0.407964	2.325920	0.274889
384.500000	0	0.069584	0.012792	0.383857	0.031578
384.500000	1	1.303120	0.476052	3.004895	0.350180
384.750000	0	0.070148	0.010326	0.272910	0.031698
384.750000	1	1.262522	0.538871	2.465642	0.301120
385.000000	0	0.072215	0.005080	0.381418	0.036359
385.000000	1	1.208008	0.462885	2.681003	0.293672
385.250000	0	0.070056	0.002841	0.653926	0.038401
385.250000	1	1.249800	0.370599	2.182774	0.318051
385.500000	0	0.073249	0.012834	0.463479	0.040945
385.500000	1	1.253728	0.313732	2.604537	0.357598
385.750000	0	0.072459	0.005434	0.504758	0.043288
385.750000	1	1.244320	0.760423	1.992540	0.212598
386.000000	0	0.070470	0.009648	0.338100	0.033491
386.000000	1	1.191616	0.214430	2.080897	0.282365
386.250000	0	0.073405	0.004853	0.648556	0.040877
386.250000	1	1.233027	0.608614	2.282793	0.235317
386.500000	0	0.074011	0.008606	0.630215	0.046441
386.500000	1	1.318274	0.683754	2.647854	0.338153
386.750000	0	0.067556	0.006407	0.308840	0.028901
386.750000	1	1.210552	0.502231	2.177619	0.254987
387.000000	0	0.070104	0.005263	0.315890	0.030688
387.000000	1	1.217896	0.275802	2.292158	0.295595
387.250000	0	0.069669	0.004213	0.302950	0.032914
387.250000	1	1.233994	0.615991	1.784016	0.218978
387.500000	0	0.072062	0.008558	0.563369	0.042860
387.500000	1	1.246726	0.569737	2.070158	0.279601
387.750000	0	0.072670	0.004195	0.753419	0.050059
387.750000	1	1.243054	0.461282	2.479493	0.310847
388.000000	0	0.068217	0.007257	0.253531	0.029146
388.000000	1	1.248753	0.576424	3.039022	0.315894
388.250000	0	0.069590	0.005597	0.316379	0.033461
388.250000	1	1.257040	0.531611	3.057547	0.277771
388.500000	0	0.071409	0.002462	0.332999	0.034251
388.500000	1	1.306446	0.453228	2.428427	0.299387
388.750000	0	0.069913	0.010109	0.271081	0.031573
388.750000	1	1.236638	0.741908	1.910191	0.189873
389.000000	0	0.071346	0.002222	0.255585	0.030904
389.000000	1	1.250962	0.377257	2.629160	0.290966
389.250000	0	0.071035	0.001918	0.375233	0.036162
389.250000	1	1.230817	0.485298	2.175032	0.246113
389.500000	0	0.071639	0.008066	0.536484	0.039958
389.500000	1	1.257338	0.149804	2.941009	0.387915
389.750000	0	0.071572	0.007020	0.790383	0.044401
389.750000	1	1.193089	0.302073	2.735718	0.296085
390.000000	0	0.072117	0.006113	0.338077	0.038309
390.000000	1	1.207716	0.316981	2.147758	0.274313
390.250000	0	0.072049	0.004804	0.302228	0.036036
390.250000	1	1.259918	0.349800	2.033031	0.262457
390.500000	0	0.069146	0.002313	0.419390	0.035824
390.500000	1	1.222470	0.464745	2.171583	0.239631
390.750000	0	0.072800	0.003295	1.188750	0.055949
390.750000	1	1.303236	0.373449	2.233113	0.281089
391.000000	0	0.070589	0.010486	0.260363	0.033438
391.000000	1	1.223735	0.086498	2.364824	0.298459
391.250000	0	0.070539	0.006153	0.414732	0.038428
391.250000	1	1.239366	0.267715	2.248990	0.296595
391.500000	0	0.069953	0.010926	0.373553	0.030826
391.500000	1	1.261769	0.372302	2.252620	0.259878
391.750000	0	0.069433	0.008783	0.460393	0.032890
391.750000	1	1.151672	0.203586	1.845119	0.236364
392.000000	0	0.069707	0.003410	0.335269	0.031688
392.000000	1	1.189854	0.385421	2.282736	0.295436
392.250000	0	0.070448	0.002232	0.442232	0.035597
392.250000	1	1.256023	0.370333	2.401252	0.287120
392.500000	0	0.071817	0.004919	0.569600	0.040441
392.500000	1	1.254921	0.487381	2.248964	0.311976
392.750000	0	0.070442	0.007622	0.450773	0.036414
392.750000	1	1.242720	0.407029	2.402642	0.285861
393.000000	0	0.071839	0.002947	0.758479	0.046063
393.000000	1	1.266907	0.381983	2.182814	0.305619
393.250000	0	0.072825	0.000346	0.421836	0.042155
393.250000	1	1.227027	0.322717	2.058483	0.258785
393.500000	0	0.072061	0.002222	0.469625	0.040647
393.500000	1	1.215825	0.066897	1.850386	0.232266
393.750000	0	0.070306	0.005768	0.754522	0.042710
393.750000	1	1.281019	0.375740	2.348609	0.314181
394.000000	0	0.073566	0.005891	0.610105	0.043973
394.000000	1	1.229228	0.583877	2.429629	0.253995
394.250000	0	0.073400	0.007858	0.743725	0.052867
394.250000	1	1.218935	0.296583	2.404084	0.256759
394.500000	0	0.069908	0.006544	0.292807	0.034336
394.500000	1	1.204908	0.731964	2.394872	0.248575
394.750000	0	0.071846	0.006212	0.277171	0.033076
394.750000	1	1.306152	0.631341	2.466709	0.297787
395.000000	0	0.070421	0.003906	0.300851	0.033639
395.000000	1	1.246572	0.172239	2.407096	0.318934
395.250000	0	0.071604	0.004588	0.336791	0.034240
395.250000	1	1.268017	0.454860	3.650755	0.345918
395.500000	0	0.069922	0.007044	0.403341	0.037828
395.500000	1	1.275185	0.353165	3.130699	0.328885
395.750000	0	0.070589	0.005931	0.489309	0.036528
395.750000	1	1.260314	0.775568	2.624398	0.267567
396.000000	0	0.072163	0.001952	0.625761	0.046194
396.000000	1	1.278850	0.563646	2.459793	0.300342
396.250000	0	0.071140	0.004623	0.437899	0.036662
396.250000	1	1.237276	0.557897	2.471859	0.234769
396.500000	0	0.070421	0.005652	0.485901	0.037166
396.500000	1	1.267345	0.299578	2.549697	0.310232
396.750000	0	0.073461	0.008847	0.841746	0.045341
396.750000	1	1.216564	0.160082	2.541033	0.308260
397.000000	0	0.071401	0.007364	0.530905	0.043347
397.000000	1	1.257432	0.340851	2.259039	0.298022
397.250000	0	0.072434	0.008562	0.554724	0.042910
397.250000	1	1.234113	0.446794	2.283448	0.261480
397.500000	0	0.070960	0.012043	0.626830	0.039069
397.500000	1	1.192638	0.413832	1.872722	0.258617
397.750000	0	0.070522	0.003086	0.462690	0.037505
397.750000	1	1.275161	0.431879	2.526967	0.313686
398.000000	0	0.070830	0.004047	0.299663	0.033902
398.000000	1	1.211742	0.211976	2.828430	0.305322
398.250000	0	0.070824	0.005135	0.430255	0.037223
398.250000	1	1.200356	0.212633	1.937410	0.278665
398.500000	0	0.067777	0.006423	0.248730	0.027510
398.500000	1	1.312625	0.581614	2.895716	0.335540
398.750000	0	0.070371	0.005495	0.257173	0.030042
398.750000	1	1.201386	0.223201	2.149625	0.226330
399.000000	0	0.069859	0.010010	0.520452	0.036261
399.000000	1	1.224815	0.114152	2.407887	0.325381
399.250000	0	0.072609	0.011941	0.576246	0.042370
399.250000	1	1.345754	0.672308	2.698690	0.329860
399.500000	0	0.070284	0.008539	0.477685	0.036322
399.500000	1	1.243912	0.140451	1.986293	0.238403
399.750000	0	0.072332	0.004009	0.319625	0.036477
399.750000	1	1.241636	0.547140	2.439544	0.247471
400.000000	0	0.076449	0.009978	0.934711	0.057747
400.000000	1	1.247674	0.299506	2.104472	0.291222
400.250000	0	0.070879	0.004293	0.462250	0.035976
400.250000	1	1.246748	0.228513	2.283415	0.310019
400.500000	0	0.070069	0.004101	0.288560	0.033924
400.500000	1	1.235469	0.382751	2.216140	0.253982
400.750000	0	0.071608	0.005579	0.404399	0.035930
400.750000	1	1.233684	0.390272	2.719110	0.319613
401.000000	0	0.070247	0.008163	0.422120	0.036209
401.000000	1	1.238608	0.412464	2.197423	0.229100
401.250000	0	0.070706	0.006302	0.396197	0.036402
401.250000	1	1.222455	0.233398	2.350942	0.257717
401.500000	0	0.072776	0.007415	0.430478	0.036748
401.500000	1	1.193694	0.130192	1.911944	0.264748
401.750000	0	0.070793	0.007592	0.477889	0.038549
401.750000	1	1.264188	0.448340	3.230808	0.357743
402.000000	0	0.071279	0.002732	0.843287	0.046565
402.000000	1	1.256414	0.591976	2.129214	0.257387
402.250000	0	0.069160	0.002906	0.425076	0.035530
402.250000	1	1.237279	0.561923	2.111771	0.229706
402.500000	0	0.071082	0.009272	0.514475	0.038057
402.500000	1	1.201961	0.173212	1.812865	0.229738
402.750000	0	0.071506	0.004883	0.635056	0.042501
402.750000	1	1.244065	0.691289	2.222345	0.224049
403.000000	0	0.071163	0.005503	0.272774	0.033530
403.000000	1	1.212291	0.429870	1.968627	0.233253
403.250000	0	0.070593	0.003392	0.342942	0.037185
403.250000	1	1.227622	0.520404	2.306221	0.251377
403.500000	0	0.075155	0.006634	0.514604	0.044783
403.500000	1	1.240202	0.582942	2.299793	0.266424
403.750000	0	0.075548	0.009260	0.458588	0.044854
403.750000	1	1.265915	0.355546	2.256540	0.296680
404.000000	0	0.071615	0.008278	0.520227	0.040546
404.000000	1	1.325842	0.040519	5.219554	0.536022
404.250000	0	0.071898	0.009195	0.599864	0.040827
404.250000	1	1.222238	0.159696	2.032838	0.246403
404.500000	0	0.070895	0.009752	0.424451	0.034091
404.500000	1	1.188583	0.463366	2.544577	0.280297
404.750000	0	0.071367	0.008100	0.366759	0.037471
404.750000	1	1.261163	0.258784	2.725810	0.336837
405.000000	0	0.070845	0.007692	0.353083	0.035276
405.000000	1	1.245646	0.335300	2.408176	0.297981
405.250000	0	0.073983	0.009664	0.664001	0.049321
405.250000	1	1.266324	0.371767	2.455135	0.303245
405.500000	0	0.068985	0.003471	0.319560	0.031405
405.500000	1	1.199738	0.251541	2.062862	0.262790
405.750000	0	0.072167	0.009972	0.650222	0.040623
405.750000	1	1.267424	0.275100	2.518681	0.281584
406.000000	0	0.072071	0.002089	0.396548	0.040345
406.000000	1	1.226068	0.066757	2.170099	0.281812
406.250000	0	0.073219	0.004873	0.898251	0.051734
406.250000	1	1.219521	0.427418	2.186563	0.282165
406.500000	0	0.073049	0.007746	0.538538	0.042184
406.500000	1	1.226340	0.234348	2.333736	0.283032
406.750000	0	0.075671	0.000445	0.639932	0.051457
406.750000	1	1.265765	0.210278	2.501067	0.267661
407.000000	0	0.071161	0.005598	0.507441	0.038984
407.000000	1	1.226687	0.420272	2.468342	0.291458
407.250000	0	0.073879	0.000448	0.513377	0.043049
407.250000	1	1.238510	0.262040	2.958555	0.322926
407.500000	0	0.071712	0.004835	0.457286	0.039552
407.500000	1	1.247884	0.733069	2.376085	0.288836
407.750000	0	0.072264	0.002009	0.777930	0.048547
407.750000	1	1.220651	0.591346	1.942682	0.216052
408.000000	0	0.069882	0.012141	0.292898	0.032043
408.000000	1	1.221206	0.440000	2.379953	0.286502
408.250000	0	0.072940	0.003958	0.647617	0.045441
408.250000	1	1.286939	0.551844	3.743163	0.394565
408.500000	0	0.073476	0.007728	0.568598	0.045283
408.500000	1	1.219496	0.307731	2.287273	0.309373
408.750000	0	0.072539	0.009999	0.367910	0.039391
408.750000	1	1.264072	0.679102	2.591182	0.273698
409.000000	0	0.073233	0.004364	0.555408	0.043747
409.000000	1	1.235375	0.203539	2.258010	0.285755
409.250000	0	0.070203	0.004679	0.235847	0.031080
409.250000	1	1.298500	0.596121	3.115906	0.335917
409.500000	0	0.072677	0.007963	0.551733	0.041317
409.500000	1	1.255953	0.448766	2.301753	0.278466
409.750000	0	0.072687	0.016879	0.592420	0.041824
409.750000	1	1.216733	0.404383	2.172405	0.282369
410.000000	0	0.071667	0.002917	0.653958	0.041517
410.000000	1	1.178781	0.457930	1.910981	0.224773
410.250000	0	0.073398	0.002015	0.886357	0.055289
410.250000	1	1.299124	0.265037	3.395051	0.413089
410.500000	0	0.074967	0.009286	0.643142	0.047761
410.500000	1	1.221817	0.554101	2.028640	0.261981
410.750000	0	0.075282	0.005937	0.625401	0.049498
410.750000	1	1.215846	0.350907	2.448126	0.317120
411.000000	0	0.074842	0.003572	0.602708	0.047860
411.000000	1	1.234761	0.388067	2.497020	0.276301
411.250000	0	0.073894	0.004857	0.720186	0.042762
411.250000	1	1.268673	0.441593	2.380124	0.299707
411.500000	0	0.072546	0.004552	0.473627	0.042296
411.500000	1	1.264074	0.710247	2.777629	0.306184
411.750000	0	0.075306	0.009048	0.698720	0.047851
411.750000	1	1.235403	0.441406	2.757382	0.342762
412.000000	0	0.078941	0.009294	0.975879	0.069814
412.000000	1	1.238344	0.573452	2.265906	0.271571
412.250000	0	0.072976	0.011958	0.384905	0.040257
412.250000	1	1.209434	0.054272	2.182992	0.313563
412.500000	0	0.072117	0.003817	0.426917	0.036898
412.500000	1	1.302930	0.322854	3.836986	0.421757
412.750000	0	0.074036	0.004518	0.622467	0.049059
412.750000	1	1.229383	0.324478	2.035268	0.269864
413.000000	0	0.070463	0.004080	0.516966	0.038527
413.000000	1	1.222215	0.341862	2.307587	0.295033
413.250000	0	0.074292	0.009842	0.614922	0.050964
413.250000	1	1.228861	0.361964	2.131131	0.280373
413.500000	0	0.075109	0.010648	0.432671	0.040222
413.500000	1	1.254491	0.631882	2.528015	0.289785
413.750000	0	0.071923	0.003667	0.511411	0.042459
413.750000	1	1.286149	0.392290	4.246243	0.423003
414.000000	0	0.072986	0.004569	0.558746	0.045802
414.000000	1	1.264815	0.455186	2.441080	0.331715
414.250000	0	0.072876	0.002613	0.382674	0.038703
414.250000	1	1.221787	0.610317	2.062930	0.235794
414.500000	0	0.071779	0.003778	0.627979	0.038149
414.500000	1	1.234675	0.666686	2.771658	0.303305
414.750000	0	0.076288	0.003764	0.909513	0.059101
414.750000	1	1.269544	0.258723	2.484754	0.291792
415.000000	0	0.072547	0.007853	0.387804	0.039984
415.000000	1	1.260361	0.584874	2.200404	0.219539
415.250000	0	0.068065	0.008562	0.278297	0.030130
415.250000	1	1.242238	0.243973	6.124034	0.529043
415.500000	0	0.072932	0.012020	1.878374	0.077178
415.500000	1	1.255214	0.299536	2.202215	0.322910
415.750000	0	0.071631	0.013515	0.409982	0.037036
415.750000	1	1.273574	0.396728	2.332334	0.262678
416.000000	0	0.071710	0.002360	0.451533	0.036941
416.000000	1	1.225433	0.094886	2.023963	0.274168
416.250000	0	0.070321	0.008163	0.383816	0.031662
416.250000	1	1.210359	0.454693	2.417507	0.286304
416.500000	0	0.071261	0.003169	0.470467	0.041977
416.500000	1	1.247022	0.522206	2.248640	0.264630
416.750000	0	0.071531	0.002696	0.309303	0.035106
416.750000	1	1.206067	0.360359	2.508736	0.247575
417.000000	0	0.073690	0.003692	0.676979	0.043467
417.000000	1	1.217133	0.520606	2.547740	0.323236
417.250000	0	0.074048	0.013296	0.771712	0.047618
417.250000	1	1.224413	0.318083	2.529205	0.299635
417.500000	0	0.071191	0.005395	0.443393	0.038916
417.500000	1	1.206701	0.591338	2.119582	0.241598
417.750000	0	0.075606	0.017527	0.861988	0.056369
417.750000	1	1.236606	0.393824	2.442122	0.261537
418.000000	0	0.076272	0.004129	0.844089	0.055743
418.000000	1	1.251098	0.391677	2.890666	0.321848
418.250000	0	0.075857	0.004846	0.475214	0.046163
418.250000	1	1.277519	0.467314	3.655155	0.382099
418.500000	0	0.073106	0.006718	0.449526	0.040313
418.500000	1	1.255783	0.785787	2.005548	0.231487
418.750000	0	0.072993	0.007455	0.490003	0.043384
418.750000	1	1.225142	0.637141	2.143078	0.204450
419.000000	0	0.075156	0.006734	0.550953	0.047351
419.000000	1	1.231218	0.111378	2.687262	0.303340
419.250000	0	0.072837	0.000725	0.443328	0.044430
419.250000	1	1.183611	0.210013	2.137284	0.271554
419.500000	0	0.074751	0.002381	0.446188	0.047490
419.500000	1	1.291862	0.383259	2.588378	0.309895
419.750000	0	0.070497	0.014662	0.571657	0.038689
419.750000	1	1.184054	0.264071	1.981665	0.238087
420.000000	0	0.069421	0.007815	0.258330	0.032055
420.000000	1	1.242197	0.606621	2.696229	0.319200
420.250000	0	0.073393	0.003870	0.493400	0.040617
420.250000	1	1.225600	0.578882	2.291942	0.245737
420.500000	0	0.075561	0.003934	0.515089	0.048455
420.500000	1	1.187488	0.311373	2.375479	0.279881
420.750000	0	0.074461	0.003172	0.460956	0.046872
420.750000	1	1.220328	0.585152	2.160500	0.304396
421.000000	0	0.075320	0.010595	0.640606	0.054542
421.000000	1	1.204115	0.101176	2.338608	0.315939
421.250000	0	0.074462	0.008981	0.628994	0.050723
421.250000	1	1.268284	0.264024	3.448821	0.446231
421.500000	0	0.072831	0.005216	0.505815	0.041491
421.500000	1	1.237029	0.541854	2.263581	0.252876
421.750000	0	0.072698	0.007863	0.390703	0.038399
421.750000	1	1.307065	0.571393	4.854909	0.545953
422.000000	0	0.071930	0.007905	0.422128	0.038934
422.000000	1	1.208967	0.096859	2.090363	0.289966
422.250000	0	0.073091	0.006400	0.643585	0.046325
422.250000	1	1.226122	0.354586	2.451268	0.342025
422.500000	0	0.070388	0.011923	0.365720	0.033298
422.500000	1	1.261611	0.604784	2.376450	0.269509
422.750000	0	0.071001	0.005089	0.254634	0.032370
422.750000	1	1.294989	0.662000	4.434664	0.408599
423.000000	0	0.073156	0.012262	0.489762	0.044370
423.000000	1	1.266101	0.515147	2.706844	0.267762
423.250000	0	0.071234	0.006050	0.329623	0.033245
423.250000	1	1.228726	0.723477	2.009043	0.212585
423.500000	0	0.072473	0.006179	0.469057	0.039751
423.500000	1	1.244590	0.470591	2.141877	0.297340
423.750000	0	0.071824	0.003596	0.413498	0.040438
423.750000	1	1.213555	0.264967	2.162416	0.286297
424.000000	0	0.072406	0.009726	0.484035	0.041899
424.000000	1	1.232728	0.336634	1.822617	0.238145
424.250000	0	0.074633	0.009171	0.651641	0.046981
424.250000	1	1.261500	0.469588	2.955272	0.307174
424.500000	0	0.072662	0.010941	0.432591	0.039783
424.500000	1	1.242225	0.225059	2.633288	0.272461
424.750000	0	0.074005	0.004369	0.511599	0.045648
424.750000	1	1.244855	0.626269	2.766212	0.318819
425.000000	0	0.074226	0.004619	0.413101	0.041507
425.000000	1	1.283667	0.396455	2.583999	0.333595
425.250000	0	0.073640	0.018009	0.559210	0.043762
425.250000	1	1.242795	0.442924	3.677656	0.292135
425.500000	0	0.071630	0.005133	0.386231	0.037469
425.500000	1	1.219394	0.480510	2.337585	0.261557
425.750000	0	0.071797	0.002003	0.529394	0.038823
425.750000	1	1.238175	0.399662	2.250401	0.259240
426.000000	0	0.072145	0.006253	0.598391	0.041371
426.000000	1	1.214477	0.687889	1.837509	0.241876
426.250000	0	0.073347	0.004556	0.756454	0.053105
426.250000	1	1.220624	0.326175	2.326878	0.284260
426.500000	0	0.071350	0.001195	0.386200	0.038060
426.500000	1	1.231888	0.523234	2.015372	0.254003
426.750000	0	0.073246	0.010471	0.486689	0.043553
426.750000	1	1.231732	0.482471	2.149764	0.237242
427.000000	0	0.071102	0.005098	0.363729	0.035849
427.000000	1	1.279181	0.542254	2.392056	0.291523
427.250000	0	0.070676	0.002460	0.424307	0.037013
427.250000	1	1.254450	0.184089	2.549782	0.290451
427.500000	0	0.071625	0.010928	0.561096	0.043088
427.500000	1	1.211885	0.240661	2.031021	0.243760
427.750000	0	0.069461	0.005206	0.240072	0.029609
427.750000	1	1.208961	0.625568	2.048890	0.224693
428.000000	0	0.071448	0.004425	0.341517	0.038570
428.000000	1	1.232853	0.035242	2.410328	0.298142
428.250000	0	0.075652	0.013038	0.639672	0.046384
428.250000	1	1.200862	0.415694	2.406578	0.287144
428.500000	0	0.073290	0.001605	0.657754	0.044816
428.500000	1	1.267446	0.646416	2.257595	0.275990
428.750000	0	0.070505	0.008779	0.477926	0.038878
428.750000	1	1.235104	0.253704	3.093351	0.331647
429.000000	0	0.072482	0.011795	0.421722	0.037442
429.000000	1	1.230247	0.607792	2.038957	0.256274
429.250000	0	0.071683	0.004609	0.330842	0.035945
429.250000	1	1.253191	0.653994	2.235927	0.245885
429.500000	0	0.073841	0.011852	0.660490	0.047722
429.500000	1	1.249913	0.208346	2.202202	0.288147
429.750000	0	0.071565	0.007851	0.720750	0.038993
429.750000	1	1.324405	0.439972	3.027083	0.351771
430.000000	0	0.070336	0.004932	0.398820	0.035007
430.000000	1	1.202896	0.067900	2.261762	0.276598
430.250000	0	0.072481	0.008797	0.595446	0.043513
430.250000	1	1.235230	0.562567	1.975142	0.247056
430.500000	0	0.074211	0.001185	0.599014	0.049920
430.500000	1	1.279023	0.722508	2.310715	0.234741
430.750000	0	0.072657	0.002972	0.644158	0.043443
430.750000	1	1.229670	0.481943	2.224581	0.297664
431.000000	0	0.071420	0.003358	0.331444	0.034698
431.000000	1	1.250820	0.553062	2.293743	0.265646
431.250000	0	0.071835	0.007628	0.775578	0.044538
431.250000	1	1.185420	0.170972	2.408354	0.293638
431.500000	0	0.073705	0.012265	0.509281	0.040754
431.500000	1	1.399113	0.445140	6.939276	0.744706
431.750000	0	0.071755	0.007119	0.498247	0.041586
431.750000	1	1.181803	0.185740	2.014544	0.280813
432.000000	0	0.073079	0.009914	1.057649	0.053303
432.000000	1	1.223126	0.357123	2.289234	0.303459
432.250000	0	0.074427	0.005495	0.372760	0.040470
432.250000	1	1.189124	0.169453	1.991842	0.258297
432.500000	0	0.071503	0.009046	0.462847	0.036212
432.500000	1	1.314854	0.492681	6.978688	0.703239
432.750000	0	0.075955	0.004502	0.923678	0.060658
432.750000	1	1.246916	0.306132	2.395071	0.296357
433.000000	0	0.071541	0.002558	0.426454	0.039606
433.000000	1	1.242438	0.332334	2.023180	0.254562
433.250000	0	0.070693	0.006223	0.400779	0.035573
433.250000	1	1.249679	0.278939	1.927888	0.241628
433.500000	0	0.072587	0.008393	0.344459	0.037084
433.500000	1	1.244859	0.722006	2.946161	0.284352
433.750000	0	0.069874	0.011625	0.365407	0.032128
433.750000	1	1.216047	0.598178	2.164327	0.279581
434.000000	0	0.071715	0.002469	0.455357	0.037671
434.000000	1	1.253918	0.033852	2.786405	0.356393
434.250000	0	0.069724	0.001698	0.319972	0.032882
434.250000	1	1.252310	0.668427	2.613443	0.266855
434.500000	0	0.070358	0.003994	0.263294	0.031282
434.500000	1	1.255855	0.566879	2.027458	0.253339
434.750000	0	0.070796	0.012388	0.392341	0.035798
434.750000	1	1.217351	0.449126	2.108579	0.238895
435.000000	0	0.069138	0.008317	0.469650	0.033802
435.000000	1	1.230817	0.432838	2.208829	0.253562
435.250000	0	0.069023	0.003339	0.366267	0.032886
435.250000	1	1.228688	0.213168	2.282797	0.259283
435.500000	0	0.071856	0.007146	0.425792	0.038129
435.500000	1	1.229467	0.646813	2.418758	0.249812
435.750000	0	0.071376	0.004245	0.442739	0.038346
435.750000	1	1.217342	0.175722	2.501145	0.317965
436.000000	0	0.071642	0.004819	0.597235	0.038720
436.000000	1	1.287372	0.374999	2.376257	0.309731
436.250000	0	0.069856	0.004020	0.316755	0.033156
436.250000	1	1.204785	0.083243	2.258499	0.251167
436.500000	0	0.072181	0.004143	0.857567	0.045996
436.500000	1	1.252590	0.621489	1.970936	0.258042
436.750000	0	0.073105	0.006512	0.568875	0.041868
436.750000	1	1.246224	0.326173	2.399597	0.297235
437.000000	0	0.069076	0.008103	0.503193	0.033892
437.000000	1	1.219631	0.442500	2.288404	0.268398
437.250000	0	0.073200	0.008840	0.663766	0.042227
437.250000	1	1.285137	0.222048	2.479018	0.318468
437.500000	0	0.073404	0.007924	0.413240	0.038197
437.500000	1	1.233774	0.395181	2.165493	0.280067
437.750000	0	0.072577	0.011606	0.541316	0.045832
437.750000	1	1.254404	0.320217	2.127193	0.254469
438.000000	0	0.070175	0.018187	0.334366	0.032608
438.000000	1	1.276104	0.606931	2.040069	0.252114
438.250000	0	0.070051	0.004415	0.356792	0.033552
438.250000	1	1.236375	0.101562	2.083246	0.257106
438.500000	0	0.072963	0.002437	0.665658	0.047245
438.500000	1	1.259407	0.330586	2.185335	0.289331
438.750000	0	0.068819	0.008465	0.422717	0.033325
438.750000	1	1.222772	0.555597	2.207622	0.210471
439.000000	0	0.070160	0.003777	0.460906	0.033442
439.000000	1	1.262468	0.198800	2.864554	0.356958
439.250000	0	0.068869	0.005189	0.307246	0.030720
439.250000	1	1.230779	0.470002	2.286740	0.281277
439.500000	0	0.071330	0.007146	0.445837	0.036972
439.500000	1	1.278627	0.665364	2.858443	0.294212
439.750000	0	0.070612	0.005204	0.403368	0.037726
439.750000	1	1.261750	0.362934	2.623524	0.360142
440.000000	0	0.070837	0.016986	0.633626	0.038993
440.000000	1	1.237495	0.465089	2.252631	0.257546
440.250000	0	0.072241	0.005929	0.574162	0.045582
440.250000	1	1.283108	0.331966	3.255068	0.382091
440.500000	0	0.074787	0.003686	0.788505	0.057080
440.500000	1	1.231702	0.362012	2.813246	0.336340
440.750000	0	0.070110	0.007431	0.354596	0.033970
440.750000	1	1.229836	0.338328	2.685277	0.311239
441.000000	0	0.072390	0.009250	0.635967	0.044951
441.000000	1	1.244767	0.583079	2.106228	0.258687
441.250000	0	0.069133	0.004560	0.322418	0.034315
441.250000	1	1.236789	0.317735	2.305405	0.262193
441.500000	0	0.069105	0.003654	0.450222	0.036286
441.500000	1	1.227141	0.513065	2.110705	0.259504
441.750000	0	0.070405	0.006986	0.361098	0.035268
441.750000	1	1.209326	0.546956	2.498173	0.243966
442.000000	0	0.072254	0.004307	0.368130	0.036031
442.000000	1	1.288563	0.653261	2.735308	0.263531
442.250000	0	0.070819	0.007553	0.397598	0.035557
442.250000	1	1.256586	0.595324	2.890921	0.296389
442.500000	0	0.070998	0.004429	0.378787	0.035873
442.500000	1	1.175668	0.254345	2.001367	0.233647
442.750000	0	0.070827	0.008490	0.518424	0.038151
442.750000	1	1.257332	0.332297	1.979426	0.290750
443.000000	0	0.072113	0.008840	0.519530	0.041649
443.000000	1	1.254154	0.532846	2.280461	0.269730
443.250000	0	0.070329	0.009661	0.564632	0.039024
443.250000	1	1.240611	0.239672	2.402701	0.258370
443.500000	0	0.069225	0.010208	0.449246	0.033878
443.500000	1	1.279497	0.734668	2.880091	0.318040
443.750000	0	0.071501	0.008033	0.280526	0.032255
443.750000	1	1.259527	0.305466	4.672908	0.412739
444.000000	0	0.070734	0.009979	0.337384	0.031640
444.000000	1	1.220846	0.475212	2.398150	0.253567
444.250000	0	0.069211	0.003666	0.236103	0.029598
444.250000	1	1.279695	0.575579	3.610527	0.399813
444.500000	0	0.070723	0.004714	0.782089	0.043269
444.500000	1	1.189057	0.260714	2.036465	0.311217
444.750000	0	0.070308	0.006678	0.779889	0.042571
444.750000	1	1.284111	0.386630	3.386346	0.382393
445.000000	0	0.070172	0.001357	0.292911	0.029844
445.000000	1	1.236363	0.466063	2.035128	0.199536
445.250000	0	0.069774	0.011622	0.469133	0.033741
445.250000	1	1.330646	0.525521	4.339229	0.513838
445.500000	0	0.069822	0.005585	0.328338	0.034285
445.500000	1	1.265614	0.686512	2.346007	0.275021
445.750000	0	0.069976	0.006874	0.316578	0.032850
445.750000	1	1.267568	0.747255	2.903336	0.294864
446.000000	0	0.072548	0.003182	0.575561	0.043303
446.000000	1	1.195615	0.431203	2.132787	0.260444
446.250000	0	0.069897	0.005538	0.256563	0.033018
446.250000	1	1.248442	0.507368	2.327310	0.297300
446.500000	0	0.072827	0.006920	0.696872	0.049170
446.500000	1	1.230522	0.363578	2.313860	0.257960
446.750000	0	0.070505	0.006128	0.576269	0.039852
446.750000	1	1.243827	0.190801	2.193108	0.292014
447.000000	0	0.073906	0.004652	0.430663	0.042586
447.000000	1	1.251457	0.254166	2.143624	0.293806
447.250000	0	0.071253	0.010693	1.134821	0.051661
447.250000	1	1.205535	0.493799	1.830821	0.223333
447.500000	0	0.071909	0.003634	0.492505	0.041615
447.500000	1	1.228542	0.568677	1.994933	0.239836
447.750000	0	0.071587	0.005841	0.316377	0.033973
447.750000	1	1.260037	0.250636	3.123649	0.356698
448.000000	0	0.073951	0.005376	0.681852	0.050237
448.000000	1	1.233628	0.242001	2.160535	0.285360
448.250000	0	0.073909	0.007195	0.484112	0.044556
448.250000	1	1.236848	0.385403	2.341129	0.295630
448.500000	0	0.073668	0.004907	0.567509	0.046373
448.500000	1	1.217652	0.316346	2.120357	0.276771
448.750000	0	0.072035	0.009222	0.504939	0.043838
448.750000	1	1.243447	0.190096	2.546457	0.263514
449.000000	0	0.070685	0.007471	0.475670	0.038866
449.000000	1	1.229806	0.499640	2.208121	0.283344
449.250000	0	0.070418	0.007099	0.651471	0.038490
449.250000	1	1.256444	0.323850	2.318844	0.338532
449.500000	0	0.074344	0.006253	0.841094	0.051817
449.500000	1	1.252847	0.396490	2.396217	0.275531
449.750000	0	0.073430	0.006376	1.183653	0.058887
449.750000	1	1.259429	0.294843	2.780544	0.288361
450.000000	0	0.070947	0.010162	0.630187	0.041284
450.000000	1	1.220893	0.577155	2.461076	0.286270
450.250000	0	0.074109	0.006288	0.777251	0.047231
450.250000	1	1.199506	0.438633	1.754471	0.230095
450.500000	0	0.072738	0.001738	0.762491	0.046747
450.500000	1	1.286312	0.697149	3.677149	0.402252
450.750000	0	0.073069	0.007907	0.413652	0.038035
450.750000	1	1.212224	0.447712	2.051490	0.274591
451.000000	0	0.074162	0.004065	0.481491	0.041094
451.000000	1	1.266921	0.192131	3.157423	0.404475
451.250000	0	0.072058	0.011630	0.651706	0.044572
451.250000	1	1.218274	0.436985	2.243525	0.259518
451.500000	0	0.070050	0.005363	0.498063	0.035845
451.500000	1	1.240498	0.185495	3.080369	0.335881
451.750000	0	0.073023	0.005970	0.459022	0.039368
451.750000	1	1.258570	0.496113	2.096313	0.238879
452.000000	0	0.072045	0.005446	0.788612	0.046548
452.000000	1	1.245039	0.660201	2.761773	0.284560
452.250000	0	0.071041	0.004368	0.613754	0.042992
452.250000	1	1.292547	0.585775	4.662618	0.438881
452.500000	0	0.070236	0.005088	0.380479	0.038232
452.500000	1	1.259312	0.724773	2.043154	0.225694
452.750000	0	0.072355	0.009695	0.449800	0.037764
452.750000	1	1.213593	0.562907	2.391508	0.254410
453.000000	0	0.071507	0.004822	0.351185	0.035597
453.000000	1	1.246506	0.628319	2.413933	0.247612
453.250000	0	0.075385	0.007507	0.630560	0.045052
453.250000	1	1.203547	0.219228	2.077208	0.261001
453.500000	0	0.072472	0.002252	0.404997	0.040715
453.500000	1	1.238122	0.641001	2.264234	0.236999
453.750000	0	0.072636	0.006909	0.578479	0.043739
453.750000	1	1.224144	0.119807	2.618682	0.326882
454.000000	0	0.073249	0.003155	0.871149	0.046626
454.000000	1	1.241280	0.326739	2.301521	0.326413
454.250000	0	0.068148	0.002047	0.355367	0.033069
454.250000	1	1.280546	0.671570	2.577791	0.293182
454.500000	0	0.070241	0.006102	0.533871	0.034506
454.500000	1	1.221487	0.445410	2.179647	0.271282
454.750000	0	0.071376	0.010079	0.289721	0.034518
454.750000	1	1.264642	0.710323	3.920953	0.381967
455.000000	0	0.072791	0.003950	0.601270	0.043450
455.000000	1	1.211565	0.141735	2.297481	0.302807
455.250000	0	0.070714	0.003650	0.348862	0.037003
455.250000	1	1.268487	0.146151	2.443465	0.318005
455.500000	0	0.074470	0.006057	0.736536	0.051083
455.500000	1	1.215650	0.415310	2.445757	0.254904
455.750000	0	0.072412	0.003813	0.372921	0.039744
455.750000	1	1.254615	0.427079	3.536602	0.335188
456.000000	0	0.071202	0.005692	0.603998	0.042151
456.000000	1	1.304380	0.327242	2.786319	0.371007
456.250000	0	0.072613	0.005642	0.568547	0.040548
456.250000	1	1.215524	0.271317	1.969332	0.273361
456.500000	0	0.071802	0.006707	0.451630	0.041010
456.500000	1	1.228427	0.514702	2.621422	0.300521
456.750000	0	0.075195	0.001022	0.629189	0.053600
456.750000	1	1.236395	0.694067	2.280482	0.267446
457.000000	0	0.074291	0.013647	0.606949	0.044359
457.000000	1	1.246893	0.293280	2.854196	0.370502
457.250000	0	0.072874	0.010004	0.614130	0.044902
457.250000	1	1.238695	0.478250	2.369224	0.281490
457.500000	0	0.073778	0.017820	0.469364	0.041547
457.500000	1	1.248219	0.546250	2.197484	0.270319
457.750000	0	0.071648	0.005044	0.327082	0.036421
457.750000	1	1.255827	0.657342	2.251469	0.276772
458.000000	0	0.074281	0.013292	0.724251	0.045463
458.000000	1	1.215931	0.545726	2.353697	0.267326
458.250000	0	0.073701	0.005082	0.547931	0.039097
458.250000	1	1.216817	0.453596	1.906638	0.278271
458.500000	0	0.071603	0.007141	0.331043	0.034569
458.500000	1	1.262026	0.241840	3.246013	0.406765
458.750000	0	0.069949	0.008176	0.254352	0.030054
458.750000	1	1.248298	0.566390	2.117668	0.262867
459.000000	0	0.070643	0.006429	0.421626	0.034218
459.000000	1	1.224977	0.565268	2.219266	0.256097
459.250000	0	0.073625	0.004498	0.847442	0.050666
459.250000	1	1.263426	0.116154	2.486574	0.332469
459.500000	0	0.070754	0.007140	0.255326	0.031535
459.500000	1	1.254395	0.634569	2.372502	0.262680
459.750000	0	0.070483	0.003586	0.368050	0.035662
459.750000	1	1.315343	0.390386	2.506164	0.301176
460.000000	0	0.069929	0.010042	0.464247	0.036574
460.000000	1	1.229438	0.291145	1.874707	0.222577
460.250000	0	0.070179	0.010460	0.313304	0.032310
460.250000	1	1.221202	0.129511	2.210410	0.268543
460.500000	0	0.071890	0.009605	0.496565	0.041963
460.500000	1	1.243426	0.581133	2.661346	0.293489
460.750000	0	0.070748	0.001636	0.445318	0.036595
460.750000	1	1.260267	0.369545	2.503138	0.284682
461.000000	0	0.071441	0.001363	0.457512	0.040989
461.000000	1	1.249333	0.295870	2.036874	0.283543
461.250000	0	0.071402	0.006560	0.605118	0.041005
461.250000	1	1.205693	0.042086	2.395172	0.309542
461.500000	0	0.071104	0.013102	0.491278	0.035712
461.500000	1	1.229218	0.413187	2.864792	0.336803
461.750000	0	0.072073	0.006989	0.503646	0.040356
461.750000	1	1.271219	0.330476	2.590306	0.330715
462.000000	0	0.069395	0.008594	0.460279	0.034114
462.000000	1	1.256947	0.501549	2.300663	0.301214
462.250000	0	0.071832	0.002611	0.580320	0.038313
462.250000	1	1.340708	0.294435	8.030963	0.872113
462.500000	0	0.072223	0.002776	0.580328	0.046310
462.500000	1	1.236112	0.489037	2.372635	0.258560
462.750000	0	0.068635	0.003490	0.320886	0.031274
462.750000	1	1.278776	0.220471	2.679673	0.353325
463.000000	0	0.072511	0.003363	0.415436	0.038861
463.000000	1	1.319782	0.193368	4.624436	0.514616
463.250000	0	0.073068	0.009452	0.698784	0.044774
463.250000	1	1.258175	0.780652	1.950093	0.236329
463.500000	0	0.073369	0.008722	0.661956	0.045431
463.500000	1	1.201032	0.469699	2.214024	0.237914
463.750000	0	0.072108	0.007370	0.399401	0.037864
463.750000	1	1.299380	0.580711	4.572768	0.502337
464.000000	0	0.072426	0.006172	0.721189	0.045618
464.000000	1	1.235696	0.212108	2.333388	0.316845
464.250000	0	0.071819	0.005974	0.638216	0.047939
464.250000	1	1.221437	0.337324	2.272483	0.256339
464.500000	0	0.071668	0.007951	0.669418	0.041995
464.500000	1	1.300851	0.472891	4.014591	0.477487
464.750000	0	0.073913	0.002035	0.609079	0.043749
464.750000	1	1.280889	0.190167	3.447130	0.398977
465.000000	0	0.073330	0.008974	0.464993	0.040060
465.000000	1	1.237874	0.403124	2.851541	0.315308
465.250000	0	0.070146	0.009224	0.676468	0.042534
465.250000	1	1.209812	0.454841	2.277268	0.234936
465.500000	0	0.073720	0.014031	0.627076	0.041271
465.500000	1	1.242845	0.376341	2.170687	0.307321
465.750000	0	0.071140	0.004497	0.436632	0.034511
465.750000	1	1.264008	0.634737	2.539148	0.288220
466.000000	0	0.073013	0.003235	1.311171	0.065221
466.000000	1	1.265790	0.437910	2.112405	0.256564
466.250000	0	0.071119	0.002979	0.265072	0.036035
466.250000	1	1.240409	0.256387	2.863312	0.313896
466.500000	0	0.072396	0.003995	0.414761	0.037176
466.500000	1	1.358508	0.120263	7.968028	0.829909
466.750000	0	0.075160	0.003308	2.601882	0.105665
466.750000	1	1.252865	0.624603	3.476759	0.346107
467.000000	0	0.071554	0.006069	0.531148	0.040548
467.000000	1	1.218590	0.137270	1.903463	0.299447
467.250000	0	0.072777	0.007233	0.532665	0.042374
467.250000	1	1.271592	0.116065	2.379910	0.346606
467.500000	0	0.071517	0.005623	0.506781	0.037689
467.500000	1	1.246810	0.769256	1.800521	0.195469
467.750000	0	0.069674	0.005425	0.934101	0.052065
467.750000	1	1.241885	0.131048	2.946830	0.287112
468.000000	0	0.068217	0.013952	0.338698	0.030516
468.000000	1	1.201071	0.399797	2.511232	0.291032
468.250000	0	0.070791	0.003125	0.578129	0.038061
468.250000	1	1.242525	0.510961	2.282167	0.276105
468.500000	0	0.071135	0.001196	0.527015	0.038624
468.500000	1	1.213291	0.285837	2.008041	0.259490
468.750000	0	0.070446	0.010699	0.391914	0.038869
468.750000	1	1.236958	0.277266	2.562780	0.301395
469.000000	0	0.071843	0.002296	0.657603	0.042768
469.000000	1	1.222105	0.205226	2.221379	0.288807
469.250000	0	0.072860	0.010643	0.371693	0.037858
469.250000	1	1.280824	0.280499	5.388840	0.533424
469.500000	0	0.073721	0.003987	0.616147	0.042250
469.500000	1	1.229233	0.515268	2.155500	0.241894
469.750000	0	0.071517	0.008297	0.603777	0.038918
469.750000	1	1.215813	0.380612	2.223784	0.268677
470.000000	0	0.072324	0.002956	0.534525	0.038898
470.000000	1	1.331688	0.130550	6.712537	0.659043
470.250000	0	0.071465	0.010307	0.611615	0.043334
470.250000	1	1.200300	0.166335	2.428876	0.291417
470.500000	0	0.071045	0.007375	0.538294	0.037419
470.500000	1	1.237180	0.447737	2.024410	0.261914
470.750000	0	0.071888	0.008347	0.454436	0.039524
470.750000	1	1.226666	0.492800	2.271361	0.247756
471.000000	0	0.073516	0.005210	0.803102	0.049227
471.000000	1	1.223628	0.689643	2.538691	0.244566
471.250000	0	0.072394	0.011433	0.526619	0.042932
471.250000	1	1.255121	0.529414	2.383111	0.296718
471.500000	0	0.070833	0.006080	0.447299	0.038500
471.500000	1	1.211065	0.310914	2.221903	0.276064
471.750000	0	0.071868	0.007500	0.341013	0.034197
471.750000	1	1.201221	0.426021	2.157691	0.294470
472.000000	0	0.069082	0.011367	0.358635	0.031046
472.000000	1	1.198729	0.420337	2.356923	0.273781
472.250000	0	0.070675	0.005369	0.403137	0.034838
472.250000	1	1.246869	0.358105	2.465428	0.293836
472.500000	0	0.070650	0.003478	0.319212	0.034190
472.500000	1	1.229467	0.284708	2.287627	0.276234
472.750000	0	0.071284	0.004495	0.822830	0.047642
472.750000	1	1.228759	0.315430	2.489523	0.286378
473.000000	0	0.072081	0.008866	0.686101	0.045675
473.000000	1	1.246179	0.038062	1.860230	0.226177
473.250000	0	0.070455	0.003387	0.575861	0.036355
473.250000	1	1.226057	0.357760	2.251034	0.281964
473.500000	0	0.069335	0.009912	0.426205	0.035638
473.500000	1	1.246289	0.343956	2.159735	0.289806
473.750000	0	0.070582	0.008251	0.321615	0.034075
473.750000	1	1.230373	0.669810	2.020957	0.222587
474.000000	0	0.069935	0.001989	0.319318	0.033717
474.000000	1	1.236274	0.367477	2.648519	0.280520
474.250000	0	0.072394	0.002192	0.698904	0.052417
474.250000	1	1.241491	0.449231	2.133719	0.283231
474.500000	0	0.072102	0.007967	0.606195	0.042501
474.500000	1	1.226666	0.468833	1.866472	0.210051
474.750000	0	0.072302	0.011231	0.404418	0.037479
474.750000	1	1.255440	0.230563	2.379344	0.266810
475.000000	0	0.069447	0.003801	0.449845	0.034474
475.000000	1	1.223605	0.551079	2.046318	0.209089
475.250000	0	0.070900	0.002775	0.765520	0.049006
475.250000	1	1.247321	0.322859	2.279146	0.270096
475.500000	0	0.070526	0.005853	0.248273	0.032120
475.500000	1	1.197381	0.184713	2.213808	0.256343
475.750000	0	0.069569	0.009653	0.495330	0.033677
475.750000	1	1.236476	0.278470	2.183802	0.283718
476.000000	0	0.070018	0.009108	0.369235	0.033734
476.000000	1	1.192636	0.488302	2.261849	0.254330
476.250000	0	0.071954	0.001764	0.475751	0.037086
476.250000	1	1.238100	0.165232	2.248666	0.324455
476.500000	0	0.072523	0.013221	0.385246	0.035929
476.500000	1	1.256077	0.023972	2.251456	0.329628
476.750000	0	0.071360	0.010600	0.565883	0.034889
476.750000	1	1.266691	0.534035	2.664711	0.283410
477.000000	0	0.068697	0.008864	0.480881	0.031773
477.000000	1	1.256634	0.765266	2.589879	0.271835
477.250000	0	0.073180	0.008216	0.619846	0.046734
477.250000	1	1.231817	0.451107	2.238507	0.284080
477.500000	0	0.072184	0.005506	0.407960	0.040177
477.500000	1	1.251465	0.480835	2.856913	0.350147
477.750000	0	0.071252	0.002479	0.399712	0.036286
477.750000	1	1.233261	0.264557	2.245313	0.344759
478.000000	0	0.072274	0.007763	0.587113	0.040561
478.000000	1	1.242359	0.235383	2.686596	0.295006
478.250000	0	0.071607	0.002504	0.567829	0.041176
478.250000	1	1.224960	0.537699	2.706099	0.290062
478.500000	0	0.070507	0.007676	0.684575	0.040246
478.500000	1	1.224440	0.072805	2.098939	0.255059
478.750000	0	0.069765	0.006088	0.389877	0.036345
478.750000	1	1.218738	0.513984	2.563116	0.261447
479.000000	0	0.072027	0.009506	0.481601	0.039361
479.000000	1	1.255029	0.292567	2.165421	0.275269
479.250000	0	0.068170	0.003468	0.310537	0.031056
479.250000	1	1.235737	0.299734	2.582663	0.346643
479.500000	0	0.071677	0.003366	0.551732	0.046254
479.500000	1	1.295378	0.050385	2.855715	0.351342
479.750000	0	0.069616	0.008742	0.369346	0.036488
479.750000	1	1.235208	0.624847	2.073936	0.219352
480.000000	0	0.071203	0.004726	0.546581	0.036988
480.000000	1	1.235651	0.385137	2.520518	0.285782
480.250000	0	0.073434	0.007792	0.416043	0.039001
480.250000	1	1.232324	0.349322	2.631990	0.301288
480.500000	0	0.075793	0.008968	0.648619	0.048595
480.500000	1	1.251126	0.180733	2.715403	0.285681
480.750000	0	0.074264	0.005174	0.466107	0.043378
480.750000	1	1.255085	0.503058	2.468783	0.293506
481.000000	0	0.069925	0.007333	0.443945	0.034988
481.000000	1	1.285690	0.371490	2.842756	0.319533
481.250000	0	0.071959	0.006701	0.309556	0.036799
481.250000	1	1.218738	0.544752	2.070523	0.206181
481.500000	0	0.071082	0.015809	0.409158	0.037918
481.500000	1	1.234764	0.474403	2.026172	0.270299
481.750000	0	0.073765	0.005422	1.221715	0.060426
481.750000	1	1.231023	0.427871	2.284630	0.270251
482.000000	0	0.070583	0.004106	0.542837	0.038344
482.000000	1	1.253190	0.610157	2.299803	0.236496
482.250000	0	0.070817	0.002844	0.471663	0.040159
482.250000	1	1.238068	0.397536	2.018702	0.240906
482.500000	0	0.070278	0.008076	0.284368	0.030811
482.500000	1	1.248511	0.428618	3.053179	0.294517
482.750000	0	0.071878	0.007990	0.509854	0.040541
482.750000	1	1.277195	0.363948	2.601425	0.294099
483.000000	0	0.069127	0.008382	0.312380	0.030078
483.000000	1	1.194469	0.392409	2.033420	0.238701
483.250000	0	0.069327	0.004506	0.350409	0.033455
483.250000	1	1.245140	0.489057	2.575379	0.289761
483.500000	0	0.070087	0.007449	0.366020	0.032915
483.500000	1	1.195639	0.389102	2.175032	0.229308
483.750000	0	0.070454	0.006101	0.438274	0.036065
483.750000	1	1.315577	0.680986	2.330007	0.297879
484.000000	0	0.069826	0.008487	0.336802	0.030830
484.000000	1	1.216715	0.537311	1.771303	0.186491
484.250000	0	0.068773	0.007780	0.261157	0.028571
484.250000	1	1.246520	0.783846	2.489121	0.220811
484.500000	0	0.070402	0.009115	0.438668	0.035891
484.500000	1	1.242755	0.734700	2.163124	0.192799
484.750000	0	0.071276	0.005117	0.384544	0.032837
484.750000	1	1.250342	0.458810	2.012864	0.247697
485.000000	0	0.068864	0.005427	0.486051	0.038259
485.000000	1	1.252732	0.401774	2.156362	0.251834
485.250000	0	0.069682	0.006623	0.302379	0.031283
485.250000	1	1.243743	0.506224	2.202501	0.268606
485.500000	0	0.069235	0.005683	0.375521	0.034776
485.500000	1	1.280638	0.689583	2.498133	0.276921
485.750000	0	0.072320	0.005450	0.986369	0.053967
485.750000	1	1.199407	0.306702	2.451169	0.317865
486.000000	0	0.070549	0.006116	0.635950	0.037886
486.000000	1	1.187139	0.220020	2.353222	0.265673
486.250000	0	0.070383	0.001574	0.924491	0.046201
486.250000	1	1.237060	0.268871	2.174772	0.256805
486.500000	0	0.071965	0.006471	0.458103	0.037283
486.500000	1	1.220575	0.500708	2.055117	0.198264
486.750000	0	0.072660	0.006790	1.088973	0.052715
486.750000	1	1.222092	0.722452	2.302857	0.231167
487.000000	0	0.070661	0.006855	0.270216	0.029826
487.000000	1	1.267617	0.350962	2.644086	0.361001
487.250000	0	0.070294	0.001126	0.388257	0.037322
487.250000	1	1.241319	0.438524	2.792926	0.276959
487.500000	0	0.070408	0.004766	0.283263	0.031444
487.500000	1	1.258192	0.500878	2.373776	0.290744
487.750000	0	0.072707	0.006746	0.779875	0.046074
487.750000	1	1.242718	0.291515	2.323727	0.295643
488.000000	0	0.072537	0.001291	0.461396	0.040432
488.000000	1	1.202351	0.220944	2.093871	0.294924
488.250000	0	0.072339	0.012801	0.409418	0.036882
488.250000	1	1.217792	0.435291	2.525704	0.285197
488.500000	0	0.069765	0.011145	0.357548	0.035570
488.500000	1	1.243473	0.730705	2.182299	0.228965
488.750000	0	0.073156	0.005286	0.592018	0.041697
488.750000	1	1.212328	0.516755	2.210241	0.244858
489.000000	0	0.072048	0.006079	0.436115	0.037558
489.000000	1	1.275889	0.559125	2.209819	0.287366
489.250000	0	0.073328	0.002986	0.297914	0.035992
489.250000	1	1.237782	0.432912	2.353561	0.265499
489.500000	0	0.072503	0.007325	0.634696	0.040029
489.500000	1	1.258247	0.699622	2.049177	0.227724
489.750000	0	0.071108	0.002785	0.520622	0.036239
489.750000	1	1.252093	0.682143	2.024090	0.227372
490.000000	0	0.068974	0.002944	0.305748	0.031722
490.000000	1	1.203482	0.177599	1.734230	0.196187
490.250000	0	0.070116	0.008294	0.475031	0.034839
490.250000	1	1.262523	0.276884	2.478348	0.334792
490.500000	0	0.071683	0.011476	0.315102	0.034243
490.500000	1	1.230284	0.562184	2.905013	0.297852
490.750000	0	0.071133	0.011977	0.688851	0.040776
490.750000	1	1.262784	0.743314	2.459624	0.218308
491.000000	0	0.069151	0.004044	0.361384	0.031631
491.000000	1	1.220832	0.327521	2.910004	0.290831
491.250000	0	0.069126	0.008692	0.348165	0.032427
491.250000	1	1.273865	0.557605	2.744842	0.309752
491.500000	0	0.071672	0.003511	0.709594	0.043971
491.500000	1	1.239591	0.513815	2.454592	0.305840
491.750000	0	0.069093	0.004728	0.605349	0.040096
491.750000	1	1.215726	0.214841	2.469250	0.337852
492.000000	0	0.070929	0.007085	0.399770	0.037813
492.000000	1	1.236552	0.376244	2.367338	0.274169
492.250000	0	0.071553	0.011168	0.543183	0.039943
492.250000	1	1.221794	0.755238	2.023493	0.217233
492.500000	0	0.072166	0.005935	0.446190	0.041305
492.500000	1	1.239481	0.362297	2.726755	0.302859
492.750000	0	0.072789	0.002596	0.439000	0.036111
492.750000	1	1.253754	0.377886	2.389665	0.271033
493.000000	0	0.070037	0.002964	0.365119	0.034285
493.000000	1	1.221190	0.598192	2.099905	0.240445
493.250000	0	0.071404	0.004651	0.284824	0.034883
493.250000	1	1.245497	0.156641	3.634669	0.367942
493.500000	0	0.071131	0.010401	0.488488	0.037615
493.500000	1	1.259633	0.510601	2.718647	0.332468
493.750000	0	0.071741	0.001778	0.589546	0.039040
493.750000	1	1.247904	0.384212	2.723919	0.282258
494.000000	0	0.071335	0.002900	0.384460	0.038151
494.000000	1	1.218867	0.618534	2.226397	0.237895
494.250000	0	0.069652	0.002846	0.415766	0.034026
494.250000	1	1.206213	0.678322	2.398604	0.260780
494.500000	0	0.073305	0.011704	0.611240	0.045736
494.500000	1	1.250366	0.558037	2.591535	0.294153
494.750000	0	0.075140	0.010591	0.667867	0.059105
494.750000	1	1.217284	0.277538	2.628496	0.303885
495.000000	0	0.071627	0.007189	0.361599	0.037131
495.000000	1	1.190084	0.488422	2.243375	0.261758
495.250000	0	0.075693	0.008340	0.533474	0.052223
495.250000	1	1.244980	0.362397	2.485295	0.312353
495.500000	0	0.073194	0.001480	0.470169	0.044688
495.500000	1	1.256414	0.582949	2.285466	0.267503
495.750000	0	0.069743	0.005023	0.460648	0.034588
495.750000	1	1.242262	0.122098	2.318817	0.316851
496.000000	0	0.072535	0.005279	0.598365	0.042292
496.000000	1	1.226404	0.079514	2.604622	0.278674
496.250000	0	0.072228	0.003148	0.662522	0.044281
496.250000	1	1.222360	0.579513	1.996655	0.235254
496.500000	0	0.072237	0.006754	0.452778	0.042122
496.500000	1	1.211080	0.485035	1.883084	0.254695
496.750000	0	0.072112	0.009138	0.432118	0.037204
496.750000	1	1.206999	0.412542	2.359404	0.239418
497.000000	0	0.072741	0.011670	0.504057	0.038341
497.000000	1	1.256063	0.538867	2.485062	0.315880
497.250000	0	0.070801	0.003537	0.427798	0.036529
497.250000	1	1.201240	0.564777	3.249996	0.290455
497.500000	0	0.074530	0.010248	0.996761	0.056761
497.500000	1	1.238120	0.560740	2.141536	0.278588
497.750000	0	0.070758	0.005269	0.481037	0.040898
497.750000	1	1.269834	0.676555	2.490024	0.267937
498.000000	0	0.070667	0.004496	0.399995	0.035036
498.000000	1	1.265543	0.278284	2.420157	0.343305
498.250000	0	0.071585	0.006770	0.474818	0.039637
498.250000	1	1.265778	0.112648	3.094632	0.327001
498.500000	0	0.073934	0.006326	0.773439	0.048958
498.500000	1	1.227307	0.311313	2.615560	0.293353
498.750000	0	0.070491	0.008040	0.509138	0.038328
498.750000	1	1.254498	0.032147	2.442309	0.333131
499.000000	0	0.070899	0.005835	0.293209	0.032890
499.000000	1	1.194744	0.347626	2.907402	0.282021
499.250000	0	0.074541	0.005107	1.569269	0.082206
499.250000	1	1.270655	0.427190	4.301322	0.414620
499.500000	0	0.071737	0.009598	0.568922	0.041805
499.500000	1	1.215573	0.128329	2.329676	0.322442
499.750000	0	0.072685	0.002792	0.463418	0.040236
499.750000	1	1.219041	0.185785	2.167448	0.280168
500.000000	0	0.072409	0.009543	0.450735	0.040611
500.000000	1	1.276362	0.571362	2.814062	0.372526
500.250000	0	0.068736	0.003357	0.358558	0.033042
500.250000	1	1.245091	0.528056	2.186775	0.248217
500.500000	0	0.072264	0.006350	0.823110	0.049421
500.500000	1	1.221625	0.362732	2.516215	0.323005
500.750000	0	0.074890	0.011109	0.604963	0.043219
500.750000	1	1.235944	0.145090	2.362665	0.348727
