Time	Cell_type	Mean	Min	Max	Std
0.250000	0	0.123327	0.009876	0.559094	0.066126
0.250000	1	1.324353	0.908633	1.737997	0.179794
0.500000	0	0.129558	0.007725	1.057730	0.091456
0.500000	1	1.336750	0.440087	2.293104	0.278037
0.750000	0	0.129627	0.013335	1.111302	0.086039
0.750000	1	1.389754	0.309532	2.238301	0.341396
1.000000	0	0.127434	0.017529	0.777251	0.080595
1.000000	1	1.339673	0.442595	2.661589	0.328238
1.250000	0	0.125507	0.008859	0.793094	0.078025
1.250000	1	1.282400	0.567755	2.438509	0.294916
1.500000	0	0.135450	0.014524	2.233187	0.112467
1.500000	1	1.360020	0.305370	3.022675	0.452691
1.750000	0	0.131597	0.018667	0.865389	0.092381
1.750000	1	1.435915	0.406377	2.874696	0.423958
2.000000	0	0.130682	0.006384	0.958194	0.081812
2.000000	1	1.360854	0.101757	2.992684	0.381724
2.250000	0	0.130207	0.002870	1.098374	0.087851
2.250000	1	1.451777	0.200195	7.286127	0.840543
2.500000	0	0.131925	0.011818	2.330399	0.130654
2.500000	1	1.405768	0.392812	3.835802	0.516882
2.750000	0	0.127688	0.012781	1.008446	0.083510
2.750000	1	1.337247	0.352437	3.069905	0.434131
3.000000	0	0.125032	0.008202	2.329319	0.107142
3.000000	1	1.332079	0.570472	2.330757	0.325748
3.250000	0	0.129251	0.012125	1.041310	0.086303
3.250000	1	1.362564	0.420053	2.528960	0.360352
3.500000	0	0.120616	0.000811	0.721267	0.062318
3.500000	1	1.370147	0.713454	2.391826	0.285054
3.750000	0	0.129972	0.008134	1.487524	0.099171
3.750000	1	1.338756	0.065689	2.135454	0.340449
4.000000	0	0.123005	0.002540	0.665261	0.067306
4.000000	1	1.366449	0.366915	2.587957	0.337675
4.250000	0	0.125728	0.015930	0.708879	0.072112
4.250000	1	1.275359	0.087173	2.393692	0.331681
4.500000	0	0.120591	0.018014	1.148569	0.069912
4.500000	1	1.356412	0.231600	3.278517	0.456208
4.750000	0	0.123503	0.022849	1.170215	0.079846
4.750000	1	1.359990	0.541808	3.561559	0.380512
5.000000	0	0.122097	0.008024	0.668161	0.061403
5.000000	1	1.345315	0.590159	2.577628	0.311880
5.250000	0	0.120614	0.004988	0.787421	0.065134
5.250000	1	1.309008	0.263545	2.697787	0.321279
5.500000	0	0.122987	0.012046	1.106674	0.077385
5.500000	1	1.346041	0.402187	4.144048	0.434046
5.750000	0	0.118288	0.006874	0.610026	0.065545
5.750000	1	1.404738	0.583100	2.602349	0.350458
6.000000	0	0.119997	0.002241	0.535303	0.060022
6.000000	1	1.402517	0.304323	2.450962	0.321093
6.250000	0	0.115119	0.006383	0.816512	0.060732
6.250000	1	1.353907	0.718728	2.655160	0.308140
6.500000	0	0.119208	0.008363	0.615039	0.062169
6.500000	1	1.354460	0.080990	2.340592	0.366961
6.750000	0	0.121697	0.000972	0.608297	0.059171
6.750000	1	1.286943	0.142579	2.191860	0.347029
7.000000	0	0.118136	0.011550	0.807665	0.065862
7.000000	1	1.354325	0.404371	3.167748	0.398788
7.250000	0	0.120252	0.012161	0.844527	0.064709
7.250000	1	1.363916	0.721326	2.350923	0.313847
7.500000	0	0.123228	0.009519	0.987679	0.078514
7.500000	1	1.369889	0.631039	2.907156	0.383274
7.750000	0	0.122579	0.009341	0.924399	0.072479
7.750000	1	1.311942	0.344642	2.885562	0.403368
8.000000	0	0.123826	0.005374	1.248583	0.079905
8.000000	1	1.422599	0.265037	3.430727	0.451483
8.250000	0	0.125106	0.008451	1.522416	0.092648
8.250000	1	1.317415	0.255382	2.870465	0.349558
8.500000	0	0.120052	0.014459	1.196488	0.072000
8.500000	1	1.395160	0.297084	3.496672	0.468231
8.750000	0	0.118014	0.013365	0.413244	0.055517
8.750000	1	1.327076	0.507236	2.468375	0.301593
9.000000	0	0.116925	0.014531	0.466236	0.050317
9.000000	1	1.349375	0.608749	2.655304	0.347466
9.250000	0	0.121468	0.009567	0.676080	0.066896
9.250000	1	1.375875	0.370158	2.708155	0.413038
9.500000	0	0.125201	0.011851	0.814673	0.074833
9.500000	1	1.348952	0.271530	3.783805	0.520545
9.750000	0	0.126285	0.003832	0.997097	0.078984
9.750000	1	1.382054	0.396320	3.034133	0.388239
10.000000	0	0.126482	0.012610	1.266690	0.093144
10.000000	1	1.331041	0.179613	2.605627	0.357624
10.250000	0	0.119918	0.005217	0.671428	0.060960
10.250000	1	1.354373	0.461333	2.543245	0.332599
10.500000	0	0.123812	0.006490	1.090413	0.074863
10.500000	1	1.335949	0.169496	2.689315	0.359110
10.750000	0	0.123519	0.015790	0.826571	0.069946
10.750000	1	1.370972	0.648076	3.191552	0.387357
11.000000	0	0.121609	0.014747	0.670457	0.068264
11.000000	1	1.314467	0.443121	2.056978	0.270066
11.250000	0	0.123141	0.002958	0.839022	0.073319
11.250000	1	1.360352	0.549594	3.413898	0.399369
11.500000	0	0.123143	0.001831	0.777081	0.067013
11.500000	1	1.339245	0.591378	2.827481	0.350640
11.750000	0	0.122439	0.007611	1.039149	0.078147
11.750000	1	1.301158	0.198095	2.401885	0.327904
12.000000	0	0.126965	0.008955	1.169365	0.081410
12.000000	1	1.482341	0.337025	6.572919	0.743494
12.250000	0	0.125383	0.013898	1.870777	0.093002
12.250000	1	1.374405	0.289695	2.470727	0.317564
12.500000	0	0.119503	0.014577	1.135193	0.070572
12.500000	1	1.354625	0.320464	2.533017	0.320480
12.750000	0	0.122503	0.015626	0.890919	0.077683
12.750000	1	1.327387	0.245617	2.242278	0.270761
13.000000	0	0.119557	0.002692	0.848773	0.067540
13.000000	1	1.367335	0.109951	2.904270	0.408942
13.250000	0	0.120475	0.010013	0.715910	0.059951
13.250000	1	1.367070	0.595917	2.714015	0.314763
13.500000	0	0.115951	0.014563	0.737761	0.060718
13.500000	1	1.363601	0.279901	3.174614	0.397601
13.750000	0	0.115564	0.010675	1.114019	0.068803
13.750000	1	1.367134	0.383353	2.992573	0.374999
14.000000	0	0.113501	0.004419	0.495333	0.051066
14.000000	1	1.378209	0.502539	2.809198	0.378065
14.250000	0	0.116644	0.018288	0.940737	0.065240
14.250000	1	1.329769	0.320189	3.200291	0.354406
14.500000	0	0.119781	0.009987	0.669151	0.062284
14.500000	1	1.458177	0.376401	3.040791	0.454476
14.750000	0	0.120126	0.011331	1.021488	0.066374
14.750000	1	1.352359	0.762873	2.437295	0.290044
15.000000	0	0.120694	0.000079	1.193691	0.074850
15.000000	1	1.353195	0.317536	2.930683	0.361891
15.250000	0	0.118146	0.007586	0.559628	0.058984
15.250000	1	1.429001	0.159821	3.867135	0.441592
15.500000	0	0.117871	0.027453	0.972929	0.064551
15.500000	1	1.417892	0.424484	2.999021	0.418799
15.750000	0	0.112608	0.012101	0.505477	0.049029
15.750000	1	1.329169	0.334872	3.130920	0.354755
16.000000	0	0.118909	0.004335	1.505346	0.077546
16.000000	1	1.353745	0.112497	2.336163	0.337501
16.250000	0	0.114457	0.004458	0.847595	0.053176
16.250000	1	1.339986	0.399123	2.488623	0.333133
16.500000	0	0.116663	0.008038	0.936266	0.060324
16.500000	1	1.336789	0.156621	2.909243	0.352682
16.750000	0	0.118630	0.008365	1.929907	0.090746
16.750000	1	1.403818	0.350516	3.763651	0.489483
17.000000	0	0.115217	0.004645	0.564544	0.051317
17.000000	1	1.307300	0.346336	2.341021	0.320846
17.250000	0	0.117838	0.013734	0.576770	0.058014
17.250000	1	1.489486	0.280293	6.468664	0.725405
17.500000	0	0.122660	0.014396	0.854825	0.073643
17.500000	1	1.380902	0.071567	3.126286	0.392732
17.750000	0	0.121507	0.010182	0.678578	0.056998
17.750000	1	1.380105	0.611706	2.313461	0.300816
18.000000	0	0.114745	0.023224	0.636400	0.055620
18.000000	1	1.386339	0.537893	3.410777	0.406866
18.250000	0	0.117569	0.013058	0.357197	0.051134
18.250000	1	1.411323	0.506022	2.811141	0.347763
18.500000	0	0.119821	0.009402	0.818769	0.061624
18.500000	1	1.347036	0.718444	2.236681	0.301983
18.750000	0	0.113420	0.014575	0.897452	0.055430
18.750000	1	1.367850	0.170182	3.060332	0.417671
19.000000	0	0.118372	0.013520	1.608065	0.077212
19.000000	1	1.413616	0.830005	3.764160	0.445711
19.250000	0	0.116122	0.009073	0.424765	0.051146
19.250000	1	1.330220	0.457529	2.905996	0.331572
19.500000	0	0.118333	0.001215	0.956421	0.060881
19.500000	1	1.404963	0.475203	5.440587	0.540029
19.750000	0	0.116507	0.008100	0.873387	0.059568
19.750000	1	1.353532	0.678177	2.411709	0.346050
20.000000	0	0.117046	0.008447	0.673924	0.056585
20.000000	1	1.366349	0.602419	2.658124	0.336890
20.250000	0	0.117294	0.010368	0.564264	0.054718
20.250000	1	1.372643	0.583574	2.630340	0.354428
20.500000	0	0.116051	0.008932	0.701968	0.062592
20.500000	1	1.374791	0.350293	2.578006	0.359366
20.750000	0	0.115257	0.011221	0.468928	0.048833
20.750000	1	1.391512	0.471340	3.005613	0.386049
21.000000	0	0.116873	0.011383	0.949841	0.065684
21.000000	1	1.352529	0.037931	2.817585	0.397238
21.250000	0	0.117600	0.004316	0.588580	0.052590
21.250000	1	1.379738	0.241914	3.713147	0.472204
21.500000	0	0.118333	0.005832	0.943595	0.067278
21.500000	1	1.448315	0.577618	2.593116	0.358492
21.750000	0	0.115609	0.009888	0.933140	0.060679
21.750000	1	1.431129	0.604302	3.025160	0.392974
22.000000	0	0.118528	0.008989	1.097763	0.066121
22.000000	1	1.337623	0.407423	2.428632	0.336406
22.250000	0	0.116229	0.009786	0.554873	0.050713
22.250000	1	1.370325	0.446387	3.330950	0.385939
22.500000	0	0.116361	0.014972	1.369906	0.067711
22.500000	1	1.329247	0.461467	2.675124	0.376966
22.750000	0	0.119737	0.014530	1.122717	0.074924
22.750000	1	1.365126	0.496383	3.801036	0.406867
23.000000	0	0.121139	0.005466	0.654976	0.063413
23.000000	1	1.347519	0.236909	2.734645	0.410768
23.250000	0	0.122466	0.008546	1.055647	0.075538
23.250000	1	1.336950	0.374278	3.650150	0.422474
23.500000	0	0.120174	0.013046	0.842352	0.066765
23.500000	1	1.329788	0.345930	2.312435	0.316727
23.750000	0	0.120539	0.009316	0.790717	0.071241
23.750000	1	1.327597	0.125968	2.910071	0.369565
24.000000	0	0.117234	0.015924	0.404402	0.053770
24.000000	1	1.391356	0.555514	3.196316	0.404200
24.250000	0	0.122979	0.011918	1.240787	0.077032
24.250000	1	1.321238	0.214107	2.856870	0.374118
24.500000	0	0.117419	0.007993	1.148905	0.068932
24.500000	1	1.412693	0.376685	2.980480	0.411421
24.750000	0	0.121956	0.019244	0.820703	0.062650
24.750000	1	1.409591	0.437727	4.577725	0.486968
25.000000	0	0.124060	0.005797	1.458799	0.087650
25.000000	1	1.421413	0.134305	4.174844	0.518768
25.250000	0	0.119376	0.014557	0.628640	0.056097
25.250000	1	1.324921	0.431528	2.268497	0.323409
25.500000	0	0.119698	0.009434	0.615900	0.056347
25.500000	1	1.345163	0.384852	2.396042	0.349957
25.750000	0	0.117099	0.015964	0.684679	0.056405
25.750000	1	1.401449	0.060613	3.332463	0.481641
26.000000	0	0.118705	0.009216	1.129832	0.065608
26.000000	1	1.346663	0.403336	2.712699	0.311388
26.250000	0	0.116843	0.009950	0.483533	0.050724
26.250000	1	1.407619	0.193072	5.193530	0.583025
26.500000	0	0.120030	0.003898	2.120936	0.095129
26.500000	1	1.383333	0.592402	2.278716	0.335364
26.750000	0	0.115534	0.018295	0.647445	0.054791
26.750000	1	1.406347	0.271835	3.012303	0.428507
27.000000	0	0.114825	0.007086	0.458389	0.050903
27.000000	1	1.411655	0.775974	3.321702	0.437978
27.250000	0	0.116853	0.009460	0.521926	0.052105
27.250000	1	1.314455	0.467211	2.632293	0.348512
27.500000	0	0.117896	0.021667	0.461013	0.054536
27.500000	1	1.407678	0.396660	2.869661	0.449299
27.750000	0	0.116440	0.015111	0.663316	0.051294
27.750000	1	1.378771	0.093574	2.658045	0.439553
28.000000	0	0.114059	0.001254	0.354570	0.046472
28.000000	1	1.394478	0.321437	2.807624	0.389683
28.250000	0	0.112923	0.012461	0.646509	0.050311
28.250000	1	1.381477	0.129353	4.384170	0.546069
28.500000	0	0.115040	0.005730	0.819150	0.061678
28.500000	1	1.365573	0.584798	2.749078	0.345790
28.750000	0	0.117236	0.008945	0.851351	0.063320
28.750000	1	1.351548	0.662506	4.153942	0.402891
29.000000	0	0.118197	0.019366	1.253073	0.067659
29.000000	1	1.356888	0.135693	2.590764	0.379534
29.250000	0	0.117876	0.002908	0.624251	0.055164
29.250000	1	1.431468	0.238410	2.890005	0.430605
29.500000	0	0.113596	0.008845	0.464745	0.048055
29.500000	1	1.376006	0.792256	3.210086	0.383426
29.750000	0	0.117796	0.011159	0.708185	0.058624
29.750000	1	1.389090	0.384388	3.202034	0.341933
30.000000	0	0.113682	0.018824	0.479779	0.052839
30.000000	1	1.389951	0.617937	2.787656	0.341884
30.250000	0	0.118382	0.013689	0.795179	0.060144
30.250000	1	1.344492	0.317579	2.658779	0.315675
30.500000	0	0.116703	0.015876	0.505179	0.052448
30.500000	1	1.401724	0.419612	2.987614	0.415561
30.750000	0	0.113247	0.009186	0.905047	0.054585
30.750000	1	1.360672	0.374009	2.345336	0.311779
31.000000	0	0.110765	0.006239	1.122901	0.058496
31.000000	1	1.363556	0.517822	2.778860	0.300115
31.250000	0	0.114783	0.012935	0.522501	0.056932
31.250000	1	1.400696	0.158183	2.770428	0.407334
31.500000	0	0.115539	0.004767	0.452791	0.048191
31.500000	1	1.356131	0.742159	2.785634	0.283097
31.750000	0	0.113193	0.017385	0.600493	0.049070
31.750000	1	1.381716	0.682453	3.234322	0.287464
32.000000	0	0.115258	0.010155	0.930388	0.056393
32.000000	1	1.362310	0.074576	2.760965	0.339289
32.250000	0	0.112939	0.009205	0.350531	0.044454
32.250000	1	1.370586	0.357264	2.846437	0.392861
32.500000	0	0.120843	0.010138	0.796369	0.063916
32.500000	1	1.382187	0.475891	2.347108	0.339352
32.750000	0	0.113849	0.005168	0.652244	0.051833
32.750000	1	1.397890	0.617038	2.603465	0.333106
33.000000	0	0.110459	0.008611	1.218971	0.059022
33.000000	1	1.369685	0.194925	2.969715	0.312069
33.250000	0	0.113292	0.019869	0.390476	0.043127
33.250000	1	1.347420	0.151651	2.425918	0.361360
33.500000	0	0.117712	0.013746	1.190098	0.068447
33.500000	1	1.403724	0.333127	4.930313	0.542529
33.750000	0	0.115553	0.006153	0.677477	0.056956
33.750000	1	1.369006	0.524597	3.021779	0.327194
34.000000	0	0.112901	0.005544	0.435336	0.047586
34.000000	1	1.362190	0.343342	3.360414	0.373519
34.250000	0	0.116521	0.006556	1.114275	0.071299
34.250000	1	1.412919	0.504097	3.388905	0.455477
34.500000	0	0.114721	0.007737	0.442817	0.049312
34.500000	1	1.387417	0.565450	3.353552	0.381386
34.750000	0	0.117017	0.010814	0.984836	0.060623
34.750000	1	1.347384	0.225858	2.974589	0.409159
35.000000	0	0.115314	0.009020	0.788210	0.049453
35.000000	1	1.400546	0.236426	2.852208	0.428754
35.250000	0	0.112537	0.016730	0.527248	0.046612
35.250000	1	1.367306	0.758757	3.608538	0.379002
35.500000	0	0.117670	0.007317	0.918525	0.059826
35.500000	1	1.365427	0.580530	3.110918	0.364732
35.750000	0	0.112252	0.010264	0.452144	0.047802
35.750000	1	1.397858	0.324784	3.215426	0.394338
36.000000	0	0.112676	0.010449	0.483774	0.042942
36.000000	1	1.341032	0.402641	2.703120	0.335894
36.250000	0	0.118742	0.004715	1.085930	0.070076
36.250000	1	1.334686	0.177864	2.567409	0.321918
36.500000	0	0.113357	0.004496	0.587395	0.052099
36.500000	1	1.290317	0.355387	2.967920	0.385427
36.750000	0	0.116955	0.016529	0.849534	0.062220
36.750000	1	1.330168	0.191023	2.660269	0.357466
37.000000	0	0.113959	0.012425	0.760302	0.054335
37.000000	1	1.332033	0.486384	2.527819	0.340330
37.250000	0	0.110885	0.008710	0.732309	0.049339
37.250000	1	1.359015	0.414627	3.995551	0.413453
37.500000	0	0.116225	0.025866	0.555664	0.050339
37.500000	1	1.355060	0.141412	2.971251	0.381176
37.750000	0	0.114472	0.010247	0.416824	0.045817
37.750000	1	1.347059	0.200639	4.060508	0.391094
38.000000	0	0.116078	0.011467	0.770037	0.056488
38.000000	1	1.331188	0.376263	2.778538	0.339427
38.250000	0	0.112475	0.014452	0.400899	0.045590
38.250000	1	1.288863	0.661946	2.098063	0.239069
38.500000	0	0.116881	0.005388	0.786405	0.054481
38.500000	1	1.356576	0.297903	2.441288	0.385496
38.750000	0	0.113442	0.012297	0.408337	0.047490
38.750000	1	1.380851	0.776783	2.446967	0.300786
39.000000	0	0.113236	0.013023	0.524132	0.049083
39.000000	1	1.403503	0.389090	2.600573	0.318917
39.250000	0	0.113231	0.004802	0.522928	0.048496
39.250000	1	1.337987	0.263412	2.259544	0.325459
39.500000	0	0.117405	0.008683	0.893708	0.059676
39.500000	1	1.367876	0.127219	3.605815	0.436446
39.750000	0	0.116875	0.017282	0.992908	0.064331
39.750000	1	1.315296	0.186851	2.408377	0.292324
40.000000	0	0.118367	0.009067	0.632704	0.059631
40.000000	1	1.344960	0.167277	4.653697	0.493119
40.250000	0	0.120089	0.010194	1.190002	0.074242
40.250000	1	1.376341	0.456585	2.581038	0.340006
40.500000	0	0.114212	0.011554	0.495363	0.052073
40.500000	1	1.375827	0.604826	2.780485	0.389239
40.750000	0	0.117778	0.013642	0.839478	0.061013
40.750000	1	1.398100	0.417144	2.664774	0.358617
41.000000	0	0.118663	0.004915	0.882120	0.066114
41.000000	1	1.354588	0.353270	3.165879	0.366781
41.250000	0	0.116420	0.015535	1.079977	0.068349
41.250000	1	1.338362	0.346214	3.034703	0.394217
41.500000	0	0.116902	0.008663	0.779956	0.059848
41.500000	1	1.324634	0.244492	2.730338	0.369820
41.750000	0	0.120038	0.010968	1.102306	0.072342
41.750000	1	1.402228	0.293251	3.478869	0.401318
42.000000	0	0.116538	0.008942	0.924652	0.058310
42.000000	1	1.463115	0.359891	5.191873	0.632899
42.250000	0	0.113440	0.004307	0.551834	0.051332
42.250000	1	1.406940	0.247264	3.145542	0.419045
42.500000	0	0.115748	0.021774	0.541761	0.048764
42.500000	1	1.356729	0.396501	3.298164	0.359558
42.750000	0	0.113008	0.018421	0.787936	0.051917
42.750000	1	1.297336	0.033847	2.356842	0.327105
43.000000	0	0.115702	0.012556	0.616541	0.049995
43.000000	1	1.319250	0.239448	2.428135	0.297494
43.250000	0	0.117279	0.012630	1.010652	0.061394
43.250000	1	1.368764	0.685266	2.647756	0.361641
43.500000	0	0.115954	0.016119	0.777701	0.053681
43.500000	1	1.369702	0.580809	2.773280	0.316911
43.750000	0	0.119106	0.010029	0.953945	0.060849
43.750000	1	1.376852	0.707716	3.104290	0.347690
44.000000	0	0.116298	0.011552	0.515923	0.050287
44.000000	1	1.404464	0.138166	3.091700	0.384865
44.250000	0	0.112535	0.007796	0.533755	0.048587
44.250000	1	1.396703	0.456072	3.454781	0.385056
44.500000	0	0.113398	0.010046	0.559783	0.047680
44.500000	1	1.413809	0.080833	3.023280	0.421597
44.750000	0	0.114500	0.013310	0.667225	0.052152
44.750000	1	1.375088	0.462712	2.886986	0.349249
45.000000	0	0.114666	0.003437	0.655560	0.055408
45.000000	1	1.353144	0.164995	2.493422	0.364229
45.250000	0	0.112544	0.013668	0.523795	0.046174
45.250000	1	1.374297	0.380135	3.403245	0.368289
45.500000	0	0.114331	0.001926	0.590992	0.050054
45.500000	1	1.310921	0.041897	2.329665	0.382504
45.750000	0	0.114813	0.014557	0.676630	0.055269
45.750000	1	1.466526	0.368154	3.031963	0.417143
46.000000	0	0.113029	0.007921	0.527550	0.049608
46.000000	1	1.336001	0.601186	2.904712	0.372333
46.250000	0	0.115793	0.006508	0.664293	0.057629
46.250000	1	1.380817	0.461771	2.752335	0.367652
46.500000	0	0.112954	0.008121	0.560080	0.045799
46.500000	1	1.343176	0.138286	2.562353	0.375456
46.750000	0	0.113201	0.018120	1.051208	0.057951
46.750000	1	1.364638	0.780432	2.449575	0.258806
47.000000	0	0.113874	0.009544	0.864689	0.056174
47.000000	1	1.332919	0.427236	2.448006	0.297732
47.250000	0	0.115761	0.007847	0.915620	0.055749
47.250000	1	1.382999	0.519043	2.720032	0.385431
47.500000	0	0.116232	0.003159	0.864639	0.062014
47.500000	1	1.369810	0.357386	2.807599	0.348063
47.750000	0	0.115410	0.012705	0.495269	0.051533
47.750000	1	1.356788	0.573073	3.194893	0.363919
48.000000	0	0.115308	0.016093	0.364735	0.049776
48.000000	1	1.436140	0.513953	2.638014	0.331630
48.250000	0	0.113504	0.005291	0.326129	0.043432
48.250000	1	1.357854	0.436853	2.378446	0.338896
48.500000	0	0.111048	0.009995	0.922482	0.051143
48.500000	1	1.345889	0.222480	2.761353	0.351612
48.750000	0	0.115030	0.011623	0.499306	0.049326
48.750000	1	1.324841	0.199058	2.938796	0.380852
49.000000	0	0.114358	0.006828	1.070231	0.058893
49.000000	1	1.352982	0.397115	3.372312	0.377758
49.250000	0	0.116909	0.011444	1.235304	0.069688
49.250000	1	1.404581	0.488632	3.246117	0.415940
49.500000	0	0.117046	0.013677	0.592650	0.057373
49.500000	1	1.382417	0.488235	2.710761	0.382917
49.750000	0	0.114102	0.007050	0.647880	0.053635
49.750000	1	1.328768	0.370253	3.074627	0.378673
50.000000	0	0.114846	0.012055	0.648383	0.050023
50.000000	1	1.342372	0.474913	2.757698	0.321050
50.250000	0	0.115074	0.020161	0.669655	0.052623
50.250000	1	1.368781	0.271917	3.087735	0.415277
50.500000	0	0.119815	0.004026	0.753976	0.065605
50.500000	1	1.390503	0.411044	2.887153	0.396843
50.750000	0	0.115392	0.011326	0.411955	0.051543
50.750000	1	1.398750	0.575586	4.074954	0.447697
51.000000	0	0.118529	0.001518	0.910237	0.061701
51.000000	1	1.404267	0.070697	2.379729	0.333753
51.250000	0	0.119178	0.005082	0.920458	0.068171
51.250000	1	1.354817	0.417822	2.770176	0.338472
51.500000	0	0.116203	0.008326	0.743994	0.060121
51.500000	1	1.334058	0.368876	2.261689	0.340211
51.750000	0	0.117064	0.023332	0.689819	0.053254
51.750000	1	1.385063	0.491213	3.490442	0.404911
52.000000	0	0.115736	0.010114	0.823574	0.062279
52.000000	1	1.297031	0.278545	2.583626	0.312997
52.250000	0	0.118057	0.008941	0.699540	0.056831
52.250000	1	1.322195	0.372063	2.593067	0.315850
52.500000	0	0.121747	0.009822	1.247903	0.072716
52.500000	1	1.328568	0.131150	3.084408	0.463116
52.750000	0	0.114005	0.005732	1.197019	0.064503
52.750000	1	1.332831	0.127234	2.958509	0.426581
53.000000	0	0.120885	0.006103	0.856023	0.069063
53.000000	1	1.359941	0.400074	2.659201	0.384210
53.250000	0	0.115489	0.000945	0.614913	0.055973
53.250000	1	1.460697	0.444458	4.179482	0.473645
53.500000	0	0.116107	0.002859	0.876338	0.060092
53.500000	1	1.368684	0.064973	3.147191	0.372652
53.750000	0	0.112361	0.016307	0.527056	0.047268
53.750000	1	1.305026	0.146420	2.416302	0.359044
54.000000	0	0.114211	0.008489	0.659638	0.053414
54.000000	1	1.278012	0.538973	2.567706	0.294528
54.250000	0	0.123344	0.014885	1.744028	0.087494
54.250000	1	1.310996	0.253952	2.867183	0.405532
54.500000	0	0.121265	0.019491	1.200611	0.075235
54.500000	1	1.383667	0.111565	2.683090	0.453415
54.750000	0	0.115825	0.017815	0.607558	0.053878
54.750000	1	1.347093	0.263162	2.647308	0.298287
55.000000	0	0.115896	0.008024	0.759048	0.057677
55.000000	1	1.359955	0.302539	2.935244	0.366694
55.250000	0	0.120487	0.006396	0.914646	0.074064
55.250000	1	1.420801	0.134765	3.243887	0.425096
55.500000	0	0.116825	0.002475	0.886552	0.063933
55.500000	1	1.419653	0.253068	3.217273	0.443149
55.750000	0	0.118392	0.004510	0.998826	0.066487
55.750000	1	1.397980	0.483509	3.059791	0.426083
56.000000	0	0.117643	0.016198	0.860279	0.062567
56.000000	1	1.341803	0.230357	2.605057	0.366103
56.250000	0	0.115737	0.012805	0.777828	0.051924
56.250000	1	1.338885	0.718655	2.737555	0.326322
56.500000	0	0.112818	0.005945	0.536313	0.047358
56.500000	1	1.458216	0.621077	2.574135	0.387989
56.750000	0	0.116672	0.013907	0.446857	0.050035
56.750000	1	1.369323	0.487963	3.063835	0.375480
57.000000	0	0.113719	0.014879	0.725892	0.057041
57.000000	1	1.336096	0.608396	2.871892	0.340502
57.250000	0	0.114304	0.018287	0.841886	0.061040
57.250000	1	1.314472	0.472863	3.328339	0.372239
57.500000	0	0.116835	0.010204	0.804993	0.061312
57.500000	1	1.482231	0.564603	10.244213	1.159011
57.750000	0	0.122005	0.006031	3.220420	0.130794
57.750000	1	1.426827	0.360778	5.825989	0.640013
58.000000	0	0.119799	0.016313	0.696215	0.060163
58.000000	1	1.345261	0.104080	3.186359	0.365639
58.250000	0	0.119155	0.007648	0.693391	0.062953
58.250000	1	1.431990	0.200243	2.935656	0.448375
58.500000	0	0.115152	0.012805	0.386687	0.046084
58.500000	1	1.407630	0.641216	3.438529	0.369480
58.750000	0	0.115533	0.008532	0.621887	0.053825
58.750000	1	1.411178	0.328649	4.228131	0.443500
59.000000	0	0.118874	0.006563	0.665703	0.058178
59.000000	1	1.349067	0.320879	2.546955	0.345787
59.250000	0	0.112758	0.017946	0.843627	0.057285
59.250000	1	1.324742	0.277475	2.926881	0.367611
59.500000	0	0.115557	0.015377	0.648938	0.050485
59.500000	1	1.394086	0.171412	3.245564	0.460698
59.750000	0	0.115206	0.016016	0.466744	0.048715
59.750000	1	1.316414	0.283821	2.706332	0.345688
60.000000	0	0.117238	0.014362	0.614133	0.056109
60.000000	1	1.419086	0.509094	2.723455	0.344245
60.250000	0	0.117232	0.006859	0.541017	0.054499
60.250000	1	1.358894	0.180935	2.870355	0.365651
60.500000	0	0.114699	0.012137	0.484581	0.045061
60.500000	1	1.324888	0.572972	2.888674	0.304570
60.750000	0	0.116094	0.002996	0.715541	0.057976
60.750000	1	1.384104	0.357748	2.435365	0.343212
61.000000	0	0.114467	0.008920	0.738122	0.050292
61.000000	1	1.391920	0.531555	3.506189	0.405851
61.250000	0	0.115853	0.001654	1.297675	0.072760
61.250000	1	1.324559	0.231031	2.905352	0.374659
61.500000	0	0.116182	0.015598	0.759820	0.056665
61.500000	1	1.344673	0.496467	2.677161	0.344788
61.750000	0	0.115279	0.008400	0.634571	0.056999
61.750000	1	1.373444	0.565285	2.642916	0.428600
62.000000	0	0.117088	0.013017	1.024537	0.066723
62.000000	1	1.365697	0.208199	3.093685	0.345331
62.250000	0	0.115169	0.002038	0.332250	0.044289
62.250000	1	1.360056	0.744746	3.023806	0.354842
62.500000	0	0.118621	0.006988	1.018673	0.075788
62.500000	1	1.386195	0.523702	2.393390	0.316578
62.750000	0	0.116887	0.005634	0.943629	0.065827
62.750000	1	1.331512	0.372166	2.495284	0.271948
63.000000	0	0.114286	0.006446	0.411916	0.049045
63.000000	1	1.355018	0.356606	2.718322	0.326173
63.250000	0	0.114205	0.007382	0.538826	0.050678
63.250000	1	1.454077	0.527294	7.812911	0.872866
63.500000	0	0.116232	0.008825	1.121413	0.070311
63.500000	1	1.354207	0.035984	2.549543	0.374909
63.750000	0	0.117893	0.011090	0.746429	0.062393
63.750000	1	1.376277	0.397838	2.998911	0.399194
64.000000	0	0.116823	0.005635	1.040338	0.068987
64.000000	1	1.471205	0.358408	4.437506	0.498935
64.250000	0	0.112326	0.005602	0.367642	0.044448
64.250000	1	1.382328	0.794385	2.409170	0.289973
64.500000	0	0.112976	0.010527	0.682902	0.046547
64.500000	1	1.377638	0.192719	2.728258	0.343345
64.750000	0	0.114259	0.006080	0.927597	0.054638
64.750000	1	1.392241	0.578457	2.729527	0.311802
65.000000	0	0.112577	0.011085	1.030523	0.054087
65.000000	1	1.399690	0.383728	3.638537	0.391693
65.250000	0	0.113819	0.013583	0.534762	0.050577
65.250000	1	1.461636	0.465760	3.061369	0.450673
65.500000	0	0.112586	0.006171	0.487700	0.050766
65.500000	1	1.388806	0.560927	3.073144	0.323080
65.750000	0	0.115301	0.013467	1.418876	0.066114
65.750000	1	1.308165	0.242870	2.799187	0.344140
66.000000	0	0.113829	0.009254	0.544561	0.050344
66.000000	1	1.320932	0.546512	3.037282	0.410492
66.250000	0	0.121431	0.009116	1.440311	0.090239
66.250000	1	1.461156	0.438673	3.300642	0.457944
66.500000	0	0.114314	0.006686	0.562455	0.054680
66.500000	1	1.364188	0.106027	2.837037	0.360673
66.750000	0	0.117048	0.014892	0.584654	0.056284
66.750000	1	1.365630	0.422204	2.785800	0.378974
67.000000	0	0.114171	0.009581	0.695142	0.055445
67.000000	1	1.376641	0.297654	2.706364	0.366821
67.250000	0	0.113980	0.010682	0.546376	0.049752
67.250000	1	1.329988	0.227358	2.651210	0.403800
67.500000	0	0.115928	0.010000	0.762342	0.053542
67.500000	1	1.363672	0.459740	2.376348	0.300257
67.750000	0	0.114117	0.018168	0.900665	0.059580
67.750000	1	1.335596	0.338870	3.168647	0.342805
68.000000	0	0.116615	0.017277	0.623372	0.049081
68.000000	1	1.403804	0.212038	3.507602	0.427716
68.250000	0	0.113549	0.017700	0.430304	0.046804
68.250000	1	1.382022	0.324076	2.935957	0.341060
68.500000	0	0.113082	0.007760	0.573671	0.050257
68.500000	1	1.342163	0.173081	2.495047	0.347618
68.750000	0	0.115061	0.011202	0.468279	0.047828
68.750000	1	1.350382	0.593287	2.543698	0.258182
69.000000	0	0.113990	0.004650	0.619795	0.054099
69.000000	1	1.379588	0.409087	2.455386	0.372522
69.250000	0	0.113257	0.001706	0.704120	0.055385
69.250000	1	1.328824	0.228286	2.428861	0.342993
69.500000	0	0.117465	0.002131	0.551989	0.053692
69.500000	1	1.417281	0.530661	2.460312	0.409285
69.750000	0	0.117143	0.003162	0.739860	0.058936
69.750000	1	1.350541	0.311176	4.941556	0.468674
70.000000	0	0.119482	0.007702	1.131437	0.080399
70.000000	1	1.430880	0.153411	2.924464	0.440714
70.250000	0	0.114524	0.011062	0.615062	0.050451
70.250000	1	1.402309	0.354164	2.701373	0.349708
70.500000	0	0.113612	0.006589	0.370627	0.040750
70.500000	1	1.384218	0.867721	2.789278	0.299940
70.750000	0	0.114827	0.007937	0.879338	0.054310
70.750000	1	1.332676	0.680259	2.400513	0.331353
71.000000	0	0.120511	0.028684	0.569756	0.060069
71.000000	1	1.345550	0.559369	3.051835	0.378647
71.250000	0	0.114949	0.002745	0.687659	0.055254
71.250000	1	1.392432	0.593308	2.637267	0.389765
71.500000	0	0.115248	0.007166	0.888674	0.058451
71.500000	1	1.379870	0.648069	3.034209	0.315482
71.750000	0	0.116247	0.006088	0.891642	0.065471
71.750000	1	1.393831	0.695090	2.952639	0.375463
72.000000	0	0.117203	0.010955	1.117095	0.066966
72.000000	1	1.405792	0.059379	2.546726	0.367629
72.250000	0	0.112366	0.004830	0.357513	0.045125
72.250000	1	1.317932	0.317215	2.197272	0.281270
72.500000	0	0.115153	0.014787	0.808457	0.058315
72.500000	1	1.406071	0.089224	4.204399	0.515470
72.750000	0	0.113982	0.004071	0.521803	0.047970
72.750000	1	1.388606	0.753385	2.594465	0.312135
73.000000	0	0.114424	0.013386	0.444342	0.047407
73.000000	1	1.313141	0.252643	2.439419	0.289628
73.250000	0	0.116891	0.017815	0.609893	0.054093
73.250000	1	1.302822	0.346734	2.183359	0.311853
73.500000	0	0.113922	0.018861	0.602673	0.051780
73.500000	1	1.355325	0.512483	2.625291	0.366050
73.750000	0	0.111684	0.018284	0.392334	0.044051
73.750000	1	1.340120	0.323764	3.177657	0.383510
74.000000	0	0.117131	0.014740	0.762857	0.057893
74.000000	1	1.387268	0.318595	2.541444	0.408344
74.250000	0	0.112349	0.015549	0.322647	0.042211
74.250000	1	1.341242	0.572812	2.506710	0.306029
74.500000	0	0.116808	0.011960	0.747832	0.053997
74.500000	1	1.386307	0.389679	3.289616	0.419334
74.750000	0	0.115943	0.016961	1.160917	0.067351
74.750000	1	1.292703	0.401152	2.209568	0.292844
75.000000	0	0.119113	0.016684	0.694326	0.060872
75.000000	1	1.363614	0.043086	2.973012	0.430595
75.250000	0	0.117293	0.020537	0.881957	0.060961
75.250000	1	1.369349	0.118859	3.645507	0.497088
75.500000	0	0.117968	0.000782	1.041207	0.065567
75.500000	1	1.338753	0.508503	2.200946	0.300229
75.750000	0	0.113685	0.012501	0.578598	0.054672
75.750000	1	1.427390	0.181310	5.804486	0.630307
76.000000	0	0.115626	0.001133	0.683637	0.055940
76.000000	1	1.403011	0.358775	2.980178	0.414399
76.250000	0	0.116055	0.010979	0.629777	0.054306
76.250000	1	1.417525	0.378213	4.418486	0.446349
76.500000	0	0.114348	0.018505	0.476887	0.046262
76.500000	1	1.355914	0.208070	2.717378	0.351828
76.750000	0	0.116898	0.004637	0.991543	0.070308
76.750000	1	1.411975	0.341387	5.130991	0.577961
77.000000	0	0.117194	0.006689	0.754832	0.057578
77.000000	1	1.426656	0.681926	2.991838	0.391046
77.250000	0	0.116660	0.001279	0.769928	0.058027
77.250000	1	1.401501	0.438464	3.328046	0.427097
77.500000	0	0.120023	0.014133	0.688196	0.061259
77.500000	1	1.367649	0.267239	3.089422	0.439647
77.750000	0	0.117400	0.007390	0.622601	0.057979
77.750000	1	1.345182	0.461612	2.488000	0.379448
78.000000	0	0.117746	0.004424	0.411058	0.053721
78.000000	1	1.332729	0.297541	2.441866	0.350314
78.250000	0	0.114729	0.009624	0.901236	0.057790
78.250000	1	1.359505	0.321958	2.553784	0.358735
78.500000	0	0.115769	0.008586	0.842149	0.063752
78.500000	1	1.460227	0.151255	9.243918	1.100672
78.750000	0	0.123081	0.011853	0.859800	0.072442
78.750000	1	1.360698	0.239077	3.305223	0.388098
79.000000	0	0.116599	0.007565	0.494076	0.053179
79.000000	1	1.312276	0.287150	2.327030	0.344811
79.250000	0	0.116277	0.009413	0.634225	0.056775
79.250000	1	1.452906	0.084208	3.391291	0.442872
79.500000	0	0.116202	0.001806	0.937177	0.059528
79.500000	1	1.308145	0.249394	2.494430	0.328677
79.750000	0	0.114364	0.012334	0.743049	0.057362
79.750000	1	1.348903	0.346421	3.071344	0.380088
80.000000	0	0.113953	0.006025	0.733436	0.055355
80.000000	1	1.324141	0.500494	2.290514	0.309264
80.250000	0	0.117566	0.014461	0.643953	0.061033
80.250000	1	1.316279	0.305895	3.014994	0.354483
80.500000	0	0.119908	0.020092	0.584216	0.060067
80.500000	1	1.386805	0.394470	3.480789	0.404717
80.750000	0	0.117066	0.007498	0.565738	0.054807
80.750000	1	1.368679	0.409618	2.549168	0.336716
81.000000	0	0.116154	0.016109	0.646329	0.053856
81.000000	1	1.422618	0.412504	5.075431	0.505090
81.250000	0	0.116589	0.000206	0.525965	0.053969
81.250000	1	1.357701	0.506561	2.900706	0.337273
81.500000	0	0.117521	0.009092	0.466750	0.052991
81.500000	1	1.395445	0.731860	3.120499	0.338451
81.750000	0	0.114045	0.010832	0.711058	0.050335
81.750000	1	1.317814	0.494063	2.593320	0.273147
82.000000	0	0.115611	0.013462	1.006922	0.056012
82.000000	1	1.325791	0.165465	2.509412	0.320452
82.250000	0	0.117218	0.021590	0.564372	0.053412
82.250000	1	1.371897	0.315416	2.458377	0.372243
82.500000	0	0.117953	0.011950	0.575355	0.057885
82.500000	1	1.346037	0.171188	2.739029	0.382895
82.750000	0	0.119126	0.001693	0.678432	0.065475
82.750000	1	1.396530	0.256094	2.925268	0.450214
83.000000	0	0.116107	0.017810	0.688384	0.055347
83.000000	1	1.294977	0.167030	2.530888	0.329287
83.250000	0	0.114301	0.011546	0.500051	0.050851
83.250000	1	1.328782	0.492544	2.501774	0.351053
83.500000	0	0.115843	0.005522	0.600482	0.057885
83.500000	1	1.362741	0.094460	3.376009	0.442544
83.750000	0	0.117103	0.019059	0.372569	0.053073
83.750000	1	1.349615	0.533005	2.253310	0.270239
84.000000	0	0.119161	0.012715	1.048888	0.070963
84.000000	1	1.330324	0.410381	2.290277	0.293950
84.250000	0	0.114024	0.015414	0.758593	0.056540
84.250000	1	1.328506	0.334207	2.646047	0.335524
84.500000	0	0.116716	0.007369	0.674705	0.056086
84.500000	1	1.354721	0.422633	3.089161	0.393117
84.750000	0	0.117744	0.005070	0.688957	0.060739
84.750000	1	1.374583	0.431850	3.095578	0.422138
85.000000	0	0.115634	0.011960	0.745383	0.057917
85.000000	1	1.373945	0.265665	3.796703	0.464171
85.250000	0	0.116972	0.014340	0.702534	0.059220
85.250000	1	1.334015	0.369992	2.595655	0.354571
85.500000	0	0.117027	0.013202	1.037665	0.064132
85.500000	1	1.361024	0.324265	2.919578	0.380271
85.750000	0	0.113924	0.010058	1.040382	0.059194
85.750000	1	1.351347	0.279914	3.117319	0.418290
86.000000	0	0.114427	0.009368	0.727029	0.055658
86.000000	1	1.398318	0.349575	3.419498	0.423864
86.250000	0	0.115237	0.014781	1.319071	0.065455
86.250000	1	1.411643	0.612853	3.480343	0.432303
86.500000	0	0.114291	0.022001	0.660458	0.048516
86.500000	1	1.363996	0.701984	3.174666	0.351143
86.750000	0	0.116926	0.008281	0.449200	0.051560
86.750000	1	1.411654	0.536263	2.905530	0.416496
87.000000	0	0.115417	0.009010	0.562002	0.048320
87.000000	1	1.367463	0.233879	3.252588	0.314104
87.250000	0	0.119461	0.009132	0.730869	0.060575
87.250000	1	1.394357	0.682115	2.973277	0.369153
87.500000	0	0.115053	0.014533	0.460099	0.047621
87.500000	1	1.370308	0.570033	2.225037	0.296494
87.750000	0	0.114033	0.009897	1.311686	0.065817
87.750000	1	1.375580	0.633939	3.167189	0.395981
88.000000	0	0.115831	0.018229	1.087002	0.064627
88.000000	1	1.339343	0.149355	2.488173	0.320110
88.250000	0	0.119833	0.011222	1.009400	0.066582
88.250000	1	1.302337	0.617705	2.247194	0.279822
88.500000	0	0.114943	0.013865	0.396447	0.048671
88.500000	1	1.403043	0.287387	5.296793	0.564767
88.750000	0	0.113284	0.015082	0.595462	0.048936
88.750000	1	1.375791	0.695421	4.392714	0.459562
89.000000	0	0.117954	0.016170	1.122705	0.071240
89.000000	1	1.398307	0.340580	3.304741	0.397830
89.250000	0	0.122058	0.012194	0.886616	0.064082
89.250000	1	1.348074	0.234083	2.488560	0.306781
89.500000	0	0.114662	0.011926	0.373614	0.046128
89.500000	1	1.306480	0.216464	2.614690	0.310200
89.750000	0	0.116837	0.013680	0.560429	0.046956
89.750000	1	1.342132	0.305395	2.319927	0.317495
90.000000	0	0.114274	0.010646	0.401285	0.048429
90.000000	1	1.346466	0.447980	2.586007	0.306777
90.250000	0	0.116962	0.007832	0.771736	0.056171
90.250000	1	1.420325	0.512225	3.170411	0.476348
90.500000	0	0.116604	0.008834	0.470351	0.055141
90.500000	1	1.402726	0.208885	3.170244	0.458460
90.750000	0	0.115778	0.005361	0.778065	0.060498
90.750000	1	1.368453	0.477367	2.841779	0.366294
91.000000	0	0.113193	0.008913	0.665342	0.048989
91.000000	1	1.412671	0.521453	3.017688	0.410436
91.250000	0	0.117148	0.013272	0.765277	0.063713
91.250000	1	1.351613	0.680445	3.760349	0.355967
91.500000	0	0.117400	0.006791	0.639947	0.060832
91.500000	1	1.349696	0.473595	2.796420	0.345192
91.750000	0	0.111753	0.005651	0.651134	0.050435
91.750000	1	1.408785	0.447996	3.953667	0.433586
92.000000	0	0.113255	0.010530	0.421911	0.046510
92.000000	1	1.353487	0.318728	2.815031	0.367550
92.250000	0	0.112058	0.004911	0.449170	0.047362
92.250000	1	1.404275	0.661236	3.798026	0.430233
92.500000	0	0.118051	0.002335	0.642384	0.055636
92.500000	1	1.328850	0.375758	3.250169	0.412196
92.750000	0	0.113982	0.008324	0.611060	0.054796
92.750000	1	1.357203	0.455460	2.907871	0.440827
93.000000	0	0.116002	0.007791	0.671889	0.055011
93.000000	1	1.366780	0.128592	2.610555	0.385933
93.250000	0	0.120554	0.006559	0.995189	0.077522
93.250000	1	1.370354	0.097039	4.218402	0.497054
93.500000	0	0.116723	0.008873	0.647150	0.062843
93.500000	1	1.374867	0.551872	3.185184	0.325051
93.750000	0	0.116959	0.022937	0.620470	0.051283
93.750000	1	1.337626	0.146393	2.417741	0.323350
94.000000	0	0.117129	0.006319	0.602803	0.055192
94.000000	1	1.387904	0.500905	3.520054	0.395814
94.250000	0	0.110583	0.008899	0.749505	0.054699
94.250000	1	1.377755	0.724758	2.463739	0.353038
94.500000	0	0.114546	0.020581	0.650881	0.052404
94.500000	1	1.368325	0.568498	3.140420	0.367938
94.750000	0	0.115771	0.002300	0.657175	0.059602
94.750000	1	1.351493	0.256924	2.477851	0.369372
95.000000	0	0.113572	0.010720	1.151017	0.062306
95.000000	1	1.355493	0.582856	4.557923	0.422837
95.250000	0	0.114850	0.014932	0.533076	0.051978
95.250000	1	1.338535	0.184833	2.791045	0.340731
95.500000	0	0.116631	0.004114	0.817164	0.058974
95.500000	1	1.402351	0.227016	3.017152	0.425717
95.750000	0	0.114884	0.005661	0.488862	0.050938
95.750000	1	1.313696	0.208790	2.447504	0.338762
96.000000	0	0.116961	0.006906	0.676779	0.057577
96.000000	1	1.371453	0.141278	3.793308	0.442602
96.250000	0	0.115990	0.015008	0.535677	0.055002
96.250000	1	1.364947	0.272502	2.348070	0.297716
96.500000	0	0.114566	0.014404	0.686215	0.054183
96.500000	1	1.401567	0.336151	2.907799	0.380211
96.750000	0	0.113503	0.005308	0.495410	0.048352
96.750000	1	1.406897	0.676194	2.807469	0.355328
97.000000	0	0.115165	0.011344	0.831589	0.053266
97.000000	1	1.351152	0.484045	2.856617	0.348006
97.250000	0	0.114514	0.007679	0.928334	0.059667
97.250000	1	1.346723	0.224849	3.346725	0.400056
97.500000	0	0.111639	0.008239	0.497844	0.045014
97.500000	1	1.281411	0.452644	2.333764	0.298165
97.750000	0	0.116807	0.006702	0.724387	0.057685
97.750000	1	1.382722	0.457013	3.186059	0.425764
98.000000	0	0.111148	0.012117	0.559106	0.045720
98.000000	1	1.374739	0.199140	2.881597	0.413370
98.250000	0	0.116326	0.003565	0.697804	0.057123
98.250000	1	1.369984	0.292422	3.158659	0.361948
98.500000	0	0.112155	0.005938	0.556876	0.047705
98.500000	1	1.332876	0.374996	2.851065	0.306480
98.750000	0	0.115825	0.017846	0.909186	0.056211
98.750000	1	1.460238	0.495637	3.960475	0.491338
99.000000	0	0.116928	0.016759	0.755411	0.058871
99.000000	1	1.360017	0.201692	3.215524	0.386681
99.250000	0	0.113183	0.002093	0.453078	0.043387
99.250000	1	1.313058	0.384829	2.766169	0.313329
99.500000	0	0.114985	0.003749	0.565174	0.049535
99.500000	1	1.328712	0.565062	2.599823	0.305993
99.750000	0	0.111655	0.023745	0.772308	0.047414
99.750000	1	1.450917	0.763718	3.282478	0.409362
100.000000	0	0.114004	0.014072	0.478575	0.050654
100.000000	1	1.365323	0.129348	3.326658	0.401350
100.250000	0	0.115242	0.006018	0.546020	0.051747
100.250000	1	1.356408	0.549350	2.616110	0.370975
100.500000	0	0.112375	0.016355	0.410192	0.043598
100.500000	1	1.360755	0.643606	2.746837	0.304314
100.750000	0	0.115294	0.023424	0.942131	0.053100
100.750000	1	1.299071	0.325680	2.353904	0.284150
101.000000	0	0.114464	0.018598	0.599580	0.051794
101.000000	1	1.393702	0.665309	3.353179	0.402166
101.250000	0	0.113384	0.010532	0.598557	0.051625
101.250000	1	1.395894	0.590146	3.142135	0.293898
101.500000	0	0.114430	0.011380	0.693886	0.053996
101.500000	1	1.307375	0.429258	2.325457	0.294500
101.750000	0	0.121121	0.006021	0.547833	0.058859
101.750000	1	1.446522	0.496240	5.088934	0.557372
102.000000	0	0.116720	0.006789	0.846258	0.065355
102.000000	1	1.381408	0.381668	2.670441	0.335927
102.250000	0	0.118807	0.026529	0.738153	0.060345
102.250000	1	1.342070	0.091780	2.658449	0.341013
102.500000	0	0.114306	0.011069	0.594862	0.047868
102.500000	1	1.353458	0.222919	2.640997	0.344140
102.750000	0	0.118286	0.019591	1.105598	0.071780
102.750000	1	1.329038	0.092639	2.527928	0.414491
103.000000	0	0.118132	0.008912	0.852803	0.064162
103.000000	1	1.349497	0.428562	2.970708	0.380425
103.250000	0	0.118403	0.024214	1.067717	0.075841
103.250000	1	1.338328	0.128259	2.682817	0.347858
103.500000	0	0.118694	0.020816	0.728840	0.062868
103.500000	1	1.337609	0.568201	3.148065	0.370337
103.750000	0	0.116615	0.021182	0.781866	0.053645
103.750000	1	1.363725	0.687294	2.576303	0.336426
104.000000	0	0.119149	0.018697	1.199840	0.071239
104.000000	1	1.374071	0.302408	3.366698	0.427644
104.250000	0	0.114249	0.007207	0.662778	0.051968
104.250000	1	1.396944	0.455333	3.585880	0.409886
104.500000	0	0.114340	0.007440	0.841353	0.056883
104.500000	1	1.367091	0.211246	2.539260	0.324731
104.750000	0	0.115798	0.003625	0.997861	0.059690
104.750000	1	1.347080	0.616313	2.979015	0.335923
105.000000	0	0.112220	0.005131	0.424192	0.046948
105.000000	1	1.338739	0.148358	2.815186	0.335528
105.250000	0	0.112530	0.010531	0.421893	0.043332
105.250000	1	1.372909	0.508791	2.489487	0.325085
105.500000	0	0.112700	0.009308	0.505964	0.047560
105.500000	1	1.518930	0.278606	7.338728	0.870460
105.750000	0	0.117278	0.010026	0.516454	0.058829
105.750000	1	1.405587	0.285887	3.869203	0.484137
106.000000	0	0.117571	0.014352	1.243086	0.067939
106.000000	1	1.373290	0.338586	2.883523	0.383676
106.250000	0	0.112332	0.007022	0.564544	0.048865
106.250000	1	1.338354	0.549763	3.047097	0.299641
106.500000	0	0.118238	0.002976	0.656066	0.057999
106.500000	1	1.355182	0.373107	2.520604	0.353767
106.750000	0	0.117479	0.017730	0.578733	0.052949
106.750000	1	1.419243	0.193686	4.754169	0.540708
107.000000	0	0.120349	0.017857	0.859981	0.065255
107.000000	1	1.398263	0.220336	3.354896	0.408812
107.250000	0	0.116341	0.009089	0.673542	0.056410
107.250000	1	1.333675	0.229262	3.034555	0.346647
107.500000	0	0.113874	0.002255	0.457262	0.048004
107.500000	1	1.332184	0.201183	3.188401	0.368199
107.750000	0	0.117928	0.016769	0.716028	0.058959
107.750000	1	1.340024	0.258317	2.642878	0.346576
108.000000	0	0.110751	0.019613	0.362087	0.042504
108.000000	1	1.353180	0.311999	2.645598	0.391282
108.250000	0	0.116124	0.000827	0.728555	0.056906
108.250000	1	1.350447	0.271099	2.697476	0.387117
108.500000	0	0.113314	0.002526	0.586264	0.050113
108.500000	1	1.286253	0.341711	2.427696	0.332108
108.750000	0	0.117617	0.007433	0.794309	0.063984
108.750000	1	1.371417	0.229039	3.495308	0.383744
109.000000	0	0.112273	0.019210	0.463140	0.046390
109.000000	1	1.346919	0.386721	2.392561	0.331603
109.250000	0	0.112529	0.015747	0.667272	0.050337
109.250000	1	1.380189	0.417534	2.907129	0.374182
109.500000	0	0.115946	0.023404	1.237509	0.068531
109.500000	1	1.348279	0.158119	2.661100	0.365361
109.750000	0	0.115979	0.007878	0.874180	0.060716
109.750000	1	1.351888	0.453882	3.214189	0.380673
110.000000	0	0.115316	0.005254	0.673003	0.056002
110.000000	1	1.425959	0.245799	4.466763	0.522052
110.250000	0	0.116691	0.007466	0.392073	0.045782
110.250000	1	1.445045	0.098122	2.581446	0.378919
110.500000	0	0.113683	0.011070	0.531629	0.046601
110.500000	1	1.391092	0.757350	2.478000	0.280163
110.750000	0	0.112350	0.014047	0.525292	0.045220
110.750000	1	1.338658	0.479326	2.626551	0.325180
111.000000	0	0.114709	0.006442	1.039000	0.061918
111.000000	1	1.381318	0.579266	3.199476	0.376075
111.250000	0	0.116262	0.005401	1.603202	0.076786
111.250000	1	1.320012	0.175713	2.804070	0.363182
111.500000	0	0.116779	0.010260	0.738534	0.053916
111.500000	1	1.344955	0.418325	3.124507	0.388555
111.750000	0	0.117032	0.012866	1.082181	0.068943
111.750000	1	1.343349	0.231258	2.684927	0.402831
112.000000	0	0.116812	0.010097	0.481312	0.056862
112.000000	1	1.358150	0.264593	2.745285	0.392426
112.250000	0	0.115098	0.000572	1.110062	0.062313
112.250000	1	1.362211	0.238860	2.847943	0.393673
112.500000	0	0.117344	0.009740	1.138336	0.070410
112.500000	1	1.375344	0.444876	2.454443	0.345352
112.750000	0	0.113767	0.018125	0.943091	0.052801
112.750000	1	1.376387	0.278552	4.017201	0.465694
113.000000	0	0.114355	0.021011	0.851487	0.054418
113.000000	1	1.398935	0.713556	3.187796	0.348543
113.250000	0	0.113170	0.004078	0.501213	0.051363
113.250000	1	1.388619	0.351337	4.327493	0.506330
113.500000	0	0.112735	0.009172	0.662906	0.048364
113.500000	1	1.347348	0.416210	2.532019	0.365774
113.750000	0	0.116796	0.013135	0.648977	0.057855
113.750000	1	1.401961	0.338168	2.696632	0.355288
114.000000	0	0.116589	0.009962	1.022463	0.066660
114.000000	1	1.389562	0.291801	2.611755	0.410821
114.250000	0	0.113692	0.004946	0.704247	0.052780
114.250000	1	1.350281	0.602410	2.662093	0.292705
114.500000	0	0.114254	0.011635	0.409282	0.045005
114.500000	1	1.360348	0.356733	2.589203	0.350701
114.750000	0	0.111820	0.004287	0.477231	0.043283
114.750000	1	1.352156	0.379612	2.445016	0.321880
115.000000	0	0.112126	0.003147	0.419011	0.048351
115.000000	1	1.386000	0.131175	2.839210	0.423870
115.250000	0	0.114840	0.012143	0.494550	0.047030
115.250000	1	1.332400	0.511563	2.894791	0.361405
115.500000	0	0.113276	0.009870	0.702114	0.052635
115.500000	1	1.333802	0.195072	2.691248	0.377481
115.750000	0	0.118830	0.013941	0.882671	0.063326
115.750000	1	1.396203	0.274942	3.267219	0.355311
116.000000	0	0.112763	0.013393	0.948486	0.059137
116.000000	1	1.320550	0.130015	2.813649	0.305789
116.250000	0	0.115778	0.012683	0.913796	0.060514
116.250000	1	1.283631	0.555306	2.049541	0.266474
116.500000	0	0.118277	0.010119	0.553471	0.059189
116.500000	1	1.356626	0.387188	2.731916	0.412560
116.750000	0	0.119358	0.016139	0.637930	0.059595
116.750000	1	1.338617	0.230913	2.919859	0.426030
117.000000	0	0.118177	0.017731	0.781416	0.064087
117.000000	1	1.322268	0.528598	2.673725	0.343045
117.250000	0	0.120205	0.002866	1.354440	0.081141
117.250000	1	1.397704	0.451541	3.164470	0.434170
117.500000	0	0.118414	0.003278	0.877452	0.067833
117.500000	1	1.483896	0.575291	4.989824	0.558804
117.750000	0	0.114744	0.009070	0.680759	0.057197
117.750000	1	1.409012	0.159107	3.013485	0.466369
118.000000	0	0.115938	0.012906	0.662742	0.054427
118.000000	1	1.469653	0.626248	4.467362	0.498130
118.250000	0	0.119099	0.012895	1.016931	0.066339
118.250000	1	1.412519	0.394240	2.797932	0.404763
118.500000	0	0.113753	0.016644	0.516277	0.047170
118.500000	1	1.299370	0.185510	2.117940	0.262441
118.750000	0	0.114388	0.024229	0.524946	0.047920
118.750000	1	1.330088	0.379987	2.267011	0.265057
119.000000	0	0.113404	0.005425	0.351080	0.043005
119.000000	1	1.418094	0.457355	2.986782	0.428752
119.250000	0	0.113162	0.007759	0.687146	0.051084
119.250000	1	1.324435	0.447396	2.436244	0.264031
119.500000	0	0.112466	0.006261	0.773802	0.048078
119.500000	1	1.354871	0.456216	2.219331	0.327594
119.750000	0	0.112894	0.014771	0.644680	0.048073
119.750000	1	1.399212	0.364144	2.540948	0.371680
120.000000	0	0.113680	0.002751	0.482010	0.046267
120.000000	1	1.329383	0.330271	2.870289	0.313809
120.250000	0	0.114473	0.006712	0.484418	0.051759
120.250000	1	1.350120	0.472854	2.420375	0.299401
120.500000	0	0.111419	0.015160	0.387995	0.042394
120.500000	1	1.294617	0.170074	2.282258	0.308717
120.750000	0	0.115096	0.013708	0.339465	0.047426
120.750000	1	1.426514	0.155099	3.728718	0.460199
121.000000	0	0.117336	0.011944	0.868603	0.059897
121.000000	1	1.400356	0.680023	2.799559	0.385194
121.250000	0	0.118188	0.021686	0.812388	0.063849
121.250000	1	1.438902	0.511674	2.720787	0.357572
121.500000	0	0.110976	0.012831	0.504177	0.047153
121.500000	1	1.334817	0.271169	2.379186	0.303765
121.750000	0	0.116063	0.010189	0.738343	0.052236
121.750000	1	1.362396	0.039183	4.310711	0.507951
122.000000	0	0.112913	0.008460	0.698293	0.052380
122.000000	1	1.404334	0.367678	3.718898	0.511776
122.250000	0	0.113653	0.017983	0.549328	0.051104
122.250000	1	1.364408	0.537352	2.630194	0.328975
122.500000	0	0.111828	0.009575	0.513686	0.048436
122.500000	1	1.318541	0.423986	2.761111	0.300972
122.750000	0	0.116309	0.013561	0.985832	0.060791
122.750000	1	1.342381	0.411246	2.595946	0.340030
123.000000	0	0.113683	0.016937	0.633915	0.049319
123.000000	1	1.366621	0.350587	2.977081	0.446145
123.250000	0	0.116230	0.008053	0.645231	0.054012
123.250000	1	1.374123	0.330996	3.007157	0.418293
123.500000	0	0.117685	0.014071	0.505584	0.051308
123.500000	1	1.308646	0.161160	3.097088	0.355429
123.750000	0	0.115598	0.015675	0.508231	0.052941
123.750000	1	1.386831	0.361785	2.876336	0.373306
124.000000	0	0.115954	0.003549	0.635270	0.056234
124.000000	1	1.392143	0.337809	3.346547	0.401357
124.250000	0	0.113204	0.002743	0.579165	0.053212
124.250000	1	1.351996	0.384140	2.782340	0.368062
124.500000	0	0.115297	0.012263	1.043531	0.058798
124.500000	1	1.349822	0.411981	3.189365	0.333097
124.750000	0	0.113670	0.015999	0.516839	0.047385
124.750000	1	1.434826	0.514347	3.112304	0.424713
125.000000	0	0.112749	0.011602	0.368448	0.042627
125.000000	1	1.365811	0.320561	3.609106	0.398708
125.250000	0	0.113983	0.009787	0.716017	0.052832
125.250000	1	1.351659	0.240343	3.815089	0.483554
125.500000	0	0.114881	0.028352	0.529359	0.051049
125.500000	1	1.422786	0.593719	3.495845	0.442336
125.750000	0	0.108919	0.004412	0.412899	0.042523
125.750000	1	1.367454	0.455990	3.054839	0.363148
126.000000	0	0.114267	0.007612	0.460660	0.048568
126.000000	1	1.361296	0.053766	2.837177	0.367767
126.250000	0	0.113045	0.006852	0.840776	0.051706
126.250000	1	1.341068	0.408777	2.861926	0.337385
126.500000	0	0.116459	0.019965	0.560308	0.055303
126.500000	1	1.402519	0.224921	4.717198	0.508548
126.750000	0	0.114679	0.028839	0.414870	0.042086
126.750000	1	1.395998	0.332449	2.563571	0.355812
127.000000	0	0.113154	0.014026	0.532942	0.049715
127.000000	1	1.346614	0.720008	2.371087	0.266767
127.250000	0	0.111793	0.009868	0.933698	0.056804
127.250000	1	1.405178	0.515708	3.191531	0.435417
127.500000	0	0.117930	0.002511	0.542500	0.054069
127.500000	1	1.371025	0.233036	4.151796	0.441390
127.750000	0	0.115189	0.013168	1.064899	0.064472
127.750000	1	1.365233	0.263725	2.931099	0.385667
128.000000	0	0.116924	0.009404	0.548015	0.050555
128.000000	1	1.400490	0.217514	3.064959	0.447280
128.250000	0	0.117670	0.018102	0.896281	0.061479
128.250000	1	1.307935	0.075138	2.344162	0.339505
128.500000	0	0.112156	0.008754	0.603498	0.047371
128.500000	1	1.378841	0.752155	3.065854	0.371981
128.750000	0	0.115148	0.010037	0.872328	0.054397
128.750000	1	1.382258	0.267859	2.561339	0.393828
129.000000	0	0.113439	0.004999	0.598679	0.048079
129.000000	1	1.405270	0.719436	2.871750	0.354922
129.250000	0	0.114267	0.009885	0.533313	0.050297
129.250000	1	1.389272	0.077922	3.052026	0.403979
129.500000	0	0.118933	0.005103	1.178423	0.074262
129.500000	1	1.442191	0.217723	3.211543	0.464851
129.750000	0	0.114529	0.006866	0.471262	0.051683
129.750000	1	1.371536	0.636261	2.930138	0.341073
130.000000	0	0.113470	0.013160	0.502545	0.047141
130.000000	1	1.359566	0.370965	2.170326	0.339926
130.250000	0	0.114047	0.004364	0.514554	0.048114
130.250000	1	1.363833	0.390496	2.879074	0.376989
130.500000	0	0.116728	0.011819	0.877399	0.057796
130.500000	1	1.350133	0.356517	2.932479	0.372869
130.750000	0	0.109534	0.017266	0.398803	0.041037
130.750000	1	1.363682	0.198663	2.799430	0.392018
131.000000	0	0.111096	0.006128	0.338907	0.044821
131.000000	1	1.368007	0.514226	2.872954	0.354553
131.250000	0	0.117504	0.022312	0.909688	0.059723
131.250000	1	1.337879	0.267682	2.647839	0.384020
131.500000	0	0.115810	0.021417	0.583921	0.052369
131.500000	1	1.328527	0.518998	2.615836	0.389077
131.750000	0	0.116584	0.019530	0.943959	0.065209
131.750000	1	1.407057	0.262562	2.781120	0.436808
132.000000	0	0.117012	0.010764	0.646787	0.056353
132.000000	1	1.379463	0.455904	3.152246	0.441257
132.250000	0	0.115441	0.016453	0.701843	0.057416
132.250000	1	1.384845	0.117273	4.169063	0.489175
132.500000	0	0.117718	0.016516	1.204155	0.068882
132.500000	1	1.429839	0.614171	2.724103	0.387160
132.750000	0	0.115885	0.010811	0.781955	0.060028
132.750000	1	1.378126	0.307355	2.690966	0.353266
133.000000	0	0.114171	0.017013	0.402915	0.046238
133.000000	1	1.337629	0.269729	2.982084	0.322012
133.250000	0	0.111775	0.018410	0.597274	0.049659
133.250000	1	1.395913	0.423406	2.699604	0.345123
133.500000	0	0.110310	0.009776	0.529032	0.045284
133.500000	1	1.382072	0.457725	2.592133	0.334425
133.750000	0	0.113135	0.005075	0.386651	0.045766
133.750000	1	1.373595	0.661269	2.731721	0.319296
134.000000	0	0.114224	0.015595	0.750590	0.054002
134.000000	1	1.382059	0.669619	3.322443	0.354362
134.250000	0	0.113940	0.011677	0.589660	0.049286
134.250000	1	1.349498	0.545659	3.024963	0.386243
134.500000	0	0.116373	0.007018	0.873779	0.058551
134.500000	1	1.304177	0.089629	2.677157	0.401889
134.750000	0	0.113659	0.005334	0.690728	0.051346
134.750000	1	1.426010	0.478216	3.558877	0.417978
135.000000	0	0.110332	0.012055	0.558731	0.047546
135.000000	1	1.367892	0.663631	2.869802	0.300543
135.250000	0	0.112094	0.011012	0.459658	0.043971
135.250000	1	1.399813	0.333569	3.654232	0.459225
135.500000	0	0.113225	0.011121	0.619494	0.050018
135.500000	1	1.327551	0.559107	2.525030	0.328321
135.750000	0	0.114249	0.012901	0.638914	0.053196
135.750000	1	1.332290	0.297048	2.770383	0.422319
136.000000	0	0.118453	0.013777	0.665031	0.064932
136.000000	1	1.408029	0.540665	2.829757	0.408762
136.250000	0	0.114055	0.006732	0.345957	0.043659
136.250000	1	1.351718	0.342691	3.707790	0.426594
136.500000	0	0.118811	0.014666	0.710655	0.057762
136.500000	1	1.409274	0.277702	2.824837	0.437846
136.750000	0	0.114218	0.008514	0.597719	0.051961
136.750000	1	1.433909	0.180258	7.830208	0.886734
137.000000	0	0.122401	0.008576	2.051266	0.110256
137.000000	1	1.440856	0.252001	5.429419	0.561532
137.250000	0	0.117028	0.011585	1.475739	0.079916
137.250000	1	1.355390	0.143647	2.612427	0.344385
137.500000	0	0.110209	0.009111	0.444848	0.046571
137.500000	1	1.402761	0.053778	4.066180	0.509443
137.750000	0	0.118219	0.012706	1.178193	0.076364
137.750000	1	1.368289	0.526755	2.515368	0.356606
138.000000	0	0.112449	0.016934	0.526232	0.049229
138.000000	1	1.356385	0.206068	3.429763	0.410915
138.250000	0	0.112997	0.004370	0.671653	0.048940
138.250000	1	1.422899	0.339915	4.183871	0.582600
138.500000	0	0.117106	0.016073	0.672996	0.055831
138.500000	1	1.342007	0.107460	2.731890	0.394355
138.750000	0	0.113334	0.010099	0.490511	0.045170
138.750000	1	1.362888	0.154278	2.376864	0.345022
139.000000	0	0.115648	0.019836	0.799317	0.053978
139.000000	1	1.330625	0.213751	2.794326	0.311505
139.250000	0	0.114345	0.012400	0.547253	0.049447
139.250000	1	1.393598	0.732781	3.054398	0.324854
139.500000	0	0.116554	0.016852	0.608287	0.056056
139.500000	1	1.354830	0.395353	3.085411	0.376210
139.750000	0	0.113201	0.008528	0.404235	0.050173
139.750000	1	1.371203	0.300072	3.094434	0.405934
140.000000	0	0.114957	0.014548	0.548977	0.055860
140.000000	1	1.348337	0.140284	2.586624	0.362103
140.250000	0	0.112562	0.025465	0.690629	0.049732
140.250000	1	1.329425	0.288796	2.515240	0.352351
140.500000	0	0.114422	0.013362	0.584129	0.052683
140.500000	1	1.409461	0.407500	2.693858	0.361944
140.750000	0	0.112506	0.012729	0.560966	0.044679
140.750000	1	1.357770	0.377267	2.306633	0.335191
141.000000	0	0.109975	0.012226	0.392948	0.044065
141.000000	1	1.375231	0.258087	3.383036	0.389020
141.250000	0	0.111663	0.006985	0.575071	0.046759
141.250000	1	1.372611	0.263290	2.738895	0.373887
141.500000	0	0.110795	0.005455	0.586629	0.047104
141.500000	1	1.414768	0.438365	3.311191	0.421247
141.750000	0	0.113599	0.007782	0.584953	0.051149
141.750000	1	1.385201	0.555744	2.542148	0.334429
142.000000	0	0.113080	0.017956	0.445569	0.043860
142.000000	1	1.404716	0.103007	2.880352	0.356605
142.250000	0	0.110767	0.017439	0.512948	0.044339
142.250000	1	1.350502	0.432134	3.122535	0.306072
142.500000	0	0.110438	0.011103	0.783907	0.051532
142.500000	1	1.385641	0.697335	2.421927	0.279822
142.750000	0	0.115574	0.018633	0.700869	0.050660
142.750000	1	1.338029	0.327608	2.556659	0.289066
143.000000	0	0.115935	0.006628	0.543566	0.056710
143.000000	1	1.348771	0.404730	3.075838	0.417668
143.250000	0	0.113236	0.013080	0.443950	0.049039
143.250000	1	1.326252	0.313846	2.793477	0.296524
143.500000	0	0.117869	0.007788	0.507093	0.054715
143.500000	1	1.415607	0.279420	3.726174	0.410249
143.750000	0	0.112242	0.009167	0.522158	0.049012
143.750000	1	1.319653	0.478379	2.615637	0.337866
144.000000	0	0.111943	0.012898	0.580937	0.048392
144.000000	1	1.333326	0.306808	3.061478	0.349001
144.250000	0	0.115746	0.011765	0.551959	0.052598
144.250000	1	1.343547	0.393392	2.449426	0.324862
144.500000	0	0.119155	0.011406	0.643105	0.063318
144.500000	1	1.383972	0.298349	2.956492	0.366099
144.750000	0	0.115350	0.028044	0.414091	0.049796
144.750000	1	1.351858	0.331643	2.427331	0.352348
145.000000	0	0.111729	0.006765	0.564733	0.047144
145.000000	1	1.297106	0.298123	3.114059	0.414969
145.250000	0	0.116610	0.016577	0.856048	0.062604
145.250000	1	1.365386	0.034026	3.170602	0.415193
145.500000	0	0.119398	0.007863	0.754686	0.063006
145.500000	1	1.399553	0.330398	2.768046	0.397960
145.750000	0	0.112616	0.003421	0.952765	0.052174
145.750000	1	1.382944	0.162853	3.253715	0.405335
146.000000	0	0.113168	0.017045	0.679955	0.049961
146.000000	1	1.364812	0.273004	3.376402	0.379090
146.250000	0	0.113196	0.011045	0.542309	0.044661
146.250000	1	1.383741	0.615642	3.063801	0.399016
146.500000	0	0.114517	0.004589	0.578008	0.051893
146.500000	1	1.420564	0.101248	3.094130	0.416703
146.750000	0	0.111094	0.010002	0.597403	0.047049
146.750000	1	1.321198	0.450180	2.317393	0.308657
147.000000	0	0.117492	0.012411	1.054226	0.062701
147.000000	1	1.364200	0.013410	3.283129	0.452685
147.250000	0	0.115109	0.005393	0.585504	0.053893
147.250000	1	1.362503	0.315540	2.730713	0.410808
147.500000	0	0.112531	0.012556	0.521267	0.050628
147.500000	1	1.388772	0.831387	3.066573	0.335710
147.750000	0	0.113826	0.012097	0.429166	0.045999
147.750000	1	1.360800	0.230218	2.604932	0.382511
148.000000	0	0.112217	0.013602	0.394401	0.041667
148.000000	1	1.385065	0.561339	3.469276	0.403170
148.250000	0	0.111450	0.015815	0.885926	0.058517
148.250000	1	1.338030	0.298308	2.708214	0.318381
148.500000	0	0.113608	0.024977	0.531307	0.049461
148.500000	1	1.366654	0.206863	3.850147	0.480050
148.750000	0	0.114935	0.017419	0.574432	0.049109
148.750000	1	1.378173	0.236006	3.600105	0.431632
149.000000	0	0.111877	0.006337	0.420395	0.043978
149.000000	1	1.469943	0.425035	6.171490	0.719180
149.250000	0	0.111586	0.003575	0.367773	0.042589
149.250000	1	1.352332	0.716758	2.533002	0.301168
149.500000	0	0.116425	0.009786	0.842275	0.059242
149.500000	1	1.298118	0.095914	2.520819	0.374240
149.750000	0	0.116060	0.018483	0.790811	0.053932
149.750000	1	1.333037	0.431568	2.566441	0.354146
150.000000	0	0.114488	0.009510	0.336007	0.043598
150.000000	1	1.380349	0.135148	3.271226	0.446627
150.250000	0	0.112069	0.012734	0.887744	0.060183
150.250000	1	1.312904	0.353732	2.387619	0.297075
150.500000	0	0.112637	0.002730	0.712964	0.053276
150.500000	1	1.390327	0.171582	2.334871	0.369524
150.750000	0	0.112947	0.017568	0.637098	0.049645
150.750000	1	1.293897	0.295340	2.466869	0.308649
151.000000	0	0.117730	0.022022	0.459364	0.049190
151.000000	1	1.364597	0.190439	3.085198	0.406803
151.250000	0	0.116355	0.013460	0.627846	0.055067
151.250000	1	1.376509	0.319941	3.132265	0.401771
151.500000	0	0.110586	0.011237	0.534868	0.044761
151.500000	1	1.353089	0.181327	3.116944	0.422799
151.750000	0	0.114803	0.016413	0.653203	0.050994
151.750000	1	1.334743	0.298003	2.992335	0.380059
152.000000	0	0.114744	0.002076	0.804140	0.060585
152.000000	1	1.365182	0.536555	2.715885	0.404998
152.250000	0	0.113079	0.016260	0.595497	0.049143
152.250000	1	1.397397	0.240004	2.809854	0.380583
152.500000	0	0.109825	0.004192	0.422508	0.042831
152.500000	1	1.364206	0.052262	3.142843	0.384595
152.750000	0	0.114070	0.001252	0.931841	0.057564
152.750000	1	1.381963	0.276889	3.335067	0.373348
153.000000	0	0.112674	0.004994	0.955880	0.055345
153.000000	1	1.372616	0.813307	3.005286	0.366414
153.250000	0	0.115946	0.013944	0.542426	0.054754
153.250000	1	1.355767	0.278404	2.041786	0.277454
153.500000	0	0.112690	0.007291	0.765938	0.049406
153.500000	1	1.377175	0.490714	2.771022	0.298280
153.750000	0	0.114596	0.009573	0.567397	0.050399
153.750000	1	1.392875	0.431422	3.136617	0.429483
154.000000	0	0.115580	0.004354	1.039971	0.066714
154.000000	1	1.390623	0.580768	2.964881	0.372339
154.250000	0	0.114568	0.015659	1.094650	0.059380
154.250000	1	1.339442	0.437270	2.935133	0.304328
154.500000	0	0.113397	0.014018	0.947892	0.057873
154.500000	1	1.389307	0.531960	3.162538	0.383382
154.750000	0	0.115722	0.020397	0.634573	0.052316
154.750000	1	1.416367	0.200930	3.733953	0.479463
155.000000	0	0.117525	0.010673	1.074494	0.065046
155.000000	1	1.334066	0.514469	2.803353	0.335791
155.250000	0	0.112862	0.007664	0.722237	0.054743
155.250000	1	1.306124	0.189756	2.503421	0.368212
155.500000	0	0.113915	0.003848	0.547092	0.047967
155.500000	1	1.362279	0.354725	2.386986	0.344320
155.750000	0	0.113349	0.007634	0.669072	0.048544
155.750000	1	1.392493	0.407140	2.822996	0.420770
156.000000	0	0.111423	0.004331	0.441886	0.045199
156.000000	1	1.282124	0.411330	2.690807	0.328135
156.250000	0	0.114884	0.005421	0.924402	0.055522
156.250000	1	1.395467	0.384959	2.690757	0.422471
156.500000	0	0.112304	0.008609	0.546295	0.046887
156.500000	1	1.379907	0.076265	3.963271	0.480258
156.750000	0	0.114170	0.010073	0.724089	0.056632
156.750000	1	1.442025	0.417986	7.528349	0.839785
157.000000	0	0.118016	0.013443	0.660873	0.063275
157.000000	1	1.372807	0.106469	2.869888	0.335981
157.250000	0	0.111951	0.013023	0.572993	0.049429
157.250000	1	1.338747	0.436558	2.914930	0.338771
157.500000	0	0.114543	0.013985	0.574287	0.045753
157.500000	1	1.356276	0.277352	2.799991	0.371418
157.750000	0	0.115019	0.006595	0.542312	0.047591
157.750000	1	1.378259	0.416127	2.836963	0.363634
158.000000	0	0.111117	0.015076	0.411432	0.042800
158.000000	1	1.364301	0.617498	2.314014	0.306592
158.250000	0	0.112879	0.009622	0.532541	0.047173
158.250000	1	1.371854	0.280972	2.801165	0.322663
158.500000	0	0.116657	0.013622	0.602397	0.053328
158.500000	1	1.359221	0.605115	4.103543	0.420706
158.750000	0	0.116285	0.014979	1.155799	0.062573
158.750000	1	1.419814	0.460505	5.096988	0.592066
159.000000	0	0.116741	0.020995	0.808814	0.065510
159.000000	1	1.462150	0.158309	3.199855	0.441400
159.250000	0	0.113465	0.012243	0.368021	0.047344
159.250000	1	1.345780	0.194208	2.868068	0.434666
159.500000	0	0.113585	0.019542	0.703505	0.051211
159.500000	1	1.348299	0.365633	2.676339	0.416362
159.750000	0	0.112332	0.003705	0.668340	0.049568
159.750000	1	1.364423	0.586443	2.770527	0.382376
160.000000	0	0.117126	0.027383	0.732388	0.057487
160.000000	1	1.355386	0.301391	2.604040	0.339479
160.250000	0	0.113097	0.011260	0.845681	0.057049
160.250000	1	1.332528	0.382298	2.546033	0.351096
160.500000	0	0.116056	0.016648	0.694038	0.053933
160.500000	1	1.410173	0.385547	4.216785	0.460358
160.750000	0	0.109961	0.003698	0.402066	0.042279
160.750000	1	1.387171	0.498803	3.026994	0.398254
161.000000	0	0.114872	0.002171	0.710515	0.053897
161.000000	1	1.305403	0.513697	2.359340	0.295334
161.250000	0	0.115152	0.009055	0.753729	0.056172
161.250000	1	1.326047	0.041613	2.825791	0.374862
161.500000	0	0.112078	0.014756	0.842978	0.050972
161.500000	1	1.323167	0.417407	2.633719	0.325272
161.750000	0	0.114641	0.013812	0.709077	0.051051
161.750000	1	1.354905	0.167904	2.654359	0.367193
162.000000	0	0.114347	0.011930	0.479499	0.052119
162.000000	1	1.425683	0.356613	3.890380	0.418494
162.250000	0	0.111700	0.011627	0.417678	0.042825
162.250000	1	1.391074	0.287705	2.801422	0.402174
162.500000	0	0.115622	0.008499	0.589122	0.059603
162.500000	1	1.455699	0.667479	3.163124	0.388647
162.750000	0	0.114827	0.010217	0.861005	0.055728
162.750000	1	1.384177	0.441984	3.173574	0.363344
163.000000	0	0.113781	0.011679	0.534768	0.050475
163.000000	1	1.396788	0.245909	3.386806	0.424695
163.250000	0	0.113497	0.007958	1.516403	0.070744
163.250000	1	1.390445	0.468580	2.446012	0.320300
163.500000	0	0.113400	0.012018	0.448518	0.045608
163.500000	1	1.358595	0.250970	3.380354	0.443630
163.750000	0	0.114105	0.007870	0.443629	0.047816
163.750000	1	1.346688	0.376586	2.552131	0.332316
164.000000	0	0.114831	0.014498	0.717548	0.054337
164.000000	1	1.372698	0.442814	2.602158	0.330733
164.250000	0	0.112056	0.011260	0.586653	0.046925
164.250000	1	1.346167	0.109870	3.024617	0.444316
164.500000	0	0.114476	0.015608	0.476927	0.045924
164.500000	1	1.402541	0.367815	2.673388	0.406480
164.750000	0	0.119743	0.009113	0.909039	0.071600
164.750000	1	1.378175	0.230430	2.789135	0.374772
165.000000	0	0.115319	0.014201	0.622022	0.057497
165.000000	1	1.413034	0.419291	2.954506	0.374815
165.250000	0	0.114405	0.008950	0.627976	0.051257
165.250000	1	1.364346	0.359315	2.425968	0.345207
165.500000	0	0.115321	0.016190	0.972985	0.056510
165.500000	1	1.368148	0.416068	2.867629	0.366620
165.750000	0	0.109831	0.001803	0.336736	0.040742
165.750000	1	1.370408	0.332853	2.967120	0.389841
166.000000	0	0.115539	0.005859	1.229572	0.063834
166.000000	1	1.328103	0.140002	3.477263	0.422053
166.250000	0	0.116918	0.010645	0.880807	0.064865
166.250000	1	1.427207	0.120938	3.557615	0.440949
166.500000	0	0.118665	0.012648	2.070536	0.098396
166.500000	1	1.431026	0.484919	4.376823	0.538032
166.750000	0	0.113982	0.007814	0.466282	0.049701
166.750000	1	1.361552	0.478371	3.114911	0.371781
167.000000	0	0.110857	0.003975	0.376147	0.044122
167.000000	1	1.376284	0.466343	4.644425	0.509310
167.250000	0	0.111684	0.004818	0.742301	0.051288
167.250000	1	1.386799	0.216631	2.749191	0.414012
167.500000	0	0.116507	0.006307	0.897855	0.058539
167.500000	1	1.361590	0.367104	3.130583	0.393907
167.750000	0	0.117068	0.015442	0.731511	0.059123
167.750000	1	1.341404	0.274429	3.074773	0.385488
168.000000	0	0.113997	0.016866	0.380391	0.044420
168.000000	1	1.358645	0.146383	3.435787	0.391528
168.250000	0	0.111231	0.014194	0.648405	0.048684
168.250000	1	1.382971	0.202640	2.715405	0.366406
168.500000	0	0.112739	0.007180	0.487944	0.047329
168.500000	1	1.399772	0.192829	2.409421	0.288785
168.750000	0	0.106594	0.011874	0.294295	0.036482
168.750000	1	1.324877	0.173633	3.173767	0.313919
169.000000	0	0.108487	0.012729	0.381245	0.040181
169.000000	1	1.264818	0.262070	2.604921	0.310572
169.250000	0	0.113886	0.010268	0.645915	0.051102
169.250000	1	1.380868	0.172219	3.279196	0.383306
169.500000	0	0.110298	0.005613	0.451568	0.044363
169.500000	1	1.343394	0.276186	2.571390	0.297997
169.750000	0	0.111044	0.015122	0.296367	0.038898
169.750000	1	1.357444	0.308825	3.044917	0.370420
170.000000	0	0.117303	0.026029	0.872946	0.061428
170.000000	1	1.399582	0.404124	3.978787	0.426378
170.250000	0	0.112077	0.015598	0.486748	0.045428
170.250000	1	1.316113	0.499751	2.655942	0.315704
170.500000	0	0.115138	0.009337	0.547858	0.051871
170.500000	1	1.355120	0.316683	2.538357	0.329153
170.750000	0	0.113557	0.003093	0.644400	0.053371
170.750000	1	1.350172	0.255555	2.605557	0.346474
171.000000	0	0.115200	0.004956	0.830207	0.060635
171.000000	1	1.414593	0.403763	3.475698	0.470658
171.250000	0	0.118915	0.005840	0.959775	0.066153
171.250000	1	1.378500	0.650622	2.604380	0.384095
171.500000	0	0.115150	0.017011	0.719763	0.056500
171.500000	1	1.445898	0.454603	3.279186	0.488315
171.750000	0	0.114463	0.020503	0.826335	0.058890
171.750000	1	1.410263	0.564468	2.756997	0.369923
172.000000	0	0.114390	0.005721	0.584931	0.051808
172.000000	1	1.363207	0.487895	2.654588	0.380149
172.250000	0	0.117677	0.005464	1.110875	0.064685
172.250000	1	1.355252	0.310583	3.102674	0.378534
172.500000	0	0.113546	0.007733	0.502190	0.049155
172.500000	1	1.373143	0.611780	2.782763	0.322343
172.750000	0	0.111643	0.016088	1.074219	0.055758
172.750000	1	1.391898	0.512068	2.511120	0.325707
173.000000	0	0.113010	0.008866	0.635437	0.049400
173.000000	1	1.377887	0.188177	2.489722	0.356699
173.250000	0	0.114485	0.012298	0.539189	0.048491
173.250000	1	1.337042	0.306213	3.084389	0.379297
173.500000	0	0.111038	0.004143	0.695259	0.047435
173.500000	1	1.439760	0.471739	3.144080	0.372360
173.750000	0	0.111525	0.010545	0.537437	0.045962
173.750000	1	1.363603	0.671467	2.869955	0.360843
174.000000	0	0.111594	0.007595	0.541335	0.046428
174.000000	1	1.317268	0.378474	2.441364	0.329601
174.250000	0	0.112170	0.009432	0.432628	0.044841
174.250000	1	1.336633	0.258948	2.911903	0.363922
174.500000	0	0.116826	0.004888	0.984594	0.056481
174.500000	1	1.403688	0.604674	3.618611	0.390377
174.750000	0	0.117487	0.010845	0.812496	0.058094
174.750000	1	1.302171	0.273513	2.174028	0.286398
175.000000	0	0.114000	0.004868	0.642955	0.056831
175.000000	1	1.340322	0.256748	2.381200	0.351239
175.250000	0	0.114095	0.014734	0.911218	0.056641
175.250000	1	1.356890	0.094634	2.261601	0.363511
175.500000	0	0.115201	0.012154	0.618229	0.052697
175.500000	1	1.353862	0.390994	2.775020	0.383585
175.750000	0	0.113228	0.011360	0.430498	0.046651
175.750000	1	1.398549	0.247715	2.758090	0.376437
176.000000	0	0.111833	0.007236	0.708749	0.048241
176.000000	1	1.438462	0.417984	3.299031	0.427570
176.250000	0	0.115328	0.010749	0.924814	0.060944
176.250000	1	1.377483	0.640748	2.645060	0.338899
176.500000	0	0.112653	0.014538	0.607533	0.050034
176.500000	1	1.360246	0.464874	2.458614	0.312128
176.750000	0	0.111614	0.010784	0.605351	0.044694
176.750000	1	1.311369	0.652539	2.835542	0.316070
177.000000	0	0.117726	0.013436	1.149513	0.067115
177.000000	1	1.353497	0.425158	3.198257	0.436182
177.250000	0	0.115484	0.007565	0.761232	0.059516
177.250000	1	1.412063	0.249918	4.097666	0.523140
177.500000	0	0.113004	0.004995	0.409585	0.047127
177.500000	1	1.369842	0.447223	2.769692	0.340489
177.750000	0	0.113617	0.005321	0.478277	0.048210
177.750000	1	1.346759	0.635145	2.763629	0.275718
178.000000	0	0.115734	0.015734	0.668469	0.058303
178.000000	1	1.371677	0.158413	2.947512	0.397100
178.250000	0	0.112562	0.018838	0.729531	0.057178
178.250000	1	1.363388	0.320481	2.709602	0.337062
178.500000	0	0.113795	0.011590	0.482924	0.049252
178.500000	1	1.366708	0.291216	2.633223	0.366456
178.750000	0	0.114224	0.004056	0.552028	0.048587
178.750000	1	1.387314	0.518912	5.491862	0.607347
179.000000	0	0.117187	0.011505	0.775212	0.062128
179.000000	1	1.376685	0.484754	2.708819	0.358950
179.250000	0	0.117801	0.005807	1.008110	0.065382
179.250000	1	1.338317	0.644750	2.114053	0.276044
179.500000	0	0.115551	0.011493	0.739909	0.057189
179.500000	1	1.404038	0.720107	3.885218	0.463536
179.750000	0	0.114405	0.008759	0.754790	0.052636
179.750000	1	1.341721	0.467986	2.248808	0.305689
180.000000	0	0.117889	0.009694	0.771295	0.061723
180.000000	1	1.411778	0.824838	2.934023	0.329537
180.250000	0	0.114316	0.007778	0.652286	0.049519
180.250000	1	1.338308	0.133285	2.773149	0.343416
180.500000	0	0.115414	0.018122	0.667634	0.051333
180.500000	1	1.373193	0.341515	3.238170	0.402423
180.750000	0	0.116095	0.014754	0.776618	0.064869
180.750000	1	1.330343	0.322996	2.858860	0.360108
181.000000	0	0.114778	0.004829	0.512527	0.052409
181.000000	1	1.398772	0.663568	3.758512	0.431353
181.250000	0	0.114404	0.017937	0.858077	0.058084
181.250000	1	1.421427	0.466779	3.160049	0.468652
181.500000	0	0.113367	0.012809	0.902295	0.057363
181.500000	1	1.332239	0.075120	2.639630	0.348808
181.750000	0	0.113060	0.005370	0.817226	0.053852
181.750000	1	1.365285	0.610120	2.338525	0.284078
182.000000	0	0.116967	0.008815	0.524454	0.054435
182.000000	1	1.357880	0.563398	2.818733	0.340119
182.250000	0	0.112441	0.014617	0.467565	0.044574
182.250000	1	1.368651	0.255365	2.704766	0.363552
182.500000	0	0.109014	0.008627	0.404743	0.042237
182.500000	1	1.342517	0.243463	2.112928	0.293289
182.750000	0	0.111310	0.010248	0.464158	0.045303
182.750000	1	1.402205	0.241298	2.551896	0.380196
183.000000	0	0.116043	0.009229	0.802427	0.062073
183.000000	1	1.316740	0.455065	2.313227	0.298595
183.250000	0	0.113063	0.010880	0.418906	0.043252
183.250000	1	1.399643	0.642675	3.156380	0.411669
183.500000	0	0.114597	0.007048	0.895748	0.055301
183.500000	1	1.401663	0.757277	4.146830	0.412171
183.750000	0	0.118912	0.018351	0.868799	0.069321
183.750000	1	1.350992	0.253331	2.708491	0.348119
184.000000	0	0.115154	0.007375	0.477424	0.051725
184.000000	1	1.407464	0.319964	3.837334	0.425243
184.250000	0	0.113567	0.014089	0.454229	0.046835
184.250000	1	1.398013	0.393168	3.336505	0.412943
184.500000	0	0.114424	0.019790	1.075195	0.065619
184.500000	1	1.397229	0.436965	2.945299	0.380428
184.750000	0	0.109646	0.002495	0.761636	0.046917
184.750000	1	1.379719	0.442548	3.635277	0.428599
185.000000	0	0.113799	0.013107	0.613249	0.050696
185.000000	1	1.357427	0.119198	2.391331	0.370685
185.250000	0	0.113373	0.000564	0.471179	0.046696
185.250000	1	1.372437	0.539884	2.638490	0.322067
185.500000	0	0.112976	0.012163	0.988613	0.058523
185.500000	1	1.455641	0.670422	3.710795	0.443242
185.750000	0	0.111727	0.012246	0.418325	0.041946
185.750000	1	1.351375	0.290323	2.569870	0.297995
186.000000	0	0.114271	0.010011	0.923933	0.054657
186.000000	1	1.349500	0.487714	2.440911	0.319819
186.250000	0	0.110500	0.003008	0.360706	0.041976
186.250000	1	1.346822	0.535371	3.384579	0.384773
186.500000	0	0.113083	0.008175	0.902506	0.053765
186.500000	1	1.387040	0.342048	3.449821	0.435353
186.750000	0	0.115263	0.012856	0.578774	0.051041
186.750000	1	1.342650	0.202201	2.494690	0.364403
187.000000	0	0.113870	0.004736	0.651120	0.058529
187.000000	1	1.391615	0.352427	4.177645	0.497001
187.250000	0	0.115511	0.006844	0.597339	0.051783
187.250000	1	1.375622	0.350419	3.230993	0.490881
187.500000	0	0.116924	0.006801	0.667389	0.054641
187.500000	1	1.411617	0.388757	3.528859	0.429337
187.750000	0	0.114130	0.001750	0.771616	0.054815
187.750000	1	1.326200	0.390242	2.960229	0.290818
188.000000	0	0.114079	0.007262	0.929471	0.057159
188.000000	1	1.409344	0.616835	3.024084	0.437859
188.250000	0	0.115559	0.003526	0.503093	0.051417
188.250000	1	1.319411	0.276496	2.940142	0.422505
188.500000	0	0.121168	0.007396	1.426263	0.081176
188.500000	1	1.403723	0.517145	2.591941	0.397766
188.750000	0	0.115378	0.017619	0.638378	0.054518
188.750000	1	1.442987	0.635676	2.851148	0.359713
189.000000	0	0.115078	0.007206	0.799718	0.056633
189.000000	1	1.407533	0.637243	3.001424	0.370348
189.250000	0	0.113435	0.009202	0.516685	0.050229
189.250000	1	1.376203	0.535248	3.046792	0.355470
189.500000	0	0.110685	0.012573	0.904487	0.054930
189.500000	1	1.377333	0.666900	2.721393	0.327127
189.750000	0	0.111662	0.003686	0.770349	0.052277
189.750000	1	1.354061	0.396287	2.803914	0.376161
190.000000	0	0.118702	0.011556	1.183311	0.065576
190.000000	1	1.415105	0.369463	2.982700	0.410650
190.250000	0	0.114316	0.002443	0.526489	0.048081
190.250000	1	1.342756	0.550536	2.402230	0.317245
190.500000	0	0.114807	0.013216	0.630926	0.053018
190.500000	1	1.325467	0.143572	2.710815	0.380971
190.750000	0	0.113586	0.003116	0.727554	0.050510
190.750000	1	1.341744	0.279734	3.189011	0.345029
191.000000	0	0.112770	0.011652	0.639803	0.048472
191.000000	1	1.411903	0.504205	3.204561	0.377475
191.250000	0	0.113047	0.017777	0.543850	0.046117
191.250000	1	1.372300	0.535165	2.694418	0.313373
191.500000	0	0.114730	0.013307	0.565102	0.050818
191.500000	1	1.323194	0.660191	2.718853	0.325719
191.750000	0	0.116201	0.016204	0.539366	0.053289
191.750000	1	1.410960	0.705312	3.880570	0.394359
192.000000	0	0.114575	0.010666	1.296866	0.065507
192.000000	1	1.375404	0.020057	2.898413	0.365620
192.250000	0	0.112342	0.009774	0.446495	0.044360
192.250000	1	1.389601	0.188276	4.590180	0.454047
192.500000	0	0.114304	0.018196	0.823034	0.049938
192.500000	1	1.374443	0.556581	2.619965	0.346898
192.750000	0	0.116057	0.015964	0.858022	0.059945
192.750000	1	1.335709	0.544614	2.490565	0.288870
193.000000	0	0.115431	0.003122	0.592095	0.050906
193.000000	1	1.394092	0.601874	2.700205	0.321003
193.250000	0	0.111512	0.005358	1.149790	0.062162
193.250000	1	1.344500	0.260796	2.310956	0.283064
193.500000	0	0.113262	0.009312	0.542629	0.048977
193.500000	1	1.369697	0.544659	3.304800	0.390231
193.750000	0	0.113439	0.004257	0.704091	0.051233
193.750000	1	1.366139	0.290111	3.046642	0.410357
194.000000	0	0.114095	0.003806	0.832929	0.054637
194.000000	1	1.345082	0.312956	2.944981	0.380838
194.250000	0	0.112729	0.004501	0.512220	0.047830
194.250000	1	1.308433	0.325230	2.028365	0.278675
194.500000	0	0.114387	0.004479	0.637429	0.051356
194.500000	1	1.378398	0.299253	2.638139	0.330781
194.750000	0	0.113606	0.005498	0.426045	0.048494
194.750000	1	1.289554	0.362834	2.929257	0.396504
195.000000	0	0.117419	0.018408	0.635225	0.055790
195.000000	1	1.412470	0.222986	4.007309	0.495077
195.250000	0	0.118234	0.012894	1.424776	0.081080
195.250000	1	1.373539	0.355981	2.625892	0.322238
195.500000	0	0.113755	0.017433	0.929839	0.055000
195.500000	1	1.340787	0.266384	2.464460	0.339089
195.750000	0	0.110812	0.004137	0.644716	0.046983
195.750000	1	1.274341	0.320142	2.161418	0.286392
196.000000	0	0.116143	0.016652	0.851958	0.058226
196.000000	1	1.386949	0.107371	3.448500	0.406856
196.250000	0	0.114684	0.008882	0.740210	0.051469
196.250000	1	1.350482	0.516512	2.605098	0.298746
196.500000	0	0.116025	0.008158	0.685178	0.052778
196.500000	1	1.329894	0.379399	2.719599	0.366206
196.750000	0	0.111159	0.008852	0.497984	0.041858
196.750000	1	1.331075	0.259635	2.429678	0.311866
197.000000	0	0.112621	0.016460	1.251316	0.070658
197.000000	1	1.400569	0.237448	2.916903	0.370563
197.250000	0	0.112563	0.009972	0.423079	0.045467
197.250000	1	1.381245	0.344982	3.130044	0.327378
197.500000	0	0.112351	0.011341	0.418364	0.044354
197.500000	1	1.377200	0.314924	2.761831	0.371328
197.750000	0	0.114348	0.010387	0.863423	0.057731
197.750000	1	1.355242	0.338934	2.776846	0.337966
198.000000	0	0.111960	0.010757	0.532430	0.045380
198.000000	1	1.342766	0.120592	2.637761	0.390532
198.250000	0	0.111543	0.007883	1.303965	0.063674
198.250000	1	1.411235	0.209953	3.078019	0.448914
198.500000	0	0.112299	0.010013	0.598423	0.051374
198.500000	1	1.439483	0.646620	3.289482	0.423286
198.750000	0	0.114760	0.008225	0.632372	0.049251
198.750000	1	1.383190	0.711462	3.357112	0.363958
199.000000	0	0.116482	0.003315	0.960829	0.065473
199.000000	1	1.393109	0.264610	2.897033	0.382520
199.250000	0	0.112428	0.013375	0.547688	0.048310
199.250000	1	1.331999	0.131100	2.310886	0.321149
199.500000	0	0.113324	0.008319	0.499734	0.049169
199.500000	1	1.299822	0.036035	2.660159	0.382225
199.750000	0	0.115773	0.009358	0.836819	0.061349
199.750000	1	1.391839	0.531053	3.408431	0.420362
200.000000	0	0.119178	0.019457	0.661355	0.062848
200.000000	1	1.419818	0.140970	2.825972	0.409682
200.250000	0	0.112152	0.005932	0.459419	0.046544
200.250000	1	1.351398	0.292411	2.440956	0.306047
200.500000	0	0.110837	0.009506	0.393606	0.041344
200.500000	1	1.321455	0.298142	2.895381	0.385669
200.750000	0	0.116424	0.009624	1.366510	0.068248
200.750000	1	1.330879	0.157292	3.208362	0.420451
201.000000	0	0.115265	0.013109	0.816751	0.054905
201.000000	1	1.383166	0.379724	4.293462	0.434233
201.250000	0	0.114726	0.010480	0.869890	0.060075
201.250000	1	1.358072	0.416367	2.813097	0.339237
201.500000	0	0.112589	0.002249	0.493799	0.047622
201.500000	1	1.340265	0.412091	2.360167	0.336387
201.750000	0	0.116530	0.005299	0.403445	0.048052
201.750000	1	1.366401	0.700351	2.150227	0.256004
202.000000	0	0.111301	0.016083	0.555908	0.041962
202.000000	1	1.336828	0.366907	2.515928	0.359671
202.250000	0	0.113048	0.012521	0.781371	0.056147
202.250000	1	1.329518	0.730359	2.661152	0.287956
202.500000	0	0.113850	0.013696	1.580661	0.069502
202.500000	1	1.399700	0.516053	2.915579	0.363151
202.750000	0	0.115110	0.010391	0.619202	0.053747
202.750000	1	1.427479	0.426323	5.068322	0.603706
203.000000	0	0.113098	0.010011	0.696389	0.053093
203.000000	1	1.338609	0.632792	3.619585	0.347837
203.250000	0	0.115923	0.013283	1.606816	0.077754
203.250000	1	1.358915	0.491179	2.605893	0.385561
203.500000	0	0.113330	0.010117	0.527688	0.048832
203.500000	1	1.397510	0.161811	3.495505	0.428718
203.750000	0	0.111887	0.010092	0.507114	0.046912
203.750000	1	1.367095	0.695453	2.352587	0.304278
204.000000	0	0.113894	0.010283	0.744116	0.058536
204.000000	1	1.324586	0.351050	2.603285	0.334056
204.250000	0	0.113550	0.005795	0.740887	0.061926
204.250000	1	1.364608	0.711065	2.937289	0.385493
204.500000	0	0.112903	0.008268	0.853235	0.055779
204.500000	1	1.337090	0.193237	2.565160	0.332948
204.750000	0	0.115489	0.011871	0.677621	0.056656
204.750000	1	1.421692	0.382592	2.880103	0.471489
205.000000	0	0.111419	0.003855	0.661622	0.044022
205.000000	1	1.328578	0.216424	2.681444	0.299198
205.250000	0	0.111712	0.023690	0.387348	0.043724
205.250000	1	1.374189	0.761131	2.655718	0.339307
205.500000	0	0.112752	0.012178	0.433838	0.044598
205.500000	1	1.396873	0.502258	3.397330	0.412008
205.750000	0	0.111579	0.005374	0.734355	0.051618
205.750000	1	1.382043	0.330109	2.869080	0.358393
206.000000	0	0.111187	0.008460	0.447293	0.044121
206.000000	1	1.384621	0.374704	3.120564	0.407195
206.250000	0	0.113091	0.014748	0.895995	0.062893
206.250000	1	1.403999	0.307091	2.999813	0.415277
206.500000	0	0.115998	0.012267	0.841253	0.058973
206.500000	1	1.330630	0.524092	2.348107	0.308352
206.750000	0	0.112689	0.005881	0.415058	0.045486
206.750000	1	1.470713	0.728670	4.512017	0.515224
207.000000	0	0.114599	0.011096	0.854100	0.061077
207.000000	1	1.389389	0.389730	2.529451	0.335633
207.250000	0	0.111945	0.013491	0.508969	0.048428
207.250000	1	1.345001	0.429041	3.469530	0.433242
207.500000	0	0.109808	0.012942	0.332979	0.040831
207.500000	1	1.339346	0.428459	3.176308	0.373948
207.750000	0	0.114154	0.005845	1.081626	0.059965
207.750000	1	1.445942	0.838300	3.920277	0.410628
208.000000	0	0.113435	0.014779	0.518232	0.046650
208.000000	1	1.318647	0.513015	2.390418	0.326888
208.250000	0	0.116231	0.014885	1.214754	0.065675
208.250000	1	1.330794	0.222362	3.185823	0.417633
208.500000	0	0.112043	0.010693	0.505505	0.045652
208.500000	1	1.367662	0.105646	2.947107	0.464275
208.750000	0	0.112783	0.012654	1.088897	0.061037
208.750000	1	1.383910	0.304148	3.164987	0.453032
209.000000	0	0.114078	0.021021	0.915745	0.057736
209.000000	1	1.402359	0.478589	3.281992	0.396165
209.250000	0	0.115304	0.003575	0.866156	0.055090
209.250000	1	1.368567	0.186341	2.762263	0.388708
209.500000	0	0.112062	0.000825	0.604654	0.049704
209.500000	1	1.322628	0.205671	2.868478	0.390093
209.750000	0	0.116277	0.009182	0.733970	0.054167
209.750000	1	1.371779	0.181460	2.330100	0.365238
210.000000	0	0.111634	0.010811	0.584033	0.045613
210.000000	1	1.334683	0.462043	2.608202	0.395707
210.250000	0	0.117950	0.009574	0.841295	0.061286
210.250000	1	1.359850	0.252152	2.590660	0.393312
210.500000	0	0.112021	0.006039	0.490239	0.046826
210.500000	1	1.380550	0.717409	2.545392	0.311774
210.750000	0	0.111671	0.008476	0.496178	0.043935
210.750000	1	1.456801	0.369196	6.382513	0.684819
211.000000	0	0.114072	0.018870	0.836178	0.055435
211.000000	1	1.420724	0.334225	2.750704	0.377392
211.250000	0	0.112973	0.023258	0.746810	0.051317
211.250000	1	1.344092	0.357150	3.060231	0.388860
211.500000	0	0.112205	0.006822	0.569594	0.051175
211.500000	1	1.418328	0.266602	2.918441	0.363757
211.750000	0	0.108742	0.010287	0.302536	0.036327
211.750000	1	1.349465	0.445044	2.685139	0.306460
212.000000	0	0.111815	0.015965	0.482008	0.043098
212.000000	1	1.336219	0.515189	2.424333	0.315894
212.250000	0	0.110219	0.007692	0.448375	0.042095
212.250000	1	1.380795	0.366936	2.570029	0.338609
212.500000	0	0.112362	0.010252	0.397586	0.045156
212.500000	1	1.345961	0.463328	2.665298	0.330977
212.750000	0	0.114173	0.007382	0.723389	0.053746
212.750000	1	1.382152	0.518630	4.112959	0.418789
213.000000	0	0.111858	0.004868	1.023664	0.055293
213.000000	1	1.356177	0.464808	3.153824	0.403435
213.250000	0	0.110296	0.007621	0.761359	0.049599
213.250000	1	1.387464	0.483340	4.144641	0.489022
213.500000	0	0.113421	0.019766	0.449008	0.045626
213.500000	1	1.377258	0.258358	3.623657	0.480260
213.750000	0	0.116933	0.011655	0.623952	0.053963
213.750000	1	1.379532	0.499154	2.959388	0.313507
214.000000	0	0.113907	0.023564	0.469969	0.046483
214.000000	1	1.421692	0.518562	3.365089	0.461293
214.250000	0	0.115343	0.009251	0.884673	0.061940
214.250000	1	1.341163	0.525768	2.396860	0.286588
214.500000	0	0.112412	0.018331	0.712980	0.050547
214.500000	1	1.397508	0.493849	3.495962	0.414464
214.750000	0	0.115441	0.004674	1.364372	0.066560
214.750000	1	1.378000	0.579166	2.346231	0.294077
215.000000	0	0.112741	0.007837	0.580632	0.047971
215.000000	1	1.365335	0.661144	2.254592	0.226859
215.250000	0	0.114329	0.028827	0.367428	0.042933
215.250000	1	1.350714	0.500191	2.810578	0.322838
215.500000	0	0.111486	0.008042	0.423695	0.043773
215.500000	1	1.415030	0.437749	2.950472	0.374971
215.750000	0	0.110543	0.015022	0.688324	0.047888
215.750000	1	1.281447	0.140402	1.947354	0.256038
216.000000	0	0.112015	0.011108	0.428963	0.048175
216.000000	1	1.345591	0.117869	2.674139	0.346672
216.250000	0	0.114205	0.003594	0.766930	0.052497
216.250000	1	1.396109	0.553786	3.163374	0.410016
216.500000	0	0.111565	0.016595	0.949137	0.053994
216.500000	1	1.365540	0.450871	4.757333	0.525317
216.750000	0	0.110616	0.016817	1.358571	0.065926
216.750000	1	1.368684	0.088129	2.507267	0.376986
217.000000	0	0.112297	0.004267	0.423472	0.043448
217.000000	1	1.404675	0.346184	6.026343	0.602284
217.250000	0	0.115597	0.013226	0.843332	0.062986
217.250000	1	1.422301	0.276392	4.782155	0.518578
217.500000	0	0.116730	0.001268	0.897110	0.057211
217.500000	1	1.342499	0.322725	3.447882	0.370308
217.750000	0	0.111828	0.022608	0.784848	0.049328
217.750000	1	1.318361	0.200313	2.369553	0.343714
218.000000	0	0.113055	0.009396	0.446074	0.044232
218.000000	1	1.368004	0.434508	2.160968	0.285476
218.250000	0	0.111009	0.008823	0.731754	0.051279
218.250000	1	1.335355	0.567173	2.518521	0.341549
218.500000	0	0.112778	0.010918	0.657253	0.053104
218.500000	1	1.302841	0.300142	2.910907	0.344892
218.750000	0	0.112733	0.013747	0.657126	0.046711
218.750000	1	1.387948	0.413029	4.087345	0.492769
219.000000	0	0.112024	0.001353	0.527194	0.046780
219.000000	1	1.369569	0.231032	3.258273	0.450819
219.250000	0	0.112704	0.005911	0.733969	0.053297
219.250000	1	1.412423	0.339347	2.716268	0.387976
219.500000	0	0.111297	0.003204	0.370349	0.040204
219.500000	1	1.395461	0.584324	3.368277	0.378592
219.750000	0	0.109834	0.005680	0.389041	0.040348
219.750000	1	1.434749	0.471305	2.727135	0.358788
220.000000	0	0.111124	0.008535	0.281046	0.038875
220.000000	1	1.325574	0.607622	2.565969	0.273697
220.250000	0	0.111430	0.011224	0.395948	0.044021
220.250000	1	1.315376	0.252788	2.326450	0.276729
220.500000	0	0.112947	0.009797	0.452620	0.045462
220.500000	1	1.366513	0.337448	2.343182	0.346643
220.750000	0	0.110832	0.008092	0.487726	0.046531
220.750000	1	1.434884	0.576660	3.341350	0.451028
221.000000	0	0.111440	0.003853	0.518214	0.038923
221.000000	1	1.360310	0.433002	3.307205	0.340708
221.250000	0	0.110221	0.003677	0.386536	0.042013
221.250000	1	1.347526	0.346429	2.361193	0.315310
221.500000	0	0.109602	0.016797	0.434376	0.039900
221.500000	1	1.393729	0.739567	3.242001	0.356869
221.750000	0	0.109585	0.003929	0.368720	0.041610
221.750000	1	1.381410	0.090437	3.287266	0.379779
222.000000	0	0.112987	0.008879	0.631228	0.051080
222.000000	1	1.391401	0.635046	2.888033	0.354513
222.250000	0	0.113641	0.013701	0.562694	0.052712
222.250000	1	1.333217	0.319309	2.316262	0.299121
222.500000	0	0.111988	0.010755	0.540607	0.044122
222.500000	1	1.318200	0.245057	3.336847	0.357228
222.750000	0	0.113211	0.007373	0.979725	0.055748
222.750000	1	1.333312	0.459870	2.547363	0.335552
223.000000	0	0.111881	0.010304	0.460075	0.041885
223.000000	1	1.304452	0.219966	2.649936	0.381845
223.250000	0	0.111833	0.013025	0.677829	0.047719
223.250000	1	1.320121	0.185082	2.540326	0.380926
223.500000	0	0.113177	0.009715	0.560480	0.050774
223.500000	1	1.446840	0.368903	2.921887	0.407613
223.750000	0	0.115721	0.006285	0.802204	0.059917
223.750000	1	1.401156	0.500090	3.387315	0.384925
224.000000	0	0.112556	0.006971	0.556338	0.043484
224.000000	1	1.368580	0.103276	2.870641	0.378760
224.250000	0	0.112486	0.007087	0.470143	0.045341
224.250000	1	1.301818	0.207803	2.278467	0.307379
224.500000	0	0.114496	0.015552	0.892811	0.056172
224.500000	1	1.323161	0.287479	2.306650	0.339740
224.750000	0	0.114756	0.004935	0.779113	0.058190
224.750000	1	1.346901	0.110093	2.981474	0.431827
225.000000	0	0.111946	0.013545	0.591441	0.051272
225.000000	1	1.316671	0.436086	2.268351	0.323697
225.250000	0	0.114533	0.006173	0.669736	0.054480
225.250000	1	1.528323	0.412671	5.767083	0.667810
225.500000	0	0.113955	0.009700	0.545061	0.046971
225.500000	1	1.426703	0.249558	4.772485	0.503049
225.750000	0	0.112647	0.006611	0.771558	0.054115
225.750000	1	1.364583	0.187658	2.577358	0.315597
226.000000	0	0.110278	0.011341	0.401681	0.040147
226.000000	1	1.382417	0.178412	3.723910	0.497611
226.250000	0	0.115413	0.019006	1.471169	0.068146
226.250000	1	1.427232	0.076966	2.974449	0.410725
226.500000	0	0.109796	0.013707	0.977735	0.059220
226.500000	1	1.398526	0.211879	2.726134	0.349238
226.750000	0	0.111373	0.011580	0.400425	0.042498
226.750000	1	1.389420	0.144809	2.484556	0.345419
227.000000	0	0.110822	0.001876	0.493268	0.043248
227.000000	1	1.373920	0.673707	2.540202	0.323570
227.250000	0	0.110366	0.019440	0.445445	0.044887
227.250000	1	1.365442	0.311005	3.106336	0.320359
227.500000	0	0.109467	0.016960	0.695232	0.044577
227.500000	1	1.370426	0.583261	2.692714	0.356717
227.750000	0	0.112772	0.003223	0.697234	0.050174
227.750000	1	1.304752	0.381576	2.336602	0.347823
228.000000	0	0.111328	0.018724	0.618428	0.044649
228.000000	1	1.368552	0.549929	3.189981	0.379988
228.250000	0	0.114112	0.006400	0.568265	0.052323
228.250000	1	1.403711	0.185565	3.144410	0.373680
228.500000	0	0.112402	0.012288	0.631416	0.051517
228.500000	1	1.327329	0.586361	2.364579	0.302432
228.750000	0	0.112170	0.014312	0.500976	0.045887
228.750000	1	1.352975	0.327374	3.160762	0.368378
229.000000	0	0.113273	0.027207	0.889842	0.051968
229.000000	1	1.367187	0.641853	2.513181	0.334610
229.250000	0	0.114231	0.013074	0.678946	0.049819
229.250000	1	1.347403	0.137671	2.741029	0.410935
229.500000	0	0.112709	0.018738	0.659410	0.048241
229.500000	1	1.414496	0.280214	3.161576	0.378540
229.750000	0	0.114289	0.011162	0.908386	0.053125
229.750000	1	1.323249	0.527361	2.741309	0.333952
230.000000	0	0.109063	0.006435	0.393306	0.039797
230.000000	1	1.346034	0.090154	2.414062	0.372854
230.250000	0	0.112726	0.001680	0.793618	0.053338
230.250000	1	1.382905	0.608264	3.217197	0.382452
230.500000	0	0.116831	0.011805	1.102227	0.064362
230.500000	1	1.382182	0.304954	3.379399	0.461845
230.750000	0	0.110702	0.011287	0.874609	0.049158
230.750000	1	1.379083	0.336134	3.497283	0.407546
231.000000	0	0.113280	0.006389	0.353400	0.046894
231.000000	1	1.404667	0.340029	2.998486	0.409931
231.250000	0	0.111476	0.014343	0.633585	0.046192
231.250000	1	1.340404	0.344561	2.845644	0.348702
231.500000	0	0.111881	0.014993	0.421263	0.039324
231.500000	1	1.379152	0.088337	2.783759	0.370472
231.750000	0	0.111563	0.006491	0.459700	0.045304
231.750000	1	1.339599	0.078485	2.862444	0.324583
232.000000	0	0.111026	0.025891	0.540624	0.043730
232.000000	1	1.344678	0.394720	2.824365	0.374019
232.250000	0	0.110642	0.001297	0.858733	0.047448
232.250000	1	1.339995	0.237495	2.748801	0.388395
232.500000	0	0.112416	0.007937	0.382804	0.044574
232.500000	1	1.357616	0.423000	3.943317	0.490578
232.750000	0	0.112939	0.023153	0.525245	0.043827
232.750000	1	1.343089	0.541070	2.335842	0.289726
233.000000	0	0.111341	0.013550	0.699245	0.050979
233.000000	1	1.359573	0.209151	2.521105	0.374931
233.250000	0	0.108669	0.019504	0.644302	0.043423
233.250000	1	1.499344	0.332116	9.863728	1.035027
233.500000	0	0.112238	0.020009	0.479120	0.046436
233.500000	1	1.340352	0.156367	2.451880	0.323630
233.750000	0	0.112185	0.006984	0.455360	0.042946
233.750000	1	1.345608	0.227460	2.198204	0.287134
234.000000	0	0.110127	0.012780	0.405768	0.041211
234.000000	1	1.333013	0.393396	2.695062	0.347540
234.250000	0	0.115247	0.011046	0.857580	0.055165
234.250000	1	1.400120	0.128486	2.795971	0.406035
234.500000	0	0.112172	0.012877	0.675872	0.046439
234.500000	1	1.391051	0.570632	3.621785	0.466800
234.750000	0	0.111564	0.013830	0.622701	0.047315
234.750000	1	1.410456	0.710437	3.428423	0.395776
235.000000	0	0.113291	0.021577	0.687608	0.049684
235.000000	1	1.362730	0.307007	3.208372	0.456668
235.250000	0	0.111352	0.014019	0.744683	0.049581
235.250000	1	1.361382	0.401515	2.838332	0.359673
235.500000	0	0.112177	0.009965	0.469170	0.048983
235.500000	1	1.395750	0.280769	2.784379	0.369472
235.750000	0	0.113658	0.015176	0.657669	0.051288
235.750000	1	1.404214	0.338515	3.376788	0.423453
236.000000	0	0.111513	0.010000	0.602147	0.045315
236.000000	1	1.369109	0.369803	2.544446	0.348460
236.250000	0	0.112734	0.012657	0.658896	0.049874
236.250000	1	1.311601	0.556122	2.459759	0.322735
236.500000	0	0.114760	0.006379	0.616795	0.052840
236.500000	1	1.459474	0.515705	4.692668	0.556693
236.750000	0	0.116094	0.008522	1.413340	0.067784
236.750000	1	1.352284	0.239495	3.021243	0.401439
237.000000	0	0.112993	0.007072	0.977105	0.062338
237.000000	1	1.286591	0.253731	2.123616	0.272394
237.250000	0	0.113963	0.017886	0.631209	0.053093
237.250000	1	1.359452	0.169820	2.472590	0.366726
237.500000	0	0.112418	0.002753	0.707092	0.054037
237.500000	1	1.314443	0.374673	2.448969	0.314400
237.750000	0	0.115373	0.026268	0.890982	0.055121
237.750000	1	1.390279	0.010356	2.395765	0.347282
238.000000	0	0.112378	0.015201	0.382866	0.042465
238.000000	1	1.338238	0.206428	2.623678	0.338019
238.250000	0	0.116276	0.012831	1.033301	0.057520
238.250000	1	1.331243	0.331212	2.354470	0.323657
238.500000	0	0.114990	0.002087	0.439462	0.047105
238.500000	1	1.336432	0.616570	2.737169	0.315924
238.750000	0	0.119307	0.017473	0.729581	0.061829
238.750000	1	1.442216	0.584167	3.130482	0.453438
239.000000	0	0.114627	0.012161	0.792904	0.055215
239.000000	1	1.468349	0.522192	6.060678	0.694478
239.250000	0	0.111437	0.007812	0.329806	0.041289
239.250000	1	1.334403	0.184173	2.311371	0.335520
239.500000	0	0.111135	0.012090	0.474455	0.042824
239.500000	1	1.359822	0.314838	2.583318	0.358050
239.750000	0	0.113768	0.009746	0.497582	0.048704
239.750000	1	1.393913	0.570846	2.654544	0.305159
240.000000	0	0.111549	0.008760	0.857524	0.054823
240.000000	1	1.458057	0.406953	3.208050	0.495278
240.250000	0	0.109108	0.013341	0.285678	0.037513
240.250000	1	1.385043	0.485239	2.734093	0.344809
240.500000	0	0.112745	0.015724	0.341206	0.041228
240.500000	1	1.380012	0.397004	4.036504	0.493899
240.750000	0	0.111970	0.006093	0.592731	0.043873
240.750000	1	1.373669	0.301479	2.855135	0.348884
241.000000	0	0.107568	0.012176	0.608710	0.039201
241.000000	1	1.334662	0.246117	2.795228	0.359743
241.250000	0	0.113490	0.029190	0.868988	0.050256
241.250000	1	1.427674	0.631920	3.950869	0.408976
241.500000	0	0.111454	0.012822	0.598508	0.048727
241.500000	1	1.403247	0.682329	3.063820	0.384402
241.750000	0	0.112621	0.018369	0.856800	0.054793
241.750000	1	1.310094	0.511886	2.053081	0.262727
242.000000	0	0.114975	0.017452	0.841900	0.052731
242.000000	1	1.340889	0.515365	2.814552	0.378383
242.250000	0	0.108646	0.005243	0.507772	0.046900
242.250000	1	1.307792	0.311610	3.262545	0.397754
242.500000	0	0.116543	0.008731	0.982440	0.061119
242.500000	1	1.362092	0.082537	4.571024	0.509898
242.750000	0	0.115077	0.007020	0.390887	0.045701
242.750000	1	1.361818	0.232205	3.161285	0.418440
243.000000	0	0.114727	0.014626	0.702603	0.051542
243.000000	1	1.378867	0.509128	2.668727	0.318438
243.250000	0	0.112072	0.004399	0.588015	0.043597
243.250000	1	1.378088	0.243785	3.049003	0.399979
243.500000	0	0.111839	0.004944	0.786874	0.052466
243.500000	1	1.344775	0.643220	2.219308	0.260321
243.750000	0	0.112666	0.023142	0.594588	0.045767
243.750000	1	1.330211	0.186143	2.373615	0.379905
244.000000	0	0.112630	0.013656	0.646405	0.048297
244.000000	1	1.380807	0.313188	3.793060	0.420345
244.250000	0	0.112649	0.008831	0.457002	0.047416
244.250000	1	1.370688	0.628529	2.819928	0.355911
244.500000	0	0.110186	0.009092	0.446920	0.045193
244.500000	1	1.305580	0.289600	2.753226	0.320417
244.750000	0	0.115251	0.004867	0.640990	0.051022
244.750000	1	1.451459	0.616044	8.257747	0.938215
245.000000	0	0.119615	0.015417	0.958475	0.066498
245.000000	1	1.425639	0.706319	3.221508	0.369356
245.250000	0	0.111329	0.006782	0.508966	0.040271
245.250000	1	1.420399	0.448444	2.352832	0.308120
245.500000	0	0.110676	0.016581	0.412701	0.041954
245.500000	1	1.388677	0.346685	2.947285	0.377475
245.750000	0	0.114569	0.014734	1.258716	0.061950
245.750000	1	1.329256	0.321316	2.785210	0.300395
246.000000	0	0.112447	0.009481	0.412791	0.044759
246.000000	1	1.354879	0.442473	2.174183	0.311903
246.250000	0	0.112981	0.002632	0.709484	0.052960
246.250000	1	1.352918	0.728622	2.877831	0.322840
246.500000	0	0.114155	0.011084	0.567202	0.048542
246.500000	1	1.418775	0.451121	5.095228	0.539808
246.750000	0	0.113258	0.008470	0.569619	0.051371
246.750000	1	1.401872	0.508068	3.074548	0.413632
247.000000	0	0.109866	0.014148	0.592213	0.043918
247.000000	1	1.390700	0.255474	3.156147	0.436951
247.250000	0	0.112114	0.013791	0.470396	0.046714
247.250000	1	1.290531	0.226762	2.081925	0.308791
247.500000	0	0.112582	0.012015	0.519630	0.052073
247.500000	1	1.376458	0.238607	3.222070	0.396617
247.750000	0	0.114639	0.012401	0.688724	0.058178
247.750000	1	1.414963	0.379288	3.964674	0.426548
248.000000	0	0.113305	0.012567	0.478639	0.045835
248.000000	1	1.316883	0.615997	2.145939	0.284056
248.250000	0	0.114997	0.019903	0.527627	0.050895
248.250000	1	1.418458	0.299202	3.393048	0.449168
248.500000	0	0.114562	0.022813	0.676525	0.051578
248.500000	1	1.343639	0.479454	2.407978	0.325448
248.750000	0	0.112563	0.016081	0.440909	0.050518
248.750000	1	1.359865	0.298641	2.849843	0.407513
249.000000	0	0.111846	0.014176	0.397019	0.045209
249.000000	1	1.340833	0.412012	2.244823	0.265589
249.250000	0	0.110106	0.007311	0.696639	0.047658
249.250000	1	1.376986	0.745892	3.420868	0.364884
249.500000	0	0.111700	0.010265	0.586160	0.048520
249.500000	1	1.451962	0.356471	2.858791	0.385042
249.750000	0	0.112230	0.001845	0.676546	0.051707
249.750000	1	1.365331	0.326195	3.722368	0.410061
250.000000	0	0.112580	0.012835	0.617003	0.051154
250.000000	1	1.367518	0.702723	2.764818	0.290008
250.250000	0	0.112255	0.010605	0.512285	0.048149
250.250000	1	1.468161	0.387380	6.075769	0.680304
250.500000	0	0.114289	0.017575	1.030835	0.062047
250.500000	1	1.400048	0.436313	3.117546	0.397503
250.750000	0	0.111328	0.017281	0.488838	0.041428
250.750000	1	1.369227	0.387679	3.442983	0.425954
251.000000	0	0.110413	0.018338	0.583710	0.043628
251.000000	1	1.390261	0.528484	3.669675	0.437960
251.250000	0	0.111524	0.003798	0.450783	0.047132
251.250000	1	1.334831	0.161364	3.160683	0.377478
251.500000	0	0.111488	0.015952	0.451237	0.044423
251.500000	1	1.379431	0.633743	2.415264	0.327975
251.750000	0	0.112757	0.010328	0.755427	0.051463
251.750000	1	1.347155	0.280022	2.918374	0.392839
252.000000	0	0.112684	0.016030	0.696685	0.057503
252.000000	1	1.350000	0.465625	2.404767	0.312520
252.250000	0	0.110724	0.007372	0.475837	0.044293
252.250000	1	1.290902	0.218971	2.538241	0.317579
252.500000	0	0.112520	0.012066	0.755394	0.048577
252.500000	1	1.335543	0.337304	3.034446	0.348394
252.750000	0	0.113137	0.008310	0.450767	0.050433
252.750000	1	1.323633	0.463891	2.590821	0.324780
253.000000	0	0.114125	0.013071	0.684814	0.056041
253.000000	1	1.404697	0.361586	3.196296	0.458033
253.250000	0	0.112662	0.016944	0.727886	0.058360
253.250000	1	1.317244	0.061228	2.430973	0.371281
253.500000	0	0.115058	0.008803	0.642471	0.055353
253.500000	1	1.351401	0.245231	2.791204	0.420514
253.750000	0	0.114084	0.010078	0.602488	0.054700
253.750000	1	1.362669	0.620585	2.311793	0.344233
254.000000	0	0.113042	0.015212	0.596846	0.052622
254.000000	1	1.347760	0.614965	2.861935	0.351415
254.250000	0	0.116428	0.007083	0.645660	0.061582
254.250000	1	1.336760	0.124090	2.355495	0.336999
254.500000	0	0.114239	0.013334	0.838524	0.060158
254.500000	1	1.378486	0.166279	3.111443	0.412859
254.750000	0	0.113272	0.009495	0.704738	0.052021
254.750000	1	1.326891	0.570387	2.802712	0.340870
255.000000	0	0.110778	0.010642	0.638105	0.046672
255.000000	1	1.334860	0.317182	3.490588	0.382944
255.250000	0	0.112872	0.010749	0.613470	0.053643
255.250000	1	1.409785	0.488731	2.812094	0.333852
255.500000	0	0.111808	0.016914	0.625674	0.045403
255.500000	1	1.306430	0.235662	2.829736	0.319518
255.750000	0	0.111466	0.008535	0.565380	0.048227
255.750000	1	1.404080	0.324497	2.782020	0.372678
256.000000	0	0.112275	0.015421	0.433183	0.046552
256.000000	1	1.376935	0.311359	3.107529	0.374990
256.250000	0	0.111156	0.011299	0.356656	0.041652
256.250000	1	1.426241	0.598836	3.842854	0.405405
256.500000	0	0.111797	0.013077	0.421024	0.041414
256.500000	1	1.336562	0.413227	2.265180	0.295990
256.750000	0	0.113325	0.010866	0.353723	0.045343
256.750000	1	1.338689	0.126781	2.952558	0.377986
257.000000	0	0.112053	0.005793	0.667925	0.050845
257.000000	1	1.320648	0.227429	3.433354	0.371903
257.250000	0	0.112608	0.007430	0.795418	0.051697
257.250000	1	1.456575	0.777828	5.073814	0.482076
257.500000	0	0.107895	0.014918	0.328444	0.035901
257.500000	1	1.355217	0.241808	2.818798	0.355246
257.750000	0	0.110229	0.005784	0.337530	0.039375
257.750000	1	1.329934	0.083260	2.744970	0.385306
258.000000	0	0.109500	0.008181	0.729339	0.048177
258.000000	1	1.358749	0.466460	2.397782	0.352798
258.250000	0	0.114941	0.007976	1.421091	0.072482
258.250000	1	1.363354	0.373589	3.392710	0.419868
258.500000	0	0.114137	0.016959	0.593299	0.047670
258.500000	1	1.420503	0.373924	3.006604	0.428022
258.750000	0	0.108475	0.008037	0.514213	0.041597
258.750000	1	1.416361	0.737696	2.733687	0.307357
259.000000	0	0.109322	0.008233	0.458783	0.040359
259.000000	1	1.358496	0.689101	2.918040	0.344461
259.250000	0	0.112216	0.006742	0.753190	0.046259
259.250000	1	1.357614	0.359133	2.476773	0.341620
259.500000	0	0.110882	0.006448	0.527041	0.044726
259.500000	1	1.344447	0.340712	2.711609	0.359896
259.750000	0	0.112934	0.009919	0.483737	0.045577
259.750000	1	1.363735	0.403476	3.376829	0.357957
260.000000	0	0.114984	0.012536	0.547691	0.051646
260.000000	1	1.366939	0.476950	2.949331	0.380009
260.250000	0	0.110557	0.006633	0.484546	0.041455
260.250000	1	1.338535	0.303973	2.439526	0.309394
260.500000	0	0.113737	0.014098	1.083024	0.059721
260.500000	1	1.354150	0.197939	2.816880	0.345075
260.750000	0	0.111975	0.023971	0.361648	0.040398
260.750000	1	1.373950	0.239708	3.136855	0.445645
261.000000	0	0.113129	0.009967	0.584381	0.048692
261.000000	1	1.365941	0.373123	2.422714	0.337116
261.250000	0	0.111599	0.009057	0.530264	0.046681
261.250000	1	1.383825	0.411188	2.587039	0.365928
261.500000	0	0.111379	0.003939	0.489107	0.046542
261.500000	1	1.389487	0.148367	4.304347	0.461165
261.750000	0	0.114702	0.007377	0.712362	0.055468
261.750000	1	1.398342	0.708221	2.752161	0.307168
262.000000	0	0.112305	0.005351	0.814382	0.056468
262.000000	1	1.378157	0.120558	2.634481	0.388345
262.250000	0	0.109915	0.016450	0.343654	0.040285
262.250000	1	1.357176	0.375720	2.809137	0.324695
262.500000	0	0.108527	0.004787	0.436051	0.042098
262.500000	1	1.420487	0.463222	3.318567	0.396485
262.750000	0	0.116207	0.017410	1.652276	0.076299
262.750000	1	1.406927	0.731764	3.792102	0.404816
263.000000	0	0.112493	0.020385	0.810380	0.048591
263.000000	1	1.423528	0.496685	3.023102	0.393236
263.250000	0	0.113676	0.006266	0.404870	0.047524
263.250000	1	1.363832	0.383713	3.532446	0.447685
263.500000	0	0.109887	0.021797	0.436406	0.044382
263.500000	1	1.372948	0.233931	4.584120	0.485363
263.750000	0	0.111642	0.016604	0.612503	0.047083
263.750000	1	1.400784	0.149896	3.054957	0.413697
264.000000	0	0.113888	0.018484	0.519163	0.046542
264.000000	1	1.311432	0.262856	2.366370	0.287974
264.250000	0	0.112269	0.013400	0.559416	0.050115
264.250000	1	1.366549	0.205175	2.757335	0.387252
264.500000	0	0.111172	0.015580	0.535948	0.045823
264.500000	1	1.290092	0.446430	2.129309	0.273593
264.750000	0	0.113926	0.017103	0.672932	0.048958
264.750000	1	1.313382	0.298255	2.634987	0.347081
265.000000	0	0.110636	0.003499	0.863229	0.053194
265.000000	1	1.387789	0.711983	2.564537	0.328290
265.250000	0	0.113682	0.012977	0.544358	0.047585
265.250000	1	1.403230	0.483659	3.485184	0.395760
265.500000	0	0.119493	0.008090	3.042256	0.120962
265.500000	1	1.443189	0.406500	5.723414	0.634070
265.750000	0	0.114014	0.004719	0.677308	0.050909
265.750000	1	1.334961	0.480286	3.282004	0.387297
266.000000	0	0.117897	0.016306	0.898232	0.071456
266.000000	1	1.387803	0.364899	3.113460	0.407159
266.250000	0	0.113294	0.003967	0.637670	0.045341
266.250000	1	1.376421	0.566170	2.841329	0.341742
266.500000	0	0.113883	0.015387	0.549826	0.047931
266.500000	1	1.397327	0.595118	2.716415	0.319056
266.750000	0	0.112902	0.004072	0.446309	0.049479
266.750000	1	1.339586	0.425282	2.162907	0.312408
267.000000	0	0.111570	0.008165	0.319392	0.040513
267.000000	1	1.375458	0.081776	2.506315	0.347160
267.250000	0	0.110831	0.014678	0.439163	0.040367
267.250000	1	1.366365	0.131243	3.091775	0.384851
267.500000	0	0.110880	0.007680	0.649342	0.046008
267.500000	1	1.330917	0.310869	2.456682	0.308511
267.750000	0	0.114682	0.004664	0.551445	0.050396
267.750000	1	1.393263	0.324717	2.597622	0.356109
268.000000	0	0.111660	0.001928	0.514166	0.046155
268.000000	1	1.363484	0.623350	2.303566	0.297196
268.250000	0	0.112014	0.010332	0.674745	0.048513
268.250000	1	1.328615	0.187594	2.840973	0.368951
268.500000	0	0.115983	0.006928	0.553523	0.051514
268.500000	1	1.337979	0.153720	2.596116	0.357734
268.750000	0	0.113821	0.015636	0.604724	0.051115
268.750000	1	1.426508	0.550661	2.755446	0.324279
269.000000	0	0.110849	0.013510	0.343739	0.039596
269.000000	1	1.375198	0.838037	2.639982	0.297658
269.250000	0	0.109709	0.005537	0.461768	0.044815
269.250000	1	1.606050	0.433382	15.981774	1.849902
269.500000	0	0.110371	0.013875	0.791877	0.047491
269.500000	1	1.326319	0.249990	2.765293	0.329228
269.750000	0	0.112250	0.011924	0.571724	0.051710
269.750000	1	1.369856	0.264273	2.254868	0.311045
270.000000	0	0.112191	0.015146	0.543543	0.046641
270.000000	1	1.352869	0.677127	2.548555	0.283346
270.250000	0	0.110476	0.010142	0.640949	0.043594
270.250000	1	1.339444	0.366357	2.369047	0.358995
270.500000	0	0.107376	0.014394	0.431552	0.038449
270.500000	1	1.345599	0.381591	2.705744	0.364813
270.750000	0	0.110915	0.011318	0.348334	0.039477
270.750000	1	1.378281	0.591163	3.122654	0.380417
271.000000	0	0.115291	0.018397	0.914945	0.061698
271.000000	1	1.424178	0.072628	3.546859	0.482096
271.250000	0	0.113406	0.006318	0.711831	0.051825
271.250000	1	1.359940	0.341994	2.585962	0.331818
271.500000	0	0.109367	0.007961	0.487251	0.043136
271.500000	1	1.304071	0.245893	2.001997	0.302213
271.750000	0	0.114552	0.005818	1.332334	0.074328
271.750000	1	1.395062	0.348921	2.832808	0.366606
272.000000	0	0.110695	0.019032	0.837404	0.054642
272.000000	1	1.333161	0.335059	2.370026	0.323645
272.250000	0	0.115571	0.005944	0.728066	0.052852
272.250000	1	1.311312	0.333161	2.774715	0.363779
272.500000	0	0.115638	0.017186	0.524144	0.055090
272.500000	1	1.374820	0.418013	2.517406	0.311851
272.750000	0	0.109414	0.001098	0.570576	0.046504
272.750000	1	1.433242	0.118763	7.038975	0.690165
273.000000	0	0.108748	0.006454	0.334275	0.038553
273.000000	1	1.357130	0.166602	2.525229	0.301063
273.250000	0	0.107621	0.012606	0.424930	0.037892
273.250000	1	1.380589	0.324074	2.995756	0.399321
273.500000	0	0.111998	0.000272	0.583285	0.044126
273.500000	1	1.369694	0.534868	3.752927	0.468431
273.750000	0	0.109349	0.011945	0.521389	0.044864
273.750000	1	1.374374	0.267901	2.589832	0.391167
274.000000	0	0.115697	0.012260	0.614274	0.051131
274.000000	1	1.370786	0.407769	3.387436	0.367484
274.250000	0	0.110726	0.005981	0.753898	0.050942
274.250000	1	1.384725	0.639875	3.963037	0.450436
274.500000	0	0.112652	0.018212	0.408079	0.041981
274.500000	1	1.399260	0.594531	2.817298	0.375604
274.750000	0	0.113003	0.009975	0.711442	0.048762
274.750000	1	1.412786	0.404911	3.125167	0.405380
275.000000	0	0.110630	0.015283	0.449526	0.045270
275.000000	1	1.345936	0.413716	2.758725	0.339225
275.250000	0	0.115301	0.003612	1.059797	0.064776
275.250000	1	1.394495	0.634446	3.113841	0.414146
275.500000	0	0.114365	0.010012	0.608429	0.053901
275.500000	1	1.332250	0.071506	2.301411	0.321687
275.750000	0	0.113078	0.019819	0.867560	0.056281
275.750000	1	1.367476	0.450661	3.308145	0.382480
276.000000	0	0.109331	0.010274	0.378839	0.040223
276.000000	1	1.351487	0.651964	2.742260	0.338753
276.250000	0	0.111656	0.008064	0.739987	0.046088
276.250000	1	1.357283	0.346398	2.826510	0.372137
276.500000	0	0.110982	0.014301	0.372564	0.041391
276.500000	1	1.370519	0.200399	3.194089	0.399141
276.750000	0	0.110907	0.002793	0.395824	0.038762
276.750000	1	1.339002	0.225956	2.511564	0.308599
277.000000	0	0.112904	0.018334	0.369257	0.040236
277.000000	1	1.363535	0.390690	3.126544	0.409938
277.250000	0	0.113607	0.010828	0.808376	0.053966
277.250000	1	1.444216	0.328408	2.998673	0.382538
277.500000	0	0.111528	0.005095	0.354837	0.039949
277.500000	1	1.327783	0.171047	2.971034	0.370718
277.750000	0	0.111859	0.019070	0.479034	0.044360
277.750000	1	1.324297	0.343188	2.549650	0.313270
278.000000	0	0.110527	0.004559	0.382237	0.039258
278.000000	1	1.316941	0.313784	2.284597	0.332515
278.250000	0	0.111624	0.011538	0.427810	0.045904
278.250000	1	1.370436	0.679635	2.507966	0.325774
278.500000	0	0.112681	0.013129	0.838409	0.053990
278.500000	1	1.305587	0.538996	2.550116	0.297036
278.750000	0	0.115264	0.007260	0.622372	0.050712
278.750000	1	1.391764	0.264247	3.164216	0.391302
279.000000	0	0.114995	0.008492	1.054361	0.057081
279.000000	1	1.327427	0.525397	2.880759	0.339163
279.250000	0	0.111313	0.006741	0.628800	0.049638
279.250000	1	1.380074	0.473105	2.361099	0.316384
279.500000	0	0.111884	0.007832	0.621708	0.052632
279.500000	1	1.336582	0.427396	2.811538	0.361836
279.750000	0	0.114348	0.006244	0.954465	0.058813
279.750000	1	1.346053	0.555172	2.545703	0.327946
280.000000	0	0.113178	0.016667	0.403932	0.045755
280.000000	1	1.386388	0.588246	3.028134	0.344634
280.250000	0	0.115335	0.016748	0.498108	0.049286
280.250000	1	1.391250	0.040126	3.010602	0.437747
280.500000	0	0.115976	0.020656	1.033180	0.069191
280.500000	1	1.393376	0.558132	2.593700	0.323768
280.750000	0	0.112815	0.015755	0.444606	0.042349
280.750000	1	1.335725	0.530472	2.214797	0.267214
281.000000	0	0.111949	0.017869	0.377590	0.045627
281.000000	1	1.414952	0.131983	2.889611	0.323099
281.250000	0	0.108104	0.005730	0.377638	0.037328
281.250000	1	1.379903	0.538227	2.872837	0.358508
281.500000	0	0.110146	0.009470	0.364950	0.040406
281.500000	1	1.326316	0.524625	2.187456	0.288498
281.750000	0	0.108409	0.008321	0.392526	0.038895
281.750000	1	1.389792	0.443700	3.850421	0.402036
282.000000	0	0.112496	0.005441	0.558168	0.047719
282.000000	1	1.273275	0.242823	2.450475	0.358598
282.250000	0	0.114698	0.006350	0.741463	0.059493
282.250000	1	1.392553	0.296887	3.237096	0.405809
282.500000	0	0.115538	0.014857	0.651423	0.051249
282.500000	1	1.355914	0.409207	1.998024	0.284428
282.750000	0	0.110349	0.014291	0.515735	0.044532
282.750000	1	1.379915	0.558090	4.207656	0.399200
283.000000	0	0.114300	0.008127	0.649449	0.055936
283.000000	1	1.326404	0.348854	2.717678	0.396108
283.250000	0	0.109551	0.015848	1.048985	0.053633
283.250000	1	1.317545	0.522810	2.448189	0.281987
283.500000	0	0.115335	0.003858	0.850555	0.058355
283.500000	1	1.358225	0.567400	3.373579	0.412493
283.750000	0	0.114592	0.003260	0.543274	0.052493
283.750000	1	1.392612	0.488247	2.735205	0.389447
284.000000	0	0.109864	0.011796	0.396252	0.042314
284.000000	1	1.350906	0.371434	3.405828	0.438558
284.250000	0	0.114793	0.011615	0.490684	0.052233
284.250000	1	1.427351	0.457409	3.158817	0.431147
284.500000	0	0.112516	0.015751	0.589021	0.049667
284.500000	1	1.349233	0.393191	3.400199	0.411878
284.750000	0	0.112157	0.008024	0.594980	0.050793
284.750000	1	1.423635	0.209826	3.677913	0.405278
285.000000	0	0.110370	0.007030	0.694959	0.045574
285.000000	1	1.369132	0.444565	2.899336	0.375886
285.250000	0	0.112263	0.008912	0.415059	0.043511
285.250000	1	1.365967	0.662380	2.507102	0.315287
285.500000	0	0.110784	0.019379	0.644076	0.044831
285.500000	1	1.350360	0.349114	2.683085	0.341802
285.750000	0	0.112633	0.007618	0.720607	0.052229
285.750000	1	1.340254	0.172222	2.734546	0.385394
286.000000	0	0.113053	0.021235	0.539693	0.050879
286.000000	1	1.367931	0.459559	2.288505	0.273955
286.250000	0	0.108377	0.011737	0.512769	0.040942
286.250000	1	1.348856	0.254564	2.301880	0.268366
286.500000	0	0.109405	0.011965	0.413213	0.041729
286.500000	1	1.267865	0.297164	2.285030	0.306093
286.750000	0	0.109645	0.006073	0.476749	0.042436
286.750000	1	1.416900	0.479414	2.754689	0.403485
287.000000	0	0.111233	0.009240	0.363561	0.041726
287.000000	1	1.405453	0.359926	4.280532	0.456679
287.250000	0	0.109948	0.006241	0.658987	0.047592
287.250000	1	1.351263	0.664133	2.315343	0.288702
287.500000	0	0.111112	0.021550	0.443407	0.043488
287.500000	1	1.366778	0.352425	2.476817	0.327985
287.750000	0	0.109529	0.020411	0.333650	0.040896
287.750000	1	1.350588	0.390490	2.457408	0.291490
288.000000	0	0.110822	0.009903	0.676705	0.044228
288.000000	1	1.355630	0.467952	2.585316	0.348682
288.250000	0	0.110666	0.015031	0.539268	0.042765
288.250000	1	1.424467	0.034202	4.863977	0.553288
288.500000	0	0.110127	0.009242	0.760707	0.049754
288.500000	1	1.378326	0.648994	2.251640	0.302273
288.750000	0	0.115242	0.007312	0.979059	0.063417
288.750000	1	1.372584	0.272555	2.815844	0.440191
289.000000	0	0.114021	0.012219	0.719061	0.060318
289.000000	1	1.337368	0.280463	3.077525	0.409375
289.250000	0	0.111578	0.006705	0.387313	0.046376
289.250000	1	1.353287	0.231014	2.671882	0.337495
289.500000	0	0.111142	0.004589	0.620131	0.044679
289.500000	1	1.379848	0.743723	2.575625	0.288267
289.750000	0	0.110860	0.016049	0.677326	0.045259
289.750000	1	1.410812	0.267047	3.578319	0.497612
290.000000	0	0.111207	0.017793	0.673763	0.044985
290.000000	1	1.298144	0.041972	2.565461	0.341235
290.250000	0	0.110001	0.005019	0.396877	0.042905
290.250000	1	1.372119	0.699901	2.961784	0.386840
290.500000	0	0.109939	0.007171	0.739890	0.045410
290.500000	1	1.428810	0.638723	2.659099	0.355623
290.750000	0	0.110625	0.006485	0.566326	0.041319
290.750000	1	1.396869	0.565322	3.044445	0.358923
291.000000	0	0.107563	0.017382	0.269036	0.034696
291.000000	1	1.354314	0.652590	3.302963	0.360262
291.250000	0	0.109880	0.010994	0.308315	0.038592
291.250000	1	1.351695	0.270009	2.597626	0.347523
291.500000	0	0.117162	0.013534	0.891373	0.063558
291.500000	1	1.401550	0.459318	2.919150	0.401339
291.750000	0	0.110510	0.011139	0.427613	0.043590
291.750000	1	1.313707	0.275821	2.265855	0.318375
292.000000	0	0.112452	0.021848	0.356213	0.041757
292.000000	1	1.334118	0.376604	3.005766	0.348686
292.250000	0	0.112128	0.016666	0.516627	0.043270
292.250000	1	1.378484	0.684524	3.285831	0.378235
292.500000	0	0.112784	0.009885	0.910690	0.053278
292.500000	1	1.373653	0.663518	2.742671	0.314193
292.750000	0	0.112064	0.007635	0.674030	0.045137
292.750000	1	1.312489	0.229784	2.955210	0.379579
293.000000	0	0.112794	0.015825	0.931795	0.050515
293.000000	1	1.309674	0.073561	2.191373	0.331693
293.250000	0	0.114457	0.004336	0.665042	0.048851
293.250000	1	1.374042	0.162125	3.268852	0.414987
293.500000	0	0.111938	0.004965	0.799946	0.052800
293.500000	1	1.297388	0.087654	2.023126	0.285243
293.750000	0	0.111504	0.004473	0.311284	0.039366
293.750000	1	1.360618	0.798214	2.668392	0.380153
294.000000	0	0.112896	0.009289	0.456821	0.046884
294.000000	1	1.411514	0.660142	3.344179	0.397021
294.250000	0	0.113994	0.003009	0.485880	0.048137
294.250000	1	1.439446	0.597325	4.066626	0.521162
294.500000	0	0.115310	0.012206	0.787316	0.055555
294.500000	1	1.377628	0.591983	3.011133	0.370842
294.750000	0	0.111706	0.020980	0.356734	0.040026
294.750000	1	1.364347	0.279028	3.645307	0.436577
295.000000	0	0.112876	0.002058	0.662472	0.047984
295.000000	1	1.373490	0.317406	2.350611	0.341081
295.250000	0	0.111361	0.004207	0.863571	0.055768
295.250000	1	1.379192	0.590650	3.393005	0.405582
295.500000	0	0.110219	0.002422	0.341692	0.038787
295.500000	1	1.383090	0.061250	2.870192	0.389424
295.750000	0	0.108964	0.018719	0.410108	0.041084
295.750000	1	1.360543	0.448912	2.981712	0.361548
296.000000	0	0.109912	0.012690	0.807830	0.047551
296.000000	1	1.390122	0.367126	3.135532	0.450468
296.250000	0	0.113335	0.013890	1.399751	0.063917
296.250000	1	1.375080	0.085682	3.018738	0.397717
296.500000	0	0.110427	0.009094	0.733561	0.047408
296.500000	1	1.397844	0.281849	3.470842	0.395955
296.750000	0	0.109752	0.012240	0.391538	0.041674
296.750000	1	1.397080	0.506872	3.337284	0.443713
297.000000	0	0.112400	0.008837	0.630058	0.047642
297.000000	1	1.321940	0.424881	3.061019	0.389699
297.250000	0	0.108577	0.021006	0.506434	0.042779
297.250000	1	1.424563	0.503318	3.037431	0.468609
297.500000	0	0.117277	0.004619	1.500512	0.072493
297.500000	1	1.416408	0.367128	2.876472	0.385897
297.750000	0	0.112750	0.005475	0.417746	0.045192
297.750000	1	1.364875	0.538411	2.982548	0.349150
298.000000	0	0.113321	0.008851	0.858957	0.058274
298.000000	1	1.434309	0.340580	4.950553	0.575540
298.250000	0	0.116652	0.022641	0.956289	0.064582
298.250000	1	1.334190	0.137191	2.780958	0.448444
298.500000	0	0.114707	0.014351	0.884310	0.061807
298.500000	1	1.380539	0.504936	2.720015	0.381444
298.750000	0	0.113051	0.016151	0.733206	0.049066
298.750000	1	1.371431	0.412472	3.100421	0.354401
299.000000	0	0.112347	0.005420	0.792422	0.047540
299.000000	1	1.326275	0.132033	2.705236	0.365372
299.250000	0	0.111239	0.018245	0.532785	0.048649
299.250000	1	1.333896	0.130038	3.277357	0.369469
299.500000	0	0.110153	0.016931	0.345729	0.042460
299.500000	1	1.364112	0.364030	3.120765	0.403355
299.750000	0	0.110528	0.015407	0.565876	0.043929
299.750000	1	1.378249	0.715013	3.600423	0.367967
300.000000	0	0.112203	0.010039	0.529060	0.044014
300.000000	1	1.400483	0.233970	4.331829	0.512648
300.250000	0	0.112591	0.029893	0.416145	0.046568
300.250000	1	1.376907	0.288616	2.527582	0.367711
300.500000	0	0.110016	0.012777	0.452945	0.047540
300.500000	1	1.363280	0.618057	2.837685	0.351801
300.750000	0	0.111629	0.011376	0.544795	0.044904
300.750000	1	1.328559	0.581949	2.605055	0.311195
301.000000	0	0.110194	0.003593	0.565754	0.043139
301.000000	1	1.323759	0.521809	2.724144	0.290659
301.250000	0	0.111287	0.010515	0.514322	0.042957
301.250000	1	1.398594	0.449612	4.221182	0.450027
301.500000	0	0.112544	0.013922	0.968309	0.051347
301.500000	1	1.383538	0.089521	3.361577	0.440951
301.750000	0	0.112032	0.005718	0.788741	0.049675
301.750000	1	1.369430	0.207853	2.652673	0.332647
302.000000	0	0.112609	0.007873	0.474241	0.044199
302.000000	1	1.372271	0.276448	3.020705	0.357853
302.250000	0	0.112354	0.023633	0.881507	0.049892
302.250000	1	1.412483	0.144425	2.955428	0.413452
302.500000	0	0.110014	0.000667	0.410024	0.040709
302.500000	1	1.343252	0.453469	2.450768	0.306851
302.750000	0	0.113284	0.009034	0.714025	0.052954
302.750000	1	1.387173	0.122144	3.250247	0.400018
303.000000	0	0.113502	0.004520	0.698189	0.052934
303.000000	1	1.340701	0.213514	2.480579	0.355404
303.250000	0	0.114730	0.014870	1.084828	0.061314
303.250000	1	1.321332	0.125916	2.884749	0.394123
303.500000	0	0.112522	0.006744	0.385564	0.044951
303.500000	1	1.419820	0.409259	2.844789	0.383099
303.750000	0	0.111446	0.014186	0.347576	0.039818
303.750000	1	1.404437	0.416556	3.485961	0.449164
304.000000	0	0.116310	0.016464	1.108758	0.076239
304.000000	1	1.425935	0.518477	3.320114	0.496530
304.250000	0	0.112666	0.007405	0.897160	0.054973
304.250000	1	1.361440	0.349345	2.520605	0.310375
304.500000	0	0.113750	0.004535	0.519015	0.046994
304.500000	1	1.395214	0.401269	3.159497	0.398789
304.750000	0	0.110872	0.019677	0.651386	0.051878
304.750000	1	1.373645	0.523297	2.258777	0.311673
305.000000	0	0.112443	0.006218	0.560626	0.047571
305.000000	1	1.373335	0.277349	3.331682	0.352564
305.250000	0	0.113404	0.016816	1.200657	0.063341
305.250000	1	1.386418	0.007952	2.721436	0.385321
305.500000	0	0.109266	0.016813	0.405280	0.040637
305.500000	1	1.333337	0.532883	2.879908	0.267772
305.750000	0	0.111500	0.005634	0.580066	0.044288
305.750000	1	1.319376	0.187516	2.463535	0.354655
306.000000	0	0.113843	0.014720	0.699387	0.056339
306.000000	1	1.314655	0.257181	2.437545	0.327955
306.250000	0	0.112206	0.017269	0.825501	0.051564
306.250000	1	1.320679	0.431732	2.231208	0.303855
306.500000	0	0.113712	0.001837	0.584789	0.052641
306.500000	1	1.447345	0.403848	3.125059	0.408612
306.750000	0	0.110285	0.017410	0.390738	0.041971
306.750000	1	1.339826	0.330205	2.854146	0.329661
307.000000	0	0.113061	0.021132	0.500470	0.042730
307.000000	1	1.379919	0.615951	2.659246	0.338450
307.250000	0	0.109928	0.013782	0.628718	0.046426
307.250000	1	1.401508	0.643989	2.560902	0.340230
307.500000	0	0.111640	0.009873	0.540006	0.044456
307.500000	1	1.332133	0.394990	2.342721	0.326891
307.750000	0	0.115309	0.007683	0.884054	0.053596
307.750000	1	1.370901	0.079962	2.328962	0.350471
308.000000	0	0.113603	0.024776	0.777902	0.051079
308.000000	1	1.376080	0.676829	2.658331	0.326053
308.250000	0	0.115056	0.002472	1.118531	0.063524
308.250000	1	1.562676	0.420124	10.894751	1.251398
308.500000	0	0.112787	0.008093	0.652355	0.055307
308.500000	1	1.316772	0.287829	2.285988	0.330404
308.750000	0	0.111915	0.006613	0.732447	0.052003
308.750000	1	1.362233	0.041012	2.600199	0.396711
309.000000	0	0.111210	0.012609	0.781992	0.046671
309.000000	1	1.385425	0.386038	2.952741	0.412536
309.250000	0	0.114012	0.006498	0.785854	0.052287
309.250000	1	1.351953	0.436632	3.016217	0.428868
309.500000	0	0.111037	0.008456	0.521163	0.046294
309.500000	1	1.317460	0.078588	2.424804	0.344959
309.750000	0	0.113013	0.011807	0.412684	0.046606
309.750000	1	1.348367	0.023988	2.973830	0.377771
310.000000	0	0.111805	0.009898	0.425409	0.044145
310.000000	1	1.406052	0.421754	2.972536	0.396987
310.250000	0	0.114199	0.005279	0.647804	0.050891
310.250000	1	1.337288	0.607744	2.245147	0.295780
310.500000	0	0.111569	0.010835	0.741259	0.053265
310.500000	1	1.346500	0.414249	3.041986	0.391193
310.750000	0	0.112081	0.013200	0.743217	0.049870
310.750000	1	1.330695	0.646908	2.851051	0.323652
311.000000	0	0.118269	0.010575	0.866082	0.069263
311.000000	1	1.412580	0.434840	2.506667	0.347677
311.250000	0	0.113894	0.019415	0.834262	0.057428
311.250000	1	1.407413	0.360965	3.063932	0.407986
311.500000	0	0.115552	0.023721	0.609319	0.049177
311.500000	1	1.330331	0.534398	2.387975	0.293272
311.750000	0	0.115037	0.012352	0.579119	0.053915
311.750000	1	1.476653	0.195106	3.827500	0.509674
312.000000	0	0.112530	0.015280	0.595933	0.048895
312.000000	1	1.360893	0.481380	2.656988	0.300545
312.250000	0	0.111237	0.025259	0.345738	0.042772
312.250000	1	1.313084	0.178183	2.342904	0.331858
312.500000	0	0.114247	0.016151	0.640299	0.055789
312.500000	1	1.397225	0.423262	2.986090	0.492428
312.750000	0	0.110739	0.001881	0.602546	0.046804
312.750000	1	1.303639	0.561760	2.460482	0.333028
313.000000	0	0.115239	0.005276	0.771254	0.060556
313.000000	1	1.460815	0.519711	3.343038	0.447954
313.250000	0	0.113272	0.015939	0.485792	0.043740
313.250000	1	1.384899	0.434325	3.100133	0.381448
313.500000	0	0.112626	0.003049	0.837156	0.052892
313.500000	1	1.404060	0.512335	4.889070	0.507988
313.750000	0	0.113912	0.014382	0.894316	0.061912
313.750000	1	1.329180	0.502140	2.514492	0.310027
314.000000	0	0.113332	0.006919	0.703050	0.048315
314.000000	1	1.365453	0.482498	3.085449	0.374479
314.250000	0	0.111240	0.007637	0.536574	0.043766
314.250000	1	1.299813	0.205830	2.486268	0.335583
314.500000	0	0.112023	0.012998	0.431968	0.047972
314.500000	1	1.367430	0.353428	3.341355	0.411455
314.750000	0	0.111850	0.011955	0.557220	0.045869
314.750000	1	1.399488	0.357477	2.895183	0.388388
315.000000	0	0.111870	0.007195	0.846520	0.051851
315.000000	1	1.341431	0.180448	2.363183	0.326291
315.250000	0	0.113273	0.002864	0.834325	0.051413
315.250000	1	1.348445	0.444368	2.789292	0.332660
315.500000	0	0.112655	0.015853	0.957271	0.055716
315.500000	1	1.369098	0.403579	2.859728	0.353427
315.750000	0	0.110814	0.007193	0.858508	0.048561
315.750000	1	1.438826	0.554821	2.832261	0.357343
316.000000	0	0.108674	0.011549	0.524513	0.041957
316.000000	1	1.347471	0.119182	2.242487	0.316388
316.250000	0	0.108965	0.008813	0.446017	0.039709
316.250000	1	1.352948	0.198473	2.520820	0.369792
316.500000	0	0.112145	0.005965	0.726172	0.046241
316.500000	1	1.359449	0.304665	2.613873	0.391691
316.750000	0	0.110286	0.013894	0.637298	0.048155
316.750000	1	1.327783	0.580058	2.951822	0.322170
317.000000	0	0.111492	0.009402	0.905233	0.059720
317.000000	1	1.319453	0.460138	2.451940	0.315791
317.250000	0	0.115073	0.012390	1.071573	0.063909
317.250000	1	1.334070	0.297475	3.226345	0.389032
317.500000	0	0.115648	0.020284	0.613558	0.058572
317.500000	1	1.485198	0.301960	5.698448	0.622254
317.750000	0	0.114585	0.012225	1.233912	0.057753
317.750000	1	1.367515	0.720417	2.511094	0.316857
318.000000	0	0.110047	0.006462	0.404841	0.042173
318.000000	1	1.353491	0.373253	2.863979	0.354154
318.250000	0	0.111291	0.011251	0.509643	0.042104
318.250000	1	1.399638	0.320239	2.718559	0.399895
318.500000	0	0.112615	0.012754	0.733845	0.050037
318.500000	1	1.341372	0.463170	3.051230	0.401885
318.750000	0	0.113306	0.009739	1.091662	0.063312
318.750000	1	1.423552	0.527932	6.373467	0.648914
319.000000	0	0.112130	0.004135	0.840886	0.051592
319.000000	1	1.386637	0.350623	3.890000	0.468989
319.250000	0	0.113244	0.013758	0.782859	0.052268
319.250000	1	1.387801	0.387870	2.515435	0.347757
319.500000	0	0.115675	0.021240	1.010293	0.056211
319.500000	1	1.366417	0.637699	2.252143	0.284876
319.750000	0	0.112383	0.002096	0.459728	0.045365
319.750000	1	1.383488	0.505897	3.018553	0.366825
320.000000	0	0.114363	0.011901	1.063037	0.066447
320.000000	1	1.297358	0.214850	3.069114	0.363258
320.250000	0	0.110891	0.013596	0.413882	0.041832
320.250000	1	1.340074	0.417409	2.456810	0.394121
320.500000	0	0.114149	0.013632	0.592535	0.053984
320.500000	1	1.331892	0.487533	3.141187	0.354286
320.750000	0	0.119473	0.015235	0.774108	0.066059
320.750000	1	1.367382	0.281902	5.196177	0.500281
321.000000	0	0.113332	0.004165	0.665280	0.051684
321.000000	1	1.402065	0.726854	2.904832	0.433626
321.250000	0	0.113522	0.012645	0.532732	0.049543
321.250000	1	1.407828	0.283419	3.579239	0.487382
321.500000	0	0.115029	0.011205	0.910943	0.059528
321.500000	1	1.388744	0.218116	2.733690	0.392331
321.750000	0	0.117130	0.021338	0.791003	0.058171
321.750000	1	1.352803	0.088374	2.638120	0.331609
322.000000	0	0.113869	0.005906	0.571481	0.050544
322.000000	1	1.375412	0.263918	3.988181	0.445492
322.250000	0	0.115748	0.007053	1.078001	0.059835
322.250000	1	1.291409	0.215757	2.719117	0.429384
322.500000	0	0.115145	0.015694	0.625091	0.050577
322.500000	1	1.298695	0.111305	2.872910	0.437416
322.750000	0	0.111197	0.004803	0.621809	0.050613
322.750000	1	1.483666	0.403808	3.630126	0.523112
323.000000	0	0.110849	0.013973	0.379347	0.043980
323.000000	1	1.414288	0.341070	2.673142	0.342622
323.250000	0	0.111474	0.010275	0.321636	0.039277
323.250000	1	1.459431	0.155081	5.066957	0.600190
323.500000	0	0.111248	0.004809	0.841539	0.054747
323.500000	1	1.408375	0.212152	2.875820	0.438695
323.750000	0	0.112841	0.009862	0.596379	0.052863
323.750000	1	1.399573	0.563724	2.443784	0.339954
324.000000	0	0.113243	0.017071	0.739646	0.051819
324.000000	1	1.354200	0.347994	2.801139	0.435203
324.250000	0	0.110839	0.012190	0.665674	0.050486
324.250000	1	1.431378	0.546668	5.077653	0.573951
324.500000	0	0.113235	0.013375	0.941343	0.054594
324.500000	1	1.371066	0.432154	2.604810	0.384154
324.750000	0	0.111559	0.005179	0.673258	0.046200
324.750000	1	1.405411	0.276899	2.653274	0.360216
325.000000	0	0.114253	0.011311	1.038385	0.055439
325.000000	1	1.395263	0.259438	2.508715	0.398898
325.250000	0	0.113778	0.008733	0.648797	0.046924
325.250000	1	1.343458	0.221808	3.291908	0.429058
325.500000	0	0.113098	0.018397	1.750808	0.081424
325.500000	1	1.398292	0.600606	4.074963	0.490320
325.750000	0	0.111608	0.014016	0.431136	0.042849
325.750000	1	1.319815	0.066710	2.382801	0.322145
326.000000	0	0.113877	0.002824	0.437976	0.050202
326.000000	1	1.391585	0.060365	3.356538	0.458193
326.250000	0	0.111804	0.014105	0.809034	0.050960
326.250000	1	1.325834	0.390784	2.261209	0.275112
326.500000	0	0.112266	0.021818	1.100250	0.055048
326.500000	1	1.339066	0.218602	3.014892	0.347578
326.750000	0	0.116300	0.014922	0.902526	0.061988
326.750000	1	1.362213	0.237121	2.405900	0.369257
327.000000	0	0.113808	0.012543	0.546122	0.050316
327.000000	1	1.406058	0.232261	2.924764	0.403439
327.250000	0	0.115067	0.027038	1.151426	0.059737
327.250000	1	1.329628	0.407231	3.041904	0.354459
327.500000	0	0.113780	0.004797	0.458066	0.043201
327.500000	1	1.363082	0.571847	3.331253	0.394994
327.750000	0	0.117069	0.003261	0.905669	0.060637
327.750000	1	1.415422	0.386378	3.187184	0.433431
328.000000	0	0.111557	0.004637	0.671779	0.048998
328.000000	1	1.369939	0.243035	2.974129	0.385686
328.250000	0	0.111106	0.004006	0.840193	0.049988
328.250000	1	1.340215	0.309330	2.609152	0.331034
328.500000	0	0.110589	0.014890	0.420363	0.041620
328.500000	1	1.398420	0.714710	3.234880	0.408922
328.750000	0	0.112144	0.006826	0.765664	0.050082
328.750000	1	1.335941	0.434918	2.570766	0.297066
329.000000	0	0.113798	0.009576	1.048108	0.058207
329.000000	1	1.381815	0.332780	3.331420	0.432891
329.250000	0	0.112195	0.016808	0.479282	0.046827
329.250000	1	1.378448	0.338261	2.687019	0.351586
329.500000	0	0.112482	0.008373	0.549968	0.043143
329.500000	1	1.295222	0.216593	2.036269	0.266498
329.750000	0	0.111615	0.016487	0.435247	0.041371
329.750000	1	1.372048	0.442592	2.987038	0.352121
330.000000	0	0.113382	0.003586	0.846047	0.057674
330.000000	1	1.320194	0.039981	2.591744	0.359614
330.250000	0	0.113641	0.016253	0.548474	0.047085
330.250000	1	1.313717	0.256341	2.603096	0.335245
330.500000	0	0.115731	0.012724	1.003561	0.065530
330.500000	1	1.363030	0.068197	2.794678	0.403128
330.750000	0	0.115016	0.004805	1.059856	0.058182
330.750000	1	1.316703	0.427431	2.890514	0.377000
331.000000	0	0.113763	0.007017	0.769138	0.060039
331.000000	1	1.430848	0.489494	2.779095	0.389074
331.250000	0	0.110604	0.017335	0.560189	0.042960
331.250000	1	1.432214	0.412106	3.313485	0.450271
331.500000	0	0.113127	0.010087	0.575478	0.044624
331.500000	1	1.359288	0.355778	2.795488	0.365662
331.750000	0	0.114924	0.023585	0.790277	0.050316
331.750000	1	1.338383	0.336360	3.599443	0.396810
332.000000	0	0.112744	0.018796	0.539528	0.048015
332.000000	1	1.438334	0.508130	7.662223	0.844459
332.250000	0	0.111735	0.009897	1.012865	0.064700
332.250000	1	1.351983	0.383369	2.920002	0.388699
332.500000	0	0.110712	0.012410	0.506994	0.042783
332.500000	1	1.329767	0.347112	2.644406	0.376293
332.750000	0	0.114595	0.008272	0.580519	0.051855
332.750000	1	1.358863	0.055263	2.741671	0.381045
333.000000	0	0.115013	0.011398	0.826702	0.056023
333.000000	1	1.342512	0.424860	3.040044	0.353408
333.250000	0	0.112848	0.014618	0.478383	0.044668
333.250000	1	1.392567	0.270458	3.698189	0.491192
333.500000	0	0.111627	0.000414	1.021627	0.058507
333.500000	1	1.460327	0.725975	4.842707	0.566222
333.750000	0	0.112546	0.006742	0.610307	0.053436
333.750000	1	1.319895	0.286335	3.101629	0.406602
334.000000	0	0.111643	0.022154	0.601492	0.047514
334.000000	1	1.495956	0.610575	3.266968	0.459225
334.250000	0	0.110861	0.019386	0.522396	0.043549
334.250000	1	1.345318	0.249240	2.337236	0.282949
334.500000	0	0.108949	0.007764	0.355630	0.041006
334.500000	1	1.389588	0.508998	2.391483	0.332756
334.750000	0	0.110491	0.008462	0.352042	0.040939
334.750000	1	1.383856	0.275390	3.279460	0.446321
335.000000	0	0.113549	0.012066	0.656944	0.053505
335.000000	1	1.424678	0.291767	2.969669	0.401577
335.250000	0	0.114007	0.016723	0.512271	0.047020
335.250000	1	1.335744	0.161170	2.574037	0.408993
335.500000	0	0.111691	0.006146	1.155041	0.056922
335.500000	1	1.409257	0.097872	3.126695	0.432954
335.750000	0	0.118256	0.007361	1.209747	0.070653
335.750000	1	1.387390	0.084437	2.943869	0.407299
336.000000	0	0.109640	0.011010	0.501131	0.041771
336.000000	1	1.347996	0.302057	3.061339	0.431012
336.250000	0	0.112025	0.005819	0.482754	0.042702
336.250000	1	1.386855	0.868930	2.598228	0.350448
336.500000	0	0.112857	0.011986	0.569819	0.048908
336.500000	1	1.389899	0.311781	2.911182	0.413307
336.750000	0	0.111067	0.013150	0.599951	0.045945
336.750000	1	1.367110	0.466144	3.022777	0.369144
337.000000	0	0.113874	0.010364	0.591702	0.049216
337.000000	1	1.349331	0.457959	2.882694	0.397865
337.250000	0	0.116186	0.021649	1.142538	0.062406
337.250000	1	1.378222	0.237445	2.493131	0.395062
337.500000	0	0.116687	0.032999	0.878107	0.060198
337.500000	1	1.382033	0.491585	2.449647	0.339497
337.750000	0	0.110978	0.007814	0.742263	0.047511
337.750000	1	1.368634	0.451425	4.164818	0.458763
338.000000	0	0.115547	0.007757	0.813404	0.057407
338.000000	1	1.402523	0.695336	3.075346	0.353707
338.250000	0	0.113308	0.002247	0.835103	0.052858
338.250000	1	1.359851	0.482505	2.337893	0.297976
338.500000	0	0.110067	0.009330	0.415225	0.040929
338.500000	1	1.316103	0.569191	2.048803	0.277881
338.750000	0	0.112584	0.007919	0.444285	0.045657
338.750000	1	1.288662	0.217117	2.756459	0.317068
339.000000	0	0.112951	0.008388	0.960210	0.052705
339.000000	1	1.377188	0.247101	3.080600	0.387190
339.250000	0	0.110028	0.017033	0.431064	0.041265
339.250000	1	1.361732	0.063789	3.604472	0.456535
339.500000	0	0.111911	0.012446	0.808046	0.055367
339.500000	1	1.292704	0.234974	2.575014	0.343657
339.750000	0	0.113143	0.020665	0.790835	0.052169
339.750000	1	1.365396	0.470466	2.975553	0.373551
340.000000	0	0.115039	0.012829	0.699637	0.053511
340.000000	1	1.357578	0.329587	2.752221	0.323771
340.250000	0	0.113215	0.001087	0.973895	0.055527
340.250000	1	1.349800	0.470040	2.700437	0.329065
340.500000	0	0.110955	0.012187	0.739709	0.050759
340.500000	1	1.390309	0.561606	2.722400	0.329723
340.750000	0	0.111930	0.007167	0.494304	0.045156
340.750000	1	1.369479	0.447866	2.952531	0.349470
341.000000	0	0.114659	0.014646	0.659245	0.052172
341.000000	1	1.335303	0.242022	3.733467	0.453352
341.250000	0	0.113162	0.003931	0.705827	0.050587
341.250000	1	1.418937	0.358997	2.963551	0.405364
341.500000	0	0.115136	0.018210	0.971887	0.061123
341.500000	1	1.344875	0.498238	2.693095	0.363931
341.750000	0	0.116611	0.032694	0.573654	0.053926
341.750000	1	1.392536	0.438260	3.369648	0.387829
342.000000	0	0.112624	0.010032	0.522972	0.043764
342.000000	1	1.325199	0.238150	2.739096	0.353181
342.250000	0	0.112557	0.012022	0.693098	0.045790
342.250000	1	1.438857	0.637631	3.033981	0.438110
342.500000	0	0.109471	0.003951	0.572782	0.044119
342.500000	1	1.349170	0.684048	2.523854	0.291798
342.750000	0	0.113151	0.007029	1.069438	0.062424
342.750000	1	1.357135	0.255620	2.415144	0.313371
343.000000	0	0.112315	0.016567	0.441204	0.046761
343.000000	1	1.388745	0.893811	2.655504	0.275697
343.250000	0	0.111100	0.013897	0.407062	0.043497
343.250000	1	1.368956	0.854214	2.747507	0.281242
343.500000	0	0.108165	0.013675	0.360082	0.038127
343.500000	1	1.345982	0.245367	2.301376	0.307191
343.750000	0	0.112017	0.023080	0.415093	0.045720
343.750000	1	1.368837	0.346379	2.927815	0.345392
344.000000	0	0.109330	0.005560	0.505972	0.042399
344.000000	1	1.315899	0.427377	3.026601	0.359817
344.250000	0	0.110748	0.003233	0.534679	0.045319
344.250000	1	1.378236	0.227698	3.084724	0.393978
344.500000	0	0.107743	0.003456	0.384228	0.039343
344.500000	1	1.289963	0.142726	2.432556	0.330834
344.750000	0	0.113964	0.016287	0.679604	0.052750
344.750000	1	1.312225	0.229008	2.100621	0.295765
345.000000	0	0.113549	0.028649	0.600215	0.046099
345.000000	1	1.356493	0.183749	2.724149	0.333711
345.250000	0	0.109664	0.005959	0.453223	0.043013
345.250000	1	1.319480	0.306784	2.386704	0.293334
345.500000	0	0.113365	0.004775	1.103237	0.063591
345.500000	1	1.426711	0.679492	2.809669	0.392155
345.750000	0	0.110116	0.013288	0.398404	0.040288
345.750000	1	1.306732	0.380148	3.188582	0.323632
346.000000	0	0.111772	0.004517	0.626567	0.047708
346.000000	1	1.421794	0.076468	4.263637	0.559596
346.250000	0	0.111809	0.008988	0.467384	0.043071
346.250000	1	1.334282	0.258104	4.534170	0.483680
346.500000	0	0.118325	0.006120	2.651405	0.109768
346.500000	1	1.381467	0.321769	2.522870	0.349734
346.750000	0	0.115665	0.008930	0.903905	0.058469
346.750000	1	1.424897	0.438252	2.712028	0.369933
347.000000	0	0.113118	0.019734	0.344140	0.039743
347.000000	1	1.376352	0.269224	3.325688	0.445932
347.250000	0	0.116025	0.012762	0.743102	0.056934
347.250000	1	1.376214	0.339803	2.542416	0.389291
347.500000	0	0.112044	0.017007	0.737826	0.047113
347.500000	1	1.355733	0.694601	2.445481	0.327145
347.750000	0	0.112597	0.016923	0.808099	0.049225
347.750000	1	1.372560	0.456994	2.549467	0.327273
348.000000	0	0.113102	0.014565	0.492960	0.046937
348.000000	1	1.386695	0.168625	3.266603	0.392814
348.250000	0	0.110327	0.006634	0.386786	0.042274
348.250000	1	1.372100	0.649363	3.402739	0.368922
348.500000	0	0.113137	0.006739	0.622570	0.044121
348.500000	1	1.350260	0.358778	2.938681	0.320321
348.750000	0	0.111706	0.006199	0.977786	0.063381
348.750000	1	1.349920	0.114705	3.242147	0.427835
349.000000	0	0.115120	0.019551	1.147344	0.069078
349.000000	1	1.397922	0.336618	3.273725	0.518996
349.250000	0	0.113725	0.005434	0.582318	0.055680
349.250000	1	1.424857	0.141866	4.273641	0.588896
349.500000	0	0.112025	0.011964	0.968064	0.055169
349.500000	1	1.348880	0.457906	4.195699	0.419116
349.750000	0	0.110998	0.021014	0.402912	0.045421
349.750000	1	1.353249	0.442856	3.086729	0.395683
350.000000	0	0.113587	0.009773	0.766427	0.051426
350.000000	1	1.399554	0.344995	3.094471	0.433764
350.250000	0	0.116851	0.011093	0.494052	0.053951
350.250000	1	1.396203	0.562677	2.835250	0.339476
350.500000	0	0.116069	0.024675	0.625602	0.054006
350.500000	1	1.384191	0.362562	2.416287	0.368656
350.750000	0	0.115236	0.014396	0.526416	0.049157
350.750000	1	1.349559	0.375458	4.344022	0.475487
351.000000	0	0.115776	0.012507	0.671790	0.057860
351.000000	1	1.354875	0.369663	2.720520	0.376264
351.250000	0	0.116133	0.005066	0.848770	0.054062
351.250000	1	1.346056	0.569144	2.605612	0.345595
351.500000	0	0.113783	0.012888	0.817186	0.061558
351.500000	1	1.369763	0.396836	2.386969	0.381168
351.750000	0	0.118247	0.017525	0.767210	0.066019
351.750000	1	1.399074	0.175225	2.806221	0.362578
352.000000	0	0.114250	0.009561	1.336532	0.075464
352.000000	1	1.341075	0.520046	3.408073	0.438540
352.250000	0	0.115054	0.014982	0.380701	0.043807
352.250000	1	1.344910	0.446200	2.689832	0.353442
352.500000	0	0.114402	0.002085	0.409330	0.045210
352.500000	1	1.377583	0.624894	3.020339	0.345548
352.750000	0	0.116541	0.012228	0.730266	0.054830
352.750000	1	1.629761	0.373957	17.547220	2.083730
353.000000	0	0.117006	0.007855	1.516020	0.078016
353.000000	1	1.378488	0.384334	4.052568	0.487179
353.250000	0	0.113508	0.021281	1.011726	0.056953
353.250000	1	1.350526	0.182924	3.035897	0.381023
353.500000	0	0.110650	0.005568	0.575330	0.049425
353.500000	1	1.352927	0.356079	2.607583	0.340835
353.750000	0	0.114163	0.014014	0.550086	0.047347
353.750000	1	1.362994	0.572755	3.110348	0.374827
354.000000	0	0.113814	0.026208	1.329568	0.061504
354.000000	1	1.389831	0.344088	3.209715	0.416798
354.250000	0	0.112428	0.008944	0.737213	0.053424
354.250000	1	1.315642	0.160146	2.553782	0.292620
354.500000	0	0.117228	0.006717	1.169813	0.068382
354.500000	1	1.329828	0.343143	3.129599	0.378828
354.750000	0	0.114680	0.012045	0.532640	0.050594
354.750000	1	1.372178	0.371111	3.226372	0.362348
355.000000	0	0.112698	0.013977	0.438459	0.046427
355.000000	1	1.313715	0.363360	2.307845	0.296808
355.250000	0	0.113078	0.003416	0.825502	0.054320
355.250000	1	1.402404	0.200345	3.206372	0.430464
355.500000	0	0.113985	0.010523	1.111804	0.064438
355.500000	1	1.316145	0.509883	2.436283	0.321132
355.750000	0	0.111805	0.008524	0.378749	0.045140
355.750000	1	1.417180	0.542836	3.251158	0.487010
356.000000	0	0.114088	0.014163	0.871924	0.056550
356.000000	1	1.388681	0.495001	3.356694	0.351837
356.250000	0	0.115668	0.023891	0.697182	0.048792
356.250000	1	1.387780	0.573947	2.918001	0.373334
356.500000	0	0.113328	0.018762	0.501166	0.048207
356.500000	1	1.387903	0.304883	4.098228	0.501288
356.750000	0	0.111870	0.003315	0.601644	0.052080
356.750000	1	1.337271	0.251696	2.910026	0.382199
357.000000	0	0.114902	0.011979	0.461704	0.046131
357.000000	1	1.311652	0.576845	2.342667	0.286430
357.250000	0	0.115386	0.025917	0.674508	0.058765
357.250000	1	1.369431	0.229584	3.216401	0.379309
357.500000	0	0.111093	0.009382	0.468629	0.045525
357.500000	1	1.362762	0.330978	2.654255	0.345731
357.750000	0	0.112271	0.001731	0.562748	0.049064
357.750000	1	1.370274	0.283827	2.619321	0.346394
358.000000	0	0.114189	0.009346	0.647613	0.056122
358.000000	1	1.350607	0.462738	2.750492	0.330735
358.250000	0	0.110081	0.014616	0.448386	0.044736
358.250000	1	1.379202	0.419835	4.513741	0.506477
358.500000	0	0.110130	0.002984	0.396029	0.045674
358.500000	1	1.313492	0.360514	2.812862	0.371116
358.750000	0	0.117201	0.010152	0.606665	0.057472
358.750000	1	1.437057	0.650836	3.459074	0.380610
359.000000	0	0.118368	0.013582	0.776515	0.063916
359.000000	1	1.400829	0.256865	3.205665	0.398722
359.250000	0	0.115546	0.015461	0.689953	0.059871
359.250000	1	1.356398	0.189233	2.678631	0.369218
359.500000	0	0.114754	0.006523	0.622455	0.057361
359.500000	1	1.296924	0.259054	2.369644	0.335437
359.750000	0	0.116852	0.003307	1.887169	0.092914
359.750000	1	1.374370	0.195897	4.109293	0.489223
360.000000	0	0.114703	0.008718	0.713546	0.058547
360.000000	1	1.384526	0.216635	2.950219	0.375664
360.250000	0	0.112288	0.011804	0.859934	0.055823
360.250000	1	1.443528	0.278485	3.044818	0.445158
360.500000	0	0.113156	0.011788	0.910929	0.056187
360.500000	1	1.386815	0.628820	3.180109	0.357048
360.750000	0	0.113858	0.007248	1.391624	0.070224
360.750000	1	1.360011	0.726043	3.171431	0.346514
361.000000	0	0.115057	0.012495	1.016522	0.065876
361.000000	1	1.424186	0.414759	3.798297	0.534761
361.250000	0	0.115717	0.004349	0.801634	0.059370
361.250000	1	1.364207	0.410908	2.606289	0.378573
361.500000	0	0.112855	0.012067	0.502903	0.045300
361.500000	1	1.332010	0.377995	2.511047	0.338121
361.750000	0	0.116267	0.011140	0.919629	0.062155
361.750000	1	1.389774	0.346528	3.519407	0.465179
362.000000	0	0.112868	0.008653	0.639113	0.051110
362.000000	1	1.324857	0.475286	3.383434	0.405461
362.250000	0	0.118686	0.006286	1.030465	0.075072
362.250000	1	1.560598	0.442107	4.704752	0.563609
362.500000	0	0.114207	0.015701	0.775404	0.054007
362.500000	1	1.446945	0.802268	7.535213	0.749060
362.750000	0	0.115695	0.013855	1.258973	0.062721
362.750000	1	1.440727	0.399437	5.489384	0.567208
363.000000	0	0.111713	0.018691	0.522355	0.046812
363.000000	1	1.395020	0.720087	3.754375	0.383999
363.250000	0	0.112971	0.002579	0.349265	0.041719
363.250000	1	1.411176	0.201267	3.067326	0.411835
363.500000	0	0.112272	0.013892	0.904887	0.052692
363.500000	1	1.339623	0.679657	2.591684	0.273293
363.750000	0	0.113029	0.013716	0.730933	0.049582
363.750000	1	1.348172	0.198833	2.945517	0.355056
364.000000	0	0.110129	0.011694	0.922008	0.048686
364.000000	1	1.421630	0.655412	2.682611	0.367942
364.250000	0	0.110757	0.012874	0.525723	0.043779
364.250000	1	1.381670	0.560349	3.580911	0.399921
364.500000	0	0.111764	0.009604	0.906274	0.055319
364.500000	1	1.417687	0.613767	3.319848	0.340834
364.750000	0	0.112201	0.006415	0.600047	0.045614
364.750000	1	1.309529	0.679731	2.458381	0.263242
365.000000	0	0.112603	0.022192	0.630734	0.053595
365.000000	1	1.360979	0.373895	2.833863	0.391465
365.250000	0	0.112140	0.010384	0.656458	0.043488
365.250000	1	1.348045	0.327511	2.199884	0.298613
365.500000	0	0.110047	0.003074	0.379279	0.039570
365.500000	1	1.297790	0.203432	2.943950	0.391481
365.750000	0	0.113828	0.008295	0.591296	0.050261
365.750000	1	1.350775	0.516063	2.784812	0.332731
366.000000	0	0.119339	0.009324	0.829846	0.059935
366.000000	1	1.307036	0.220071	4.283128	0.518461
366.250000	0	0.113988	0.009408	0.548757	0.050653
366.250000	1	1.369972	0.458520	3.393994	0.434062
366.500000	0	0.117136	0.012013	1.071172	0.070618
366.500000	1	1.389919	0.171642	3.543645	0.473498
366.750000	0	0.115439	0.007294	0.680932	0.055479
366.750000	1	1.353630	0.371359	3.040126	0.438627
367.000000	0	0.113088	0.006961	0.621434	0.049504
367.000000	1	1.392100	0.369889	3.114590	0.414643
367.250000	0	0.113508	0.018840	0.641409	0.051710
367.250000	1	1.303506	0.287960	2.174329	0.329610
367.500000	0	0.114347	0.005789	1.202250	0.062984
367.500000	1	1.383196	0.335758	3.734725	0.440747
367.750000	0	0.114308	0.011608	0.486697	0.047948
367.750000	1	1.325590	0.610084	2.844382	0.340346
368.000000	0	0.117937	0.008427	0.678617	0.059862
368.000000	1	1.416733	0.418479	5.043173	0.602368
368.250000	0	0.113391	0.008320	0.428530	0.048409
368.250000	1	1.398148	0.584128	3.412382	0.399260
368.500000	0	0.113759	0.006300	0.369951	0.044084
368.500000	1	1.386120	0.637686	2.384506	0.290368
368.750000	0	0.112783	0.009147	1.215331	0.060730
368.750000	1	1.391401	0.223709	2.699720	0.378732
369.000000	0	0.111899	0.005602	0.368290	0.046625
369.000000	1	1.433252	0.580324	2.941399	0.399224
369.250000	0	0.109979	0.011466	0.450144	0.043898
369.250000	1	1.328003	0.429211	2.738076	0.343074
369.500000	0	0.114113	0.027426	0.942304	0.060200
369.500000	1	1.365277	0.233887	2.289172	0.321478
369.750000	0	0.112020	0.015786	1.158745	0.063409
369.750000	1	1.297483	0.348484	2.676072	0.381338
370.000000	0	0.111685	0.018460	0.610599	0.046333
370.000000	1	1.386566	0.188920	2.719060	0.409038
370.250000	0	0.109219	0.002448	0.413393	0.040807
370.250000	1	1.392385	0.529883	3.049684	0.408439
370.500000	0	0.110348	0.004850	0.542592	0.049799
370.500000	1	1.355417	0.384842	3.032593	0.386193
370.750000	0	0.116287	0.016535	0.773568	0.059512
370.750000	1	1.368881	0.542069	3.108609	0.386282
371.000000	0	0.118838	0.008845	0.740297	0.063978
371.000000	1	1.373816	0.035200	2.696241	0.430582
371.250000	0	0.112557	0.021651	0.482471	0.045148
371.250000	1	1.361634	0.604203	2.283534	0.314481
371.500000	0	0.113023	0.017698	0.647140	0.048344
371.500000	1	1.380306	0.161877	2.516692	0.364355
371.750000	0	0.116241	0.016109	1.015304	0.058735
371.750000	1	1.384988	0.654051	2.819918	0.345314
372.000000	0	0.113352	0.014277	0.601724	0.047332
372.000000	1	1.354746	0.602888	2.539167	0.301575
372.250000	0	0.116827	0.005897	0.668909	0.054131
372.250000	1	1.351125	0.592036	2.908540	0.315981
372.500000	0	0.113242	0.013605	0.603534	0.048443
372.500000	1	1.339719	0.608844	2.211140	0.274734
372.750000	0	0.109203	0.012145	0.371839	0.039942
372.750000	1	1.403573	0.543889	4.641471	0.521899
373.000000	0	0.111166	0.003910	0.490415	0.046164
373.000000	1	1.355497	0.384151	2.904557	0.327554
373.250000	0	0.110726	0.004513	0.544385	0.047357
373.250000	1	1.332565	0.299551	2.420901	0.326118
373.500000	0	0.117533	0.001734	0.717278	0.063911
373.500000	1	1.398052	0.303959	2.720144	0.380440
373.750000	0	0.111794	0.018099	0.630912	0.047293
373.750000	1	1.358014	0.199350	2.630203	0.345598
374.000000	0	0.113277	0.006146	0.476008	0.049936
374.000000	1	1.405720	0.323482	2.932037	0.358933
374.250000	0	0.113797	0.018986	0.386942	0.043897
374.250000	1	1.372214	0.288413	2.901769	0.394037
374.500000	0	0.112035	0.007962	0.826714	0.052976
374.500000	1	1.410886	0.504694	4.798240	0.568971
374.750000	0	0.111752	0.011430	0.807703	0.052836
374.750000	1	1.373054	0.224054	2.981599	0.378258
375.000000	0	0.113894	0.013947	0.717378	0.049778
375.000000	1	1.339431	0.515781	2.402666	0.300946
375.250000	0	0.112086	0.011762	0.492917	0.042697
375.250000	1	1.427802	0.506423	2.850807	0.389815
375.500000	0	0.113663	0.006954	1.185163	0.068512
375.500000	1	1.465663	0.193125	5.207730	0.611112
375.750000	0	0.111468	0.008763	0.735548	0.044558
375.750000	1	1.411795	0.837932	2.883867	0.387079
376.000000	0	0.111248	0.011353	0.601333	0.046743
376.000000	1	1.370846	0.198542	2.941509	0.386153
376.250000	0	0.113056	0.004473	0.729280	0.045776
376.250000	1	1.378395	0.386188	3.044529	0.438416
376.500000	0	0.111047	0.015648	0.475682	0.047203
376.500000	1	1.383532	0.508544	3.146014	0.369980
376.750000	0	0.113370	0.006772	1.283680	0.063014
376.750000	1	1.317214	0.221724	2.876577	0.344536
377.000000	0	0.109414	0.007366	0.370462	0.040489
377.000000	1	1.320796	0.160052	3.768380	0.436415
377.250000	0	0.116351	0.003695	1.687990	0.092978
377.250000	1	1.382050	0.447949	3.572314	0.391338
377.500000	0	0.110162	0.014779	0.949116	0.054580
377.500000	1	1.383037	0.097242	4.174579	0.425376
377.750000	0	0.114210	0.006690	0.532261	0.051739
377.750000	1	1.380752	0.188548	2.876828	0.381084
378.000000	0	0.112966	0.008039	0.614043	0.047888
378.000000	1	1.310508	0.223985	2.408754	0.295795
378.250000	0	0.110866	0.006739	0.430414	0.046143
378.250000	1	1.304788	0.441336	2.651210	0.341828
378.500000	0	0.113687	0.010184	0.806183	0.057976
378.500000	1	1.432817	0.307398	4.075753	0.528128
378.750000	0	0.112889	0.021221	0.622747	0.046040
378.750000	1	1.356599	0.115138	3.920826	0.494546
379.000000	0	0.116791	0.009719	0.885083	0.064585
379.000000	1	1.376019	0.138049	2.670749	0.336357
379.250000	0	0.115117	0.007960	0.585046	0.052733
379.250000	1	1.395170	0.647720	2.891130	0.337999
379.500000	0	0.110818	0.003756	0.383115	0.042207
379.500000	1	1.394548	0.363747	2.835562	0.377743
379.750000	0	0.112128	0.015690	0.691574	0.047006
379.750000	1	1.321991	0.252798	2.098568	0.298957
380.000000	0	0.108870	0.014003	0.455851	0.039097
380.000000	1	1.350384	0.441187	2.236439	0.286926
380.250000	0	0.109195	0.022126	0.319376	0.039233
380.250000	1	1.358393	0.237985	4.697484	0.491543
380.500000	0	0.110899	0.005155	0.899351	0.051946
380.500000	1	1.403444	0.125948	5.449590	0.565595
380.750000	0	0.109221	0.008998	0.429980	0.042577
380.750000	1	1.399874	0.570359	3.740096	0.469001
381.000000	0	0.113857	0.009008	0.534493	0.050880
381.000000	1	1.520155	0.564119	3.049444	0.464059
381.250000	0	0.116111	0.017316	0.967160	0.063577
381.250000	1	1.332451	0.436322	3.296735	0.369733
381.500000	0	0.113705	0.007513	0.717547	0.053151
381.500000	1	1.391260	0.193724	3.311645	0.407831
381.750000	0	0.113734	0.005094	0.722185	0.054662
381.750000	1	1.330908	0.097044	2.913683	0.360047
382.000000	0	0.114915	0.010962	0.997968	0.058929
382.000000	1	1.388274	0.695132	2.944295	0.334096
382.250000	0	0.113244	0.014098	0.427504	0.046627
382.250000	1	1.450279	0.450875	3.110315	0.474113
382.500000	0	0.112945	0.008355	0.794395	0.055592
382.500000	1	1.362537	0.160278	2.634608	0.398200
382.750000	0	0.114509	0.006900	0.744167	0.053636
382.750000	1	1.353482	0.596796	2.374950	0.284762
383.000000	0	0.111781	0.013018	0.433041	0.044451
383.000000	1	1.408493	0.431691	2.947294	0.394056
383.250000	0	0.113619	0.008846	1.204928	0.064761
383.250000	1	1.369163	0.257750	2.757030	0.353510
383.500000	0	0.113428	0.004848	0.768529	0.051038
383.500000	1	1.357536	0.389226	2.393248	0.349313
383.750000	0	0.111089	0.011363	0.515558	0.047703
383.750000	1	1.352587	0.283446	2.463269	0.303956
384.000000	0	0.110912	0.008485	0.414007	0.040201
384.000000	1	1.353231	0.840259	2.929996	0.323615
384.250000	0	0.109031	0.009691	0.725842	0.047775
384.250000	1	1.397915	0.245757	2.641177	0.346329
384.500000	0	0.112508	0.010090	0.584435	0.048282
384.500000	1	1.356400	0.797938	2.900290	0.295289
384.750000	0	0.113193	0.007580	0.538488	0.048083
384.750000	1	1.343693	0.379421	2.872293	0.370006
385.000000	0	0.115450	0.018906	0.869880	0.059506
385.000000	1	1.344478	0.555862	2.884743	0.312618
385.250000	0	0.114712	0.013846	0.996992	0.061596
385.250000	1	1.300778	0.263503	2.018258	0.314879
385.500000	0	0.115694	0.004084	0.917290	0.056848
385.500000	1	1.439779	0.479991	3.883481	0.502705
385.750000	0	0.118394	0.025040	0.648044	0.057402
385.750000	1	1.439563	0.405623	3.314558	0.408489
386.000000	0	0.113018	0.022656	0.636931	0.049982
386.000000	1	1.349617	0.666850	2.207750	0.257762
386.250000	0	0.113508	0.006599	1.001950	0.052779
386.250000	1	1.388669	0.440938	3.291482	0.418148
386.500000	0	0.114632	0.020968	1.186944	0.060078
386.500000	1	1.327091	0.281952	2.631464	0.315705
386.750000	0	0.113262	0.017988	0.492891	0.043854
386.750000	1	1.392280	0.460632	3.491318	0.406487
387.000000	0	0.114591	0.023523	0.957656	0.060171
387.000000	1	1.380466	0.218561	2.723663	0.433094
387.250000	0	0.111207	0.005333	0.715501	0.051339
387.250000	1	1.368830	0.495089	2.842606	0.355728
387.500000	0	0.112052	0.005540	0.471408	0.045757
387.500000	1	1.325809	0.520362	3.107341	0.370103
387.750000	0	0.112429	0.011598	0.535676	0.045516
387.750000	1	1.336348	0.406797	3.011888	0.330780
388.000000	0	0.111988	0.012114	0.683408	0.051778
388.000000	1	1.415290	0.222558	2.632760	0.406837
388.250000	0	0.114676	0.008842	0.662193	0.053727
388.250000	1	1.506292	0.054498	7.992510	0.875693
388.500000	0	0.119226	0.008002	1.992825	0.112527
388.500000	1	1.402043	0.555956	4.080445	0.464271
388.750000	0	0.115793	0.002458	0.537031	0.049362
388.750000	1	1.298531	0.326303	2.363533	0.344450
389.000000	0	0.114160	0.004399	0.688079	0.055550
389.000000	1	1.341654	0.463389	2.758796	0.373578
389.250000	0	0.114988	0.009296	0.947601	0.059041
389.250000	1	1.435323	0.495738	3.322652	0.385299
389.500000	0	0.112425	0.007251	0.706823	0.048527
389.500000	1	1.377272	0.534842	2.614692	0.354065
389.750000	0	0.109580	0.017437	0.468303	0.041864
389.750000	1	1.335039	0.375246	3.550505	0.384673
390.000000	0	0.114094	0.013225	0.511922	0.049587
390.000000	1	1.335983	0.383215	2.216945	0.270414
390.250000	0	0.111160	0.011794	0.956667	0.052191
390.250000	1	1.326228	0.493970	2.418095	0.321538
390.500000	0	0.115171	0.010622	0.527441	0.049529
390.500000	1	1.448489	0.469363	3.890099	0.487095
390.750000	0	0.116262	0.007840	0.789098	0.061224
390.750000	1	1.429369	0.394634	4.037446	0.442543
391.000000	0	0.112158	0.013873	0.577812	0.046145
391.000000	1	1.422211	0.523716	4.098660	0.521145
391.250000	0	0.112611	0.008658	0.872218	0.053432
391.250000	1	1.356633	0.415064	2.838643	0.364148
391.500000	0	0.115313	0.018235	0.532605	0.045796
391.500000	1	1.372075	0.518402	3.297617	0.371980
391.750000	0	0.112199	0.018320	0.699487	0.049490
391.750000	1	1.332327	0.354971	3.279802	0.352990
392.000000	0	0.114165	0.007600	0.509463	0.049998
392.000000	1	1.387023	0.331070	2.825603	0.397272
392.250000	0	0.112388	0.007105	0.841374	0.048669
392.250000	1	1.345207	0.194829	2.761887	0.315356
392.500000	0	0.112074	0.010367	0.712406	0.046550
392.500000	1	1.318525	0.501325	2.519215	0.272303
392.750000	0	0.113117	0.014082	0.580909	0.046961
392.750000	1	1.390415	0.218773	3.639654	0.450781
393.000000	0	0.114634	0.021244	0.671981	0.054614
393.000000	1	1.338569	0.538842	2.453416	0.323492
393.250000	0	0.114002	0.015842	0.798432	0.063041
393.250000	1	1.353615	0.220192	2.441443	0.328423
393.500000	0	0.116940	0.015422	0.802265	0.057749
393.500000	1	1.375825	0.270016	3.301089	0.371993
393.750000	0	0.113736	0.020372	0.499366	0.050677
393.750000	1	1.378584	0.340214	2.586678	0.338905
394.000000	0	0.115834	0.006534	0.709816	0.057676
394.000000	1	1.380891	0.456656	2.796759	0.396709
394.250000	0	0.111238	0.005244	0.568271	0.044240
394.250000	1	1.374615	0.671675	2.878679	0.386984
394.500000	0	0.111915	0.001893	0.363740	0.040951
394.500000	1	1.354126	0.309225	2.490257	0.408773
394.750000	0	0.114519	0.004155	0.581460	0.053269
394.750000	1	1.385998	0.345010	2.983471	0.370681
395.000000	0	0.113906	0.007283	0.656731	0.052163
395.000000	1	1.410859	0.547656	3.143779	0.447661
395.250000	0	0.111287	0.014409	0.430169	0.043491
395.250000	1	1.360619	0.200093	2.436008	0.314645
395.500000	0	0.111757	0.012990	0.429349	0.039455
395.500000	1	1.354994	0.320395	2.963368	0.397858
395.750000	0	0.112911	0.021225	1.339016	0.070017
395.750000	1	1.325532	0.257859	2.137943	0.297290
396.000000	0	0.112090	0.018364	0.504024	0.044363
396.000000	1	1.329478	0.555196	2.381983	0.302833
396.250000	0	0.111831	0.005367	0.952334	0.055366
396.250000	1	1.412257	0.220058	3.326986	0.442393
396.500000	0	0.111004	0.008221	0.494382	0.043811
396.500000	1	1.332341	0.455881	2.597973	0.360467
396.750000	0	0.113685	0.003312	0.860116	0.058581
396.750000	1	1.354917	0.196998	2.843927	0.419384
397.000000	0	0.109578	0.006321	0.481134	0.044491
397.000000	1	1.455460	0.256323	4.435644	0.530914
397.250000	0	0.112485	0.008594	0.778286	0.054356
397.250000	1	1.352161	0.489644	2.732766	0.323901
397.500000	0	0.110452	0.002004	0.630389	0.045056
397.500000	1	1.380755	0.437815	2.912444	0.317064
397.750000	0	0.112244	0.002913	0.925231	0.056219
397.750000	1	1.324455	0.080482	2.632887	0.389845
398.000000	0	0.111323	0.012089	0.390465	0.040801
398.000000	1	1.364603	0.277948	2.844623	0.375516
398.250000	0	0.110069	0.011074	0.540198	0.041766
398.250000	1	1.441863	0.172876	8.646750	0.951756
398.500000	0	0.117340	0.007390	1.420779	0.076814
398.500000	1	1.406208	0.097867	2.609793	0.391377
398.750000	0	0.112513	0.003509	0.585346	0.051337
398.750000	1	1.332804	0.730442	2.465155	0.257767
399.000000	0	0.111537	0.010662	0.474453	0.041851
399.000000	1	1.301836	0.447328	2.531992	0.278588
399.250000	0	0.115788	0.009718	1.061125	0.057260
399.250000	1	1.367961	0.626151	2.455907	0.325774
399.500000	0	0.111702	0.001457	0.585807	0.046631
399.500000	1	1.337343	0.153732	2.804264	0.346070
399.750000	0	0.114446	0.013893	0.759676	0.057305
399.750000	1	1.383689	0.259916	3.896757	0.457418
400.000000	0	0.112702	0.007206	0.580844	0.049421
400.000000	1	1.331502	0.315455	3.476675	0.375297
400.250000	0	0.112832	0.008400	0.618487	0.054604
400.250000	1	1.398719	0.322728	3.040064	0.361803
400.500000	0	0.114568	0.009128	0.408307	0.045350
400.500000	1	1.368965	0.475603	2.660157	0.346318
400.750000	0	0.111851	0.004100	0.823596	0.052364
400.750000	1	1.338534	0.231262	2.509294	0.354938
401.000000	0	0.114671	0.006624	0.540291	0.050385
401.000000	1	1.369230	0.498933	2.281450	0.324550
401.250000	0	0.114412	0.009256	0.608613	0.051109
401.250000	1	1.304817	0.502091	2.404612	0.284542
401.500000	0	0.113026	0.002046	1.002753	0.060872
401.500000	1	1.309074	0.318672	3.019599	0.363075
401.750000	0	0.116064	0.002016	0.739012	0.058855
401.750000	1	1.382746	0.220817	3.054555	0.408573
402.000000	0	0.113138	0.019242	0.507353	0.048734
402.000000	1	1.305177	0.209356	2.643325	0.414105
402.250000	0	0.115129	0.006911	0.946958	0.064563
402.250000	1	1.358090	0.141387	3.669262	0.424523
402.500000	0	0.113377	0.010610	0.885121	0.059341
402.500000	1	1.351361	0.405849	3.055350	0.378149
402.750000	0	0.110475	0.004303	0.533913	0.046043
402.750000	1	1.338635	0.369096	2.368748	0.361911
403.000000	0	0.112270	0.003132	0.378607	0.042978
403.000000	1	1.357469	0.428852	3.601645	0.368294
403.250000	0	0.114118	0.016922	1.017397	0.058517
403.250000	1	1.358836	0.565777	4.606159	0.442041
403.500000	0	0.113900	0.014164	0.516635	0.045567
403.500000	1	1.348751	0.116839	2.635025	0.368428
403.750000	0	0.114496	0.013990	0.603344	0.050381
403.750000	1	1.383340	0.512916	3.691206	0.424355
404.000000	0	0.114744	0.014103	0.938529	0.058691
404.000000	1	1.386880	0.234830	3.454029	0.402552
404.250000	0	0.113748	0.002614	1.174050	0.066533
404.250000	1	1.351101	0.123350	2.253582	0.326224
404.500000	0	0.112846	0.006886	0.464129	0.047657
404.500000	1	1.336611	0.021685	2.486101	0.340883
404.750000	0	0.109266	0.013157	0.316274	0.037465
404.750000	1	1.319041	0.461267	2.090182	0.255209
405.000000	0	0.115052	0.011102	0.928293	0.057103
405.000000	1	1.383144	0.349577	2.687602	0.386418
405.250000	0	0.112195	0.012804	1.061239	0.057645
405.250000	1	1.366281	0.222441	3.977740	0.462194
405.500000	0	0.116330	0.007901	0.636708	0.060660
405.500000	1	1.353080	0.073678	2.717773	0.411704
405.750000	0	0.116743	0.009482	1.039645	0.071664
405.750000	1	1.367398	0.432146	2.842623	0.369030
406.000000	0	0.113704	0.010194	0.527127	0.047000
406.000000	1	1.395155	0.730191	3.629989	0.379566
406.250000	0	0.110641	0.006300	0.760820	0.050193
406.250000	1	1.409949	0.522139	3.084834	0.386072
406.500000	0	0.113359	0.010116	0.668127	0.053255
406.500000	1	1.355645	0.159347	3.284716	0.390242
406.750000	0	0.116094	0.002198	0.678204	0.055116
406.750000	1	1.363918	0.409754	2.692580	0.331052
407.000000	0	0.111637	0.011668	0.454118	0.043430
407.000000	1	1.393474	0.643164	3.018451	0.367356
407.250000	0	0.109437	0.013367	0.398404	0.042130
407.250000	1	1.322161	0.255727	2.540207	0.344259
407.500000	0	0.111411	0.004332	0.905654	0.049162
407.500000	1	1.383814	0.288680	2.674194	0.406782
407.750000	0	0.113938	0.010335	0.412006	0.046766
407.750000	1	1.329324	0.231431	2.373551	0.345713
408.000000	0	0.111288	0.008729	0.693352	0.046539
408.000000	1	1.432157	0.385141	4.032909	0.453125
408.250000	0	0.112860	0.009547	0.767542	0.051299
408.250000	1	1.328848	0.181680	2.270587	0.304938
408.500000	0	0.110420	0.006925	0.364886	0.043583
408.500000	1	1.453282	0.731201	3.126837	0.431604
408.750000	0	0.113390	0.016080	0.772288	0.052194
408.750000	1	1.386614	0.522229	3.029985	0.399160
409.000000	0	0.114836	0.008271	0.932603	0.060029
409.000000	1	1.365493	0.285816	2.847842	0.366500
409.250000	0	0.110870	0.006070	0.514971	0.047301
409.250000	1	1.398816	0.265631	2.904937	0.441286
409.500000	0	0.113537	0.006817	0.535875	0.053072
409.500000	1	1.332177	0.611507	2.624355	0.299231
409.750000	0	0.115797	0.015244	0.766943	0.057595
409.750000	1	1.370983	0.366382	3.755571	0.417356
410.000000	0	0.114191	0.010019	0.728631	0.056675
410.000000	1	1.371056	0.384376	2.965348	0.427119
410.250000	0	0.113093	0.003573	0.997135	0.060112
410.250000	1	1.414943	0.529685	3.266027	0.454446
410.500000	0	0.110199	0.006338	0.449974	0.043002
410.500000	1	1.365319	0.341099	2.543279	0.349326
410.750000	0	0.112149	0.005184	0.654414	0.051836
410.750000	1	1.317239	0.197590	3.284097	0.334134
411.000000	0	0.113957	0.019354	0.565363	0.049777
411.000000	1	1.405957	0.378250	3.719556	0.479816
411.250000	0	0.114687	0.006887	0.918018	0.062096
411.250000	1	1.383771	0.541615	2.940819	0.340620
411.500000	0	0.114289	0.011490	0.602467	0.053266
411.500000	1	1.356342	0.481110	2.496527	0.333397
411.750000	0	0.111275	0.008650	0.495579	0.046891
411.750000	1	1.367267	0.422032	3.152808	0.390200
412.000000	0	0.116924	0.006473	0.935756	0.058187
412.000000	1	1.370166	0.361571	2.693563	0.392618
412.250000	0	0.113391	0.020157	1.003700	0.054257
412.250000	1	1.365354	0.440966	2.912470	0.320863
412.500000	0	0.112676	0.010411	0.581706	0.049837
412.500000	1	1.422545	0.493832	3.691543	0.447494
412.750000	0	0.111048	0.010416	0.532263	0.047251
412.750000	1	1.381986	0.578996	3.538042	0.401493
413.000000	0	0.110148	0.012794	0.467517	0.042182
413.000000	1	1.415381	0.325230	3.492460	0.451210
413.250000	0	0.110063	0.006336	0.392755	0.040246
413.250000	1	1.316005	0.253031	2.235946	0.316576
413.500000	0	0.113767	0.006568	0.709640	0.055054
413.500000	1	1.314642	0.175653	2.989155	0.408985
413.750000	0	0.113237	0.013185	0.566976	0.049924
413.750000	1	1.402016	0.780012	3.025201	0.373839
414.000000	0	0.112810	0.009112	0.527231	0.048225
414.000000	1	1.359572	0.251011	3.969338	0.404564
414.250000	0	0.112053	0.014539	0.572963	0.049079
414.250000	1	1.373830	0.399420	3.136188	0.392927
414.500000	0	0.111452	0.010264	0.563010	0.046013
414.500000	1	1.394985	0.373172	2.996176	0.346565
414.750000	0	0.112663	0.017191	0.647142	0.044684
414.750000	1	1.363760	0.480817	3.286547	0.386671
415.000000	0	0.110072	0.010338	0.584599	0.046380
415.000000	1	1.406788	0.391015	3.126030	0.399569
415.250000	0	0.108572	0.007967	0.463405	0.041077
415.250000	1	1.335456	0.403069	2.446153	0.338992
415.500000	0	0.111489	0.003178	0.801454	0.047181
415.500000	1	1.430941	0.657365	2.959171	0.410166
415.750000	0	0.109092	0.017187	0.450509	0.039939
415.750000	1	1.384237	0.640019	3.482580	0.365839
416.000000	0	0.109103	0.004376	0.533744	0.040038
416.000000	1	1.452528	0.262543	9.921546	0.855175
416.250000	0	0.110773	0.020335	0.659151	0.046060
416.250000	1	1.418864	0.522112	2.957037	0.433906
416.500000	0	0.114788	0.017580	0.965771	0.060939
416.500000	1	1.384124	0.118715	3.150266	0.407538
416.750000	0	0.116989	0.006374	1.272321	0.076337
416.750000	1	1.422168	0.395690	3.735281	0.456918
417.000000	0	0.112321	0.013659	0.430381	0.045572
417.000000	1	1.363814	0.389550	2.729219	0.327830
417.250000	0	0.113840	0.009620	0.833709	0.064709
417.250000	1	1.302499	0.272559	2.063792	0.276623
417.500000	0	0.113829	0.006933	0.534052	0.051110
417.500000	1	1.338846	0.335866	2.661434	0.360367
417.750000	0	0.114282	0.015461	0.415882	0.046876
417.750000	1	1.362368	0.090938	3.258837	0.508946
418.000000	0	0.114615	0.009784	0.624644	0.053859
418.000000	1	1.358535	0.125663	3.208525	0.413542
418.250000	0	0.115175	0.011192	0.809998	0.056904
418.250000	1	1.411706	0.558265	4.246465	0.493674
418.500000	0	0.112138	0.019080	0.463735	0.046124
418.500000	1	1.405698	0.543070	3.206987	0.421547
418.750000	0	0.115137	0.009483	0.834977	0.052231
418.750000	1	1.369764	0.207289	2.756742	0.396191
419.000000	0	0.110989	0.003438	0.766150	0.050251
419.000000	1	1.357141	0.488793	3.714899	0.404949
419.250000	0	0.114893	0.009148	0.694818	0.057964
419.250000	1	1.343729	0.452182	2.580980	0.342627
419.500000	0	0.114757	0.010993	0.570524	0.054346
419.500000	1	1.431038	0.438668	2.603386	0.396956
419.750000	0	0.112826	0.009453	1.158399	0.071905
419.750000	1	1.332078	0.289016	3.120430	0.370204
420.000000	0	0.112862	0.016336	0.468076	0.045656
420.000000	1	1.347767	0.426964	2.344711	0.331991
420.250000	0	0.117161	0.014038	0.679526	0.057129
420.250000	1	1.289449	0.513769	2.885099	0.353877
420.500000	0	0.118155	0.001068	0.969317	0.065034
420.500000	1	1.358459	0.619732	2.487081	0.371651
420.750000	0	0.113653	0.003019	0.851213	0.057577
420.750000	1	1.395670	0.449326	3.992296	0.466574
421.000000	0	0.117891	0.004256	1.149849	0.071890
421.000000	1	1.377017	0.626023	2.757081	0.352657
421.250000	0	0.113245	0.002823	0.638769	0.050106
421.250000	1	1.326262	0.391235	3.183196	0.360985
421.500000	0	0.112836	0.006442	0.669825	0.054669
421.500000	1	1.368663	0.239348	3.199502	0.404481
421.750000	0	0.113780	0.013021	0.851046	0.052062
421.750000	1	1.339688	0.358863	2.672008	0.370127
422.000000	0	0.113853	0.019246	0.503025	0.048046
422.000000	1	1.334856	0.707696	2.525991	0.324768
422.250000	0	0.113378	0.017945	0.513147	0.048919
422.250000	1	1.412732	0.421582	2.772083	0.346474
422.500000	0	0.114160	0.013267	0.635122	0.048510
422.500000	1	1.369175	0.439616	2.861435	0.323823
422.750000	0	0.114600	0.005970	0.670295	0.049629
422.750000	1	1.355463	0.460057	2.876289	0.361010
423.000000	0	0.111615	0.010110	0.489258	0.046257
423.000000	1	1.375968	0.615275	2.369916	0.318508
423.250000	0	0.111191	0.013294	0.353120	0.041524
423.250000	1	1.318575	0.328826	2.349939	0.303885
423.500000	0	0.111206	0.012687	0.526070	0.045733
423.500000	1	1.375232	0.235367	3.098941	0.340724
423.750000	0	0.111764	0.009556	0.405942	0.045831
423.750000	1	1.325879	0.259326	3.158712	0.405470
424.000000	0	0.109904	0.002673	0.534442	0.043181
424.000000	1	1.359393	0.548023	2.727499	0.327069
424.250000	0	0.111234	0.010727	0.566779	0.048806
424.250000	1	1.357365	0.464949	2.608158	0.332952
424.500000	0	0.110760	0.010008	0.666839	0.045894
424.500000	1	1.405256	0.698854	3.032612	0.384506
424.750000	0	0.114831	0.011500	0.402467	0.045986
424.750000	1	1.345082	0.120763	2.691109	0.340624
425.000000	0	0.114007	0.010270	0.925539	0.061026
425.000000	1	1.454401	0.550493	4.671532	0.568744
425.250000	0	0.116259	0.014574	0.714640	0.054684
425.250000	1	1.349845	0.243444	2.329039	0.373929
425.500000	0	0.114508	0.003812	0.917417	0.062365
425.500000	1	1.407114	0.761337	3.141488	0.353955
425.750000	0	0.114669	0.007440	0.512934	0.049173
425.750000	1	1.426583	0.075318	3.119443	0.472928
426.000000	0	0.113047	0.004804	0.830822	0.055662
426.000000	1	1.406958	0.417636	3.108065	0.481425
426.250000	0	0.113880	0.008292	0.696985	0.054482
426.250000	1	1.441587	0.176469	3.379582	0.478299
426.500000	0	0.113001	0.013428	0.606034	0.049267
426.500000	1	1.343994	0.134252	3.124221	0.448769
426.750000	0	0.115875	0.007007	0.915634	0.059301
426.750000	1	1.392750	0.457263	2.543541	0.399409
427.000000	0	0.110106	0.008711	0.702383	0.045353
427.000000	1	1.340385	0.324725	2.262436	0.331473
427.250000	0	0.113205	0.012076	0.425430	0.047518
427.250000	1	1.320996	0.171316	2.503048	0.300024
427.500000	0	0.112683	0.011617	0.723089	0.060854
427.500000	1	1.390460	0.326629	3.610671	0.450816
427.750000	0	0.111979	0.012652	0.742927	0.052811
427.750000	1	1.373549	0.485777	2.796014	0.354611
428.000000	0	0.111394	0.018967	0.484874	0.044042
428.000000	1	1.375953	0.494235	2.705105	0.320201
428.250000	0	0.114079	0.009486	0.471312	0.046795
428.250000	1	1.360602	0.195678	2.770206	0.354823
428.500000	0	0.114240	0.009712	0.924724	0.057351
428.500000	1	1.364605	0.239929	3.245720	0.479621
428.750000	0	0.112927	0.010396	1.237373	0.062516
428.750000	1	1.370013	0.097023	3.167321	0.439185
429.000000	0	0.114308	0.022365	1.092645	0.058739
429.000000	1	1.477318	0.465597	3.599635	0.479419
429.250000	0	0.110524	0.024698	0.356011	0.037805
429.250000	1	1.338071	0.462906	2.927350	0.374584
429.500000	0	0.113950	0.005004	0.737174	0.056933
429.500000	1	1.395878	0.380015	3.261116	0.384750
429.750000	0	0.112181	0.009188	0.346867	0.041736
429.750000	1	1.389444	0.305318	2.783714	0.341347
430.000000	0	0.110542	0.010982	0.863466	0.051000
430.000000	1	1.368657	0.143918	2.734345	0.352306
430.250000	0	0.110082	0.004257	0.946436	0.057777
430.250000	1	1.300015	0.313312	2.382885	0.353826
430.500000	0	0.114145	0.003244	1.202975	0.069421
430.500000	1	1.368180	0.398472	2.889358	0.366066
430.750000	0	0.110416	0.011865	0.768122	0.047414
430.750000	1	1.322191	0.252570	3.268399	0.432235
431.000000	0	0.109643	0.008464	0.390741	0.041687
431.000000	1	1.359990	0.345477	3.316389	0.408760
431.250000	0	0.112905	0.025837	0.382676	0.042970
431.250000	1	1.311380	0.319282	2.170910	0.316104
431.500000	0	0.112686	0.011016	0.335698	0.042979
431.500000	1	1.410052	0.430205	3.831645	0.486905
431.750000	0	0.108132	0.003254	0.320476	0.037791
431.750000	1	1.351945	0.190997	2.401257	0.322588
432.000000	0	0.109829	0.005659	0.930813	0.049248
432.000000	1	1.394439	0.570916	3.609010	0.386928
432.250000	0	0.113251	0.009596	0.693411	0.051307
432.250000	1	1.322548	0.376478	2.512168	0.346163
432.500000	0	0.109896	0.009450	0.543235	0.038991
432.500000	1	1.394082	0.547056	2.930996	0.413273
432.750000	0	0.113085	0.006101	0.423309	0.044331
432.750000	1	1.411267	0.468844	4.257447	0.493456
433.000000	0	0.109653	0.006671	0.633306	0.048804
433.000000	1	1.377455	0.345390	3.795305	0.385140
433.250000	0	0.111534	0.013143	0.410853	0.044218
433.250000	1	1.288692	0.454819	2.365321	0.315605
433.500000	0	0.112565	0.011110	0.639467	0.046543
433.500000	1	1.354226	0.368461	2.557990	0.381843
433.750000	0	0.110319	0.013122	0.809844	0.046391
433.750000	1	1.488543	0.155816	3.233128	0.500487
434.000000	0	0.112260	0.009374	0.949649	0.059751
434.000000	1	1.437066	0.090345	2.985645	0.434661
434.250000	0	0.112029	0.007533	0.799014	0.047244
434.250000	1	1.382970	0.211211	2.740179	0.381935
434.500000	0	0.112183	0.009559	0.633086	0.047949
434.500000	1	1.407832	0.514373	3.012544	0.403192
434.750000	0	0.113217	0.008880	0.550185	0.047929
434.750000	1	1.405150	0.354135	3.500551	0.400477
435.000000	0	0.113946	0.016800	1.056120	0.056519
435.000000	1	1.312955	0.479253	2.610244	0.301130
435.250000	0	0.113800	0.012180	0.530143	0.049103
435.250000	1	1.398729	0.154198	2.849497	0.346496
435.500000	0	0.110745	0.015210	0.665219	0.050336
435.500000	1	1.337030	0.270963	2.950347	0.342420
435.750000	0	0.115653	0.017421	0.614201	0.052942
435.750000	1	1.372049	0.336404	3.415603	0.397444
436.000000	0	0.114279	0.010983	0.905010	0.056773
436.000000	1	1.408916	0.230988	3.276785	0.401989
436.250000	0	0.114217	0.010055	0.611210	0.051541
436.250000	1	1.327707	0.248112	3.153636	0.375234
436.500000	0	0.112675	0.014924	0.500042	0.048522
436.500000	1	1.332179	0.350274	5.707518	0.502146
436.750000	0	0.118566	0.017819	0.977644	0.066780
436.750000	1	1.338082	0.221858	2.950757	0.370316
437.000000	0	0.112438	0.009099	0.617865	0.046778
437.000000	1	1.279190	0.147124	2.348559	0.323059
437.250000	0	0.114525	0.000799	0.587531	0.051040
437.250000	1	1.334248	0.358920	3.216228	0.415284
437.500000	0	0.113162	0.012769	0.567072	0.048800
437.500000	1	1.354579	0.197488	2.588744	0.351917
437.750000	0	0.113106	0.009165	1.078369	0.056519
437.750000	1	1.408964	0.678920	3.296374	0.446574
438.000000	0	0.114646	0.014646	0.598643	0.050758
438.000000	1	1.415616	0.499122	2.555555	0.342546
438.250000	0	0.109340	0.004505	0.356965	0.039433
438.250000	1	1.364771	0.638187	3.335546	0.357442
438.500000	0	0.109468	0.005889	0.386538	0.040563
438.500000	1	1.388490	0.371936	3.237737	0.431270
438.750000	0	0.110133	0.015422	0.341208	0.041402
438.750000	1	1.344460	0.090037	3.150087	0.436095
439.000000	0	0.114822	0.001816	0.991290	0.064286
439.000000	1	1.406750	0.681228	3.676350	0.397400
439.250000	0	0.113447	0.016507	0.981693	0.053981
439.250000	1	1.353612	0.326416	3.132706	0.362893
439.500000	0	0.111467	0.012290	0.662321	0.046756
439.500000	1	1.326564	0.076782	2.279934	0.350594
439.750000	0	0.112251	0.016479	0.735515	0.051329
439.750000	1	1.372645	0.256772	3.262780	0.444910
440.000000	0	0.108974	0.016449	0.365552	0.041424
440.000000	1	1.349978	0.632907	2.418572	0.306226
440.250000	0	0.111263	0.018440	0.513287	0.042684
440.250000	1	1.391211	0.615789	2.411548	0.306791
440.500000	0	0.112531	0.010577	0.963529	0.060870
440.500000	1	1.384892	0.462490	3.549915	0.458438
440.750000	0	0.113295	0.004143	0.670625	0.053834
440.750000	1	1.358206	0.407647	2.502999	0.332282
441.000000	0	0.113550	0.008812	0.918476	0.060699
441.000000	1	1.375250	0.555136	2.566207	0.308178
441.250000	0	0.111917	0.014011	0.352347	0.039986
441.250000	1	1.339587	0.073886	2.818082	0.297417
441.500000	0	0.110164	0.011078	0.532188	0.044054
441.500000	1	1.299716	0.102483	1.962408	0.281557
441.750000	0	0.111428	0.014682	0.418063	0.043839
441.750000	1	1.357208	0.502647	2.941620	0.437194
442.000000	0	0.114170	0.020236	0.555091	0.048161
442.000000	1	1.421294	0.512158	3.021692	0.405514
442.250000	0	0.112646	0.010882	0.473571	0.048178
442.250000	1	1.314725	0.154586	2.927975	0.353264
442.500000	0	0.116557	0.013112	0.744766	0.057490
442.500000	1	1.423005	0.225409	3.165718	0.485085
442.750000	0	0.110376	0.019318	0.701450	0.044684
442.750000	1	1.410111	0.136481	3.238911	0.427469
443.000000	0	0.113027	0.002882	0.475405	0.048991
443.000000	1	1.333157	0.452429	2.707629	0.313491
443.250000	0	0.113930	0.023670	0.874633	0.055413
443.250000	1	1.381149	0.640251	2.948928	0.371564
443.500000	0	0.113723	0.019251	0.987182	0.051772
443.500000	1	1.371602	0.559913	3.244863	0.361341
443.750000	0	0.116412	0.009239	0.703669	0.052594
443.750000	1	1.357961	0.560612	2.730796	0.289887
444.000000	0	0.113581	0.001228	0.576611	0.048790
444.000000	1	1.377604	0.169088	3.233366	0.389653
444.250000	0	0.109622	0.002279	0.443557	0.040457
444.250000	1	1.436680	0.465395	3.998222	0.465558
444.500000	0	0.111344	0.010098	0.392830	0.041528
444.500000	1	1.341318	0.332572	2.718175	0.357691
444.750000	0	0.114496	0.001992	0.828369	0.060473
444.750000	1	1.427768	0.685489	3.016661	0.396476
445.000000	0	0.112251	0.002402	0.732990	0.046349
445.000000	1	1.350665	0.447742	2.651579	0.335718
445.250000	0	0.113416	0.006733	0.739812	0.050962
445.250000	1	1.392081	0.584932	2.815208	0.347935
445.500000	0	0.112100	0.011676	0.675801	0.051236
445.500000	1	1.401805	0.396866	3.151977	0.371054
445.750000	0	0.113457	0.006055	1.000691	0.056262
445.750000	1	1.376435	0.262355	3.044072	0.390838
446.000000	0	0.113754	0.015538	0.806267	0.050485
446.000000	1	1.337533	0.166097	3.085933	0.343878
446.250000	0	0.113322	0.019204	0.676393	0.044864
446.250000	1	1.380447	0.513603	3.129421	0.374494
446.500000	0	0.113849	0.015912	0.681269	0.051567
446.500000	1	1.370373	0.463782	3.519395	0.399507
446.750000	0	0.111593	0.003373	0.663747	0.045077
446.750000	1	1.313023	0.441334	2.267383	0.324524
447.000000	0	0.109837	0.012556	0.339069	0.041992
447.000000	1	1.352798	0.270945	2.444618	0.352917
447.250000	0	0.112843	0.004967	0.540363	0.051279
447.250000	1	1.392382	0.222209	3.530544	0.434271
447.500000	0	0.114669	0.020161	1.164180	0.060094
447.500000	1	1.380586	0.391682	3.343237	0.437291
447.750000	0	0.111678	0.009439	0.323056	0.038381
447.750000	1	1.284773	0.096052	2.400213	0.322314
448.000000	0	0.113671	0.016693	1.088899	0.061871
448.000000	1	1.340117	0.350709	2.961052	0.410796
448.250000	0	0.113022	0.015026	0.710330	0.054736
448.250000	1	1.323033	0.199479	2.861702	0.401780
448.500000	0	0.113363	0.016173	0.405238	0.045995
448.500000	1	1.417920	0.344906	2.837553	0.402410
448.750000	0	0.114009	0.003984	1.531096	0.079578
448.750000	1	1.478813	0.511237	3.255256	0.511740
449.000000	0	0.111703	0.007195	0.627667	0.047499
449.000000	1	1.340874	0.161805	2.308740	0.301596
449.250000	0	0.114539	0.008655	1.216258	0.064821
449.250000	1	1.386318	0.094760	2.999495	0.342181
449.500000	0	0.112456	0.024233	0.733951	0.054842
449.500000	1	1.325323	0.310758	2.250929	0.357100
449.750000	0	0.111628	0.013659	0.866943	0.054384
449.750000	1	1.414181	0.605690	2.774353	0.398647
450.000000	0	0.111410	0.004810	0.679480	0.049847
450.000000	1	1.378265	0.151980	2.553651	0.363878
450.250000	0	0.111791	0.005824	0.518138	0.043840
450.250000	1	1.307518	0.565169	3.074339	0.304967
450.500000	0	0.116937	0.018202	1.017986	0.061417
450.500000	1	1.342979	0.198820	2.601210	0.400141
450.750000	0	0.113950	0.003827	0.779259	0.054312
450.750000	1	1.405169	0.145292	4.160694	0.598442
451.000000	0	0.116680	0.013919	0.610515	0.054422
451.000000	1	1.385624	0.443334	2.625604	0.342155
451.250000	0	0.111932	0.013309	0.470882	0.044649
451.250000	1	1.353334	0.083846	2.321645	0.300534
451.500000	0	0.113912	0.010260	0.992561	0.059683
451.500000	1	1.310133	0.188952	2.360240	0.311079
451.750000	0	0.114108	0.009749	0.660048	0.050719
451.750000	1	1.316189	0.277954	2.707220	0.374832
452.000000	0	0.110695	0.006495	0.483737	0.045143
452.000000	1	1.375805	0.122417	3.329467	0.456023
452.250000	0	0.114635	0.010308	0.737526	0.054483
452.250000	1	1.422931	0.591693	3.273511	0.399752
452.500000	0	0.110327	0.015225	0.721954	0.048018
452.500000	1	1.359960	0.261315	2.435198	0.366044
452.750000	0	0.113779	0.012533	1.235025	0.059577
452.750000	1	1.361388	0.516288	2.504928	0.339250
453.000000	0	0.112320	0.008356	0.453771	0.043350
453.000000	1	1.456703	0.627847	4.624342	0.503080
453.250000	0	0.111894	0.011309	0.581802	0.046132
453.250000	1	1.330624	0.332868	3.324395	0.362209
453.500000	0	0.113586	0.010767	0.399797	0.044883
453.500000	1	1.398131	0.249254	3.443371	0.438943
453.750000	0	0.111484	0.006906	0.684912	0.047541
453.750000	1	1.403474	0.345325	3.182238	0.425081
454.000000	0	0.113819	0.005833	0.414223	0.045856
454.000000	1	1.362714	0.190777	2.227175	0.298830
454.250000	0	0.110869	0.007700	0.607265	0.045741
454.250000	1	1.359608	0.511852	2.246164	0.320615
454.500000	0	0.110748	0.013481	0.420275	0.045152
454.500000	1	1.355716	0.035266	2.730042	0.366514
454.750000	0	0.112360	0.009577	0.871292	0.052869
454.750000	1	1.389653	0.559913	2.869169	0.352135
455.000000	0	0.110621	0.010171	0.474496	0.044290
455.000000	1	1.333340	0.476521	2.324847	0.305957
455.250000	0	0.110090	0.008970	0.372993	0.043232
455.250000	1	1.361156	0.547037	2.727210	0.367805
455.500000	0	0.111394	0.014251	0.703542	0.049397
455.500000	1	1.449065	0.322826	3.135444	0.431795
455.750000	0	0.111345	0.007728	0.408907	0.044282
455.750000	1	1.345969	0.523163	2.422438	0.272009
456.000000	0	0.111970	0.018438	0.477009	0.048525
456.000000	1	1.309529	0.458015	2.299639	0.310133
456.250000	0	0.110420	0.017603	0.654782	0.050868
456.250000	1	1.311701	0.273063	2.225439	0.317683
456.500000	0	0.112859	0.008329	0.575890	0.050585
456.500000	1	1.318506	0.417900	2.484444	0.373366
456.750000	0	0.110563	0.013167	0.543743	0.044506
456.750000	1	1.339185	0.709136	2.942882	0.306199
457.000000	0	0.111245	0.010279	0.575677	0.045405
457.000000	1	1.339738	0.407445	3.578723	0.446249
457.250000	0	0.114141	0.026736	0.613406	0.046929
457.250000	1	1.454631	0.415769	3.080336	0.432434
457.500000	0	0.110825	0.029546	0.715067	0.044725
457.500000	1	1.326891	0.384553	3.047651	0.396477
457.750000	0	0.109949	0.007052	0.748211	0.046818
457.750000	1	1.394088	0.284394	6.234577	0.672992
458.000000	0	0.111550	0.002150	0.618034	0.049033
458.000000	1	1.313489	0.265892	2.693519	0.332708
458.250000	0	0.114568	0.013814	0.607600	0.051511
458.250000	1	1.389730	0.672699	3.358848	0.407378
458.500000	0	0.112272	0.004970	0.497502	0.048520
458.500000	1	1.393489	0.555152	2.974189	0.386168
458.750000	0	0.112475	0.005028	0.571418	0.050544
458.750000	1	1.369655	0.437934	2.529310	0.353201
459.000000	0	0.111023	0.009162	0.419598	0.042528
459.000000	1	1.405714	0.011232	3.009012	0.369819
459.250000	0	0.112146	0.012760	0.867068	0.054634
459.250000	1	1.322031	0.242307	3.486071	0.348712
459.500000	0	0.113459	0.016135	0.878962	0.049779
459.500000	1	1.460955	0.683907	6.955930	0.680544
459.750000	0	0.112100	0.013275	0.786004	0.051718
459.750000	1	1.372236	0.402024	2.699723	0.390574
460.000000	0	0.113757	0.009229	0.963614	0.060405
460.000000	1	1.432095	0.253683	3.095759	0.452048
460.250000	0	0.111157	0.010749	0.622323	0.042677
460.250000	1	1.399261	0.382837	3.863273	0.449855
460.500000	0	0.109165	0.016519	0.373974	0.040699
460.500000	1	1.315441	0.378648	2.413181	0.314780
460.750000	0	0.114116	0.008870	0.734185	0.052237
460.750000	1	1.361245	0.568476	2.897904	0.374143
461.000000	0	0.114784	0.011356	0.743857	0.055827
461.000000	1	1.406923	0.361775	3.709008	0.417812
461.250000	0	0.113210	0.017774	0.967407	0.058264
461.250000	1	1.309480	0.276828	3.290326	0.385422
461.500000	0	0.113004	0.009675	0.516766	0.046010
461.500000	1	1.374755	0.508989	2.728659	0.375679
461.750000	0	0.111254	0.015459	0.606057	0.050728
461.750000	1	1.367058	0.535589	3.299582	0.348633
462.000000	0	0.114468	0.010341	1.035744	0.063618
462.000000	1	1.350591	0.103717	2.432825	0.358229
462.250000	0	0.112511	0.005321	0.719331	0.047928
462.250000	1	1.335038	0.343041	2.476586	0.351389
462.500000	0	0.114834	0.009121	0.639989	0.056427
462.500000	1	1.381973	0.550536	2.851505	0.374547
462.750000	0	0.114406	0.018291	0.923089	0.061742
462.750000	1	1.352894	0.492753	2.817766	0.343832
463.000000	0	0.112221	0.006326	0.946794	0.052293
463.000000	1	1.372227	0.374149	2.842135	0.398097
463.250000	0	0.111411	0.005457	0.332873	0.037738
463.250000	1	1.317583	0.227334	2.373144	0.306117
463.500000	0	0.110629	0.021066	0.602913	0.045204
463.500000	1	1.366187	0.354051	3.680641	0.454760
463.750000	0	0.115441	0.019277	0.632115	0.054447
463.750000	1	1.371576	0.398966	3.012094	0.375761
464.000000	0	0.112648	0.010685	0.877842	0.055796
464.000000	1	1.337976	0.416787	2.413442	0.300910
464.250000	0	0.113038	0.010842	0.473135	0.046272
464.250000	1	1.339866	0.099612	2.419678	0.389441
464.500000	0	0.108060	0.018282	0.654967	0.043915
464.500000	1	1.334373	0.054726	2.614602	0.344518
464.750000	0	0.118036	0.009756	0.506599	0.054545
464.750000	1	1.404676	0.188395	2.960773	0.415707
465.000000	0	0.112864	0.010197	0.603374	0.048164
465.000000	1	1.309430	0.256086	3.193391	0.338759
465.250000	0	0.112776	0.017611	0.956887	0.053459
465.250000	1	1.367918	0.242332	3.205297	0.410912
465.500000	0	0.114588	0.011358	0.627955	0.053082
465.500000	1	1.318325	0.267898	2.782960	0.347699
465.750000	0	0.114254	0.013980	0.776219	0.054250
465.750000	1	1.376694	0.288375	3.365207	0.410265
466.000000	0	0.114079	0.005563	0.550790	0.052352
466.000000	1	1.370919	0.268551	2.797557	0.389291
466.250000	0	0.114848	0.011249	1.162372	0.061841
466.250000	1	1.356586	0.191175	3.309221	0.415457
466.500000	0	0.114930	0.012392	0.697911	0.055196
466.500000	1	1.407665	0.394399	2.488419	0.337170
466.750000	0	0.109205	0.014260	0.298494	0.036660
466.750000	1	1.370651	0.476047	4.476468	0.457879
467.000000	0	0.110074	0.007750	0.352882	0.042267
467.000000	1	1.382111	0.489293	2.713546	0.352366
467.250000	0	0.111739	0.011368	0.641013	0.050261
467.250000	1	1.349272	0.497963	2.410893	0.297280
467.500000	0	0.112929	0.004314	0.527789	0.046745
467.500000	1	1.326780	0.588708	2.660310	0.359153
467.750000	0	0.112398	0.012915	0.437495	0.043398
467.750000	1	1.417709	0.363105	3.261207	0.443453
468.000000	0	0.111706	0.006592	0.560206	0.047054
468.000000	1	1.311037	0.498172	2.725868	0.323764
468.250000	0	0.111991	0.008846	0.607760	0.047699
468.250000	1	1.371571	0.297042	2.986569	0.404162
468.500000	0	0.110527	0.015932	0.504921	0.048688
468.500000	1	1.493434	0.199966	4.290260	0.529084
468.750000	0	0.112536	0.009164	0.458642	0.042934
468.750000	1	1.349484	0.220457	3.113222	0.394560
469.000000	0	0.110239	0.021063	0.461729	0.042352
469.000000	1	1.381132	0.571680	2.655889	0.315978
469.250000	0	0.114088	0.008679	0.677222	0.053816
469.250000	1	1.354356	0.524567	3.717465	0.395909
469.500000	0	0.114685	0.012377	0.694753	0.053164
469.500000	1	1.333066	0.196181	3.270471	0.433009
469.750000	0	0.113871	0.019590	0.469612	0.044954
469.750000	1	1.408225	0.603730	3.573190	0.413746
470.000000	0	0.117084	0.010000	0.746315	0.063489
470.000000	1	1.321494	0.411860	2.233805	0.281666
470.250000	0	0.110747	0.011016	0.726726	0.050874
470.250000	1	1.419966	0.309794	3.323748	0.407002
470.500000	0	0.111340	0.007212	0.429170	0.045372
470.500000	1	1.330668	0.350553	2.437501	0.323873
470.750000	0	0.111243	0.010841	0.500259	0.046681
470.750000	1	1.335944	0.272400	2.405811	0.311585
471.000000	0	0.113631	0.004474	0.487950	0.048605
471.000000	1	1.320340	0.450692	2.683118	0.370508
471.250000	0	0.115477	0.015799	0.495320	0.049206
471.250000	1	1.397408	0.404384	3.783155	0.452296
471.500000	0	0.114550	0.010584	0.383353	0.046407
471.500000	1	1.369054	0.441294	2.659106	0.352772
471.750000	0	0.112214	0.002608	0.490892	0.051395
471.750000	1	1.329082	0.385491	2.987578	0.372239
472.000000	0	0.115072	0.015997	0.844303	0.055119
472.000000	1	1.342265	0.270434	2.301623	0.312768
472.250000	0	0.112698	0.007585	0.595997	0.051398
472.250000	1	1.307810	0.346563	3.427417	0.404060
472.500000	0	0.112979	0.003642	0.704698	0.052342
472.500000	1	1.402974	0.445028	4.221376	0.522414
472.750000	0	0.110584	0.010642	0.346431	0.041860
472.750000	1	1.323313	0.282611	2.737346	0.396644
473.000000	0	0.117744	0.021362	0.728369	0.059514
473.000000	1	1.375444	0.304070	3.160012	0.355856
473.250000	0	0.115493	0.003658	0.792881	0.061274
473.250000	1	1.377039	0.238461	2.763557	0.412278
473.500000	0	0.112034	0.007610	0.729119	0.050398
473.500000	1	1.374176	0.426338	3.491366	0.458351
473.750000	0	0.112948	0.016374	0.916258	0.061421
473.750000	1	1.400123	0.359851	2.962006	0.382827
474.000000	0	0.111086	0.009051	0.728675	0.049418
474.000000	1	1.340843	0.484160	2.577145	0.344292
474.250000	0	0.110064	0.011029	0.624668	0.044836
474.250000	1	1.375297	0.481671	2.770396	0.317120
474.500000	0	0.113257	0.021499	0.663059	0.048841
474.500000	1	1.385322	0.746642	2.747820	0.333075
474.750000	0	0.112412	0.015415	1.154319	0.056952
474.750000	1	1.372757	0.573204	3.265154	0.400265
475.000000	0	0.110078	0.014757	0.430003	0.041969
475.000000	1	1.318866	0.208448	3.062650	0.415994
475.250000	0	0.112627	0.018546	0.843890	0.051278
475.250000	1	1.377643	0.126547	2.576151	0.380286
475.500000	0	0.114933	0.002500	1.131147	0.069172
475.500000	1	1.357913	0.474807	2.629632	0.348296
475.750000	0	0.114156	0.009634	0.732555	0.055663
475.750000	1	1.395960	0.359167	2.819057	0.380712
476.000000	0	0.115676	0.011377	0.672786	0.055135
476.000000	1	1.426967	0.310676	3.456465	0.520040
476.250000	0	0.116723	0.008232	0.773040	0.055562
476.250000	1	1.393909	0.547484	2.710259	0.341371
476.500000	0	0.111077	0.003834	0.726041	0.058950
476.500000	1	1.363918	0.293594	2.301018	0.326915
476.750000	0	0.113281	0.011467	0.714530	0.051876
476.750000	1	1.366996	0.430984	3.425987	0.379046
477.000000	0	0.113345	0.009917	0.625931	0.047048
477.000000	1	1.352417	0.449711	2.486102	0.311536
477.250000	0	0.115953	0.020299	0.692547	0.056099
477.250000	1	1.375489	0.358513	3.203603	0.474834
477.500000	0	0.113642	0.005888	0.711229	0.050219
477.500000	1	1.308214	0.214318	2.344865	0.348629
477.750000	0	0.112782	0.003497	0.441343	0.044136
477.750000	1	1.415323	0.653858	3.381428	0.425525
478.000000	0	0.113424	0.011493	0.795380	0.056672
478.000000	1	1.340131	0.285424	2.558634	0.343363
478.250000	0	0.110530	0.009593	0.459186	0.043842
478.250000	1	1.360912	0.571063	2.556941	0.317458
478.500000	0	0.116049	0.017904	0.903169	0.062308
478.500000	1	1.346979	0.599192	3.346322	0.349957
478.750000	0	0.109824	0.014766	0.469925	0.044621
478.750000	1	1.362916	0.232439	2.774698	0.431367
479.000000	0	0.114857	0.005676	0.638502	0.054071
479.000000	1	1.347818	0.309476	2.414418	0.351779
479.250000	0	0.110801	0.004371	0.527940	0.043218
479.250000	1	1.370918	0.293257	3.722905	0.396431
479.500000	0	0.112629	0.011371	1.122288	0.058202
479.500000	1	1.378009	0.619931	3.236719	0.412530
479.750000	0	0.112435	0.012683	0.502642	0.046450
479.750000	1	1.441003	0.265643	3.236316	0.452026
480.000000	0	0.111070	0.004533	0.804122	0.049966
480.000000	1	1.366529	0.229987	2.673025	0.342038
480.250000	0	0.110802	0.013526	0.328523	0.039109
480.250000	1	1.348284	0.104161	2.149222	0.297186
480.500000	0	0.110118	0.007958	0.626436	0.043106
480.500000	1	1.314741	0.357923	2.995514	0.388102
480.750000	0	0.111576	0.014073	0.585350	0.045890
480.750000	1	1.343614	0.516005	2.386828	0.326505
481.000000	0	0.109419	0.002164	0.669615	0.051218
481.000000	1	1.296327	0.096934	3.036784	0.354249
481.250000	0	0.114159	0.022479	0.637678	0.051606
481.250000	1	1.336129	0.091435	2.580971	0.380388
481.500000	0	0.110562	0.013353	0.671669	0.048810
481.500000	1	1.384797	0.597675	3.269535	0.409864
481.750000	0	0.114634	0.007052	0.569200	0.047503
481.750000	1	1.844599	0.748759	30.084585	3.616922
482.000000	0	0.114043	0.011185	0.944300	0.054289
482.000000	1	1.398901	0.561054	3.857812	0.416581
482.250000	0	0.109121	0.010755	0.364208	0.040931
482.250000	1	1.362811	0.248211	4.140583	0.396649
482.500000	0	0.111835	0.017570	0.395732	0.043598
482.500000	1	1.375354	0.158693	3.181674	0.426957
482.750000	0	0.112581	0.008625	0.740178	0.049859
482.750000	1	1.386560	0.234047	2.835708	0.375153
483.000000	0	0.109542	0.011470	0.373917	0.040414
483.000000	1	1.341652	0.435458	3.091141	0.352769
483.250000	0	0.109205	0.012645	0.456503	0.038663
483.250000	1	1.362404	0.088818	3.020397	0.333977
483.500000	0	0.111750	0.006416	0.585485	0.046505
483.500000	1	1.343749	0.481991	2.672068	0.374255
483.750000	0	0.114336	0.008254	1.088368	0.058976
483.750000	1	1.375773	0.236935	2.446317	0.352359
484.000000	0	0.113620	0.005972	0.888291	0.054863
484.000000	1	1.403512	0.426239	3.345673	0.387404
484.250000	0	0.109596	0.003948	0.341768	0.036463
484.250000	1	1.337708	0.310446	2.981944	0.403523
484.500000	0	0.111559	0.013641	0.381428	0.041664
484.500000	1	1.400769	0.787015	3.271093	0.403006
484.750000	0	0.114978	0.007956	0.699064	0.055718
484.750000	1	1.427055	0.404623	3.507640	0.436654
485.000000	0	0.114037	0.012445	0.969304	0.058493
485.000000	1	1.314745	0.261576	2.442935	0.318250
485.250000	0	0.115163	0.021076	0.930919	0.063915
485.250000	1	1.358454	0.526527	2.635506	0.343606
485.500000	0	0.113837	0.000738	0.868209	0.059004
485.500000	1	1.379946	0.913249	2.752858	0.324222
485.750000	0	0.114841	0.014551	0.513564	0.043605
485.750000	1	1.360174	0.378268	2.516452	0.353274
486.000000	0	0.112615	0.024368	0.779704	0.054772
486.000000	1	1.327387	0.398361	3.739023	0.373803
486.250000	0	0.111893	0.008032	0.788155	0.049934
486.250000	1	1.381376	0.421675	2.744179	0.351177
486.500000	0	0.112184	0.023236	0.411099	0.046767
486.500000	1	1.406886	0.466737	3.673201	0.463202
486.750000	0	0.112210	0.005179	0.632596	0.053286
486.750000	1	1.376725	0.178458	2.601899	0.353535
487.000000	0	0.114837	0.025694	0.592841	0.050394
487.000000	1	1.362908	0.580981	2.503818	0.310901
487.250000	0	0.114314	0.022340	0.833941	0.052695
487.250000	1	1.423798	0.850347	3.903092	0.420022
487.500000	0	0.115679	0.005439	0.785810	0.059502
487.500000	1	1.366328	0.221063	2.998921	0.433686
487.750000	0	0.114937	0.015453	0.909344	0.058170
487.750000	1	1.406232	0.307407	8.175236	0.710941
488.000000	0	0.114428	0.010620	0.745973	0.053310
488.000000	1	1.307622	0.351898	2.265801	0.323334
488.250000	0	0.113403	0.018316	0.475265	0.046398
488.250000	1	1.320250	0.440247	2.913289	0.333697
488.500000	0	0.118146	0.004646	0.876313	0.071747
488.500000	1	1.380047	0.224935	3.509266	0.451362
488.750000	0	0.113175	0.013365	0.502238	0.048829
488.750000	1	1.371158	0.355011	2.825407	0.353821
489.000000	0	0.112054	0.011095	0.669998	0.050912
489.000000	1	1.334153	0.514563	2.376980	0.372349
489.250000	0	0.113011	0.013620	0.676991	0.052984
489.250000	1	1.361420	0.460046	2.810345	0.332662
489.500000	0	0.113269	0.021367	0.417924	0.043687
489.500000	1	1.349516	0.449336	2.397803	0.309272
489.750000	0	0.112687	0.007756	0.986242	0.054593
489.750000	1	1.412546	0.122405	3.544656	0.433035
490.000000	0	0.113789	0.030098	0.552360	0.049140
490.000000	1	1.414505	0.576901	3.035089	0.424565
490.250000	0	0.113214	0.003345	0.706064	0.056690
490.250000	1	1.355629	0.326748	2.349187	0.374086
490.500000	0	0.113936	0.002841	0.693686	0.054697
490.500000	1	1.326840	0.310777	2.547329	0.381376
490.750000	0	0.114684	0.022133	0.856442	0.058140
490.750000	1	1.392353	0.709127	2.559955	0.345491
491.000000	0	0.112684	0.014625	0.929946	0.052482
491.000000	1	1.355149	0.392895	3.241916	0.384339
491.250000	0	0.113429	0.013467	0.413013	0.045325
491.250000	1	1.393513	0.468603	3.666298	0.463769
491.500000	0	0.114138	0.023354	0.445855	0.048770
491.500000	1	1.422746	0.530058	3.290665	0.373459
491.750000	0	0.116011	0.008389	1.415806	0.077998
491.750000	1	1.350406	0.042393	3.087750	0.374268
492.000000	0	0.113723	0.007472	0.536799	0.050652
492.000000	1	1.367747	0.209874	3.067694	0.377540
492.250000	0	0.108245	0.006790	0.346585	0.038825
492.250000	1	1.337029	0.349670	2.506574	0.350119
492.500000	0	0.113510	0.007920	0.770495	0.053295
492.500000	1	1.310788	0.222660	2.837778	0.375007
492.750000	0	0.115801	0.006926	0.636701	0.053182
492.750000	1	1.352488	0.305342	2.336397	0.323604
493.000000	0	0.112294	0.005297	0.709622	0.051201
493.000000	1	1.369694	0.449532	2.950818	0.298800
493.250000	0	0.112696	0.008181	0.662362	0.053306
493.250000	1	1.419773	0.354678	3.203642	0.408143
493.500000	0	0.113057	0.025000	0.741986	0.054852
493.500000	1	1.352060	0.538735	2.458198	0.289941
493.750000	0	0.109907	0.007756	0.387855	0.040705
493.750000	1	1.304118	0.073279	2.343197	0.360122
494.000000	0	0.112711	0.009811	0.589838	0.046211
494.000000	1	1.363172	0.392311	3.192397	0.366613
494.250000	0	0.113046	0.020992	0.794244	0.050904
494.250000	1	1.353195	0.504172	5.350237	0.535666
494.500000	0	0.115971	0.013794	0.661861	0.054307
494.500000	1	1.393528	0.622129	3.147028	0.420841
494.750000	0	0.115789	0.010916	1.080196	0.066873
494.750000	1	1.401375	0.526919	2.872078	0.398116
495.000000	0	0.114844	0.017270	0.965203	0.061757
495.000000	1	1.369758	0.408062	3.165076	0.407752
495.250000	0	0.114236	0.008514	0.499096	0.050600
495.250000	1	1.386767	0.464713	3.284021	0.349760
495.500000	0	0.111882	0.011204	0.682755	0.046243
495.500000	1	1.320770	0.662321	2.377171	0.283168
495.750000	0	0.114241	0.011615	0.584228	0.049210
495.750000	1	1.405812	0.254759	3.050844	0.407593
496.000000	0	0.116007	0.012809	1.052673	0.068053
496.000000	1	1.388489	0.495596	2.682714	0.413887
496.250000	0	0.111029	0.006973	0.573530	0.044556
496.250000	1	1.302157	0.428313	2.197227	0.279870
496.500000	0	0.113212	0.014390	0.617117	0.052334
496.500000	1	1.406521	0.403045	2.873966	0.380766
496.750000	0	0.116513	0.009270	2.070361	0.089578
496.750000	1	1.304773	0.322519	2.506013	0.315447
497.000000	0	0.113400	0.006777	1.035024	0.065257
497.000000	1	1.349000	0.067845	2.742963	0.343595
497.250000	0	0.115015	0.008372	0.710776	0.054112
497.250000	1	1.342452	0.580934	4.090996	0.390482
497.500000	0	0.117290	0.008663	0.850498	0.057357
497.500000	1	1.342447	0.386683	2.956217	0.342204
497.750000	0	0.113277	0.020106	0.684017	0.051604
497.750000	1	1.375227	0.486950	3.694535	0.364674
498.000000	0	0.113898	0.022466	0.449447	0.045433
498.000000	1	1.371454	0.296627	2.515397	0.321949
498.250000	0	0.113622	0.017572	0.735407	0.055058
498.250000	1	1.336583	0.645693	2.337964	0.274365
498.500000	0	0.113577	0.015000	0.659725	0.055905
498.500000	1	1.365801	0.570543	2.835166	0.375616
498.750000	0	0.111865	0.010443	0.439401	0.046009
498.750000	1	1.353236	0.317895	3.904230	0.460105
499.000000	0	0.112091	0.009454	0.641423	0.046746
499.000000	1	1.291620	0.297415	2.495854	0.369993
499.250000	0	0.111468	0.008456	0.917857	0.055194
499.250000	1	1.405264	0.164778	3.509747	0.413228
499.500000	0	0.116259	0.009496	0.851389	0.058138
499.500000	1	1.423054	0.513018	3.650258	0.460929
499.750000	0	0.111978	0.011866	0.717639	0.051677
499.750000	1	1.384298	0.270452	2.816582	0.358783
500.000000	0	0.114044	0.012675	0.583623	0.051608
500.000000	1	1.355158	0.091537	2.877218	0.389821
500.250000	0	0.111607	0.001179	0.524243	0.048043
500.250000	1	1.336327	0.374632	2.658309	0.323588
500.500000	0	0.115152	0.015414	0.528783	0.053971
500.500000	1	1.300323	0.359313	2.196330	0.308763
500.750000	0	0.112955	0.002061	0.515002	0.046686
500.750000	1	1.456648	0.174804	3.132540	0.456268
