Time	Cell_type	Mean	Min	Max	Std
0.250000	0	0.120252	0.004095	0.423237	0.043827
0.250000	1	1.414315	1.111180	1.699665	0.130545
0.500000	0	0.125645	0.017570	0.706183	0.056350
0.500000	1	1.409570	0.998727	2.033998	0.163257
0.750000	0	0.132142	0.011791	1.144853	0.087086
0.750000	1	1.468337	0.993363	2.328847	0.235139
1.000000	0	0.128212	0.012236	0.963133	0.068386
1.000000	1	1.420980	0.441261	2.154602	0.220266
1.250000	0	0.130882	0.006414	1.511415	0.094811
1.250000	1	1.352650	0.478178	1.981486	0.245755
1.500000	0	0.137846	0.008755	2.367799	0.120064
1.500000	1	1.406979	0.329357	2.734951	0.312564
1.750000	0	0.132604	0.009268	1.189685	0.084825
1.750000	1	1.429981	0.308668	2.315893	0.325340
2.000000	0	0.131566	0.021331	1.030199	0.073269
2.000000	1	1.420994	0.539802	2.749046	0.320396
2.250000	0	0.131798	0.008320	1.053519	0.075759
2.250000	1	1.489001	0.669345	3.252064	0.354124
2.500000	0	0.133674	0.006137	1.561608	0.098790
2.500000	1	1.406762	0.720708	2.773039	0.265551
2.750000	0	0.135054	0.025100	1.028210	0.087284
2.750000	1	1.420813	0.637853	2.800147	0.308602
3.000000	0	0.129910	0.005432	0.975418	0.077446
3.000000	1	1.439093	0.272825	2.817237	0.300905
3.250000	0	0.125544	0.006812	0.835678	0.061057
3.250000	1	1.452666	0.366476	2.230508	0.284563
3.500000	0	0.130219	0.008878	0.675442	0.065270
3.500000	1	1.431058	0.730414	2.122843	0.209041
3.750000	0	0.125207	0.021779	0.773832	0.062108
3.750000	1	1.417339	0.766963	2.302303	0.213579
4.000000	0	0.124859	0.010612	0.665326	0.061322
4.000000	1	1.430510	0.409211	2.809186	0.303271
4.250000	0	0.126172	0.005386	0.757943	0.058056
4.250000	1	1.416098	0.784476	2.802909	0.256145
4.500000	0	0.128374	0.005570	0.864495	0.064690
4.500000	1	1.399344	0.573118	2.060426	0.273392
4.750000	0	0.130217	0.005826	0.933241	0.074491
4.750000	1	1.414599	0.449503	2.851650	0.311968
5.000000	0	0.130612	0.012152	1.449571	0.087160
5.000000	1	1.449861	0.767401	2.661176	0.310034
5.250000	0	0.126780	0.013870	1.132818	0.065319
5.250000	1	1.421828	0.503993	2.587771	0.308912
5.500000	0	0.123476	0.020259	0.755227	0.054141
5.500000	1	1.420600	0.622413	3.121054	0.306065
5.750000	0	0.125257	0.006752	0.714301	0.058935
5.750000	1	1.431266	0.184155	2.385016	0.305582
6.000000	0	0.128682	0.014068	0.899826	0.071526
6.000000	1	1.459935	0.136815	2.758959	0.320657
6.250000	0	0.119018	0.018922	0.477566	0.043754
6.250000	1	1.442791	0.912088	2.410666	0.256937
6.500000	0	0.125427	0.023028	0.890136	0.057075
6.500000	1	1.396981	0.538966	2.594821	0.295478
6.750000	0	0.122900	0.010599	0.726329	0.057389
6.750000	1	1.443654	0.586333	2.559613	0.301951
7.000000	0	0.124308	0.010047	0.810232	0.063013
7.000000	1	1.461208	0.636688	2.710425	0.304734
7.250000	0	0.125388	0.005896	1.060916	0.068261
7.250000	1	1.419211	0.642275	2.738300	0.261230
7.500000	0	0.128670	0.010951	0.848380	0.060023
7.500000	1	1.424941	0.781298	2.512852	0.248196
7.750000	0	0.129310	0.012382	0.890134	0.068734
7.750000	1	1.405809	0.527551	2.636290	0.297949
8.000000	0	0.123528	0.013149	0.832318	0.056100
8.000000	1	1.411374	0.540937	2.849022	0.274406
8.250000	0	0.123552	0.004039	0.741580	0.059108
8.250000	1	1.403290	0.355171	2.624912	0.305028
8.500000	0	0.125324	0.000501	0.852670	0.064916
8.500000	1	1.434648	0.907342	2.672946	0.258139
8.750000	0	0.126396	0.014047	1.139849	0.078729
8.750000	1	1.476936	0.843289	2.493050	0.297887
9.000000	0	0.130299	0.014515	0.904247	0.076535
9.000000	1	1.465898	0.723011	2.907277	0.308042
9.250000	0	0.123195	0.009189	0.875497	0.058279
9.250000	1	1.443729	0.306014	2.682491	0.315747
9.500000	0	0.127240	0.011630	0.915005	0.065468
9.500000	1	1.374109	0.137182	2.606932	0.349909
9.750000	0	0.125134	0.008792	0.688568	0.056859
9.750000	1	1.476250	0.705786	3.238464	0.324059
10.000000	0	0.126530	0.003390	0.746849	0.068060
10.000000	1	1.398680	0.852507	2.287233	0.229602
10.250000	0	0.125258	0.009958	0.827009	0.055143
10.250000	1	1.465652	0.555175	4.685354	0.495262
10.500000	0	0.126602	0.016487	0.943299	0.068276
10.500000	1	1.432626	0.919661	3.332108	0.324986
10.750000	0	0.125678	0.009542	0.863848	0.062319
10.750000	1	1.568136	0.836846	9.024796	0.953664
11.000000	0	0.128293	0.026740	0.946686	0.076952
11.000000	1	1.442705	0.567870	3.873795	0.374476
11.250000	0	0.128816	0.015509	0.774801	0.066027
11.250000	1	1.439461	0.597963	2.167139	0.274223
11.500000	0	0.128356	0.008178	0.972510	0.068980
11.500000	1	1.437557	0.646129	2.685746	0.304153
11.750000	0	0.125590	0.003841	0.953484	0.061710
11.750000	1	1.422542	0.525597	3.331077	0.320347
12.000000	0	0.128203	0.016334	0.893266	0.072353
12.000000	1	1.409464	0.253590	2.337637	0.325476
12.250000	0	0.124053	0.001409	0.696960	0.062149
12.250000	1	1.432347	0.627437	2.591096	0.291591
12.500000	0	0.122579	0.015398	0.694699	0.052602
12.500000	1	1.399150	0.373868	3.151654	0.298546
12.750000	0	0.122164	0.016077	0.710063	0.053074
12.750000	1	1.400558	0.369924	2.400688	0.303483
13.000000	0	0.124903	0.008353	0.987291	0.070399
13.000000	1	1.449743	0.538194	2.731708	0.290108
13.250000	0	0.127181	0.005841	1.166628	0.067654
13.250000	1	1.443623	0.417804	2.156425	0.254277
13.500000	0	0.122723	0.012598	0.769769	0.053277
13.500000	1	1.400360	0.403907	1.843607	0.232463
13.750000	0	0.121716	0.020223	1.040870	0.057762
13.750000	1	1.486203	0.821631	2.732568	0.295660
14.000000	0	0.125432	0.007563	0.820427	0.059644
14.000000	1	1.452319	0.818963	2.525817	0.260114
14.250000	0	0.123398	0.004199	1.104781	0.059395
14.250000	1	1.413571	0.146332	2.342327	0.273340
14.500000	0	0.124833	0.016849	0.747859	0.058095
14.500000	1	1.472935	0.829440	2.409966	0.291369
14.750000	0	0.126417	0.012325	1.109734	0.080584
14.750000	1	1.444057	0.379095	3.053229	0.344391
15.000000	0	0.122606	0.001671	0.471534	0.049477
15.000000	1	1.403027	0.090039	2.584604	0.317928
15.250000	0	0.127759	0.019908	0.920260	0.068628
15.250000	1	1.430759	0.876415	2.639931	0.270016
15.500000	0	0.126430	0.011446	0.956873	0.069611
15.500000	1	1.453399	0.584634	2.556809	0.262460
15.750000	0	0.125034	0.014640	1.063141	0.069712
15.750000	1	1.403399	0.552292	2.290129	0.243024
16.000000	0	0.126173	0.010747	0.939131	0.060480
16.000000	1	1.464431	0.699744	3.929157	0.424845
16.250000	0	0.122971	0.011347	0.451885	0.049635
16.250000	1	1.474730	0.613374	2.845905	0.297994
16.500000	0	0.121313	0.009472	0.817161	0.058312
16.500000	1	1.440979	0.112244	3.283337	0.390618
16.750000	0	0.121526	0.010350	0.926661	0.062460
16.750000	1	1.448999	0.413463	2.676708	0.284375
17.000000	0	0.121170	0.013512	1.013313	0.055655
17.000000	1	1.427518	0.070022	2.335248	0.295109
17.250000	0	0.122225	0.009214	0.951664	0.059775
17.250000	1	1.482600	0.440663	4.015706	0.472868
17.500000	0	0.123049	0.011987	0.998143	0.059465
17.500000	1	1.455503	0.442123	2.789889	0.269800
17.750000	0	0.123784	0.014325	1.417441	0.065688
17.750000	1	1.400220	0.229394	2.212730	0.279073
18.000000	0	0.128756	0.013126	1.355379	0.080883
18.000000	1	1.422747	0.429537	2.931601	0.322618
18.250000	0	0.122503	0.003631	0.704405	0.056340
18.250000	1	1.410086	0.475630	2.513597	0.294935
18.500000	0	0.127627	0.002387	1.603781	0.085276
18.500000	1	1.447790	0.145364	2.682243	0.364960
18.750000	0	0.119750	0.006925	0.349763	0.039376
18.750000	1	1.424724	0.790141	2.448119	0.209763
19.000000	0	0.122545	0.007419	0.889109	0.054074
19.000000	1	1.468116	0.437515	3.078142	0.353137
19.250000	0	0.122210	0.004063	0.463555	0.044840
19.250000	1	1.414375	0.712147	2.380517	0.230823
19.500000	0	0.132992	0.017774	2.619787	0.139813
19.500000	1	1.505523	0.972519	3.133717	0.331483
19.750000	0	0.121356	0.007789	0.607120	0.049270
19.750000	1	1.462181	0.850975	2.473564	0.233158
20.000000	0	0.122215	0.002830	0.977862	0.062817
20.000000	1	1.426334	0.490490	2.658617	0.336369
20.250000	0	0.121199	0.009312	1.123342	0.061466
20.250000	1	1.471120	0.861179	2.733461	0.266470
20.500000	0	0.121719	0.026690	0.585357	0.050137
20.500000	1	1.426761	0.432091	2.685537	0.266354
20.750000	0	0.123035	0.007143	0.572294	0.047323
20.750000	1	1.401178	0.090069	2.378487	0.328670
21.000000	0	0.127095	0.008272	0.994970	0.078290
21.000000	1	1.462029	0.642779	2.552406	0.303972
21.250000	0	0.124411	0.020599	0.581696	0.054355
21.250000	1	1.473931	0.461459	2.424174	0.281021
21.500000	0	0.118659	0.002622	0.377505	0.042183
21.500000	1	1.433216	0.482550	2.624753	0.264676
21.750000	0	0.124333	0.016027	0.951616	0.056977
21.750000	1	1.450423	0.627977	2.766445	0.273051
22.000000	0	0.125014	0.015119	1.176283	0.066761
22.000000	1	1.461887	0.733470	2.714037	0.282206
22.250000	0	0.119686	0.012954	1.019222	0.055959
22.250000	1	1.416080	0.251519	2.626676	0.273128
22.500000	0	0.125113	0.022916	1.041414	0.065212
22.500000	1	1.386458	0.242242	2.441827	0.296444
22.750000	0	0.122613	0.012256	0.781059	0.056710
22.750000	1	1.432628	0.474471	2.368753	0.304971
23.000000	0	0.128663	0.018435	1.117803	0.071434
23.000000	1	1.434096	0.680462	2.715408	0.317927
23.250000	0	0.124827	0.021695	0.613266	0.055797
23.250000	1	1.464455	0.659400	3.115150	0.341236
23.500000	0	0.123550	0.006505	0.700772	0.054842
23.500000	1	1.396488	0.434256	2.376127	0.274448
23.750000	0	0.122871	0.012959	0.619614	0.054763
23.750000	1	1.448521	0.172247	2.440305	0.300846
24.000000	0	0.130170	0.020061	0.956459	0.073298
24.000000	1	1.450476	0.439940	4.032137	0.386252
24.250000	0	0.126105	0.020565	0.919366	0.069918
24.250000	1	1.452355	0.616061	2.996161	0.301578
24.500000	0	0.125794	0.010748	1.125491	0.070897
24.500000	1	1.414053	0.559545	2.374509	0.289330
24.750000	0	0.127486	0.006627	0.622634	0.059196
24.750000	1	1.364396	0.435973	2.649557	0.320220
25.000000	0	0.126299	0.017196	0.765245	0.070350
25.000000	1	1.454678	0.293601	2.443571	0.321458
25.250000	0	0.126114	0.007443	0.846319	0.054168
25.250000	1	1.442865	0.493133	2.923895	0.333980
25.500000	0	0.126429	0.008954	0.851434	0.061969
25.500000	1	1.421615	0.465697	2.446919	0.298108
25.750000	0	0.125496	0.026575	0.438169	0.047208
25.750000	1	1.432879	0.607949	2.230751	0.263637
26.000000	0	0.123859	0.008842	1.184920	0.065313
26.000000	1	1.416174	0.720992	2.467650	0.289068
26.250000	0	0.123721	0.024672	0.896373	0.056908
26.250000	1	1.461643	0.424287	2.444131	0.316633
26.500000	0	0.123560	0.010693	1.076744	0.062239
26.500000	1	1.437604	0.695654	2.688457	0.255532
26.750000	0	0.124332	0.012471	0.727789	0.054672
26.750000	1	1.437043	0.870460	2.434919	0.243387
27.000000	0	0.122842	0.011670	0.909532	0.054893
27.000000	1	1.467822	0.194772	2.782204	0.346526
27.250000	0	0.127821	0.017578	6.336313	0.235595
27.250000	1	1.445927	0.953168	4.901817	0.378880
27.500000	0	0.125835	0.020453	0.878946	0.067327
27.500000	1	1.412979	0.427073	2.411047	0.282947
27.750000	0	0.120837	0.009876	0.420103	0.045332
27.750000	1	1.479861	0.430852	3.281975	0.349607
28.000000	0	0.125719	0.009420	0.868061	0.059307
28.000000	1	1.423029	0.389995	2.309526	0.276897
28.250000	0	0.123006	0.015752	0.854094	0.062383
28.250000	1	1.468427	0.546750	2.818786	0.343056
28.500000	0	0.118963	0.012767	0.678387	0.045421
28.500000	1	1.432566	0.625081	2.877059	0.278682
28.750000	0	0.119769	0.016106	0.402399	0.043457
28.750000	1	1.392626	0.453207	2.185960	0.262444
29.000000	0	0.123227	0.017758	0.595250	0.053297
29.000000	1	1.441710	0.567326	2.453122	0.279326
29.250000	0	0.122661	0.007106	0.599259	0.051701
29.250000	1	1.474243	0.573608	2.543791	0.311395
29.500000	0	0.121375	0.015025	0.941410	0.058553
29.500000	1	1.432257	0.635012	2.350123	0.272401
29.750000	0	0.122262	0.006670	0.541095	0.049912
29.750000	1	1.450140	0.857731	2.417657	0.260676
30.000000	0	0.123939	0.008058	0.655715	0.056282
30.000000	1	1.384252	0.196093	2.957891	0.320509
30.250000	0	0.121654	0.013811	0.438433	0.047578
30.250000	1	1.414629	0.530542	2.188954	0.259462
30.500000	0	0.124602	0.013132	1.081761	0.075924
30.500000	1	1.440736	0.640354	2.464974	0.285441
30.750000	0	0.123088	0.013480	0.555257	0.052618
30.750000	1	1.451218	0.728858	2.717484	0.269211
31.000000	0	0.123670	0.011161	0.438634	0.046685
31.000000	1	1.474099	0.976029	2.328958	0.272927
31.250000	0	0.122828	0.015739	0.606688	0.050386
31.250000	1	1.448370	0.483108	3.109865	0.360091
31.500000	0	0.123310	0.022432	1.196921	0.071776
31.500000	1	1.456756	0.929504	2.310085	0.223669
31.750000	0	0.120308	0.004759	0.760981	0.048461
31.750000	1	1.463774	0.490751	2.863814	0.356752
32.000000	0	0.120505	0.018178	1.299337	0.069636
32.000000	1	1.422644	0.465006	2.435558	0.252975
32.250000	0	0.124591	0.013452	0.814549	0.054559
32.250000	1	1.410625	0.841646	2.854884	0.253940
32.500000	0	0.125517	0.011160	1.068650	0.079744
32.500000	1	1.514456	0.657245	2.797727	0.334679
32.750000	0	0.124161	0.010917	0.534719	0.050487
32.750000	1	1.443158	0.553344	2.790305	0.284677
33.000000	0	0.122101	0.020131	0.497655	0.047017
33.000000	1	1.473024	0.334154	2.709056	0.312795
33.250000	0	0.122740	0.011324	1.005568	0.058508
33.250000	1	1.423910	0.745408	2.915449	0.255542
33.500000	0	0.122213	0.016047	0.891681	0.060001
33.500000	1	1.441201	0.668559	2.460935	0.310590
33.750000	0	0.123938	0.023951	1.743966	0.081320
33.750000	1	1.447303	0.542499	2.753312	0.323919
34.000000	0	0.123018	0.017394	1.108225	0.063582
34.000000	1	1.420255	0.607840	2.425094	0.271143
34.250000	0	0.119208	0.007172	0.794266	0.052764
34.250000	1	1.447677	0.909016	2.678165	0.302615
34.500000	0	0.124820	0.013514	0.819770	0.060048
34.500000	1	1.442657	0.483626	2.815150	0.333372
34.750000	0	0.120155	0.017367	0.751871	0.047771
34.750000	1	1.466174	0.761308	2.429847	0.281246
35.000000	0	0.125253	0.023521	0.960288	0.053801
35.000000	1	1.510366	0.717090	6.696058	0.598693
35.250000	0	0.122843	0.018960	0.845043	0.055407
35.250000	1	1.488300	0.271562	2.901082	0.394742
35.500000	0	0.118327	0.024068	0.620670	0.043070
35.500000	1	1.469220	0.369969	3.312962	0.348537
35.750000	0	0.120316	0.011749	0.493235	0.045577
35.750000	1	1.447132	0.870347	2.353588	0.234732
36.000000	0	0.125173	0.013496	0.678919	0.053175
36.000000	1	1.460692	0.694321	2.755893	0.319219
36.250000	0	0.121847	0.018500	0.694208	0.057602
36.250000	1	1.437146	0.863038	2.428849	0.257550
36.500000	0	0.123020	0.020146	0.837640	0.062931
36.500000	1	1.429089	0.402866	3.035665	0.345294
36.750000	0	0.128391	0.011686	0.846870	0.061635
36.750000	1	1.432025	0.378816	2.511087	0.286742
37.000000	0	0.123978	0.017697	1.197086	0.064847
37.000000	1	1.394784	0.410113	2.322534	0.284860
37.250000	0	0.125142	0.015295	0.923373	0.056937
37.250000	1	1.397972	0.770147	1.995550	0.237983
37.500000	0	0.125336	0.022288	0.946766	0.062858
37.500000	1	1.428333	0.352460	3.823820	0.364893
37.750000	0	0.125294	0.004666	0.561437	0.057518
37.750000	1	1.474189	0.354325	3.056085	0.341744
38.000000	0	0.122328	0.015278	0.868456	0.060419
38.000000	1	1.448007	0.223427	2.465024	0.295978
38.250000	0	0.122611	0.004461	0.841742	0.055726
38.250000	1	1.373439	0.545909	2.156823	0.254573
38.500000	0	0.125671	0.013790	0.769899	0.059190
38.500000	1	1.408995	0.613201	1.870912	0.226737
38.750000	0	0.121160	0.008720	0.519765	0.046162
38.750000	1	1.393658	0.629530	2.642829	0.307566
39.000000	0	0.122182	0.005111	0.756398	0.051130
39.000000	1	1.436624	0.474456	2.929175	0.324838
39.250000	0	0.122680	0.009112	0.800074	0.055976
39.250000	1	1.376961	0.661323	2.191275	0.235867
39.500000	0	0.122980	0.015900	1.258732	0.069613
39.500000	1	1.395317	0.330043	2.276621	0.284701
39.750000	0	0.123604	0.010897	0.929162	0.059394
39.750000	1	1.434578	0.234999	2.312105	0.283932
40.000000	0	0.124184	0.013112	0.845866	0.067641
40.000000	1	1.415112	0.302751	2.565112	0.339724
40.250000	0	0.122778	0.021165	0.609289	0.048904
40.250000	1	1.480783	0.700674	2.531211	0.301362
40.500000	0	0.122081	0.015232	0.592964	0.053082
40.500000	1	1.431795	0.485911	2.244570	0.262851
40.750000	0	0.125092	0.008207	1.141401	0.071005
40.750000	1	1.457551	0.520913	2.608317	0.283907
41.000000	0	0.124568	0.013710	0.816939	0.059266
41.000000	1	1.533322	0.849388	7.238431	0.750039
41.250000	0	0.121112	0.014133	1.260388	0.063248
41.250000	1	1.434000	0.517071	3.275719	0.340785
41.500000	0	0.121191	0.009272	0.900438	0.057106
41.500000	1	1.452390	0.289883	2.608047	0.332526
41.750000	0	0.121651	0.005394	0.919277	0.054716
41.750000	1	1.443662	0.175864	2.859724	0.351035
42.000000	0	0.122327	0.007935	0.655340	0.052159
42.000000	1	1.495208	0.501752	3.209778	0.373117
42.250000	0	0.122215	0.008545	1.085899	0.066353
42.250000	1	1.423458	0.440366	2.721448	0.292935
42.500000	0	0.120053	0.020653	0.538819	0.041744
42.500000	1	1.424371	0.278093	2.421419	0.269207
42.750000	0	0.122291	0.012909	0.876188	0.063293
42.750000	1	1.388606	0.752124	2.176947	0.252885
43.000000	0	0.122854	0.003667	0.945779	0.056554
43.000000	1	1.438667	0.581491	2.690691	0.302938
43.250000	0	0.124444	0.015016	0.825562	0.053709
43.250000	1	1.435673	0.279136	2.744644	0.334772
43.500000	0	0.119660	0.013609	1.093423	0.057650
43.500000	1	1.456190	0.854800	2.716097	0.289478
43.750000	0	0.119596	0.009765	0.545375	0.044498
43.750000	1	1.434478	0.342987	3.164425	0.332934
44.000000	0	0.121715	0.005843	0.489955	0.047778
44.000000	1	1.443966	0.708686	2.639901	0.297170
44.250000	0	0.122153	0.018841	0.939899	0.057629
44.250000	1	1.459745	0.674535	2.818920	0.327272
44.500000	0	0.123250	0.024032	0.953822	0.053807
44.500000	1	1.453903	0.264261	3.024543	0.317086
44.750000	0	0.121752	0.025643	0.546866	0.053825
44.750000	1	1.416040	0.620442	3.039908	0.325977
45.000000	0	0.123361	0.012865	0.748012	0.060581
45.000000	1	1.441941	0.831469	2.472523	0.252818
45.250000	0	0.123900	0.011018	0.921144	0.061398
45.250000	1	1.437158	0.322414	2.035707	0.228221
45.500000	0	0.124736	0.018505	0.655052	0.051777
45.500000	1	1.412333	0.256877	2.716228	0.302793
45.750000	0	0.125334	0.008315	0.570263	0.053834
45.750000	1	1.395369	0.417374	1.922216	0.258960
46.000000	0	0.124759	0.024279	1.014754	0.069631
46.000000	1	1.450747	0.714695	2.654630	0.284142
46.250000	0	0.120403	0.004066	1.213479	0.062277
46.250000	1	1.419081	0.026644	2.371182	0.288062
46.500000	0	0.121565	0.009183	0.645714	0.051123
46.500000	1	1.494019	1.023735	2.809620	0.277149
46.750000	0	0.123056	0.004676	0.915333	0.062814
46.750000	1	1.414661	0.320103	2.923059	0.300667
47.000000	0	0.118902	0.016093	0.389037	0.038022
47.000000	1	1.459286	0.811879	2.734821	0.305583
47.250000	0	0.122172	0.019151	1.081260	0.062825
47.250000	1	1.468515	0.648353	2.533642	0.295871
47.500000	0	0.122665	0.015452	0.686295	0.051814
47.500000	1	1.417598	0.289354	3.847994	0.340255
47.750000	0	0.125232	0.015585	1.031821	0.066246
47.750000	1	1.448424	0.500397	2.827431	0.314305
48.000000	0	0.123201	0.005282	0.843682	0.057778
48.000000	1	1.518033	0.815381	2.657737	0.336256
48.250000	0	0.122839	0.018994	0.601832	0.046925
48.250000	1	1.451753	0.355972	2.156997	0.268289
48.500000	0	0.119959	0.008559	1.232040	0.056972
48.500000	1	1.416978	0.469979	2.842812	0.265047
48.750000	0	0.120011	0.016204	1.002953	0.060610
48.750000	1	1.368408	0.286362	2.373862	0.286696
49.000000	0	0.124356	0.022371	0.797520	0.052814
49.000000	1	1.418496	0.513154	2.333372	0.294394
49.250000	0	0.121127	0.002483	0.912177	0.058872
49.250000	1	1.433888	0.471320	2.253667	0.260887
49.500000	0	0.123108	0.014462	0.505085	0.050554
49.500000	1	1.405314	0.611034	2.331480	0.244440
49.750000	0	0.125395	0.027776	0.782779	0.059229
49.750000	1	1.437160	0.390684	2.516839	0.299533
50.000000	0	0.122253	0.019528	0.975136	0.060139
50.000000	1	1.445567	0.817358	2.655197	0.242445
50.250000	0	0.119288	0.013814	0.376067	0.042691
50.250000	1	1.408054	0.598674	3.958811	0.376468
50.500000	0	0.123221	0.010724	0.790016	0.056211
50.500000	1	1.446986	0.613919	2.908353	0.306367
50.750000	0	0.130727	0.005897	1.358172	0.089868
50.750000	1	1.452533	0.439095	2.789969	0.334048
51.000000	0	0.129104	0.010887	1.128188	0.076645
51.000000	1	1.473471	0.727933	2.397339	0.274230
51.250000	0	0.121769	0.022952	0.714470	0.051956
51.250000	1	1.385055	0.619440	2.455620	0.278505
51.500000	0	0.125876	0.008670	1.217912	0.074098
51.500000	1	1.464841	0.467746	2.487333	0.268272
51.750000	0	0.121256	0.012101	0.678877	0.049355
51.750000	1	1.434339	0.678476	2.668517	0.269621
52.000000	0	0.120554	0.016258	1.112514	0.059093
52.000000	1	1.411465	0.430480	2.110072	0.273878
52.250000	0	0.124219	0.008595	0.764072	0.054878
52.250000	1	1.392599	0.608524	2.583156	0.269815
52.500000	0	0.122629	0.008064	0.797746	0.057101
52.500000	1	1.450932	0.267463	2.681528	0.335448
52.750000	0	0.123945	0.015148	0.797350	0.060803
52.750000	1	1.382998	0.497153	2.936469	0.303304
53.000000	0	0.129165	0.016344	0.836595	0.072844
53.000000	1	1.428606	0.230320	2.584957	0.310907
53.250000	0	0.123253	0.009251	0.591410	0.052690
53.250000	1	1.491312	0.852180	3.333944	0.314546
53.500000	0	0.120759	0.006039	0.651411	0.052582
53.500000	1	1.439833	0.415898	2.627129	0.282669
53.750000	0	0.120878	0.007979	0.396454	0.042359
53.750000	1	1.424081	0.827001	2.115874	0.210929
54.000000	0	0.121486	0.018003	0.825670	0.052691
54.000000	1	1.403543	0.429814	2.543232	0.284550
54.250000	0	0.121542	0.003785	0.775781	0.048861
54.250000	1	1.425164	0.641243	2.414589	0.309489
54.500000	0	0.124358	0.010898	0.794511	0.056770
54.500000	1	1.470970	0.488436	3.560896	0.361089
54.750000	0	0.123094	0.007862	0.844691	0.067511
54.750000	1	1.433041	0.795110	2.535392	0.275486
55.000000	0	0.123930	0.005052	1.152100	0.062826
55.000000	1	1.446785	0.502737	3.217659	0.322604
55.250000	0	0.120012	0.005338	0.861685	0.050413
55.250000	1	1.369979	0.313691	2.530975	0.316679
55.500000	0	0.127220	0.027607	0.982609	0.073674
55.500000	1	1.434197	0.649420	2.728061	0.340348
55.750000	0	0.125216	0.005968	0.591287	0.054632
55.750000	1	1.454267	0.798352	2.452349	0.280806
56.000000	0	0.126245	0.016783	0.723115	0.056061
56.000000	1	1.423333	0.611998	2.426813	0.263410
56.250000	0	0.125421	0.004877	0.718682	0.058022
56.250000	1	1.445938	0.558284	2.368511	0.293235
56.500000	0	0.124072	0.008624	0.858195	0.056170
56.500000	1	1.519531	0.580681	4.305182	0.495869
56.750000	0	0.126630	0.025638	1.829445	0.080249
56.750000	1	1.419285	0.463551	2.614276	0.271160
57.000000	0	0.127819	0.013552	1.781707	0.087527
57.000000	1	1.389654	0.362176	2.455162	0.290845
57.250000	0	0.121312	0.010700	0.575730	0.054147
57.250000	1	1.424461	0.414516	2.457882	0.261508
57.500000	0	0.122096	0.013019	0.698851	0.051613
57.500000	1	1.404652	0.117722	2.644838	0.288113
57.750000	0	0.123046	0.005530	0.537413	0.050896
57.750000	1	1.517037	0.345946	6.039885	0.614450
58.000000	0	0.125392	0.004829	0.856292	0.062182
58.000000	1	1.453681	0.229894	2.485024	0.308021
58.250000	0	0.126293	0.011213	1.335142	0.079754
58.250000	1	1.397683	0.313618	2.694243	0.284950
58.500000	0	0.126770	0.017044	0.639202	0.057971
58.500000	1	1.430937	0.316397	2.482610	0.331180
58.750000	0	0.127031	0.005734	0.830947	0.067063
58.750000	1	1.479601	0.585366	2.805146	0.380414
59.000000	0	0.122938	0.016361	0.605391	0.051590
59.000000	1	1.440362	0.225152	2.388668	0.278926
59.250000	0	0.122730	0.007505	0.638177	0.055902
59.250000	1	1.375278	0.429582	2.743496	0.319320
59.500000	0	0.124468	0.016291	1.019024	0.065808
59.500000	1	1.477219	0.681130	2.779847	0.345073
59.750000	0	0.127589	0.017022	0.708368	0.057918
59.750000	1	1.466942	0.624221	3.682976	0.406547
60.000000	0	0.121865	0.007851	0.969921	0.058245
60.000000	1	1.452522	0.477522	2.438904	0.267757
60.250000	0	0.122281	0.011414	0.764238	0.052155
60.250000	1	1.459593	0.954279	2.769097	0.253952
60.500000	0	0.123033	0.008427	0.771636	0.054567
60.500000	1	1.475274	0.875758	2.616874	0.271952
60.750000	0	0.124866	0.010707	1.110923	0.066360
60.750000	1	1.472549	0.636717	3.318115	0.309748
61.000000	0	0.119284	0.013560	0.451406	0.040796
61.000000	1	1.430042	0.768252	2.583455	0.210464
61.250000	0	0.119857	0.005852	0.398449	0.040506
61.250000	1	1.424681	0.760377	2.356788	0.242182
61.500000	0	0.122295	0.006723	0.618729	0.051219
61.500000	1	1.402014	0.837655	2.131723	0.209621
61.750000	0	0.120588	0.009874	0.590000	0.049361
61.750000	1	1.438847	0.601818	2.634276	0.311817
62.000000	0	0.126776	0.003337	1.313034	0.077450
62.000000	1	1.419317	0.210593	2.664432	0.370609
62.250000	0	0.126339	0.025472	1.513194	0.073494
62.250000	1	1.416993	0.203111	2.649134	0.323480
62.500000	0	0.122440	0.006578	0.721650	0.055499
62.500000	1	1.458073	0.293369	3.406780	0.378123
62.750000	0	0.121854	0.012568	0.551898	0.050336
62.750000	1	1.411929	0.438839	2.690922	0.330634
63.000000	0	0.125236	0.002957	0.743352	0.053705
63.000000	1	1.513427	0.547267	6.180255	0.642777
63.250000	0	0.123600	0.005267	0.643752	0.056733
63.250000	1	1.459262	0.455807	2.699701	0.325749
63.500000	0	0.123508	0.027746	0.474784	0.047840
63.500000	1	1.447657	0.829533	3.370740	0.297155
63.750000	0	0.119021	0.023921	0.750936	0.044294
63.750000	1	1.407769	0.548695	2.280797	0.284385
64.000000	0	0.124559	0.006886	0.702501	0.063434
64.000000	1	1.491236	0.874191	2.518958	0.257473
64.250000	0	0.122340	0.008904	1.112306	0.053545
64.250000	1	1.448549	0.417043	2.586058	0.228540
64.500000	0	0.120368	0.015068	0.539070	0.045958
64.500000	1	1.392044	0.625446	2.040346	0.236298
64.750000	0	0.120819	0.006613	0.991027	0.062281
64.750000	1	1.439792	0.486550	2.676575	0.294349
65.000000	0	0.119754	0.001163	0.397778	0.042140
65.000000	1	1.449570	0.760934	2.311085	0.256279
65.250000	0	0.124233	0.005375	0.617211	0.053806
65.250000	1	1.438174	0.427025	2.042661	0.252730
65.500000	0	0.120965	0.009393	0.649556	0.048873
65.500000	1	1.428809	0.209250	2.473333	0.301149
65.750000	0	0.123048	0.009765	1.111915	0.059365
65.750000	1	1.392750	0.479732	2.644608	0.285709
66.000000	0	0.122790	0.000423	0.676680	0.047809
66.000000	1	1.387453	0.421922	2.169924	0.262781
66.250000	0	0.124364	0.015618	1.078952	0.060835
66.250000	1	1.448615	0.492796	3.459444	0.388862
66.500000	0	0.124233	0.003777	0.521057	0.051330
66.500000	1	1.404627	0.397768	2.229317	0.262816
66.750000	0	0.126713	0.004161	0.747684	0.063974
66.750000	1	1.421837	0.465136	3.384540	0.328667
67.000000	0	0.123940	0.009376	1.128638	0.062864
67.000000	1	1.408027	0.382083	2.724776	0.302034
67.250000	0	0.124841	0.003389	0.941356	0.058788
67.250000	1	1.384054	0.376365	2.611741	0.304420
67.500000	0	0.122954	0.015894	0.843163	0.053173
67.500000	1	1.423565	0.595618	2.240384	0.291361
67.750000	0	0.118895	0.008651	0.984189	0.052870
67.750000	1	1.388186	0.412254	2.523177	0.287175
68.000000	0	0.126151	0.009902	1.998701	0.089271
68.000000	1	1.503511	0.745276	2.933402	0.350471
68.250000	0	0.121257	0.007919	0.759344	0.048856
68.250000	1	1.452362	0.496782	2.509586	0.259725
68.500000	0	0.125000	0.011686	0.744595	0.056597
68.500000	1	1.403750	0.579884	2.481782	0.269149
68.750000	0	0.123346	0.008007	0.881043	0.059181
68.750000	1	1.475419	0.839217	2.932169	0.311039
69.000000	0	0.122808	0.001387	0.985645	0.061067
69.000000	1	1.424705	0.275689	2.774352	0.330484
69.250000	0	0.124662	0.005857	0.949793	0.063101
69.250000	1	1.373264	0.373683	2.575697	0.317579
69.500000	0	0.128490	0.007406	0.845850	0.065812
69.500000	1	1.469057	0.429726	3.063565	0.365755
69.750000	0	0.123458	0.014660	1.215468	0.062713
69.750000	1	1.452452	0.850701	2.695956	0.305563
70.000000	0	0.126912	0.008409	0.840925	0.069596
70.000000	1	1.404193	0.531086	2.315317	0.289109
70.250000	0	0.118611	0.014143	0.454515	0.045383
70.250000	1	1.449242	0.714359	2.571896	0.300614
70.500000	0	0.123565	0.011319	1.046837	0.060377
70.500000	1	1.448949	0.751475	2.342845	0.279500
70.750000	0	0.122910	0.005760	0.630348	0.053201
70.750000	1	1.399233	0.392479	2.650613	0.263635
71.000000	0	0.130486	0.005549	0.911034	0.068949
71.000000	1	1.503190	0.579474	2.919374	0.372033
71.250000	0	0.126891	0.016385	0.785005	0.073195
71.250000	1	1.425076	0.662227	3.056483	0.311233
71.500000	0	0.121764	0.007714	0.907174	0.053556
71.500000	1	1.437714	0.165215	2.651052	0.301570
71.750000	0	0.126892	0.015623	1.588107	0.084025
71.750000	1	1.394755	0.615533	2.580389	0.281110
72.000000	0	0.127934	0.012715	1.080728	0.066775
72.000000	1	1.447248	0.698316	2.752384	0.306331
72.250000	0	0.124292	0.021142	1.114547	0.065110
72.250000	1	1.424708	0.524605	2.522040	0.242251
72.500000	0	0.120772	0.003828	0.807034	0.058246
72.500000	1	1.443610	0.873066	2.355774	0.234101
72.750000	0	0.122831	0.011296	0.711826	0.054827
72.750000	1	1.426832	0.828037	2.407076	0.245918
73.000000	0	0.129230	0.012383	1.205303	0.085189
73.000000	1	1.453979	0.621264	2.678335	0.329229
73.250000	0	0.125281	0.006552	1.109038	0.071409
73.250000	1	1.418219	0.285386	2.542472	0.321334
73.500000	0	0.122980	0.011796	0.679515	0.054751
73.500000	1	1.439414	0.262715	2.712105	0.286584
73.750000	0	0.121741	0.030828	0.657473	0.049170
73.750000	1	1.395538	0.337366	2.210433	0.275720
74.000000	0	0.125504	0.007481	0.739348	0.056541
74.000000	1	1.477684	0.645520	2.671092	0.288722
74.250000	0	0.125818	0.009710	1.136605	0.075242
74.250000	1	1.428569	0.469789	2.473347	0.280357
74.500000	0	0.124328	0.017432	0.684401	0.050182
74.500000	1	1.474597	0.700587	2.971502	0.319494
74.750000	0	0.122463	0.021211	0.851860	0.051031
74.750000	1	1.404767	0.556524	2.229293	0.237142
75.000000	0	0.123855	0.005750	0.610906	0.049205
75.000000	1	1.427896	0.428633	2.333911	0.298261
75.250000	0	0.126099	0.008967	0.653556	0.061990
75.250000	1	1.428530	0.267966	3.106020	0.372642
75.500000	0	0.121826	0.007895	0.664724	0.061075
75.500000	1	1.437200	0.793742	2.333008	0.259504
75.750000	0	0.125299	0.015730	0.728047	0.064428
75.750000	1	1.412450	0.279769	2.485953	0.316167
76.000000	0	0.121572	0.008365	0.511416	0.047771
76.000000	1	1.453521	0.434634	2.259232	0.289899
76.250000	0	0.121877	0.016161	0.649927	0.052023
76.250000	1	1.463574	0.890030	2.186279	0.225261
76.500000	0	0.119281	0.005015	0.776370	0.047518
76.500000	1	1.456266	0.264402	2.645502	0.311103
76.750000	0	0.117965	0.008810	0.532225	0.040316
76.750000	1	1.450464	0.513873	2.675603	0.299683
77.000000	0	0.119040	0.012034	0.533256	0.039854
77.000000	1	1.407321	0.620056	1.991742	0.194401
77.250000	0	0.123151	0.025025	1.571726	0.074744
77.250000	1	1.422454	0.284455	2.901808	0.336099
77.500000	0	0.123682	0.013709	1.469988	0.072806
77.500000	1	1.397631	0.234297	2.201477	0.261533
77.750000	0	0.122557	0.010321	0.768204	0.057430
77.750000	1	1.450095	0.529307	2.908637	0.326841
78.000000	0	0.122551	0.024553	1.034333	0.061980
78.000000	1	1.447079	0.279839	2.389769	0.308423
78.250000	0	0.121947	0.016674	0.796501	0.053060
78.250000	1	1.402379	0.371384	3.248648	0.390861
78.500000	0	0.121753	0.013597	0.566843	0.050152
78.500000	1	1.421889	0.469208	2.319198	0.298515
78.750000	0	0.125095	0.007228	1.301581	0.074083
78.750000	1	1.477162	0.794663	2.736486	0.310989
79.000000	0	0.122957	0.016192	1.011181	0.060378
79.000000	1	1.425887	0.567165	2.563981	0.253857
79.250000	0	0.124037	0.010489	0.862967	0.057543
79.250000	1	1.448378	0.506687	2.589724	0.287821
79.500000	0	0.128190	0.017445	1.759408	0.092309
79.500000	1	1.474113	0.358888	2.614350	0.306643
79.750000	0	0.122312	0.020718	0.489722	0.045794
79.750000	1	1.435807	0.868605	2.849101	0.279731
80.000000	0	0.125357	0.007164	1.184689	0.064615
80.000000	1	1.449166	0.702192	2.726573	0.329615
80.250000	0	0.126347	0.007267	0.936130	0.067651
80.250000	1	1.427887	0.730753	2.923613	0.289132
80.500000	0	0.124734	0.004147	0.848017	0.063125
80.500000	1	1.400361	0.378184	2.324314	0.290806
80.750000	0	0.124553	0.004676	0.989945	0.067464
80.750000	1	1.420620	0.695045	2.499835	0.312598
81.000000	0	0.124622	0.018993	0.924211	0.066820
81.000000	1	1.432556	0.365117	2.824986	0.324200
81.250000	0	0.123546	0.013938	0.846936	0.052138
81.250000	1	1.453658	0.464492	2.834235	0.341525
81.500000	0	0.122879	0.017406	0.447923	0.044510
81.500000	1	1.444054	0.666898	2.726325	0.263848
81.750000	0	0.121622	0.010874	0.889736	0.064241
81.750000	1	1.487247	0.535270	3.108828	0.408277
82.000000	0	0.121864	0.016173	0.908396	0.060744
82.000000	1	1.409213	0.657260	2.520756	0.268808
82.250000	0	0.125221	0.009461	1.441383	0.069778
82.250000	1	1.433111	0.261626	2.739262	0.340483
82.500000	0	0.122648	0.010799	0.787131	0.056249
82.500000	1	1.479505	0.448892	2.552632	0.316618
82.750000	0	0.121230	0.003605	0.807496	0.056202
82.750000	1	1.425731	0.741967	2.581167	0.278888
83.000000	0	0.124188	0.007076	0.714999	0.060589
83.000000	1	1.467745	0.525447	5.626256	0.504953
83.250000	0	0.125265	0.004157	0.878350	0.071335
83.250000	1	1.347429	0.566426	2.163938	0.284803
83.500000	0	0.126315	0.006254	0.671282	0.057968
83.500000	1	1.441692	0.569275	2.332680	0.253019
83.750000	0	0.126505	0.002811	2.711549	0.112484
83.750000	1	1.511561	0.852071	3.399558	0.348653
84.000000	0	0.123889	0.010522	0.645760	0.053902
84.000000	1	1.449192	0.751300	2.416503	0.251859
84.250000	0	0.120696	0.024381	0.420580	0.041243
84.250000	1	1.440360	0.763604	3.058933	0.328747
84.500000	0	0.127078	0.011219	0.948511	0.069011
84.500000	1	1.448679	0.137890	2.592191	0.370195
84.750000	0	0.120687	0.009617	0.768337	0.054770
84.750000	1	1.427861	0.315854	2.251291	0.293024
85.000000	0	0.127963	0.003797	0.853850	0.073502
85.000000	1	1.434615	0.217855	2.632722	0.307271
85.250000	0	0.125537	0.011545	0.656358	0.052333
85.250000	1	1.435711	0.916252	2.455844	0.263953
85.500000	0	0.125396	0.015271	1.345943	0.071186
85.500000	1	1.424242	0.014811	2.931794	0.304899
85.750000	0	0.124158	0.004257	1.338300	0.081409
85.750000	1	1.405422	0.242214	2.668645	0.321116
86.000000	0	0.125598	0.025502	1.191543	0.078806
86.000000	1	1.458331	0.334776	2.331960	0.288838
86.250000	0	0.124975	0.012253	1.023855	0.066797
86.250000	1	1.437361	0.824766	2.905489	0.280412
86.500000	0	0.123345	0.010522	0.722821	0.053748
86.500000	1	1.414262	0.300123	2.583447	0.291988
86.750000	0	0.125932	0.013480	1.074662	0.062283
86.750000	1	1.444528	0.767592	2.439462	0.232845
87.000000	0	0.120083	0.003172	0.730679	0.050807
87.000000	1	1.408152	0.172202	2.732874	0.372861
87.250000	0	0.125412	0.010288	0.825020	0.061436
87.250000	1	1.510801	0.630892	3.531835	0.355918
87.500000	0	0.120178	0.016113	0.612320	0.047554
87.500000	1	1.460586	0.626733	2.610682	0.275650
87.750000	0	0.119420	0.025552	0.317115	0.039569
87.750000	1	1.406503	0.363493	2.639505	0.259160
88.000000	0	0.120407	0.009278	0.610614	0.048180
88.000000	1	1.411045	0.477973	2.813110	0.293755
88.250000	0	0.128719	0.009170	1.599212	0.093879
88.250000	1	1.389530	0.137242	2.226289	0.284199
88.500000	0	0.124953	0.017700	0.970965	0.066185
88.500000	1	1.416670	0.309452	2.874591	0.341328
88.750000	0	0.119983	0.014848	0.773657	0.051961
88.750000	1	1.402629	0.262336	2.341425	0.296972
89.000000	0	0.120359	0.006026	0.548469	0.044057
89.000000	1	1.459184	0.630638	2.430493	0.288796
89.250000	0	0.123483	0.009006	0.982949	0.058357
89.250000	1	1.450581	0.358078	3.050821	0.316735
89.500000	0	0.120103	0.002608	0.567131	0.047967
89.500000	1	1.435299	0.521297	2.375052	0.245716
89.750000	0	0.120101	0.002962	0.558131	0.043441
89.750000	1	1.431324	0.324850	2.878302	0.292404
90.000000	0	0.123579	0.009782	1.034636	0.062377
90.000000	1	1.395267	0.200204	2.359402	0.288684
90.250000	0	0.125094	0.019643	0.833986	0.055491
90.250000	1	1.459688	0.930514	2.459820	0.288963
90.500000	0	0.122376	0.013854	0.991302	0.057024
90.500000	1	1.449151	0.503783	2.179729	0.267864
90.750000	0	0.122132	0.004481	0.628516	0.052886
90.750000	1	1.433354	0.583370	3.149507	0.317086
91.000000	0	0.124794	0.009499	1.125871	0.071159
91.000000	1	1.401645	0.478128	1.908362	0.215175
91.250000	0	0.123792	0.006586	0.902812	0.057988
91.250000	1	1.437860	0.670697	2.468114	0.271578
91.500000	0	0.122494	0.014539	0.784097	0.058648
91.500000	1	1.398933	0.751590	2.339642	0.224194
91.750000	0	0.122524	0.008090	0.724340	0.055186
91.750000	1	1.438114	0.637429	2.432391	0.250576
92.000000	0	0.121595	0.009696	0.469579	0.047262
92.000000	1	1.404916	0.769526	2.563670	0.275258
92.250000	0	0.124802	0.015356	0.853676	0.063360
92.250000	1	1.419693	0.516843	2.233176	0.279876
92.500000	0	0.123452	0.002069	1.207982	0.064838
92.500000	1	1.451547	0.742040	2.800761	0.344945
92.750000	0	0.122835	0.013072	0.709814	0.056712
92.750000	1	1.425549	0.664330	3.483440	0.338944
93.000000	0	0.123685	0.014549	0.853955	0.059294
93.000000	1	1.408889	0.371591	2.210840	0.239952
93.250000	0	0.126738	0.015538	0.813160	0.064799
93.250000	1	1.423075	0.221277	2.513897	0.302418
93.500000	0	0.124565	0.026166	0.612575	0.053574
93.500000	1	1.460617	0.801991	2.351131	0.257189
93.750000	0	0.120853	0.014669	1.030245	0.053710
93.750000	1	1.424201	0.701338	2.029646	0.229546
94.000000	0	0.125864	0.007327	1.747069	0.085616
94.000000	1	1.462400	0.248810	3.163699	0.396346
94.250000	0	0.123850	0.024406	0.982860	0.062830
94.250000	1	1.414671	0.139001	2.518619	0.329244
94.500000	0	0.120002	0.007714	0.874537	0.051862
94.500000	1	1.386304	0.551170	2.614256	0.327066
94.750000	0	0.123875	0.014304	0.673993	0.057986
94.750000	1	1.464778	0.750884	2.259944	0.273016
95.000000	0	0.122432	0.005664	0.577755	0.049303
95.000000	1	1.434150	0.803671	3.248305	0.275184
95.250000	0	0.123921	0.012190	1.045466	0.060697
95.250000	1	1.488377	0.632412	3.946622	0.395261
95.500000	0	0.121576	0.007735	0.802103	0.058481
95.500000	1	1.405392	0.786044	2.410901	0.238920
95.750000	0	0.123620	0.007023	1.184385	0.065200
95.750000	1	1.437700	0.648044	3.571359	0.357949
96.000000	0	0.122663	0.006155	0.782241	0.057987
96.000000	1	1.391454	0.199839	2.359685	0.287447
96.250000	0	0.123645	0.006235	0.694852	0.055700
96.250000	1	1.437740	0.382397	2.812425	0.364790
96.500000	0	0.126667	0.006894	0.939618	0.065572
96.500000	1	1.447968	0.832170	2.292905	0.251567
96.750000	0	0.126844	0.014172	1.207962	0.076536
96.750000	1	1.437861	0.687867	2.633145	0.276982
97.000000	0	0.122133	0.006931	0.552248	0.045742
97.000000	1	1.511141	0.723272	3.056073	0.336265
97.250000	0	0.126272	0.031109	0.821131	0.057417
97.250000	1	1.398205	0.186201	2.889117	0.360470
97.500000	0	0.120446	0.016774	0.494721	0.043782
97.500000	1	1.460794	0.103742	2.797534	0.337519
97.750000	0	0.119835	0.012530	0.596967	0.044400
97.750000	1	1.436642	0.456818	3.419005	0.297478
98.000000	0	0.122219	0.006085	1.167969	0.066713
98.000000	1	1.415015	0.310067	2.407620	0.294598
98.250000	0	0.122221	0.014057	0.764239	0.059128
98.250000	1	1.444320	0.718999	2.959644	0.316095
98.500000	0	0.118349	0.010134	0.331907	0.039433
98.500000	1	1.407413	0.202603	2.382581	0.265283
98.750000	0	0.122146	0.006001	0.815368	0.055159
98.750000	1	1.457996	0.962456	2.543118	0.257596
99.000000	0	0.122403	0.021822	0.472157	0.045017
99.000000	1	1.422190	0.635188	2.085170	0.218082
99.250000	0	0.118939	0.008902	0.298106	0.039918
99.250000	1	1.402398	0.398315	2.886043	0.283085
99.500000	0	0.121067	0.003148	0.877831	0.056430
99.500000	1	1.437424	0.486707	3.888973	0.354457
99.750000	0	0.125743	0.019392	1.098937	0.066895
99.750000	1	1.452131	0.404322	3.188379	0.373806
100.000000	0	0.123970	0.022336	0.824345	0.051076
100.000000	1	1.415151	0.206011	2.272191	0.263414
100.250000	0	0.123694	0.003433	0.730253	0.057504
100.250000	1	1.441510	0.319816	2.526168	0.285738
100.500000	0	0.122011	0.018665	0.499553	0.047190
100.500000	1	1.455772	0.447862	2.455784	0.224440
100.750000	0	0.124053	0.006449	0.853102	0.060130
100.750000	1	1.410762	0.146104	2.246630	0.314591
101.000000	0	0.121733	0.014376	0.735232	0.056659
101.000000	1	1.504488	0.227758	2.701669	0.353433
101.250000	0	0.125899	0.025583	1.096204	0.069934
101.250000	1	1.415447	0.544029	2.851849	0.322462
101.500000	0	0.121506	0.012242	0.984701	0.068578
101.500000	1	1.491363	0.361961	2.951978	0.398267
101.750000	0	0.125055	0.005669	0.723450	0.058147
101.750000	1	1.432193	0.341513	2.401354	0.306616
102.000000	0	0.123939	0.021275	0.394781	0.045326
102.000000	1	1.403797	0.452837	3.021935	0.329489
102.250000	0	0.121559	0.015482	0.573671	0.048684
102.250000	1	1.456018	0.179193	3.702128	0.392813
102.500000	0	0.124353	0.010703	1.169850	0.063933
102.500000	1	1.433537	0.493320	2.877422	0.303105
102.750000	0	0.121940	0.017645	0.651277	0.050916
102.750000	1	1.387893	0.309291	2.864094	0.349720
103.000000	0	0.128209	0.005793	1.235185	0.080619
103.000000	1	1.417207	0.316943	2.691125	0.366448
103.250000	0	0.128561	0.016870	0.819728	0.069013
103.250000	1	1.376213	0.385423	2.407151	0.305731
103.500000	0	0.124447	0.014263	0.758536	0.059402
103.500000	1	1.445728	0.517439	3.704252	0.374149
103.750000	0	0.128534	0.009406	0.939908	0.070561
103.750000	1	1.432473	0.911162	2.264439	0.237155
104.000000	0	0.124310	0.010101	0.825145	0.058777
104.000000	1	1.435321	0.709258	2.352834	0.304950
104.250000	0	0.119045	0.014206	1.448319	0.065783
104.250000	1	1.420920	0.272733	2.959709	0.309006
104.500000	0	0.121894	0.017129	0.680081	0.057541
104.500000	1	1.442276	0.951469	2.654830	0.277104
104.750000	0	0.124969	0.008201	0.998245	0.059534
104.750000	1	1.435418	0.736157	3.199301	0.315361
105.000000	0	0.123792	0.012507	1.032644	0.063019
105.000000	1	1.474759	0.726378	2.473535	0.294358
105.250000	0	0.123814	0.010832	0.826210	0.055817
105.250000	1	1.448460	0.785554	2.223448	0.246568
105.500000	0	0.125748	0.012298	0.905353	0.061281
105.500000	1	1.450674	0.581591	2.680080	0.295985
105.750000	0	0.125902	0.022545	0.930942	0.062422
105.750000	1	1.501283	0.761527	6.743869	0.584012
106.000000	0	0.128570	0.012505	1.186072	0.069469
106.000000	1	1.433317	0.743495	2.311317	0.297416
106.250000	0	0.124921	0.004705	0.831805	0.067982
106.250000	1	1.394044	0.194130	2.675714	0.338174
106.500000	0	0.122961	0.018286	0.484539	0.047337
106.500000	1	1.460588	0.670049	2.707545	0.306933
106.750000	0	0.122508	0.017596	0.779518	0.054310
106.750000	1	1.430895	0.726587	2.145169	0.248276
107.000000	0	0.129630	0.021973	0.797777	0.066238
107.000000	1	1.444041	0.597879	2.551078	0.299853
107.250000	0	0.123056	0.003575	0.894463	0.063704
107.250000	1	1.436126	0.806050	3.738607	0.363049
107.500000	0	0.123961	0.011363	0.609623	0.049737
107.500000	1	1.446696	0.308142	3.058762	0.344737
107.750000	0	0.129149	0.015056	1.078618	0.077380
107.750000	1	1.503548	0.659941	3.616026	0.366792
108.000000	0	0.124374	0.028397	0.874302	0.056385
108.000000	1	1.428476	0.465751	2.830283	0.288195
108.250000	0	0.122230	0.024238	0.870460	0.055269
108.250000	1	1.451967	0.852466	2.437758	0.279049
108.500000	0	0.121335	0.009704	0.979925	0.051643
108.500000	1	1.424939	0.874761	2.312517	0.242997
108.750000	0	0.125500	0.018517	0.742562	0.054331
108.750000	1	1.422678	0.851815	2.439000	0.226773
109.000000	0	0.121706	0.012456	0.923945	0.054973
109.000000	1	1.441828	0.558228	2.435585	0.290014
109.250000	0	0.119362	0.006114	0.745948	0.050076
109.250000	1	1.414702	0.806960	2.062065	0.197727
109.500000	0	0.120819	0.028689	0.740200	0.046346
109.500000	1	1.402393	0.528551	2.689412	0.287080
109.750000	0	0.125413	0.008728	1.053326	0.069337
109.750000	1	1.447765	0.723960	2.651587	0.267719
110.000000	0	0.125407	0.012962	0.709509	0.056890
110.000000	1	1.483611	0.454123	2.477383	0.337850
110.250000	0	0.121605	0.015545	0.580187	0.050752
110.250000	1	1.430899	0.343204	2.009498	0.225720
110.500000	0	0.120386	0.005524	0.732685	0.054900
110.500000	1	1.429417	0.437730	2.488465	0.303538
110.750000	0	0.121158	0.010141	0.911491	0.054674
110.750000	1	1.401429	0.357889	2.523625	0.282314
111.000000	0	0.125018	0.011935	0.616239	0.056380
111.000000	1	1.426591	0.668976	2.645217	0.298861
111.250000	0	0.121390	0.010073	0.750768	0.053623
111.250000	1	1.412808	0.628052	2.567297	0.270916
111.500000	0	0.123543	0.017083	0.701769	0.058563
111.500000	1	1.413610	0.736694	2.901018	0.292187
111.750000	0	0.122790	0.018333	1.068374	0.054815
111.750000	1	1.392285	0.708455	2.606806	0.280079
112.000000	0	0.125155	0.024354	0.685354	0.057199
112.000000	1	1.451859	0.231163	2.836716	0.333130
112.250000	0	0.122779	0.003486	1.098611	0.063784
112.250000	1	1.449985	0.711870	3.150438	0.307226
112.500000	0	0.122788	0.007784	1.255640	0.068839
112.500000	1	1.432132	0.545571	3.103405	0.304145
112.750000	0	0.121033	0.013831	0.810102	0.054332
112.750000	1	1.443383	0.707640	2.617107	0.255640
113.000000	0	0.122545	0.003249	0.631367	0.052101
113.000000	1	1.477341	0.879236	2.826971	0.281866
113.250000	0	0.123034	0.016742	0.717794	0.057557
113.250000	1	1.452366	0.723858	2.939406	0.332367
113.500000	0	0.124500	0.004235	0.754261	0.056559
113.500000	1	1.433805	0.234274	2.707533	0.328574
113.750000	0	0.121798	0.018238	0.961823	0.051530
113.750000	1	1.415107	0.314770	2.485635	0.273912
114.000000	0	0.122227	0.010081	0.776797	0.062768
114.000000	1	1.430162	0.348851	2.834243	0.317137
114.250000	0	0.121357	0.019444	0.791344	0.054851
114.250000	1	1.400540	0.666784	2.183365	0.219696
114.500000	0	0.123545	0.022954	0.563332	0.052335
114.500000	1	1.363916	0.447835	2.926607	0.348982
114.750000	0	0.124674	0.005390	0.912636	0.063954
114.750000	1	1.478076	0.483494	2.691079	0.301247
115.000000	0	0.126897	0.014858	1.375573	0.077273
115.000000	1	1.452741	0.661704	2.732336	0.284193
115.250000	0	0.120905	0.021963	0.362849	0.039743
115.250000	1	1.391294	0.264019	2.358601	0.283415
115.500000	0	0.120159	0.018852	0.373286	0.040426
115.500000	1	1.455731	0.558940	3.012779	0.324502
115.750000	0	0.125252	0.011606	1.544705	0.087334
115.750000	1	1.464713	0.321087	4.385932	0.430375
116.000000	0	0.122236	0.006800	1.619802	0.076281
116.000000	1	1.465350	0.702508	3.587005	0.334792
116.250000	0	0.122670	0.009841	0.960907	0.068188
116.250000	1	1.442913	0.413736	3.413796	0.400686
116.500000	0	0.126702	0.012468	0.737696	0.061932
116.500000	1	1.429936	0.531344	2.231986	0.290638
116.750000	0	0.123132	0.012379	1.009221	0.063389
116.750000	1	1.501527	0.260328	6.280232	0.635614
117.000000	0	0.123086	0.011295	0.658018	0.052767
117.000000	1	1.413271	0.804588	2.151812	0.249110
117.250000	0	0.129546	0.010801	2.359453	0.100130
117.250000	1	1.409885	0.834350	2.461328	0.259495
117.500000	0	0.126196	0.017855	0.731173	0.060829
117.500000	1	1.447711	0.496914	2.381759	0.326311
117.750000	0	0.129968	0.008480	1.210504	0.078127
117.750000	1	1.486952	0.648652	3.543753	0.353638
118.000000	0	0.123886	0.017913	0.812732	0.067634
118.000000	1	1.456424	0.759731	2.514775	0.293972
118.250000	0	0.119418	0.011323	0.671794	0.047985
118.250000	1	1.427301	0.252837	2.297201	0.265534
118.500000	0	0.121837	0.010884	0.589372	0.049076
118.500000	1	1.399930	0.294923	2.432186	0.289296
118.750000	0	0.123932	0.013839	1.014113	0.067385
118.750000	1	1.614746	0.465372	8.756829	0.959341
119.000000	0	0.126921	0.019619	1.173664	0.080344
119.000000	1	1.373446	0.719631	2.520538	0.259516
119.250000	0	0.122937	0.010486	0.743141	0.065267
119.250000	1	1.464170	0.690890	2.856098	0.321738
119.500000	0	0.124309	0.020516	0.720950	0.057528
119.500000	1	1.447373	0.395177	3.065683	0.312957
119.750000	0	0.119604	0.015794	0.845540	0.049970
119.750000	1	1.439070	0.990553	2.286239	0.220020
120.000000	0	0.120214	0.009639	1.036883	0.053340
120.000000	1	1.445063	0.925010	2.857420	0.261530
120.250000	0	0.121905	0.017977	0.618146	0.051799
120.250000	1	1.455231	0.860683	2.437867	0.233840
120.500000	0	0.120199	0.013884	0.450586	0.041672
120.500000	1	1.435859	0.805667	2.207221	0.235176
120.750000	0	0.121979	0.025894	0.712870	0.050261
120.750000	1	1.407692	0.892090	2.010669	0.204254
121.000000	0	0.125174	0.021272	0.940625	0.054931
121.000000	1	1.376234	0.375372	1.968999	0.234424
121.250000	0	0.120834	0.002836	0.638976	0.053930
121.250000	1	1.440665	0.764673	2.540639	0.286028
121.500000	0	0.123255	0.018244	0.850199	0.057561
121.500000	1	1.392872	0.674249	2.219274	0.233604
121.750000	0	0.126522	0.019552	1.206482	0.071094
121.750000	1	1.456267	0.335331	2.749004	0.335082
122.000000	0	0.121838	0.009299	1.511806	0.077568
122.000000	1	1.480695	0.695452	2.999478	0.361880
122.250000	0	0.119594	0.011289	0.550259	0.048591
122.250000	1	1.419105	0.216367	2.927669	0.370598
122.500000	0	0.122093	0.022676	0.967927	0.062557
122.500000	1	1.456013	0.695354	2.688072	0.312081
122.750000	0	0.123921	0.019655	0.866025	0.057861
122.750000	1	1.411988	0.084668	3.235435	0.348027
123.000000	0	0.124979	0.007904	0.899776	0.061178
123.000000	1	1.423959	0.392868	5.304581	0.513422
123.250000	0	0.128755	0.023844	1.373608	0.080324
123.250000	1	1.429318	0.235861	2.420436	0.332296
123.500000	0	0.125309	0.010266	1.082804	0.067930
123.500000	1	1.415075	0.685606	2.874756	0.322626
123.750000	0	0.124750	0.009239	0.858287	0.064856
123.750000	1	1.450797	0.573072	3.046373	0.371410
124.000000	0	0.126061	0.007810	1.039576	0.063386
124.000000	1	1.460033	0.583282	2.528605	0.285787
124.250000	0	0.120598	0.019340	0.824248	0.049776
124.250000	1	1.478426	0.726698	2.909731	0.351606
124.500000	0	0.123104	0.011026	0.596203	0.050167
124.500000	1	1.400271	0.359716	2.140105	0.277332
124.750000	0	0.125844	0.014766	1.639860	0.081490
124.750000	1	1.463837	0.575544	2.948467	0.325921
125.000000	0	0.123421	0.004426	0.611516	0.055474
125.000000	1	1.440554	0.808896	2.297309	0.228812
125.250000	0	0.121286	0.014541	0.614117	0.048491
125.250000	1	1.456391	0.473916	3.515806	0.367359
125.500000	0	0.120838	0.006864	0.723187	0.049213
125.500000	1	1.458672	0.568017	2.839278	0.310730
125.750000	0	0.120135	0.006483	0.554689	0.046505
125.750000	1	1.461521	1.004146	2.282115	0.207503
126.000000	0	0.123663	0.022153	0.731717	0.052362
126.000000	1	1.462543	0.771677	2.666389	0.298264
126.250000	0	0.121757	0.014135	0.719116	0.053367
126.250000	1	1.443422	0.833314	3.002893	0.287483
126.500000	0	0.122911	0.006565	0.592761	0.051849
126.500000	1	1.409179	0.584093	2.295058	0.267150
126.750000	0	0.124968	0.004776	0.869446	0.066908
126.750000	1	1.421106	0.472242	2.687231	0.301729
127.000000	0	0.122084	0.011204	0.895947	0.059050
127.000000	1	1.405845	0.584168	2.684634	0.262387
127.250000	0	0.120060	0.026229	0.552580	0.046506
127.250000	1	1.398595	0.194484	2.573731	0.333395
127.500000	0	0.122676	0.009278	0.928405	0.055819
127.500000	1	1.501776	0.868713	2.697524	0.337406
127.750000	0	0.121032	0.011230	0.897322	0.052413
127.750000	1	1.459038	0.584505	2.277546	0.289194
128.000000	0	0.125811	0.007269	1.148386	0.073694
128.000000	1	1.448356	0.389993	2.496448	0.301293
128.250000	0	0.120768	0.011173	0.920280	0.057410
128.250000	1	1.388529	0.258477	1.986300	0.249825
128.500000	0	0.122534	0.007218	0.850187	0.051020
128.500000	1	1.415599	0.814659	1.951915	0.225213
128.750000	0	0.121535	0.005567	1.187254	0.064112
128.750000	1	1.428306	0.355230	3.271669	0.330549
129.000000	0	0.120362	0.016598	0.417949	0.040772
129.000000	1	1.406597	0.200767	2.284277	0.247536
129.250000	0	0.122578	0.020350	0.547858	0.050603
129.250000	1	1.459137	0.698696	2.466499	0.307848
129.500000	0	0.122443	0.012207	1.023068	0.055323
129.500000	1	1.433518	0.573611	2.697053	0.320390
129.750000	0	0.120858	0.009625	0.474089	0.046312
129.750000	1	1.451325	0.589054	2.848554	0.285388
130.000000	0	0.123527	0.010237	0.585833	0.047078
130.000000	1	1.408624	0.545473	2.822731	0.293687
130.250000	0	0.123489	0.010934	0.947708	0.064849
130.250000	1	1.410762	0.392741	2.448505	0.259549
130.500000	0	0.122719	0.005927	0.824698	0.058950
130.500000	1	1.449561	0.358374	2.907415	0.317473
130.750000	0	0.121196	0.013368	0.634678	0.050029
130.750000	1	1.406915	0.809344	2.235006	0.222512
131.000000	0	0.126004	0.006129	1.029828	0.061096
131.000000	1	1.450764	0.627978	3.023200	0.353579
131.250000	0	0.123034	0.029045	0.662188	0.056887
131.250000	1	1.430873	0.505637	2.759456	0.283011
131.500000	0	0.122429	0.012498	0.720741	0.052050
131.500000	1	1.419196	0.254057	2.359633	0.292173
131.750000	0	0.122726	0.011632	0.785304	0.057070
131.750000	1	1.420750	0.338979	2.718648	0.366474
132.000000	0	0.124676	0.009895	1.534548	0.071786
132.000000	1	1.428445	0.545731	3.047933	0.284398
132.250000	0	0.124199	0.012424	0.687653	0.054578
132.250000	1	1.464997	0.755028	3.489159	0.363180
132.500000	0	0.123717	0.006216	0.928777	0.067101
132.500000	1	1.434437	0.220960	2.940524	0.325274
132.750000	0	0.124748	0.012093	1.252549	0.072582
132.750000	1	1.437789	0.156543	3.517758	0.372893
133.000000	0	0.123209	0.004298	1.099802	0.071063
133.000000	1	1.406204	0.069284	3.522468	0.371274
133.250000	0	0.122478	0.016639	0.828434	0.061718
133.250000	1	1.475760	0.635926	2.420607	0.294198
133.500000	0	0.121499	0.010837	0.913136	0.054455
133.500000	1	1.396706	0.143994	2.474353	0.268443
133.750000	0	0.120171	0.013314	0.953571	0.061484
133.750000	1	1.411164	0.379139	2.618133	0.315411
134.000000	0	0.120031	0.013941	0.691103	0.049084
134.000000	1	1.407963	0.888481	2.203441	0.236776
134.250000	0	0.123915	0.017903	1.167172	0.071532
134.250000	1	1.420393	0.440622	2.143826	0.292702
134.500000	0	0.120444	0.025383	0.846269	0.053244
134.500000	1	1.439586	0.902038	3.176451	0.254106
134.750000	0	0.121771	0.010418	0.600641	0.051000
134.750000	1	1.448533	0.314482	2.581398	0.282124
135.000000	0	0.124536	0.010959	0.997032	0.064804
135.000000	1	1.440432	0.500904	2.305951	0.246383
135.250000	0	0.121462	0.016025	0.802230	0.049945
135.250000	1	1.423973	0.169524	3.235780	0.364215
135.500000	0	0.124004	0.010700	1.373484	0.072357
135.500000	1	1.402527	0.738834	1.917892	0.220616
135.750000	0	0.125920	0.006723	1.556965	0.087336
135.750000	1	1.445716	0.967648	3.355770	0.276604
136.000000	0	0.121704	0.019894	0.588880	0.047394
136.000000	1	1.453114	0.233888	2.759885	0.328885
136.250000	0	0.121144	0.001681	0.645755	0.051676
136.250000	1	1.451710	0.341966	2.606814	0.321046
136.500000	0	0.122504	0.012449	0.996124	0.065276
136.500000	1	1.452903	0.871004	2.779132	0.250850
136.750000	0	0.118342	0.011833	0.302523	0.036694
136.750000	1	1.404838	0.262418	2.318870	0.256229
137.000000	0	0.121735	0.021656	0.765970	0.047142
137.000000	1	1.397833	0.680846	2.114603	0.230192
137.250000	0	0.126449	0.016031	0.738526	0.061856
137.250000	1	1.475637	0.757724	2.818004	0.325462
137.500000	0	0.121278	0.015198	1.168176	0.064368
137.500000	1	1.443575	0.370853	3.234999	0.348521
137.750000	0	0.121560	0.025833	0.671963	0.051050
137.750000	1	1.444344	0.576120	2.603154	0.284263
138.000000	0	0.120959	0.014980	1.028722	0.053456
138.000000	1	1.450854	0.559863	2.812257	0.305796
138.250000	0	0.124108	0.010962	0.530826	0.049010
138.250000	1	1.397604	0.314236	2.256374	0.280464
138.500000	0	0.121676	0.013340	0.845311	0.050031
138.500000	1	1.462698	0.417913	2.656976	0.312442
138.750000	0	0.119899	0.016918	0.643731	0.046217
138.750000	1	1.417691	0.382334	2.523166	0.265601
139.000000	0	0.122317	0.018684	0.797368	0.057460
139.000000	1	1.464901	0.411645	3.325284	0.337693
139.250000	0	0.121842	0.010740	0.720236	0.053215
139.250000	1	1.392957	0.360281	2.535768	0.258853
139.500000	0	0.122521	0.003446	0.986440	0.059255
139.500000	1	1.464187	0.449702	2.537014	0.344826
139.750000	0	0.122406	0.011859	1.083201	0.065686
139.750000	1	1.426790	0.420849	2.500721	0.292086
140.000000	0	0.125886	0.023504	0.855912	0.058088
140.000000	1	1.524053	0.666784	3.501796	0.401247
140.250000	0	0.123340	0.018893	0.841031	0.053642
140.250000	1	1.400563	0.526106	2.633721	0.323765
140.500000	0	0.126281	0.028246	0.976744	0.066099
140.500000	1	1.411588	0.406961	2.428735	0.247758
140.750000	0	0.123604	0.007021	0.653370	0.058976
140.750000	1	1.466911	0.328336	2.452843	0.311537
141.000000	0	0.119490	0.031136	0.403737	0.042655
141.000000	1	1.409092	0.394745	2.750905	0.335792
141.250000	0	0.123495	0.007875	1.176731	0.066598
141.250000	1	1.439682	0.252644	2.797286	0.351910
141.500000	0	0.122343	0.021811	0.535697	0.046160
141.500000	1	1.464393	0.456808	2.350235	0.305890
141.750000	0	0.124236	0.006484	1.400736	0.072962
141.750000	1	1.427670	0.737680	2.233623	0.242131
142.000000	0	0.121258	0.015242	0.979630	0.056812
142.000000	1	1.491658	0.813580	2.777068	0.293619
142.250000	0	0.121326	0.002220	0.784574	0.054518
142.250000	1	1.399745	0.711032	1.977517	0.208709
142.500000	0	0.117990	0.006145	0.442298	0.042961
142.500000	1	1.451070	0.672146	2.404023	0.269224
142.750000	0	0.123665	0.008286	1.007783	0.063536
142.750000	1	1.446221	0.496325	2.657195	0.296234
143.000000	0	0.122743	0.013769	0.805731	0.061348
143.000000	1	1.467647	0.371512	2.670875	0.334216
143.250000	0	0.122259	0.010220	1.054021	0.065698
143.250000	1	1.465993	0.749173	2.592831	0.294569
143.500000	0	0.123621	0.014259	0.731197	0.049887
143.500000	1	1.495501	0.528422	3.064259	0.330868
143.750000	0	0.121818	0.011678	0.621300	0.045294
143.750000	1	1.404745	0.735064	2.701646	0.256309
144.000000	0	0.120184	0.009413	0.970243	0.056983
144.000000	1	1.436756	0.881783	3.022953	0.316672
144.250000	0	0.121588	0.015802	0.653842	0.045843
144.250000	1	1.390280	0.350365	2.847090	0.304703
144.500000	0	0.120848	0.016883	0.871493	0.052194
144.500000	1	1.442435	0.125609	2.532116	0.349101
144.750000	0	0.120014	0.010722	0.944762	0.056158
144.750000	1	1.430131	0.433924	3.012026	0.342044
145.000000	0	0.122682	0.019363	0.947478	0.059593
145.000000	1	1.400421	0.513763	2.389469	0.256135
145.250000	0	0.124089	0.016199	1.422635	0.086869
145.250000	1	1.436976	0.492574	3.095798	0.342234
145.500000	0	0.123137	0.013425	0.676067	0.053040
145.500000	1	1.396222	0.201040	2.661061	0.276910
145.750000	0	0.123110	0.018584	0.782189	0.056330
145.750000	1	1.442576	0.709024	2.569269	0.308978
146.000000	0	0.123632	0.010391	0.852209	0.057812
146.000000	1	1.434934	0.785092	2.547649	0.278150
146.250000	0	0.123495	0.009008	0.630660	0.050995
146.250000	1	1.421387	0.325634	2.365298	0.269224
146.500000	0	0.121862	0.028010	0.741335	0.051149
146.500000	1	1.419985	0.801540	2.393216	0.224950
146.750000	0	0.123699	0.003051	0.576836	0.054767
146.750000	1	1.395259	0.204072	2.325300	0.264874
147.000000	0	0.119190	0.010167	0.578679	0.046583
147.000000	1	1.442952	0.977386	2.380356	0.232157
147.250000	0	0.124850	0.023157	0.770820	0.054114
147.250000	1	1.435089	0.533543	2.914665	0.272960
147.500000	0	0.121491	0.010760	0.733704	0.048339
147.500000	1	1.500577	0.867339	2.429240	0.301240
147.750000	0	0.119597	0.008109	0.392435	0.040026
147.750000	1	1.445139	0.269948	3.791006	0.319046
148.000000	0	0.122099	0.006006	0.517556	0.046435
148.000000	1	1.419781	0.359150	2.513051	0.302253
148.250000	0	0.122745	0.008429	1.258601	0.076143
148.250000	1	1.398912	0.366828	2.552470	0.245270
148.500000	0	0.120524	0.008834	0.393629	0.042423
148.500000	1	1.441036	0.495594	2.357365	0.269544
148.750000	0	0.120028	0.013204	0.563813	0.043484
148.750000	1	1.422363	0.421014	2.539388	0.230339
149.000000	0	0.119983	0.013350	1.115831	0.060801
149.000000	1	1.430584	0.782846	3.274147	0.270792
149.250000	0	0.120704	0.007106	0.473550	0.041998
149.250000	1	1.428318	0.339122	3.787448	0.350032
149.500000	0	0.120395	0.015533	1.004670	0.061224
149.500000	1	1.427428	0.562876	3.080927	0.356218
149.750000	0	0.118829	0.006730	0.466365	0.048045
149.750000	1	1.383880	0.326251	2.230864	0.244373
150.000000	0	0.122255	0.004690	0.454702	0.044747
150.000000	1	1.407050	0.707709	3.026596	0.279618
150.250000	0	0.123243	0.019113	0.747227	0.055353
150.250000	1	1.429397	0.586183	2.648490	0.283469
150.500000	0	0.122225	0.008761	0.534064	0.049418
150.500000	1	1.418801	0.687850	2.137897	0.231597
150.750000	0	0.124212	0.003653	0.744828	0.055412
150.750000	1	1.437167	0.405818	2.009687	0.282586
151.000000	0	0.125449	0.005278	0.993465	0.073729
151.000000	1	1.423957	0.712798	2.373301	0.226370
151.250000	0	0.121988	0.012704	0.350369	0.043657
151.250000	1	1.464578	0.806082	2.779974	0.279098
151.500000	0	0.121063	0.022344	0.627477	0.046235
151.500000	1	1.440711	0.755076	2.176215	0.252649
151.750000	0	0.122661	0.006028	1.194033	0.068157
151.750000	1	1.418607	0.627511	3.313979	0.343115
152.000000	0	0.120963	0.015056	1.243257	0.062204
152.000000	1	1.424723	0.376839	2.587447	0.281715
152.250000	0	0.121492	0.012755	0.639619	0.050550
152.250000	1	1.427400	0.419085	2.365736	0.302737
152.500000	0	0.119733	0.012788	0.569713	0.043113
152.500000	1	1.449500	0.711781	2.820984	0.258538
152.750000	0	0.120931	0.013672	0.652750	0.049990
152.750000	1	1.450183	0.854351	2.863139	0.298656
153.000000	0	0.124928	0.010712	0.563506	0.053833
153.000000	1	1.399609	0.673615	2.419782	0.220257
153.250000	0	0.123552	0.008132	0.484673	0.045740
153.250000	1	1.413334	0.852920	2.095964	0.212631
153.500000	0	0.121779	0.011717	0.579374	0.050282
153.500000	1	1.398021	0.265872	1.988423	0.247661
153.750000	0	0.125205	0.005263	1.071259	0.060953
153.750000	1	1.461195	0.147655	2.698056	0.336927
154.000000	0	0.123579	0.015400	1.335184	0.066254
154.000000	1	1.478368	0.703538	2.254875	0.231507
154.250000	0	0.122043	0.012673	0.760833	0.052479
154.250000	1	1.427641	0.643200	2.255013	0.231618
154.500000	0	0.124588	0.014553	0.951173	0.070280
154.500000	1	1.437473	0.269405	2.405066	0.260446
154.750000	0	0.126062	0.012742	0.676257	0.055216
154.750000	1	1.464317	0.888582	3.050805	0.302657
155.000000	0	0.122231	0.002431	0.480659	0.048164
155.000000	1	1.434463	0.584128	2.403057	0.273004
155.250000	0	0.119981	0.005874	0.920869	0.051442
155.250000	1	1.430310	0.903186	2.478545	0.206125
155.500000	0	0.121377	0.011977	0.618482	0.044916
155.500000	1	1.398588	0.642706	2.526494	0.299042
155.750000	0	0.120666	0.009302	1.113369	0.054296
155.750000	1	1.426642	0.294372	2.826388	0.332938
156.000000	0	0.121483	0.004982	1.086535	0.054797
156.000000	1	1.418723	0.316817	2.421391	0.287369
156.250000	0	0.125734	0.008943	0.999331	0.065906
156.250000	1	1.443724	0.507257	2.273910	0.291265
156.500000	0	0.122539	0.009389	0.709700	0.049680
156.500000	1	1.440967	0.852977	2.488447	0.232281
156.750000	0	0.121372	0.005591	0.655863	0.045641
156.750000	1	1.375799	0.394542	2.068750	0.256357
157.000000	0	0.119840	0.011399	0.674785	0.048618
157.000000	1	1.436011	0.405797	2.139513	0.267557
157.250000	0	0.119320	0.010630	0.439533	0.041893
157.250000	1	1.452093	0.838334	3.309427	0.282442
157.500000	0	0.122086	0.003079	0.625027	0.050902
157.500000	1	1.383734	0.081776	2.633463	0.310523
157.750000	0	0.119779	0.014395	0.428075	0.043966
157.750000	1	1.489156	0.463025	4.031084	0.427117
158.000000	0	0.121294	0.012240	0.835079	0.050259
158.000000	1	1.445364	0.249767	2.553069	0.348758
158.250000	0	0.118602	0.016145	0.518970	0.043409
158.250000	1	1.457314	0.845302	2.372519	0.235023
158.500000	0	0.120107	0.004142	1.047702	0.058300
158.500000	1	1.402834	0.369558	2.924155	0.271483
158.750000	0	0.121276	0.019659	0.537473	0.048468
158.750000	1	1.439450	0.154856	2.423118	0.301136
159.000000	0	0.123583	0.012145	0.963256	0.062281
159.000000	1	1.460607	0.320792	2.716702	0.350066
159.250000	0	0.121192	0.007627	0.864379	0.052694
159.250000	1	1.412947	0.596185	1.943300	0.207389
159.500000	0	0.119919	0.006786	0.665721	0.049457
159.500000	1	1.409124	0.221488	2.387094	0.305086
159.750000	0	0.118662	0.011595	0.397134	0.042641
159.750000	1	1.411088	0.347699	2.515887	0.318888
160.000000	0	0.124268	0.013640	1.034585	0.064789
160.000000	1	1.423621	0.674521	2.687937	0.256928
160.250000	0	0.119562	0.006883	0.762156	0.047310
160.250000	1	1.400227	0.569081	2.277453	0.251348
160.500000	0	0.119720	0.012726	0.429335	0.042681
160.500000	1	1.405484	0.531699	2.140227	0.263214
160.750000	0	0.125341	0.014727	0.773986	0.068112
160.750000	1	1.442219	0.475302	2.728287	0.294594
161.000000	0	0.122026	0.023528	0.428564	0.046613
161.000000	1	1.424717	0.446127	2.986723	0.271956
161.250000	0	0.119877	0.002828	0.813260	0.051126
161.250000	1	1.432317	0.528266	2.276229	0.278442
161.500000	0	0.124913	0.015329	0.983099	0.060055
161.500000	1	1.466924	0.556485	3.088844	0.386604
161.750000	0	0.124341	0.010408	0.712941	0.056065
161.750000	1	1.449553	0.772994	2.539546	0.309490
162.000000	0	0.120302	0.001958	0.736896	0.048343
162.000000	1	1.414068	0.313125	2.847679	0.296964
162.250000	0	0.121335	0.011970	0.864461	0.049867
162.250000	1	1.448890	0.588766	2.463682	0.285196
162.500000	0	0.122412	0.011666	0.685621	0.052108
162.500000	1	1.454580	0.408714	2.711526	0.332517
162.750000	0	0.118837	0.003776	0.708330	0.047429
162.750000	1	1.433123	0.636548	2.911018	0.280931
163.000000	0	0.123023	0.017647	0.547321	0.052858
163.000000	1	1.447586	0.128464	2.606167	0.329359
163.250000	0	0.117755	0.014350	0.664824	0.044118
163.250000	1	1.457344	0.401866	2.541112	0.294668
163.500000	0	0.122502	0.016280	0.811841	0.050219
163.500000	1	1.408713	0.475668	2.294044	0.273937
163.750000	0	0.120525	0.005863	0.622610	0.046232
163.750000	1	1.480808	0.223900	3.070197	0.380286
164.000000	0	0.119910	0.005450	0.862361	0.052120
164.000000	1	1.499956	0.230931	2.965546	0.362045
164.250000	0	0.120973	0.022248	0.530158	0.045320
164.250000	1	1.387372	0.795999	2.081010	0.211088
164.500000	0	0.123233	0.006268	1.045701	0.065017
164.500000	1	1.421259	0.367840	2.532987	0.308214
164.750000	0	0.124341	0.027119	0.759832	0.049708
164.750000	1	1.470875	0.703538	3.823684	0.344279
165.000000	0	0.121000	0.002112	0.706760	0.050993
165.000000	1	1.453135	0.629242	2.575641	0.296546
165.250000	0	0.122854	0.008841	0.728797	0.057206
165.250000	1	1.447528	0.804407	2.707782	0.306004
165.500000	0	0.122545	0.004170	0.771174	0.054309
165.500000	1	1.462907	0.583766	2.845888	0.347706
165.750000	0	0.122163	0.019213	0.731490	0.049209
165.750000	1	1.432360	0.888118	2.554511	0.274504
166.000000	0	0.122534	0.016148	0.622259	0.054316
166.000000	1	1.372717	0.349606	2.080009	0.296753
166.250000	0	0.122694	0.008888	0.398486	0.046379
166.250000	1	1.484623	0.568559	3.649390	0.347567
166.500000	0	0.119212	0.007118	0.797472	0.054111
166.500000	1	1.428751	0.815573	2.198151	0.206041
166.750000	0	0.121977	0.009243	0.737360	0.053860
166.750000	1	1.473220	0.241514	2.810155	0.390841
167.000000	0	0.120674	0.014170	1.023398	0.056821
167.000000	1	1.485277	0.458108	2.830696	0.322747
167.250000	0	0.116727	0.018917	0.461470	0.041236
167.250000	1	1.414875	0.845691	2.671670	0.260437
167.500000	0	0.124063	0.007910	0.986997	0.062607
167.500000	1	1.380783	0.625589	1.893665	0.219626
167.750000	0	0.122777	0.010776	0.727750	0.054536
167.750000	1	1.488058	0.767299	2.989489	0.301355
168.000000	0	0.122161	0.003013	1.003800	0.063299
168.000000	1	1.390117	0.182173	2.421048	0.321746
168.250000	0	0.124934	0.005858	0.665087	0.054519
168.250000	1	1.427299	0.234446	2.623419	0.325891
168.500000	0	0.121115	0.014019	0.822326	0.051552
168.500000	1	1.515884	0.700986	3.381181	0.345972
168.750000	0	0.118894	0.009394	0.928783	0.050587
168.750000	1	1.442317	0.588316	2.479175	0.261750
169.000000	0	0.118975	0.012549	0.958767	0.054497
169.000000	1	1.438879	0.210786	2.624498	0.322571
169.250000	0	0.124034	0.006714	1.665076	0.072687
169.250000	1	1.400694	0.543721	2.142526	0.220757
169.500000	0	0.121256	0.011206	0.681747	0.051912
169.500000	1	1.434062	0.310851	2.252710	0.276892
169.750000	0	0.120936	0.016309	0.650038	0.048536
169.750000	1	1.462325	0.655538	2.560277	0.279402
170.000000	0	0.120565	0.021368	0.911489	0.046964
170.000000	1	1.409713	0.514793	2.010061	0.192118
170.250000	0	0.117248	0.009608	0.353307	0.038941
170.250000	1	1.445673	0.549961	2.448408	0.294500
170.500000	0	0.119317	0.012751	0.583760	0.043372
170.500000	1	1.409537	0.297955	2.499144	0.265820
170.750000	0	0.122664	0.007200	0.812392	0.047418
170.750000	1	1.453183	0.784310	3.215834	0.344770
171.000000	0	0.121327	0.009848	0.970797	0.063106
171.000000	1	1.401694	0.748032	2.269011	0.247083
171.250000	0	0.121425	0.010352	0.591428	0.044638
171.250000	1	1.419750	0.375244	3.741629	0.419381
171.500000	0	0.122125	0.007333	1.187400	0.072594
171.500000	1	1.417024	0.470315	2.537203	0.335060
171.750000	0	0.125643	0.013947	0.873828	0.067011
171.750000	1	1.454348	0.727651	2.534204	0.297745
172.000000	0	0.120647	0.008293	0.604814	0.049854
172.000000	1	1.385942	0.100317	2.903932	0.335425
172.250000	0	0.123587	0.012270	0.875510	0.052854
172.250000	1	1.422933	0.042827	2.929194	0.337372
172.500000	0	0.120074	0.003153	0.387949	0.042316
172.500000	1	1.486385	0.711282	2.681235	0.307496
172.750000	0	0.122752	0.033650	0.992668	0.054003
172.750000	1	1.439752	0.715425	2.077701	0.232327
173.000000	0	0.119350	0.006740	0.662671	0.047127
173.000000	1	1.424162	0.709597	2.548892	0.253059
173.250000	0	0.120597	0.010501	0.525251	0.046645
173.250000	1	1.411006	0.297495	2.532067	0.306542
173.500000	0	0.119449	0.017126	0.692014	0.047307
173.500000	1	1.464140	0.419277	3.078926	0.316409
173.750000	0	0.119418	0.012991	0.977411	0.050267
173.750000	1	1.414953	0.403905	2.480437	0.279593
174.000000	0	0.120972	0.012608	1.110208	0.058085
174.000000	1	1.416261	0.105290	2.481749	0.295427
174.250000	0	0.124682	0.022011	1.148848	0.072055
174.250000	1	1.403112	0.421210	2.316803	0.262919
174.500000	0	0.119339	0.006406	0.698098	0.047058
174.500000	1	1.377419	0.126047	2.411042	0.322999
174.750000	0	0.123547	0.006269	0.904456	0.065122
174.750000	1	1.390533	0.188182	2.404878	0.279624
175.000000	0	0.121127	0.003666	0.479451	0.043860
175.000000	1	1.437266	0.265151	2.749477	0.326655
175.250000	0	0.120327	0.017232	1.139448	0.057278
175.250000	1	1.466572	0.472592	4.003036	0.350853
175.500000	0	0.118641	0.015024	1.068301	0.050609
175.500000	1	1.465088	0.742191	2.707995	0.239410
175.750000	0	0.119949	0.004334	0.507543	0.043225
175.750000	1	1.415388	0.589898	2.110677	0.227579
176.000000	0	0.122906	0.004407	1.186075	0.072803
176.000000	1	1.467009	0.450354	3.171740	0.329748
176.250000	0	0.120406	0.007624	0.738721	0.048695
176.250000	1	1.462152	0.765273	2.407961	0.264269
176.500000	0	0.121595	0.006626	1.148190	0.060200
176.500000	1	1.442372	0.833968	2.566970	0.249630
176.750000	0	0.123840	0.018077	1.041490	0.068978
176.750000	1	1.343984	0.203670	2.150701	0.297753
177.000000	0	0.119655	0.014083	0.795889	0.050364
177.000000	1	1.447175	0.794037	2.853955	0.302940
177.250000	0	0.122430	0.011561	1.167468	0.069759
177.250000	1	1.425284	0.405071	3.312340	0.332527
177.500000	0	0.121849	0.018798	0.759523	0.049741
177.500000	1	1.461394	0.338251	2.666519	0.335727
177.750000	0	0.123183	0.014121	0.852866	0.051883
177.750000	1	1.440748	0.612945	2.387854	0.242630
178.000000	0	0.120288	0.017085	0.402579	0.039107
178.000000	1	1.449464	0.956421	2.483163	0.233791
178.250000	0	0.121808	0.006185	0.779665	0.050520
178.250000	1	1.394846	0.494848	2.053439	0.231497
178.500000	0	0.120212	0.010538	0.693291	0.045796
178.500000	1	1.429642	0.815901	2.833292	0.285258
178.750000	0	0.120581	0.027932	0.948599	0.052408
178.750000	1	1.444955	0.663184	2.794857	0.275983
179.000000	0	0.119919	0.019271	0.608977	0.045098
179.000000	1	1.425140	0.486458	2.843010	0.321091
179.250000	0	0.123567	0.017727	0.564666	0.052988
179.250000	1	1.414724	0.106233	2.342343	0.303144
179.500000	0	0.121960	0.004827	1.227738	0.062010
179.500000	1	1.402298	0.616188	2.165236	0.252452
179.750000	0	0.121412	0.015349	1.290882	0.064370
179.750000	1	1.407484	0.432007	2.471350	0.294127
180.000000	0	0.121172	0.001452	1.086653	0.059255
180.000000	1	1.458367	0.646694	2.499139	0.309523
180.250000	0	0.123167	0.014532	0.920794	0.051472
180.250000	1	1.443078	0.611956	2.244470	0.287384
180.500000	0	0.122480	0.019382	1.016845	0.057520
180.500000	1	1.393172	0.424024	2.074612	0.259730
180.750000	0	0.122028	0.014399	0.911878	0.057120
180.750000	1	1.389948	0.028009	2.184180	0.315668
181.000000	0	0.123971	0.016905	0.991145	0.058113
181.000000	1	1.434976	0.330044	2.786599	0.344173
181.250000	0	0.124757	0.013510	0.783460	0.053484
181.250000	1	1.489459	0.591843	2.368035	0.297214
181.500000	0	0.121047	0.003917	0.866121	0.049129
181.500000	1	1.421810	0.534118	2.680686	0.284323
181.750000	0	0.122966	0.019459	2.001799	0.081800
181.750000	1	1.422526	0.472711	2.264530	0.275016
182.000000	0	0.122022	0.012675	1.370622	0.064500
182.000000	1	1.456331	0.850981	3.068766	0.303374
182.250000	0	0.119712	0.016404	0.537287	0.043699
182.250000	1	1.453739	0.502624	2.346657	0.280970
182.500000	0	0.122677	0.016845	0.709286	0.052896
182.500000	1	1.399683	0.296647	2.725515	0.308900
182.750000	0	0.120869	0.010347	0.839891	0.058656
182.750000	1	1.414991	0.397711	2.423567	0.310895
183.000000	0	0.125662	0.007658	0.952674	0.073131
183.000000	1	1.403408	0.521809	2.266155	0.292998
183.250000	0	0.120454	0.017722	0.869249	0.054866
183.250000	1	1.473668	0.815637	2.915918	0.283462
183.500000	0	0.121477	0.013714	1.003268	0.054156
183.500000	1	1.375498	0.128249	2.451884	0.336535
183.750000	0	0.124822	0.004708	1.405761	0.083557
183.750000	1	1.436605	0.525487	2.624686	0.304136
184.000000	0	0.123197	0.001905	0.710439	0.051247
184.000000	1	1.424295	0.677128	2.869635	0.281873
184.250000	0	0.118992	0.009304	0.394872	0.040910
184.250000	1	1.443316	0.580164	2.614042	0.328617
184.500000	0	0.120845	0.012922	1.096000	0.058607
184.500000	1	1.475919	0.658285	2.754790	0.291433
184.750000	0	0.121980	0.010289	0.720596	0.055794
184.750000	1	1.345766	0.306838	2.602542	0.318123
185.000000	0	0.122366	0.007639	0.854163	0.058938
185.000000	1	1.446671	0.358499	2.559288	0.327815
185.250000	0	0.123201	0.006699	1.035895	0.063347
185.250000	1	1.449708	0.955192	2.790476	0.318709
185.500000	0	0.121598	0.007150	0.577399	0.048721
185.500000	1	1.429956	0.668225	2.265830	0.239759
185.750000	0	0.123912	0.023759	0.770508	0.053851
185.750000	1	1.376552	0.523128	2.114337	0.267939
186.000000	0	0.126810	0.010082	0.964913	0.065380
186.000000	1	1.467097	0.311368	4.021586	0.405195
186.250000	0	0.124586	0.027856	1.351185	0.071206
186.250000	1	1.427459	0.451900	2.399014	0.313946
186.500000	0	0.124168	0.010459	0.980585	0.069505
186.500000	1	1.461899	0.730628	2.769418	0.349883
186.750000	0	0.122632	0.021200	0.392062	0.046222
186.750000	1	1.406427	0.465843	1.942375	0.241140
187.000000	0	0.122222	0.011573	1.124804	0.060834
187.000000	1	1.475216	0.833396	2.693521	0.278555
187.250000	0	0.121663	0.021860	0.925695	0.054603
187.250000	1	1.418936	0.382845	2.826524	0.277391
187.500000	0	0.122868	0.012786	0.945236	0.057804
187.500000	1	1.424165	0.637163	2.121421	0.259998
187.750000	0	0.120821	0.004524	0.916282	0.059502
187.750000	1	1.431421	0.614015	2.399762	0.248458
188.000000	0	0.120872	0.015082	0.831834	0.053676
188.000000	1	1.401048	0.100303	2.516281	0.258835
188.250000	0	0.123501	0.013212	0.831325	0.062707
188.250000	1	1.475906	0.347908	3.037770	0.324232
188.500000	0	0.120368	0.005305	0.868500	0.057556
188.500000	1	1.465902	0.756077	2.704292	0.280779
188.750000	0	0.123793	0.012884	1.495281	0.068699
188.750000	1	1.456136	0.385834	2.661943	0.293306
189.000000	0	0.119165	0.009549	0.492212	0.043500
189.000000	1	1.381131	0.171851	2.453188	0.331893
189.250000	0	0.122552	0.021890	1.160437	0.071083
189.250000	1	1.477334	0.792835	2.755330	0.276537
189.500000	0	0.119266	0.004159	0.701171	0.045911
189.500000	1	1.427853	0.519161	2.717403	0.272393
189.750000	0	0.122538	0.015303	0.887203	0.053881
189.750000	1	1.429189	0.754350	2.823491	0.283489
190.000000	0	0.123642	0.018483	0.582151	0.051258
190.000000	1	1.481571	0.530311	3.112150	0.354013
190.250000	0	0.119582	0.004299	0.732642	0.046937
190.250000	1	1.387054	0.290694	2.136578	0.264580
190.500000	0	0.120870	0.012947	0.766053	0.051118
190.500000	1	1.429709	0.666963	2.646848	0.265094
190.750000	0	0.121930	0.007078	0.793174	0.052718
190.750000	1	1.457720	0.747425	2.838358	0.323510
191.000000	0	0.123157	0.017566	0.766592	0.057898
191.000000	1	1.476534	0.713600	4.891489	0.455607
191.250000	0	0.119075	0.001629	0.366974	0.038014
191.250000	1	1.443661	0.268716	2.429660	0.296106
191.500000	0	0.121472	0.010130	0.549443	0.046157
191.500000	1	1.417119	0.715265	2.136622	0.246006
191.750000	0	0.122782	0.015337	0.731007	0.053413
191.750000	1	1.434185	0.287466	4.166704	0.428204
192.000000	0	0.121086	0.009680	1.030279	0.056604
192.000000	1	1.459852	0.585664	2.527114	0.264321
192.250000	0	0.118937	0.019685	0.483999	0.045078
192.250000	1	1.457468	0.766845	2.955485	0.319242
192.500000	0	0.122489	0.019473	1.021156	0.066250
192.500000	1	1.440214	0.515721	2.760367	0.310257
192.750000	0	0.119054	0.010723	0.535213	0.042448
192.750000	1	1.435511	0.595044	2.701622	0.328731
193.000000	0	0.119686	0.003142	0.529919	0.044777
193.000000	1	1.433825	0.830136	2.127359	0.192886
193.250000	0	0.119211	0.004508	0.556554	0.042138
193.250000	1	1.441973	0.375912	2.203851	0.264432
193.500000	0	0.119273	0.021464	0.391743	0.038674
193.500000	1	1.384926	0.911243	2.045393	0.191062
193.750000	0	0.120098	0.005023	0.515662	0.042323
193.750000	1	1.395944	0.463208	2.493988	0.269546
194.000000	0	0.120424	0.008045	0.628154	0.049541
194.000000	1	1.420299	0.414635	2.476349	0.274906
194.250000	0	0.122275	0.020045	1.266264	0.061406
194.250000	1	1.443655	0.687851	2.504620	0.274924
194.500000	0	0.117029	0.023601	0.581200	0.040920
194.500000	1	1.408156	0.288309	2.195849	0.243638
194.750000	0	0.121065	0.010501	1.065494	0.057692
194.750000	1	1.404642	0.295861	2.412447	0.289454
195.000000	0	0.120961	0.007101	0.701045	0.053744
195.000000	1	1.420064	0.495499	2.532940	0.236855
195.250000	0	0.122543	0.012895	1.589866	0.069848
195.250000	1	1.470023	0.656700	2.462324	0.317411
195.500000	0	0.122427	0.018709	1.166004	0.063485
195.500000	1	1.412698	0.751404	2.208537	0.200355
195.750000	0	0.118586	0.008955	0.468052	0.041053
195.750000	1	1.380880	0.689038	2.286876	0.236666
196.000000	0	0.120768	0.000935	0.444848	0.044965
196.000000	1	1.425969	0.249823	2.646572	0.288300
196.250000	0	0.131585	0.009437	5.099219	0.194140
196.250000	1	1.506658	0.510473	4.430626	0.471281
196.500000	0	0.121814	0.008174	0.609413	0.049703
196.500000	1	1.448848	0.795907	2.634236	0.241614
196.750000	0	0.118787	0.011432	0.393012	0.036940
196.750000	1	1.434078	0.572178	2.284582	0.274398
197.000000	0	0.118346	0.004761	0.516021	0.039668
197.000000	1	1.477617	0.210909	2.808862	0.359820
197.250000	0	0.122808	0.016066	0.814881	0.059521
197.250000	1	1.448798	0.485146	2.208760	0.259828
197.500000	0	0.117903	0.023271	1.100560	0.057497
197.500000	1	1.461503	0.260583	2.780173	0.357108
197.750000	0	0.121680	0.013929	0.644793	0.046232
197.750000	1	1.443008	0.188250	2.789944	0.351525
198.000000	0	0.120810	0.005787	0.546812	0.048064
198.000000	1	1.393764	0.656740	2.473591	0.269243
198.250000	0	0.124160	0.014888	1.075405	0.066726
198.250000	1	1.455352	0.279347	2.475045	0.310522
198.500000	0	0.119889	0.016477	0.927629	0.052224
198.500000	1	1.517892	0.981103	4.664993	0.468026
198.750000	0	0.118984	0.009105	0.479693	0.040979
198.750000	1	1.408032	0.606025	2.305813	0.269359
199.000000	0	0.122243	0.021698	0.733240	0.054054
199.000000	1	1.455913	0.551655	3.574620	0.318426
199.250000	0	0.119548	0.025259	0.360007	0.036969
199.250000	1	1.404500	0.411033	2.338313	0.261586
199.500000	0	0.118563	0.020112	0.433270	0.041532
199.500000	1	1.430910	0.755823	2.169675	0.235338
199.750000	0	0.124446	0.035632	0.948093	0.061534
199.750000	1	1.406714	0.313689	2.065814	0.243232
200.000000	0	0.124517	0.005000	0.878594	0.056481
200.000000	1	1.427426	0.376838	2.810516	0.297757
200.250000	0	0.122469	0.030037	0.829024	0.056479
200.250000	1	1.431719	0.639729	2.911001	0.304325
200.500000	0	0.121659	0.009149	0.456887	0.044555
200.500000	1	1.408027	0.319454	2.958733	0.357851
200.750000	0	0.117483	0.013390	0.484657	0.041196
200.750000	1	1.498510	0.402909	2.651786	0.332783
201.000000	0	0.121271	0.023396	0.680254	0.042836
201.000000	1	1.419993	0.649421	2.789804	0.291562
201.250000	0	0.121414	0.029026	0.624359	0.046754
201.250000	1	1.442759	0.575036	2.437926	0.281995
201.500000	0	0.120317	0.008808	0.844910	0.057316
201.500000	1	1.478957	0.860728	3.209871	0.308790
201.750000	0	0.122383	0.015798	1.034392	0.057193
201.750000	1	1.436915	0.539044	2.413635	0.276639
202.000000	0	0.119855	0.004082	0.936989	0.051021
202.000000	1	1.468657	0.516620	2.461715	0.293834
202.250000	0	0.120151	0.009265	0.669573	0.048134
202.250000	1	1.411020	0.460814	3.341826	0.317550
202.500000	0	0.120049	0.020698	1.354826	0.061154
202.500000	1	1.454571	0.324089	2.515190	0.316961
202.750000	0	0.117642	0.016504	0.630327	0.040528
202.750000	1	1.463356	0.968153	2.909256	0.289727
203.000000	0	0.118465	0.013456	0.475775	0.040942
203.000000	1	1.416210	0.564227	2.377265	0.239305
203.250000	0	0.124765	0.020516	1.102915	0.069624
203.250000	1	1.419096	0.157798	2.709808	0.333101
203.500000	0	0.125608	0.008711	0.737126	0.064233
203.500000	1	1.455687	0.580964	2.289639	0.248927
203.750000	0	0.120727	0.011201	0.398570	0.043056
203.750000	1	1.453418	0.686994	2.805442	0.289662
204.000000	0	0.120152	0.003552	0.660463	0.047847
204.000000	1	1.426684	0.640114	2.713264	0.258527
204.250000	0	0.123134	0.005834	0.788265	0.056990
204.250000	1	1.427823	0.646755	2.565649	0.282615
204.500000	0	0.123054	0.022664	1.094655	0.068268
204.500000	1	1.426326	0.357739	2.431936	0.313789
204.750000	0	0.123313	0.017767	0.736608	0.055646
204.750000	1	1.474317	0.624422	3.075082	0.341072
205.000000	0	0.120372	0.013459	0.382870	0.039219
205.000000	1	1.409227	0.627843	2.930999	0.273234
205.250000	0	0.121257	0.018706	0.606525	0.046739
205.250000	1	1.430543	0.388467	2.858413	0.347440
205.500000	0	0.123006	0.010029	0.944307	0.057662
205.500000	1	1.423293	0.335809	2.729729	0.332339
205.750000	0	0.124689	0.024656	1.077381	0.062293
205.750000	1	1.421461	0.670018	2.610907	0.270544
206.000000	0	0.121969	0.019962	0.758190	0.054705
206.000000	1	1.425921	0.764655	2.844112	0.313682
206.250000	0	0.123619	0.002126	0.824185	0.060940
206.250000	1	1.510675	0.528070	3.187442	0.384241
206.500000	0	0.125120	0.014849	1.193941	0.067850
206.500000	1	1.424593	0.796854	2.368131	0.273187
206.750000	0	0.123611	0.006356	0.979228	0.064473
206.750000	1	1.682154	0.384671	15.778314	1.862325
207.000000	0	0.125593	0.018082	0.891164	0.067293
207.000000	1	1.431454	0.657690	2.570388	0.232829
207.250000	0	0.123432	0.016323	1.792428	0.083582
207.250000	1	1.441645	0.522481	3.391671	0.388498
207.500000	0	0.123798	0.028503	1.685534	0.075949
207.500000	1	1.473945	0.629303	2.481173	0.310583
207.750000	0	0.123468	0.015304	0.581776	0.049643
207.750000	1	1.459547	0.882141	2.312678	0.250240
208.000000	0	0.119464	0.013831	0.739345	0.050854
208.000000	1	1.448001	0.572133	2.558811	0.256864
208.250000	0	0.118631	0.018560	0.398364	0.041423
208.250000	1	1.459441	0.953278	3.043677	0.261268
208.500000	0	0.121836	0.010734	0.849797	0.054605
208.500000	1	1.443395	0.331209	2.517740	0.269279
208.750000	0	0.120987	0.030806	0.910975	0.049645
208.750000	1	1.422468	0.994433	2.277813	0.237736
209.000000	0	0.120543	0.001616	0.814572	0.054291
209.000000	1	1.454473	0.765786	2.765373	0.324264
209.250000	0	0.119309	0.007450	0.698813	0.047703
209.250000	1	1.417432	0.731713	2.513254	0.274459
209.500000	0	0.120639	0.003963	0.511824	0.040044
209.500000	1	1.441086	0.364281	2.773595	0.343360
209.750000	0	0.122771	0.014252	1.089699	0.070036
209.750000	1	1.435570	0.756938	2.881014	0.278951
210.000000	0	0.124575	0.029910	1.308731	0.065512
210.000000	1	1.401136	0.446071	2.254244	0.293744
210.250000	0	0.121226	0.019387	0.491869	0.044272
210.250000	1	1.421791	0.224656	2.568835	0.313262
210.500000	0	0.121180	0.014718	0.540946	0.044087
210.500000	1	1.473645	0.518349	2.643821	0.298402
210.750000	0	0.120910	0.010199	0.442095	0.044167
210.750000	1	1.417947	0.488757	2.261520	0.267076
211.000000	0	0.121625	0.001171	0.849564	0.051705
211.000000	1	1.449337	0.649822	2.244471	0.281424
211.250000	0	0.119116	0.005380	0.802353	0.049144
211.250000	1	1.433374	0.629283	2.638830	0.257375
211.500000	0	0.122236	0.026559	1.258170	0.057572
211.500000	1	1.451725	0.694310	2.512882	0.317679
211.750000	0	0.120569	0.009210	0.751146	0.051941
211.750000	1	1.508404	0.925218	4.011957	0.435952
212.000000	0	0.122351	0.011131	0.928422	0.053224
212.000000	1	1.459250	0.777836	2.866220	0.300897
212.250000	0	0.121108	0.015810	0.762914	0.052686
212.250000	1	1.422519	0.622388	2.642346	0.284387
212.500000	0	0.120356	0.000534	0.434506	0.048556
212.500000	1	1.529891	0.577804	2.910848	0.383606
212.750000	0	0.122015	0.005658	1.048568	0.059616
212.750000	1	1.412644	0.467250	2.362385	0.298893
213.000000	0	0.121052	0.014038	0.651416	0.049791
213.000000	1	1.436910	0.345616	2.286926	0.277519
213.250000	0	0.118699	0.021095	0.318308	0.039531
213.250000	1	1.421201	0.703116	2.467033	0.217164
213.500000	0	0.121953	0.007896	0.736501	0.054803
213.500000	1	1.409386	0.264277	2.318748	0.302508
213.750000	0	0.121995	0.005577	1.144039	0.071745
213.750000	1	1.413138	0.512582	2.511157	0.315277
214.000000	0	0.122346	0.014737	1.307334	0.072694
214.000000	1	1.421030	0.458562	2.380539	0.243598
214.250000	0	0.121932	0.012438	0.831690	0.055487
214.250000	1	1.438603	0.697344	2.812866	0.290462
214.500000	0	0.120726	0.007379	0.977300	0.053791
214.500000	1	1.446443	0.303030	2.685619	0.329261
214.750000	0	0.122007	0.001741	0.819539	0.056583
214.750000	1	1.422046	0.417407	2.229575	0.246664
215.000000	0	0.118524	0.011198	0.631434	0.045064
215.000000	1	1.492447	0.708132	3.317140	0.323525
215.250000	0	0.117907	0.014253	0.459105	0.042660
215.250000	1	1.419567	0.515465	1.891541	0.224655
215.500000	0	0.117775	0.009381	0.339131	0.035886
215.500000	1	1.453725	0.373519	2.885716	0.322651
215.750000	0	0.123107	0.023355	1.104771	0.059133
215.750000	1	1.462575	0.622664	2.825338	0.308236
216.000000	0	0.118214	0.018491	1.037822	0.050719
216.000000	1	1.401941	0.765536	2.029956	0.221719
216.250000	0	0.125312	0.013605	0.990655	0.064935
216.250000	1	1.428306	0.566057	2.352245	0.284145
216.500000	0	0.120742	0.005900	0.822745	0.053003
216.500000	1	1.399255	0.420572	2.692307	0.262890
216.750000	0	0.121593	0.015149	0.577579	0.048444
216.750000	1	1.424246	0.146822	3.128883	0.307920
217.000000	0	0.121912	0.013895	1.315365	0.066564
217.000000	1	1.427140	0.455148	4.266721	0.350966
217.250000	0	0.117673	0.012310	0.466463	0.039326
217.250000	1	1.413463	0.709504	2.444836	0.273191
217.500000	0	0.120372	0.007320	0.895171	0.052914
217.500000	1	1.422236	0.566588	2.656795	0.240405
217.750000	0	0.121189	0.017957	0.464383	0.043602
217.750000	1	1.415835	0.898926	2.594361	0.257068
218.000000	0	0.121319	0.012045	0.720728	0.056705
218.000000	1	1.435501	0.552801	2.277427	0.276151
218.250000	0	0.121076	0.007033	0.716048	0.050863
218.250000	1	1.452337	0.459733	4.005083	0.379507
218.500000	0	0.120985	0.007698	0.618920	0.048314
218.500000	1	1.449562	1.031236	2.638007	0.239464
218.750000	0	0.119975	0.003645	0.722756	0.049129
218.750000	1	1.456214	0.535216	3.254080	0.311332
219.000000	0	0.118753	0.015107	0.981251	0.050234
219.000000	1	1.419607	0.681285	2.074875	0.244243
219.250000	0	0.119803	0.009980	1.088061	0.055812
219.250000	1	1.444250	0.429198	2.639642	0.260819
219.500000	0	0.118589	0.008997	0.603168	0.046518
219.500000	1	1.455367	0.891716	2.332013	0.232068
219.750000	0	0.122555	0.009061	1.113000	0.058493
219.750000	1	1.520065	0.840724	2.862323	0.321998
220.000000	0	0.117520	0.001733	0.763298	0.044654
220.000000	1	1.439453	0.547186	2.383993	0.251398
220.250000	0	0.118745	0.016082	0.693829	0.045702
220.250000	1	1.416098	0.480690	2.953757	0.274180
220.500000	0	0.121348	0.006660	1.083645	0.056405
220.500000	1	1.436920	0.621305	2.676695	0.294250
220.750000	0	0.121545	0.014395	1.215665	0.070340
220.750000	1	1.424648	0.484135	2.413049	0.275323
221.000000	0	0.118257	0.005112	0.405450	0.040943
221.000000	1	1.435422	0.528150	2.562990	0.314572
221.250000	0	0.118249	0.009322	0.387706	0.035400
221.250000	1	1.417753	0.243845	2.259753	0.288752
221.500000	0	0.118235	0.003127	0.898557	0.051025
221.500000	1	1.449536	0.685016	2.301262	0.235619
221.750000	0	0.121069	0.027630	0.611204	0.044849
221.750000	1	1.406371	0.702746	2.490666	0.245016
222.000000	0	0.119462	0.014112	0.640617	0.042914
222.000000	1	1.459487	0.730364	2.633107	0.274721
222.250000	0	0.119794	0.008218	0.497476	0.044140
222.250000	1	1.411969	0.237277	2.425175	0.280064
222.500000	0	0.123442	0.015487	0.690492	0.058586
222.500000	1	1.413440	0.665131	2.092959	0.233813
222.750000	0	0.119987	0.005802	0.750258	0.047927
222.750000	1	1.411731	0.736221	2.378752	0.258874
223.000000	0	0.122800	0.016507	1.378723	0.069805
223.000000	1	1.426344	0.633628	2.877119	0.305819
223.250000	0	0.121178	0.011084	0.832288	0.056798
223.250000	1	1.412018	0.163579	2.485742	0.297512
223.500000	0	0.121650	0.010116	0.653686	0.053819
223.500000	1	1.448793	0.489338	2.613024	0.303387
223.750000	0	0.121370	0.006648	1.473553	0.064415
223.750000	1	1.426896	0.813855	2.212256	0.221555
224.000000	0	0.119931	0.004571	0.456399	0.040453
224.000000	1	1.408006	0.265241	3.013922	0.352419
224.250000	0	0.124329	0.013165	0.943950	0.056247
224.250000	1	1.419238	0.791591	2.468403	0.263309
224.500000	0	0.124519	0.018521	0.766620	0.057970
224.500000	1	1.433853	0.751546	2.605667	0.289700
224.750000	0	0.118901	0.021027	0.563227	0.042252
224.750000	1	1.407216	0.330409	2.584929	0.345201
225.000000	0	0.120747	0.003103	0.777962	0.061318
225.000000	1	1.488709	0.082553	3.382087	0.382144
225.250000	0	0.122613	0.004352	0.730955	0.050055
225.250000	1	1.466386	0.278030	2.807013	0.358619
225.500000	0	0.121425	0.013976	0.582807	0.045946
225.500000	1	1.397755	0.561931	2.001166	0.252051
225.750000	0	0.124948	0.012407	1.129033	0.078138
225.750000	1	1.475770	0.548046	2.610079	0.299986
226.000000	0	0.120910	0.005163	0.657896	0.046352
226.000000	1	1.428099	0.623182	2.300421	0.231350
226.250000	0	0.122793	0.017577	0.682395	0.050850
226.250000	1	1.419798	0.668938	2.493631	0.255807
226.500000	0	0.120139	0.016728	0.548857	0.050882
226.500000	1	1.422768	0.294367	2.697284	0.331674
226.750000	0	0.121024	0.009521	1.056089	0.061738
226.750000	1	1.485310	0.764304	4.344439	0.432745
227.000000	0	0.124396	0.008105	0.931833	0.060779
227.000000	1	1.419773	0.270755	2.605664	0.337078
227.250000	0	0.120662	0.029854	0.383525	0.041586
227.250000	1	1.422543	0.937946	2.091476	0.202607
227.500000	0	0.117265	0.009966	0.424332	0.042875
227.500000	1	1.408364	0.254695	2.059953	0.237813
227.750000	0	0.123325	0.005756	0.981048	0.062475
227.750000	1	1.393897	0.192188	2.572342	0.338748
228.000000	0	0.122958	0.019358	0.754485	0.059346
228.000000	1	1.393544	0.517166	2.230666	0.283026
228.250000	0	0.118828	0.010332	0.947398	0.058507
228.250000	1	1.452304	0.856319	2.260846	0.272924
228.500000	0	0.122569	0.020597	0.537858	0.048715
228.500000	1	1.436733	0.413652	3.161639	0.324224
228.750000	0	0.119562	0.016119	1.096392	0.054999
228.750000	1	1.432652	0.274066	2.785525	0.293721
229.000000	0	0.119810	0.022603	0.562381	0.042606
229.000000	1	1.458816	0.842380	2.664279	0.295038
229.250000	0	0.118817	0.013177	1.096465	0.055573
229.250000	1	1.443985	0.934470	2.783751	0.297208
229.500000	0	0.122780	0.013574	0.747990	0.054520
229.500000	1	1.423052	0.499012	2.497141	0.332551
229.750000	0	0.120806	0.016279	0.497601	0.046138
229.750000	1	1.444171	0.436910	2.625705	0.308894
230.000000	0	0.124686	0.001712	1.298365	0.066835
230.000000	1	1.416729	0.292844	2.668624	0.282880
230.250000	0	0.123320	0.003644	0.968348	0.064126
230.250000	1	1.447834	0.545092	3.037103	0.326966
230.500000	0	0.121941	0.008010	1.199225	0.061138
230.500000	1	1.470133	0.109024	4.140691	0.429960
230.750000	0	0.122288	0.021421	0.453950	0.045780
230.750000	1	1.446954	0.536661	2.369210	0.258370
231.000000	0	0.119560	0.011295	0.672250	0.049138
231.000000	1	1.492023	0.743132	2.867769	0.323883
231.250000	0	0.119390	0.015740	0.608124	0.044705
231.250000	1	1.473855	0.331718	2.750094	0.312292
231.500000	0	0.119694	0.007802	0.585137	0.045325
231.500000	1	1.417164	0.129837	2.263587	0.296378
231.750000	0	0.120818	0.023520	0.579128	0.046872
231.750000	1	1.454185	0.707634	2.818525	0.294548
232.000000	0	0.122483	0.018716	0.934306	0.061296
232.000000	1	1.423667	0.250118	2.584044	0.284056
232.250000	0	0.118925	0.019944	0.828945	0.053381
232.250000	1	1.386202	0.706431	1.944999	0.204591
232.500000	0	0.120950	0.004198	0.998876	0.062508
232.500000	1	1.446014	0.881024	2.523764	0.259376
232.750000	0	0.120244	0.008340	0.444032	0.043163
232.750000	1	1.464810	0.940830	2.534053	0.235851
233.000000	0	0.120152	0.018733	1.392137	0.063481
233.000000	1	1.414395	0.883201	2.915571	0.269184
233.250000	0	0.119976	0.009196	0.760879	0.049966
233.250000	1	1.417366	0.645204	2.032230	0.240028
233.500000	0	0.122031	0.003904	0.812732	0.055674
233.500000	1	1.412527	0.595132	2.240472	0.251864
233.750000	0	0.120529	0.006300	0.635846	0.044063
233.750000	1	1.392881	0.584095	2.453804	0.261916
234.000000	0	0.120212	0.011446	0.918969	0.051618
234.000000	1	1.442643	0.587564	2.693035	0.304654
234.250000	0	0.123880	0.013537	1.502865	0.075760
234.250000	1	1.470100	0.463897	2.968320	0.376199
234.500000	0	0.120536	0.007019	1.116406	0.054477
234.500000	1	1.488560	0.427267	2.565333	0.327748
234.750000	0	0.120022	0.029416	0.325217	0.035799
234.750000	1	1.420314	0.547452	3.191964	0.277422
235.000000	0	0.118397	0.004453	0.392483	0.039403
235.000000	1	1.420004	0.804074	2.341879	0.238430
235.250000	0	0.119755	0.009477	0.551896	0.043107
235.250000	1	1.428791	0.175530	2.576514	0.296390
235.500000	0	0.120582	0.011341	0.604430	0.048369
235.500000	1	1.407630	0.242613	2.201030	0.304235
235.750000	0	0.119049	0.008886	0.519621	0.044993
235.750000	1	1.397291	0.328140	2.132920	0.259083
236.000000	0	0.125089	0.005149	0.811580	0.060654
236.000000	1	1.458006	0.344663	2.307250	0.307289
236.250000	0	0.123209	0.017728	0.704301	0.051516
236.250000	1	1.390247	0.135366	2.895903	0.350102
236.500000	0	0.124741	0.010852	1.600847	0.083737
236.500000	1	1.471323	0.410025	3.053826	0.333712
236.750000	0	0.119026	0.017004	0.503415	0.043895
236.750000	1	1.454888	0.142869	3.029501	0.399970
237.000000	0	0.123200	0.015476	0.844552	0.058806
237.000000	1	1.415601	0.625107	2.518750	0.300557
237.250000	0	0.123837	0.009629	0.873007	0.065565
237.250000	1	1.424818	0.055043	2.640354	0.333539
237.500000	0	0.120947	0.010242	0.769935	0.056005
237.500000	1	1.410469	0.644985	2.410264	0.263631
237.750000	0	0.122274	0.005570	0.734642	0.052236
237.750000	1	1.421435	0.205258	2.655045	0.319060
238.000000	0	0.123440	0.031043	0.950467	0.062465
238.000000	1	1.439254	0.308338	2.441467	0.275419
238.250000	0	0.124094	0.024073	0.636389	0.051230
238.250000	1	1.438965	0.911899	2.829541	0.280297
238.500000	0	0.123959	0.024373	1.161744	0.061170
238.500000	1	1.377809	0.565167	2.243337	0.249783
238.750000	0	0.121319	0.007684	0.906165	0.055129
238.750000	1	1.433453	0.754477	2.323518	0.250926
239.000000	0	0.123549	0.009624	0.601846	0.049800
239.000000	1	1.651656	0.756589	16.178829	1.797531
239.250000	0	0.122797	0.016519	1.384070	0.068426
239.250000	1	1.419786	0.248710	2.404171	0.296123
239.500000	0	0.120299	0.004646	0.393630	0.041446
239.500000	1	1.469413	0.668831	3.335787	0.337214
239.750000	0	0.125281	0.010807	1.017285	0.067354
239.750000	1	1.473328	0.100175	3.294356	0.359288
240.000000	0	0.121695	0.020114	0.863922	0.055332
240.000000	1	1.439313	0.624087	2.531048	0.285329
240.250000	0	0.119420	0.016336	0.762855	0.053045
240.250000	1	1.451130	0.873905	2.182611	0.262310
240.500000	0	0.122064	0.005865	1.381108	0.069834
240.500000	1	1.437141	0.547814	3.131007	0.316974
240.750000	0	0.121415	0.019349	0.786573	0.051917
240.750000	1	1.432433	0.467498	2.438772	0.289195
241.000000	0	0.119546	0.011216	0.986319	0.050315
241.000000	1	1.431867	0.846944	2.595193	0.270289
241.250000	0	0.118746	0.015603	0.426981	0.040128
241.250000	1	1.397845	0.179141	2.271812	0.310982
241.500000	0	0.117153	0.012493	0.702061	0.038696
241.500000	1	1.468512	0.550250	2.988732	0.312920
241.750000	0	0.123377	0.007191	1.099175	0.055259
241.750000	1	1.381941	0.408219	3.668382	0.333837
242.000000	0	0.120125	0.031607	0.756470	0.045321
242.000000	1	1.425097	0.078825	2.748188	0.311547
242.250000	0	0.121269	0.011288	0.747063	0.050736
242.250000	1	1.439095	0.840858	2.667465	0.266824
242.500000	0	0.123213	0.024907	0.708644	0.055158
242.500000	1	1.433374	0.184603	2.738904	0.306364
242.750000	0	0.122465	0.003723	0.976021	0.064110
242.750000	1	1.413943	0.250813	2.181665	0.260837
243.000000	0	0.122660	0.012247	0.775470	0.051660
243.000000	1	1.397636	0.310907	2.848335	0.321519
243.250000	0	0.121081	0.013546	1.201405	0.059836
243.250000	1	1.403780	0.352251	2.566743	0.297737
243.500000	0	0.123752	0.008118	0.849343	0.063916
243.500000	1	1.413359	0.412564	1.962295	0.249786
243.750000	0	0.122808	0.007551	1.038635	0.064763
243.750000	1	1.425792	0.270620	2.114769	0.271135
244.000000	0	0.120992	0.014561	0.510285	0.043601
244.000000	1	1.391589	0.724720	2.550177	0.248987
244.250000	0	0.121996	0.006249	0.994574	0.060613
244.250000	1	1.431253	0.726870	2.438692	0.265944
244.500000	0	0.120535	0.012553	0.807900	0.053479
244.500000	1	1.419741	0.649157	2.569066	0.312732
244.750000	0	0.123591	0.018265	0.569227	0.055360
244.750000	1	1.377365	0.272569	2.603703	0.327437
245.000000	0	0.121566	0.009629	0.923523	0.054653
245.000000	1	1.458490	0.265837	2.263283	0.319646
245.250000	0	0.117259	0.012760	0.476818	0.039379
245.250000	1	1.451437	0.322739	3.362207	0.328460
245.500000	0	0.119316	0.012252	1.002280	0.054318
245.500000	1	1.417509	0.735773	2.186658	0.247124
245.750000	0	0.122359	0.025209	0.646117	0.057076
245.750000	1	1.473862	0.223193	3.483688	0.357963
246.000000	0	0.120560	0.000289	1.026832	0.058853
246.000000	1	1.431101	0.744603	2.421922	0.264720
246.250000	0	0.122700	0.010274	0.904990	0.059088
246.250000	1	1.437818	0.725727	1.969319	0.206022
246.500000	0	0.123121	0.011451	1.020455	0.074042
246.500000	1	1.476813	0.453888	2.531843	0.341128
246.750000	0	0.118730	0.007644	0.349042	0.038713
246.750000	1	1.482087	0.700287	3.243098	0.300973
247.000000	0	0.118340	0.022845	0.628802	0.043012
247.000000	1	1.452504	0.603612	2.371920	0.290687
247.250000	0	0.120898	0.016983	0.714294	0.053886
247.250000	1	1.448183	0.156106	2.453239	0.320065
247.500000	0	0.119580	0.015393	0.914440	0.054711
247.500000	1	1.440878	0.488468	3.567843	0.376846
247.750000	0	0.117477	0.016311	0.459631	0.038083
247.750000	1	1.442738	0.079219	3.456974	0.376947
248.000000	0	0.120652	0.025196	1.182765	0.064457
248.000000	1	1.362301	0.594022	2.298757	0.241754
248.250000	0	0.120924	0.011812	0.683309	0.046034
248.250000	1	1.435456	0.411619	2.123321	0.259266
248.500000	0	0.120454	0.010410	1.189875	0.060448
248.500000	1	1.427184	0.376425	2.601290	0.324527
248.750000	0	0.121484	0.011158	1.062212	0.066571
248.750000	1	1.477444	0.403380	2.468394	0.319985
249.000000	0	0.118909	0.000094	0.799136	0.048819
249.000000	1	1.443250	0.472446	2.678204	0.256973
249.250000	0	0.118391	0.013218	0.526160	0.042358
249.250000	1	1.454711	0.833989	2.338656	0.211370
249.500000	0	0.113811	0.013484	0.395783	0.031553
249.500000	1	1.457161	0.629290	2.341496	0.240541
249.750000	0	0.119045	0.010929	0.996017	0.048057
249.750000	1	1.412510	0.397959	2.229072	0.287216
250.000000	0	0.117045	0.002143	0.582627	0.039240
250.000000	1	1.543245	0.727174	11.088230	1.108039
250.250000	0	0.121324	0.013629	1.197844	0.057684
250.250000	1	1.430320	0.866779	2.283561	0.204600
250.500000	0	0.120288	0.003230	0.507532	0.043551
250.500000	1	1.415558	0.920653	1.967825	0.191582
250.750000	0	0.121471	0.004863	0.943238	0.053683
250.750000	1	1.383316	0.634240	3.362104	0.309197
251.000000	0	0.120957	0.014194	0.581611	0.049590
251.000000	1	1.422090	0.482744	2.567256	0.301869
251.250000	0	0.122467	0.012728	0.808837	0.053367
251.250000	1	1.423053	0.395916	2.211563	0.273310
251.500000	0	0.123868	0.006493	0.782121	0.060532
251.500000	1	1.453024	0.101536	4.158529	0.391341
251.750000	0	0.122707	0.013513	0.606485	0.049154
251.750000	1	1.436783	0.590037	2.612277	0.306214
252.000000	0	0.120165	0.005845	0.635824	0.048211
252.000000	1	1.481291	0.303895	2.592437	0.307320
252.250000	0	0.119325	0.015268	0.666712	0.045265
252.250000	1	1.382427	0.118625	2.238451	0.235812
252.500000	0	0.118902	0.009931	0.786193	0.050685
252.500000	1	1.460098	0.993160	2.745635	0.277259
252.750000	0	0.120837	0.008811	0.990546	0.063681
252.750000	1	1.438910	0.240133	2.093216	0.284265
253.000000	0	0.119313	0.005037	0.553631	0.043705
253.000000	1	1.462873	0.698566	3.874444	0.343352
253.250000	0	0.121774	0.005978	1.145023	0.070998
253.250000	1	1.409728	0.273110	2.679930	0.334579
253.500000	0	0.122809	0.001454	0.700197	0.051220
253.500000	1	1.422418	0.474737	2.675777	0.313555
253.750000	0	0.122386	0.012172	0.936848	0.059707
253.750000	1	1.463812	0.625603	2.618160	0.302272
254.000000	0	0.121456	0.005234	1.044082	0.055892
254.000000	1	1.406667	0.318754	2.449380	0.262359
254.250000	0	0.121819	0.008899	0.956292	0.056171
254.250000	1	1.415918	0.667471	2.253497	0.257039
254.500000	0	0.120188	0.018993	0.566705	0.050706
254.500000	1	1.474061	0.537047	2.456973	0.278015
254.750000	0	0.119379	0.010370	0.788326	0.045545
254.750000	1	1.426626	0.392355	2.247524	0.251620
255.000000	0	0.121279	0.011175	0.960903	0.058941
255.000000	1	1.408127	0.618435	2.446560	0.280184
255.250000	0	0.120736	0.007094	1.109206	0.063032
255.250000	1	1.433559	0.938931	2.764948	0.257652
255.500000	0	0.119480	0.017859	0.933644	0.051672
255.500000	1	1.459821	0.732605	2.696876	0.325515
255.750000	0	0.120692	0.008970	0.859331	0.049699
255.750000	1	1.446993	0.572568	3.024329	0.330104
256.000000	0	0.119723	0.005269	1.020897	0.055357
256.000000	1	1.436624	0.344447	2.752554	0.304097
256.250000	0	0.121516	0.011197	0.362434	0.042029
256.250000	1	1.458729	0.654929	2.270937	0.252492
256.500000	0	0.117892	0.010313	0.769435	0.046405
256.500000	1	1.433769	0.941287	2.418254	0.210021
256.750000	0	0.119293	0.018210	0.730474	0.051216
256.750000	1	1.420496	0.215932	2.554634	0.337600
257.000000	0	0.123404	0.009966	1.022500	0.069780
257.000000	1	1.440300	0.113986	3.502538	0.399464
257.250000	0	0.122642	0.007788	1.065274	0.061573
257.250000	1	1.455217	0.558969	2.598841	0.325652
257.500000	0	0.118714	0.023888	0.672018	0.045954
257.500000	1	1.427539	0.106105	2.763654	0.370926
257.750000	0	0.121381	0.011977	0.450907	0.046632
257.750000	1	1.427206	0.531798	2.289630	0.282681
258.000000	0	0.124248	0.019642	0.632516	0.055384
258.000000	1	1.417961	0.297834	2.529189	0.316542
258.250000	0	0.121136	0.009585	0.464698	0.045746
258.250000	1	1.410679	0.530189	3.001407	0.286893
258.500000	0	0.120296	0.011659	0.814275	0.053797
258.500000	1	1.421334	0.044875	2.840766	0.349130
258.750000	0	0.121875	0.017502	0.807465	0.055927
258.750000	1	1.434313	0.960658	2.880231	0.233471
259.000000	0	0.117099	0.008249	0.562988	0.042499
259.000000	1	1.413433	0.805972	2.132411	0.203762
259.250000	0	0.123624	0.012768	0.722740	0.060056
259.250000	1	1.407812	0.464069	2.643644	0.319996
259.500000	0	0.121945	0.008357	0.932381	0.058962
259.500000	1	1.520612	0.924128	4.326077	0.469895
259.750000	0	0.122890	0.020205	0.680284	0.051534
259.750000	1	1.407175	0.272040	3.127380	0.343472
260.000000	0	0.121153	0.020010	0.482800	0.048795
260.000000	1	1.426157	0.639680	2.758377	0.328645
260.250000	0	0.120728	0.013149	1.062021	0.058378
260.250000	1	1.449474	0.654816	2.904455	0.316324
260.500000	0	0.124066	0.022705	0.596706	0.049811
260.500000	1	1.414572	0.444600	2.506408	0.312112
260.750000	0	0.125430	0.011576	1.028559	0.066062
260.750000	1	1.439423	0.117235	2.268071	0.308758
261.000000	0	0.120374	0.019013	0.978865	0.053294
261.000000	1	1.463157	0.614759	2.775670	0.339797
261.250000	0	0.121577	0.010979	0.858477	0.062821
261.250000	1	1.444463	0.947390	2.193128	0.212347
261.500000	0	0.120741	0.008872	1.014522	0.062976
261.500000	1	1.433605	0.164962	2.825463	0.323821
261.750000	0	0.120285	0.020716	0.441925	0.041303
261.750000	1	1.448127	0.228038	2.621660	0.278689
262.000000	0	0.117319	0.010649	0.684755	0.043542
262.000000	1	1.424212	0.802705	2.073999	0.222763
262.250000	0	0.121990	0.015002	0.866902	0.057059
262.250000	1	1.443693	0.998741	2.279253	0.197970
262.500000	0	0.120500	0.030639	0.736077	0.045955
262.500000	1	1.481496	1.040228	3.488848	0.303102
262.750000	0	0.120061	0.003354	0.754154	0.048789
262.750000	1	1.439352	0.657248	2.563232	0.226795
263.000000	0	0.124064	0.005809	0.469037	0.047766
263.000000	1	1.429878	0.355023	2.463620	0.266295
263.250000	0	0.119955	0.010144	0.892248	0.053829
263.250000	1	1.432825	0.350925	2.542142	0.285713
263.500000	0	0.121167	0.018204	0.624419	0.047866
263.500000	1	1.450431	0.806315	2.668430	0.282904
263.750000	0	0.123376	0.027480	2.473811	0.096248
263.750000	1	1.412950	0.308102	3.301275	0.311690
264.000000	0	0.120414	0.006523	0.713907	0.051047
264.000000	1	1.450414	0.402540	3.077068	0.334484
264.250000	0	0.120123	0.013524	0.601627	0.051149
264.250000	1	1.433108	0.696663	2.350060	0.276929
264.500000	0	0.122903	0.032246	0.740000	0.058940
264.500000	1	1.452935	0.672848	3.983066	0.358938
264.750000	0	0.118905	0.012094	0.356204	0.040920
264.750000	1	1.436868	0.275682	2.123270	0.274583
265.000000	0	0.118871	0.008150	0.772246	0.049090
265.000000	1	1.492245	0.190040	6.023463	0.642391
265.250000	0	0.122456	0.023242	0.422611	0.042539
265.250000	1	1.454711	0.664603	2.793597	0.349106
265.500000	0	0.120906	0.021468	0.737231	0.044388
265.500000	1	1.470303	0.516063	2.886613	0.312594
265.750000	0	0.118928	0.005717	0.773666	0.049209
265.750000	1	1.456023	0.709396	2.915114	0.317367
266.000000	0	0.120366	0.008816	0.653793	0.048458
266.000000	1	1.429805	0.874355	2.364165	0.232387
266.250000	0	0.121659	0.009334	1.074341	0.061270
266.250000	1	1.378099	0.461324	2.534768	0.290652
266.500000	0	0.123470	0.015796	1.018298	0.058937
266.500000	1	1.436940	0.538994	2.401144	0.299515
266.750000	0	0.122448	0.014923	0.726411	0.056161
266.750000	1	1.369572	0.259549	2.226589	0.291053
267.000000	0	0.122650	0.021041	0.950972	0.060645
267.000000	1	1.522290	0.484606	2.723401	0.317300
267.250000	0	0.120142	0.018953	0.421461	0.039117
267.250000	1	1.434188	0.574212	2.455635	0.308764
267.500000	0	0.128072	0.013977	4.942292	0.188136
267.500000	1	1.432379	0.690886	4.133627	0.392669
267.750000	0	0.123088	0.008723	1.475414	0.074610
267.750000	1	1.382471	0.143289	2.279657	0.284384
268.000000	0	0.120291	0.018614	1.120233	0.056179
268.000000	1	1.490313	0.208114	3.481273	0.340093
268.250000	0	0.122804	0.013281	1.185327	0.070906
268.250000	1	1.434043	0.473750	2.633693	0.306081
268.500000	0	0.124564	0.001168	1.012924	0.061732
268.500000	1	1.388706	0.306740	2.349466	0.279443
268.750000	0	0.125333	0.014741	0.990308	0.068421
268.750000	1	1.440991	0.212418	3.078579	0.366049
269.000000	0	0.121577	0.007204	0.584519	0.046529
269.000000	1	1.427935	0.700794	2.556503	0.265658
269.250000	0	0.121574	0.014743	0.379890	0.038516
269.250000	1	1.438115	0.721984	2.865664	0.292362
269.500000	0	0.119017	0.003862	0.552441	0.043294
269.500000	1	1.380948	0.353863	2.799733	0.337017
269.750000	0	0.121804	0.003226	1.143266	0.066527
269.750000	1	1.486403	0.681013	2.939742	0.327490
270.000000	0	0.120687	0.003029	0.920708	0.057000
270.000000	1	1.431802	0.526718	2.136617	0.248610
270.250000	0	0.120907	0.009585	0.589169	0.045742
270.250000	1	1.432996	0.819160	2.488580	0.236312
270.500000	0	0.120710	0.014190	1.039175	0.060717
270.500000	1	1.465513	0.519077	2.760169	0.290892
270.750000	0	0.120607	0.008302	0.944025	0.052294
270.750000	1	1.420216	0.098991	2.519892	0.259442
271.000000	0	0.119702	0.013721	0.650567	0.046220
271.000000	1	1.436899	0.838496	1.992793	0.211472
271.250000	0	0.120418	0.015795	0.617849	0.046254
271.250000	1	1.438328	0.615267	2.314649	0.258734
271.500000	0	0.121852	0.008987	1.298876	0.060960
271.500000	1	1.398545	0.281512	2.352266	0.255553
271.750000	0	0.120876	0.012058	0.909440	0.059831
271.750000	1	1.416164	0.347463	2.263741	0.274957
272.000000	0	0.121013	0.010112	1.034171	0.061849
272.000000	1	1.381577	0.716922	2.487809	0.272138
272.250000	0	0.120211	0.003234	0.948752	0.061045
272.250000	1	1.412331	0.463944	2.519561	0.302721
272.500000	0	0.117199	0.010505	0.594741	0.044857
272.500000	1	1.504410	0.602664	3.406698	0.370399
272.750000	0	0.118493	0.015519	0.480474	0.045885
272.750000	1	1.401221	0.568885	2.172065	0.257122
273.000000	0	0.123794	0.017257	1.378914	0.078770
273.000000	1	1.441144	0.759795	2.544445	0.245164
273.250000	0	0.119633	0.000995	0.544888	0.048108
273.250000	1	1.409878	0.628279	2.560730	0.262745
273.500000	0	0.123782	0.011470	1.546591	0.069770
273.500000	1	1.438899	0.453680	3.441319	0.404183
273.750000	0	0.125165	0.010557	0.853573	0.061723
273.750000	1	1.431019	0.347336	2.669232	0.292084
274.000000	0	0.124248	0.026270	0.977965	0.063192
274.000000	1	1.526043	0.082751	6.874541	0.638142
274.250000	0	0.121044	0.004017	1.077971	0.060633
274.250000	1	1.441332	0.519706	2.517858	0.312044
274.500000	0	0.126011	0.023790	1.768592	0.088380
274.500000	1	1.421628	0.362802	3.501474	0.317631
274.750000	0	0.121055	0.007757	0.611983	0.051396
274.750000	1	1.429131	0.234665	2.520107	0.299804
275.000000	0	0.117305	0.007856	0.427661	0.040261
275.000000	1	1.433567	0.681857	2.512383	0.262796
275.250000	0	0.122448	0.014645	1.100774	0.065176
275.250000	1	1.423142	0.336553	2.031201	0.240162
275.500000	0	0.122689	0.011200	1.819570	0.076498
275.500000	1	1.478543	0.307918	3.142646	0.309007
275.750000	0	0.122606	0.018641	0.616351	0.052337
275.750000	1	1.479437	0.596175	3.211847	0.346321
276.000000	0	0.118729	0.008393	0.547063	0.045882
276.000000	1	1.425136	0.782370	2.418053	0.267260
276.250000	0	0.123292	0.010906	1.218998	0.070499
276.250000	1	1.480812	0.392912	2.731493	0.365552
276.500000	0	0.120408	0.006697	1.354907	0.061386
276.500000	1	1.547876	0.926266	6.140629	0.562964
276.750000	0	0.120287	0.022127	0.929366	0.050720
276.750000	1	1.481260	0.480350	3.574369	0.363544
277.000000	0	0.125906	0.013207	0.933279	0.073313
277.000000	1	1.447934	0.050347	2.372236	0.288709
277.250000	0	0.121827	0.018136	1.123097	0.067888
277.250000	1	1.434294	0.263142	2.914937	0.351417
277.500000	0	0.123393	0.020174	0.979554	0.061144
277.500000	1	1.404540	0.731167	3.376736	0.324834
277.750000	0	0.123994	0.011417	1.361664	0.063048
277.750000	1	1.429525	0.428214	2.536358	0.309579
278.000000	0	0.123149	0.012069	0.852557	0.053507
278.000000	1	1.421417	0.210424	5.177200	0.520776
278.250000	0	0.124528	0.003333	0.714189	0.059765
278.250000	1	1.473839	0.663908	2.619836	0.278732
278.500000	0	0.124944	0.009236	1.683980	0.076813
278.500000	1	1.391657	0.715972	2.552259	0.228947
278.750000	0	0.123084	0.004201	0.650150	0.054588
278.750000	1	1.451325	0.942259	2.481151	0.226098
279.000000	0	0.120892	0.014772	0.629660	0.046554
279.000000	1	1.441638	0.448096	2.821891	0.370500
279.250000	0	0.123472	0.006782	1.013290	0.064347
279.250000	1	1.379911	0.213396	2.337505	0.234008
279.500000	0	0.123078	0.019303	0.761372	0.056919
279.500000	1	1.413867	0.370600	2.327065	0.293834
279.750000	0	0.124551	0.002420	0.852561	0.059954
279.750000	1	1.405346	0.603903	2.374395	0.241366
280.000000	0	0.124497	0.006165	0.736301	0.062913
280.000000	1	1.413861	0.658686	2.498471	0.261399
280.250000	0	0.120325	0.011738	0.744578	0.045482
280.250000	1	1.452256	0.810522	2.876042	0.312860
280.500000	0	0.119588	0.018278	0.462247	0.042923
280.500000	1	1.400736	0.234280	2.150171	0.293225
280.750000	0	0.122092	0.011109	0.709869	0.050313
280.750000	1	1.432364	0.285351	2.569838	0.317706
281.000000	0	0.121669	0.019489	0.796794	0.050735
281.000000	1	1.469003	0.907713	2.244557	0.232759
281.250000	0	0.119144	0.009914	0.958530	0.051225
281.250000	1	1.427934	0.813785	2.567124	0.225248
281.500000	0	0.119340	0.005669	0.843240	0.048576
281.500000	1	1.395510	0.427285	2.960906	0.282115
281.750000	0	0.124239	0.029437	0.577543	0.051126
281.750000	1	1.404391	0.137188	3.164621	0.354332
282.000000	0	0.122768	0.007193	0.772502	0.062458
282.000000	1	1.422040	0.550263	2.695073	0.279779
282.250000	0	0.121829	0.005977	0.553383	0.053172
282.250000	1	1.455439	0.454399	2.636018	0.313956
282.500000	0	0.120642	0.013923	0.970480	0.053678
282.500000	1	1.404865	0.847435	2.456087	0.247326
282.750000	0	0.123632	0.003542	1.051165	0.075129
282.750000	1	1.489875	0.436407	2.658232	0.291283
283.000000	0	0.119945	0.010318	0.514712	0.042906
283.000000	1	1.444389	0.474641	2.281760	0.284096
283.250000	0	0.117772	0.010044	0.441312	0.037256
283.250000	1	1.448500	0.977175	2.291697	0.238290
283.500000	0	0.119902	0.013294	0.798701	0.049495
283.500000	1	1.466199	0.383685	3.468819	0.356096
283.750000	0	0.122128	0.015092	0.593153	0.044770
283.750000	1	1.420761	0.315871	2.696638	0.308433
284.000000	0	0.120429	0.004493	0.450606	0.045544
284.000000	1	1.413321	0.139418	2.033713	0.249248
284.250000	0	0.122364	0.009277	1.125519	0.067708
284.250000	1	1.419148	0.849675	2.232791	0.260680
284.500000	0	0.121888	0.019999	0.783459	0.061330
284.500000	1	1.458866	0.768939	2.618925	0.285320
284.750000	0	0.120138	0.009689	0.646866	0.049035
284.750000	1	1.382987	0.462679	2.130867	0.229272
285.000000	0	0.120034	0.012446	0.451495	0.046530
285.000000	1	1.412348	0.279861	2.515726	0.296968
285.250000	0	0.120767	0.003655	0.357610	0.042581
285.250000	1	1.464364	0.588730	2.480616	0.294299
285.500000	0	0.120547	0.006892	0.855299	0.052752
285.500000	1	1.418800	0.248498	2.494874	0.284233
285.750000	0	0.122731	0.009466	0.488886	0.042766
285.750000	1	1.447716	0.387848	2.471672	0.322686
286.000000	0	0.120498	0.009884	0.863754	0.053307
286.000000	1	1.428473	0.807935	2.177737	0.243618
286.250000	0	0.121726	0.010159	1.159464	0.061006
286.250000	1	1.447107	0.975153	2.306722	0.222469
286.500000	0	0.117279	0.004827	0.655249	0.046378
286.500000	1	1.400413	0.427921	2.058816	0.229378
286.750000	0	0.121312	0.014534	0.444475	0.043392
286.750000	1	1.423394	0.296130	2.104629	0.259954
287.000000	0	0.117028	0.012415	0.590738	0.039509
287.000000	1	1.489906	0.782661	2.951751	0.307568
287.250000	0	0.120201	0.008729	0.817034	0.055974
287.250000	1	1.465300	0.666196	2.627888	0.263078
287.500000	0	0.121534	0.006339	0.770294	0.047985
287.500000	1	1.416399	0.922612	2.438920	0.226802
287.750000	0	0.121700	0.025512	0.663742	0.051889
287.750000	1	1.485378	0.969419	2.804611	0.279354
288.000000	0	0.120214	0.019844	1.056034	0.055193
288.000000	1	1.438143	0.424992	2.818543	0.359217
288.250000	0	0.123660	0.009090	1.198424	0.065222
288.250000	1	1.472762	0.812238	2.878092	0.305666
288.500000	0	0.119033	0.005025	0.575485	0.044734
288.500000	1	1.396036	0.818490	2.326027	0.211245
288.750000	0	0.119465	0.010056	0.953640	0.051484
288.750000	1	1.422708	0.530354	2.976571	0.344171
289.000000	0	0.121277	0.005934	1.078915	0.058889
289.000000	1	1.441732	0.489379	2.323116	0.260189
289.250000	0	0.123351	0.005478	1.297970	0.087595
289.250000	1	1.459936	0.938672	2.739362	0.277716
289.500000	0	0.118955	0.005204	0.739973	0.050609
289.500000	1	1.414142	0.195026	2.641466	0.323401
289.750000	0	0.117097	0.009287	0.645023	0.048950
289.750000	1	1.411719	0.298504	2.606044	0.307823
290.000000	0	0.122018	0.012673	0.799337	0.052076
290.000000	1	1.401919	0.336817	2.749318	0.354968
290.250000	0	0.123264	0.017505	1.006192	0.068767
290.250000	1	1.463285	0.628671	2.917018	0.322849
290.500000	0	0.122465	0.014004	0.740282	0.055868
290.500000	1	1.432830	0.300067	2.318010	0.284845
290.750000	0	0.123132	0.018996	0.787239	0.055709
290.750000	1	1.488360	0.726093	2.723696	0.337575
291.000000	0	0.120063	0.028708	0.702875	0.047437
291.000000	1	1.395979	0.322902	2.163949	0.247851
291.250000	0	0.119803	0.009899	0.820705	0.050191
291.250000	1	1.382949	0.627946	2.657364	0.307483
291.500000	0	0.120181	0.017536	0.923470	0.052088
291.500000	1	1.501259	0.207934	2.514330	0.369362
291.750000	0	0.119310	0.017857	0.703191	0.045596
291.750000	1	1.518533	0.806505	8.796017	0.735075
292.000000	0	0.124110	0.009628	0.865879	0.060266
292.000000	1	1.456725	0.490404	2.363974	0.266466
292.250000	0	0.122536	0.027158	1.230196	0.072023
292.250000	1	1.423188	0.284093	2.785740	0.326656
292.500000	0	0.121358	0.012837	0.667021	0.051234
292.500000	1	1.459731	0.481053	3.049991	0.331490
292.750000	0	0.121347	0.016842	0.992824	0.052547
292.750000	1	1.419193	0.178605	2.906604	0.297403
293.000000	0	0.120966	0.012392	0.467958	0.041063
293.000000	1	1.419613	0.115634	2.635104	0.276789
293.250000	0	0.119597	0.017530	0.829295	0.050768
293.250000	1	1.443232	0.816552	2.727073	0.289835
293.500000	0	0.121230	0.004637	1.030643	0.058606
293.500000	1	1.442034	0.502979	2.644715	0.256179
293.750000	0	0.121887	0.012992	1.112835	0.065904
293.750000	1	1.459974	0.417125	3.131476	0.353571
294.000000	0	0.119297	0.022450	0.542676	0.047021
294.000000	1	1.473016	0.246072	2.453684	0.291820
294.250000	0	0.121045	0.017666	0.432175	0.042568
294.250000	1	1.380448	0.462443	2.203835	0.263276
294.500000	0	0.122431	0.008701	0.772249	0.054633
294.500000	1	1.432617	0.535438	2.718785	0.342512
294.750000	0	0.126385	0.019040	1.026006	0.073524
294.750000	1	1.513060	0.936206	2.749935	0.328048
295.000000	0	0.120754	0.027946	0.848988	0.047259
295.000000	1	1.433591	0.178075	2.212352	0.274077
295.250000	0	0.119850	0.009034	0.520816	0.043194
295.250000	1	1.429423	0.699960	2.441547	0.220116
295.500000	0	0.122212	0.012522	0.805215	0.051538
295.500000	1	1.459729	0.762199	2.508773	0.276989
295.750000	0	0.122781	0.015169	0.622246	0.048896
295.750000	1	1.427578	0.361782	2.277752	0.241047
296.000000	0	0.122314	0.019491	0.433010	0.043003
296.000000	1	1.419073	0.467292	3.883380	0.333820
296.250000	0	0.123273	0.012050	0.790189	0.060568
296.250000	1	1.395903	0.479023	2.102364	0.249591
296.500000	0	0.125615	0.002077	1.156853	0.073500
296.500000	1	1.393880	0.605372	2.568680	0.267533
296.750000	0	0.121177	0.002507	0.791178	0.047128
296.750000	1	1.480634	0.860979	2.524897	0.284300
297.000000	0	0.121608	0.001352	0.570365	0.047325
297.000000	1	1.382063	0.322066	2.498895	0.252097
297.250000	0	0.123769	0.005251	1.098411	0.059921
297.250000	1	1.416294	0.639163	2.242606	0.285066
297.500000	0	0.125148	0.012082	0.854723	0.065446
297.500000	1	1.472715	0.853423	2.443964	0.252672
297.750000	0	0.126470	0.003831	0.667410	0.061319
297.750000	1	1.441619	0.703809	2.628979	0.296105
298.000000	0	0.123779	0.017006	0.531112	0.047017
298.000000	1	1.430173	0.385105	2.286335	0.265084
298.250000	0	0.123378	0.018523	0.841036	0.060304
298.250000	1	1.394505	0.829962	2.464201	0.244807
298.500000	0	0.124933	0.012267	0.716113	0.055132
298.500000	1	1.470389	0.689218	2.788078	0.319136
298.750000	0	0.124174	0.018419	0.911655	0.054577
298.750000	1	1.433227	0.248413	2.493716	0.253348
299.000000	0	0.125331	0.021299	0.808928	0.058054
299.000000	1	1.463316	0.318973	3.057606	0.384316
299.250000	0	0.122435	0.014217	0.901036	0.058058
299.250000	1	1.392847	0.522896	2.104974	0.286643
299.500000	0	0.120625	0.026552	0.715959	0.049685
299.500000	1	1.393760	0.694707	2.082889	0.219184
299.750000	0	0.120521	0.011993	0.862287	0.054214
299.750000	1	1.452930	0.418411	2.682200	0.326576
300.000000	0	0.120460	0.015287	0.510497	0.044259
300.000000	1	1.466068	0.760520	4.655828	0.500023
300.250000	0	0.121794	0.004907	0.613669	0.047716
300.250000	1	1.421518	0.601656	2.328731	0.324188
300.500000	0	0.121126	0.010050	0.927607	0.057706
300.500000	1	1.491629	0.334412	3.662138	0.360307
300.750000	0	0.119899	0.016588	0.406410	0.042917
300.750000	1	1.448635	0.763443	2.552479	0.254803
301.000000	0	0.121050	0.009677	1.337761	0.064653
301.000000	1	1.399377	0.531735	1.986574	0.245777
301.250000	0	0.123911	0.019706	0.693525	0.057046
301.250000	1	1.471450	0.538042	2.697232	0.309077
301.500000	0	0.123689	0.003302	0.840946	0.055096
301.500000	1	1.456826	0.604089	2.423867	0.265537
301.750000	0	0.124321	0.015194	0.936320	0.065754
301.750000	1	1.439859	0.321335	2.590601	0.301659
302.000000	0	0.124090	0.002995	0.933463	0.055687
302.000000	1	1.443365	0.444935	2.787563	0.309779
302.250000	0	0.119550	0.012024	0.910254	0.052468
302.250000	1	1.453922	0.950964	2.946066	0.295423
302.500000	0	0.122533	0.006291	1.368928	0.072728
302.500000	1	1.407712	0.514211	3.023996	0.264302
302.750000	0	0.126034	0.006146	0.938135	0.067916
302.750000	1	1.433857	0.255518	2.438560	0.333226
303.000000	0	0.124504	0.012129	0.835270	0.060478
303.000000	1	1.415507	0.387003	2.560427	0.326987
303.250000	0	0.121375	0.022192	0.555467	0.043801
303.250000	1	1.417801	0.560490	3.015751	0.303769
303.500000	0	0.121953	0.029490	0.816365	0.049755
303.500000	1	1.514159	0.970584	2.355066	0.287051
303.750000	0	0.122001	0.006650	0.950812	0.058105
303.750000	1	1.419836	0.729982	2.315452	0.259286
304.000000	0	0.121263	0.020054	0.597099	0.047935
304.000000	1	1.479468	0.588490	2.610454	0.308109
304.250000	0	0.121243	0.008482	0.541540	0.047916
304.250000	1	1.400292	0.800891	2.335273	0.221484
304.500000	0	0.121359	0.018168	0.874823	0.059408
304.500000	1	1.442381	0.095269	2.884065	0.340082
304.750000	0	0.119524	0.005791	0.638360	0.049984
304.750000	1	1.428041	0.334131	2.797539	0.315876
305.000000	0	0.120150	0.010685	0.850868	0.051835
305.000000	1	1.436410	0.532490	2.788889	0.328557
305.250000	0	0.122462	0.022560	0.933671	0.060231
305.250000	1	1.532126	0.731320	3.404735	0.380850
305.500000	0	0.122441	0.010609	0.503887	0.041492
305.500000	1	1.414180	0.591809	2.228224	0.254374
305.750000	0	0.121842	0.018729	0.955520	0.055807
305.750000	1	1.439992	0.614543	2.675531	0.266140
306.000000	0	0.123177	0.015466	1.001642	0.056705
306.000000	1	1.453430	0.654876	2.684466	0.277898
306.250000	0	0.123194	0.007268	0.991857	0.062002
306.250000	1	1.426741	0.828801	2.304882	0.254374
306.500000	0	0.122261	0.027185	0.855681	0.054294
306.500000	1	1.384055	0.457011	2.237264	0.277170
306.750000	0	0.121607	0.018966	0.835759	0.054324
306.750000	1	1.449896	0.140851	2.413284	0.311947
307.000000	0	0.124668	0.015290	0.875751	0.053225
307.000000	1	1.430460	0.040691	3.148665	0.403993
307.250000	0	0.123921	0.006336	1.119764	0.067051
307.250000	1	1.492919	0.656724	2.941857	0.331490
307.500000	0	0.119898	0.021130	0.412910	0.042372
307.500000	1	1.456727	0.196383	2.311112	0.283032
307.750000	0	0.123588	0.014319	0.515305	0.045854
307.750000	1	1.406829	0.262893	2.980527	0.289108
308.000000	0	0.119745	0.012153	0.522033	0.043352
308.000000	1	1.454512	0.311613	2.794934	0.305869
308.250000	0	0.119268	0.007910	0.592223	0.046361
308.250000	1	1.462051	0.673496	2.362775	0.249061
308.500000	0	0.118589	0.018526	0.511852	0.042845
308.500000	1	1.426567	0.261910	2.997379	0.277952
308.750000	0	0.120850	0.019988	1.015160	0.057767
308.750000	1	1.471881	0.815445	3.670532	0.304974
309.000000	0	0.118743	0.004771	0.789852	0.054831
309.000000	1	1.442283	0.564213	2.420628	0.304361
309.250000	0	0.121102	0.008042	0.468286	0.042169
309.250000	1	1.438863	0.728736	2.480382	0.232672
309.500000	0	0.118721	0.020619	0.945056	0.048456
309.500000	1	1.406924	0.695425	2.078588	0.206424
309.750000	0	0.123219	0.007699	1.231605	0.069338
309.750000	1	1.462470	0.368138	2.817765	0.322525
310.000000	0	0.121601	0.012893	0.934528	0.053836
310.000000	1	1.472693	0.563141	3.116235	0.299188
310.250000	0	0.119905	0.017712	0.909100	0.051027
310.250000	1	1.456281	0.595516	2.900753	0.313092
310.500000	0	0.120584	0.007056	0.714411	0.047400
310.500000	1	1.436773	0.396944	5.485912	0.527626
310.750000	0	0.121820	0.015915	0.564553	0.048614
310.750000	1	1.449182	0.532449	2.311205	0.278350
311.000000	0	0.120715	0.012087	0.777208	0.054768
311.000000	1	1.440848	0.150712	2.296053	0.257092
311.250000	0	0.119501	0.020643	0.463637	0.042423
311.250000	1	1.442021	0.663011	2.202928	0.261300
311.500000	0	0.120629	0.006216	0.678683	0.048711
311.500000	1	1.444579	0.860643	2.133560	0.209541
311.750000	0	0.120507	0.018242	0.545892	0.044307
311.750000	1	1.433995	0.966470	2.304371	0.187811
312.000000	0	0.119070	0.012238	0.682926	0.046571
312.000000	1	1.440948	0.584895	2.411402	0.239897
312.250000	0	0.118030	0.015446	0.501014	0.043836
312.250000	1	1.477797	0.744773	3.241795	0.345995
312.500000	0	0.122744	0.006821	0.720854	0.051813
312.500000	1	1.498233	0.661160	3.328903	0.375476
312.750000	0	0.117062	0.001841	0.358421	0.040811
312.750000	1	1.418191	0.795675	2.215885	0.202482
313.000000	0	0.120191	0.016459	0.638698	0.048415
313.000000	1	1.428684	0.566782	2.241794	0.258747
313.250000	0	0.122212	0.010315	0.570064	0.048426
313.250000	1	1.440258	0.171172	2.762489	0.307731
313.500000	0	0.121565	0.011010	0.967068	0.071523
313.500000	1	1.447791	0.490488	2.767805	0.354210
313.750000	0	0.119681	0.022553	0.575002	0.042116
313.750000	1	1.465853	0.704959	2.576931	0.294672
314.000000	0	0.120406	0.007256	0.676876	0.051101
314.000000	1	1.439461	0.749147	2.777409	0.247049
314.250000	0	0.118946	0.023319	0.550200	0.045011
314.250000	1	1.424911	0.678295	2.649532	0.277293
314.500000	0	0.122082	0.009296	0.696594	0.051005
314.500000	1	1.428101	0.503543	2.679746	0.267999
314.750000	0	0.124250	0.017529	0.983769	0.060662
314.750000	1	1.473993	0.757660	2.696663	0.306772
315.000000	0	0.120208	0.008311	0.642128	0.046654
315.000000	1	1.448631	0.414137	2.424535	0.263688
315.250000	0	0.118860	0.012831	0.993381	0.049134
315.250000	1	1.515047	0.818305	4.159201	0.445988
315.500000	0	0.116115	0.010186	0.506082	0.041706
315.500000	1	1.420085	0.764529	2.049196	0.221568
315.750000	0	0.120726	0.016157	0.521540	0.044248
315.750000	1	1.452408	0.886553	2.448228	0.249725
316.000000	0	0.119357	0.006531	1.033730	0.053700
316.000000	1	1.372104	0.579145	2.452239	0.282527
316.250000	0	0.120165	0.013514	0.620449	0.044457
316.250000	1	1.431539	0.187791	2.333085	0.271595
316.500000	0	0.119753	0.022522	0.493387	0.042908
316.500000	1	1.408934	0.814768	2.221658	0.253832
316.750000	0	0.120016	0.014685	0.615289	0.047167
316.750000	1	1.411235	0.252223	2.652282	0.344962
317.000000	0	0.123391	0.001445	0.741178	0.062991
317.000000	1	1.403503	0.695504	2.259277	0.282836
317.250000	0	0.122260	0.016056	1.401551	0.067808
317.250000	1	1.437396	0.786659	2.755429	0.325847
317.500000	0	0.122388	0.018729	1.048756	0.058690
317.500000	1	1.509418	0.543914	3.418446	0.402166
317.750000	0	0.122134	0.003187	1.527083	0.065786
317.750000	1	1.391695	0.682382	2.146491	0.223412
318.000000	0	0.122867	0.008755	0.523311	0.051525
318.000000	1	1.500462	0.515554	2.668863	0.318103
318.250000	0	0.121481	0.015339	0.687734	0.052030
318.250000	1	1.439861	0.016637	2.596275	0.324065
318.500000	0	0.118906	0.006621	0.775199	0.045495
318.500000	1	1.431529	0.579614	2.583361	0.276820
318.750000	0	0.120764	0.012846	0.656964	0.050271
318.750000	1	1.434931	0.647664	2.187584	0.254985
319.000000	0	0.121127	0.004617	0.927586	0.061551
319.000000	1	1.410453	0.146384	2.099165	0.209277
319.250000	0	0.119679	0.003212	0.750265	0.052026
319.250000	1	1.449711	0.702615	3.054002	0.315883
319.500000	0	0.121771	0.009472	0.664564	0.053117
319.500000	1	1.457319	0.425903	3.207890	0.331449
319.750000	0	0.118852	0.018557	0.717227	0.044102
319.750000	1	1.444803	0.594542	3.218260	0.289775
320.000000	0	0.120089	0.017157	0.590730	0.045882
320.000000	1	1.448529	0.504719	2.409988	0.293983
320.250000	0	0.121099	0.006836	0.861555	0.049503
320.250000	1	1.392987	0.361154	2.217409	0.270632
320.500000	0	0.124874	0.015994	0.814783	0.052630
320.500000	1	1.463515	0.383555	2.766469	0.316368
320.750000	0	0.123565	0.009741	1.282644	0.075000
320.750000	1	1.431932	0.160322	2.744676	0.307954
321.000000	0	0.119283	0.017232	0.862771	0.054918
321.000000	1	1.412006	0.324405	2.542540	0.269123
321.250000	0	0.121995	0.020360	1.082440	0.056769
321.250000	1	1.416576	0.475150	2.280688	0.254106
321.500000	0	0.119703	0.012656	0.479659	0.044215
321.500000	1	1.442433	0.570228	2.243985	0.267061
321.750000	0	0.122109	0.006841	1.169115	0.058274
321.750000	1	1.429427	0.623859	2.602923	0.288446
322.000000	0	0.122467	0.018026	0.833709	0.055457
322.000000	1	1.406432	0.265895	2.242669	0.267566
322.250000	0	0.124228	0.007911	1.052242	0.065560
322.250000	1	1.454504	0.609966	2.327947	0.255847
322.500000	0	0.120019	0.010894	0.384871	0.042694
322.500000	1	1.433342	0.648745	2.871985	0.285879
322.750000	0	0.124347	0.006323	1.137125	0.063129
322.750000	1	1.455202	0.184054	2.790306	0.356986
323.000000	0	0.120725	0.011802	1.274732	0.067254
323.000000	1	1.475037	0.903775	3.150988	0.297459
323.250000	0	0.119043	0.011438	0.338525	0.035864
323.250000	1	1.466744	0.807690	3.250833	0.308235
323.500000	0	0.117814	0.015516	0.532062	0.039288
323.500000	1	1.474864	0.518887	3.415919	0.395070
323.750000	0	0.119418	0.019745	1.013712	0.055028
323.750000	1	1.444029	0.576608	2.396006	0.264216
324.000000	0	0.122259	0.007382	1.216179	0.059190
324.000000	1	1.430712	0.681872	2.460108	0.271648
324.250000	0	0.122785	0.005146	0.942608	0.061564
324.250000	1	1.405397	0.547625	2.519504	0.267320
324.500000	0	0.122277	0.015273	0.691245	0.050024
324.500000	1	1.422793	0.558364	2.472299	0.273033
324.750000	0	0.120662	0.032979	0.852706	0.048081
324.750000	1	1.405328	0.453411	2.459379	0.302772
325.000000	0	0.122511	0.009933	1.163934	0.058541
325.000000	1	1.426561	0.393699	3.560111	0.354432
325.250000	0	0.124558	0.016213	0.923437	0.057758
325.250000	1	1.448492	0.749891	2.884647	0.334467
325.500000	0	0.120009	0.007021	0.693336	0.050676
325.500000	1	1.430758	0.416042	2.640373	0.301685
325.750000	0	0.126403	0.003801	1.305666	0.081151
325.750000	1	1.404299	0.366201	2.472089	0.292813
326.000000	0	0.120267	0.018577	0.801921	0.052385
326.000000	1	1.464281	0.933337	2.528509	0.267786
326.250000	0	0.119072	0.012166	0.487992	0.042555
326.250000	1	1.442923	0.125654	2.767720	0.298503
326.500000	0	0.118551	0.020630	0.612835	0.043252
326.500000	1	1.423357	0.516274	2.342521	0.264298
326.750000	0	0.121546	0.011305	0.823886	0.054756
326.750000	1	1.386648	0.097654	2.493071	0.311380
327.000000	0	0.123315	0.026571	0.925762	0.065803
327.000000	1	1.459118	0.652581	2.951776	0.322100
327.250000	0	0.119036	0.005950	0.446779	0.041547
327.250000	1	1.406099	0.236865	2.626922	0.287166
327.500000	0	0.120885	0.023314	0.647198	0.043789
327.500000	1	1.482351	0.906244	2.936920	0.327963
327.750000	0	0.121882	0.010147	1.039546	0.061196
327.750000	1	1.465817	0.641110	2.116815	0.234422
328.000000	0	0.121874	0.021263	0.875878	0.056665
328.000000	1	1.426089	0.608904	2.525685	0.251774
328.250000	0	0.122544	0.016795	1.143210	0.069960
328.250000	1	1.521875	0.409714	3.988527	0.447008
328.500000	0	0.118847	0.002561	0.487765	0.043276
328.500000	1	1.414381	0.707649	2.561252	0.250704
328.750000	0	0.123156	0.003254	0.935291	0.058301
328.750000	1	1.452343	0.526758	3.186438	0.356691
329.000000	0	0.124147	0.010206	0.857102	0.062096
329.000000	1	1.410868	0.230845	2.595978	0.330069
329.250000	0	0.121350	0.017594	0.478491	0.046439
329.250000	1	1.451762	0.340194	2.528904	0.304079
329.500000	0	0.124112	0.010946	1.960680	0.083012
329.500000	1	1.478027	0.704509	3.489816	0.341399
329.750000	0	0.120410	0.009394	0.978883	0.053775
329.750000	1	1.427159	0.371433	2.525554	0.292226
330.000000	0	0.123483	0.016450	1.128183	0.072140
330.000000	1	1.417831	0.348598	2.612660	0.284891
330.250000	0	0.124417	0.005046	1.246651	0.077165
330.250000	1	1.483417	0.474420	2.832641	0.293665
330.500000	0	0.118384	0.007305	0.410080	0.040607
330.500000	1	1.404650	0.448436	2.248655	0.266073
330.750000	0	0.120688	0.024766	0.396198	0.043231
330.750000	1	1.439858	0.737235	2.441975	0.276781
331.000000	0	0.125342	0.009823	0.997295	0.062498
331.000000	1	1.466064	0.786989	2.493140	0.295231
331.250000	0	0.122074	0.011390	1.036741	0.057818
331.250000	1	1.437738	0.649369	2.733547	0.277970
331.500000	0	0.121085	0.016038	0.799879	0.051435
331.500000	1	1.447370	0.641101	2.905141	0.340790
331.750000	0	0.123133	0.013397	0.585715	0.046197
331.750000	1	1.416613	0.620564	2.179194	0.228970
332.000000	0	0.123746	0.002020	0.754401	0.055863
332.000000	1	1.495536	0.563049	2.965796	0.334755
332.250000	0	0.119785	0.005488	0.650262	0.049826
332.250000	1	1.449556	0.760316	3.363180	0.308262
332.500000	0	0.120772	0.010682	0.921924	0.050133
332.500000	1	1.424515	0.577978	2.522781	0.283516
332.750000	0	0.122660	0.008157	0.754435	0.053482
332.750000	1	1.442828	0.364753	2.749165	0.306821
333.000000	0	0.121331	0.023463	0.529570	0.046818
333.000000	1	1.435457	0.820692	2.477411	0.247002
333.250000	0	0.123218	0.015302	0.980601	0.055550
333.250000	1	1.463803	0.901368	2.891691	0.299766
333.500000	0	0.118846	0.015672	0.595317	0.043343
333.500000	1	1.392605	0.530977	2.710493	0.255782
333.750000	0	0.119432	0.003677	0.602480	0.047591
333.750000	1	1.424999	0.123731	2.529048	0.328320
334.000000	0	0.122614	0.008251	0.989329	0.060977
334.000000	1	1.415110	0.339201	3.074476	0.324376
334.250000	0	0.117047	0.012011	0.644386	0.045074
334.250000	1	1.472034	0.648106	2.856494	0.342538
334.500000	0	0.122357	0.004599	0.605297	0.047626
334.500000	1	1.470457	0.557966	5.349204	0.555308
334.750000	0	0.119574	0.013898	0.546288	0.045304
334.750000	1	1.449639	0.645511	2.626614	0.295396
335.000000	0	0.119002	0.009442	0.695173	0.050119
335.000000	1	1.430079	0.715538	3.053159	0.311890
335.250000	0	0.124552	0.022504	1.042293	0.067226
335.250000	1	1.482054	0.666983	2.950537	0.336528
335.500000	0	0.119849	0.007558	0.776334	0.047175
335.500000	1	1.421151	0.515218	2.639684	0.266930
335.750000	0	0.121303	0.010385	1.010971	0.062905
335.750000	1	1.448027	0.445726	2.656907	0.339464
336.000000	0	0.120997	0.014883	0.372125	0.042242
336.000000	1	1.465782	0.578215	2.583736	0.299845
336.250000	0	0.121856	0.015846	0.829981	0.050897
336.250000	1	1.382436	0.105159	2.175954	0.279544
336.500000	0	0.122098	0.023917	0.722828	0.049204
336.500000	1	1.412256	0.301000	2.527938	0.307040
336.750000	0	0.125271	0.025781	1.176633	0.076459
336.750000	1	1.461955	0.118594	3.262793	0.402691
337.000000	0	0.121713	0.010961	1.081774	0.064904
337.000000	1	1.489004	0.555480	4.135927	0.390437
337.250000	0	0.122029	0.007936	0.698918	0.050993
337.250000	1	1.445922	0.383658	3.204494	0.345972
337.500000	0	0.121403	0.007860	0.975277	0.067742
337.500000	1	1.531181	0.560464	2.786860	0.331762
337.750000	0	0.116302	0.016711	0.774637	0.045294
337.750000	1	1.413748	0.750243	2.745536	0.292679
338.000000	0	0.120640	0.018268	0.656493	0.050397
338.000000	1	1.442748	0.612464	2.880749	0.305841
338.250000	0	0.120105	0.005498	1.146166	0.057254
338.250000	1	1.438828	0.581056	2.523678	0.238748
338.500000	0	0.120509	0.014402	0.455419	0.041607
338.500000	1	1.414820	0.892999	3.801702	0.342666
338.750000	0	0.123522	0.000878	0.706190	0.058808
338.750000	1	1.446771	0.656351	2.816677	0.289680
339.000000	0	0.120505	0.001783	0.894858	0.051168
339.000000	1	1.414383	0.780948	2.647808	0.262732
339.250000	0	0.118958	0.018275	0.399711	0.038743
339.250000	1	1.430855	0.952310	3.224631	0.295288
339.500000	0	0.123969	0.017123	0.753596	0.053447
339.500000	1	1.408733	0.092291	2.669939	0.332728
339.750000	0	0.122363	0.005876	0.774499	0.058191
339.750000	1	1.440616	0.787459	3.991432	0.341405
340.000000	0	0.123961	0.005386	0.457568	0.049698
340.000000	1	1.404340	0.313592	2.271972	0.302100
340.250000	0	0.125788	0.022199	0.671235	0.055159
340.250000	1	1.426211	0.511579	2.484989	0.278949
340.500000	0	0.123066	0.018607	0.851073	0.055858
340.500000	1	1.409255	0.319442	2.257109	0.304967
340.750000	0	0.126982	0.018112	1.395813	0.081995
340.750000	1	1.416834	0.120680	2.630649	0.339831
341.000000	0	0.127611	0.015002	0.814114	0.070930
341.000000	1	1.435219	0.712573	2.640898	0.282507
341.250000	0	0.119981	0.008064	1.158285	0.066138
341.250000	1	1.457520	0.879866	2.456164	0.266633
341.500000	0	0.122503	0.007040	0.973527	0.060114
341.500000	1	1.452924	0.584909	3.016753	0.269622
341.750000	0	0.124595	0.015694	1.205772	0.073096
341.750000	1	1.452469	0.407469	2.497937	0.310990
342.000000	0	0.123504	0.009069	0.793379	0.052973
342.000000	1	1.416370	0.450248	2.536994	0.293669
342.250000	0	0.121286	0.007711	1.053552	0.061284
342.250000	1	1.480948	0.737512	3.616798	0.351807
342.500000	0	0.119471	0.014588	0.667742	0.046719
342.500000	1	1.472552	0.712904	2.536093	0.300599
342.750000	0	0.122994	0.006025	1.002815	0.065779
342.750000	1	1.437734	0.278954	3.261042	0.327731
343.000000	0	0.118896	0.010741	0.484124	0.043574
343.000000	1	1.454433	0.580087	2.481154	0.275005
343.250000	0	0.122509	0.014430	1.301487	0.070290
343.250000	1	1.389598	0.633818	2.920329	0.255948
343.500000	0	0.121578	0.009468	0.653838	0.049377
343.500000	1	1.426523	0.266129	2.567447	0.319642
343.750000	0	0.122268	0.033980	0.983557	0.067695
343.750000	1	1.442239	0.523519	2.406372	0.291337
344.000000	0	0.118844	0.019579	0.815369	0.048479
344.000000	1	1.460731	0.670498	3.018012	0.312958
344.250000	0	0.124908	0.009059	2.690698	0.112207
344.250000	1	1.464135	0.317087	2.458611	0.303054
344.500000	0	0.118743	0.010204	0.970337	0.054153
344.500000	1	1.411745	0.324279	3.094640	0.297547
344.750000	0	0.120183	0.007603	0.697319	0.044767
344.750000	1	1.428748	0.270966	2.427618	0.264390
345.000000	0	0.117975	0.004290	0.324636	0.038663
345.000000	1	1.456232	0.591901	2.299744	0.246175
345.250000	0	0.117736	0.018771	0.343854	0.035565
345.250000	1	1.416375	0.746495	2.279358	0.234599
345.500000	0	0.116712	0.004054	0.907939	0.054295
345.500000	1	1.440208	0.964427	3.702455	0.311288
345.750000	0	0.118066	0.010714	0.721035	0.044059
345.750000	1	1.386093	0.590866	2.025995	0.241921
346.000000	0	0.122287	0.017604	0.685189	0.046726
346.000000	1	1.486909	0.686213	2.673564	0.257925
346.250000	0	0.120692	0.019425	0.684686	0.048740
346.250000	1	1.357214	0.370392	2.275288	0.259689
346.500000	0	0.120854	0.004368	0.793363	0.052075
346.500000	1	1.424491	0.526663	2.238721	0.268376
346.750000	0	0.121702	0.009310	1.108170	0.058726
346.750000	1	1.436869	0.493333	3.517950	0.352826
347.000000	0	0.121700	0.013988	0.942216	0.058724
347.000000	1	1.433480	0.380669	2.667391	0.339308
347.250000	0	0.122507	0.017237	0.712946	0.055958
347.250000	1	1.434191	0.530608	2.743260	0.299723
347.500000	0	0.122008	0.018680	0.681137	0.048993
347.500000	1	1.402109	0.599133	2.223610	0.247088
347.750000	0	0.120180	0.008453	0.672289	0.043899
347.750000	1	1.459460	0.685825	3.589189	0.352968
348.000000	0	0.121678	0.006674	1.148044	0.070694
348.000000	1	1.419624	0.123673	2.688958	0.389105
348.250000	0	0.117556	0.017850	0.483644	0.044859
348.250000	1	1.428966	0.285070	2.276122	0.282494
348.500000	0	0.121266	0.003389	0.974643	0.054187
348.500000	1	1.389190	0.780667	2.217946	0.245844
348.750000	0	0.123399	0.011700	0.935738	0.058845
348.750000	1	1.470644	0.877923	2.455721	0.298948
349.000000	0	0.121065	0.020668	0.421697	0.041743
349.000000	1	1.486601	0.699912	4.650297	0.456719
349.250000	0	0.120808	0.020228	0.816934	0.050965
349.250000	1	1.408764	0.710736	2.641358	0.273188
349.500000	0	0.124724	0.009580	1.112368	0.071436
349.500000	1	1.453395	0.514357	3.284392	0.359007
349.750000	0	0.118307	0.013285	0.966935	0.053426
349.750000	1	1.439975	0.634183	2.226500	0.231248
350.000000	0	0.120307	0.009749	0.505781	0.042411
350.000000	1	1.417735	0.242334	3.082833	0.311328
350.250000	0	0.119856	0.018469	0.718433	0.046822
350.250000	1	1.452315	0.514336	2.919971	0.287572
350.500000	0	0.118156	0.004759	0.814623	0.048820
350.500000	1	1.426941	0.825096	2.752351	0.257897
350.750000	0	0.121632	0.008336	1.312061	0.069276
350.750000	1	1.499887	0.351723	3.874960	0.466032
351.000000	0	0.123069	0.017407	0.735367	0.054666
351.000000	1	1.432674	0.796889	2.717412	0.266401
351.250000	0	0.122949	0.007351	1.473539	0.073570
351.250000	1	1.428653	0.330910	3.053397	0.356810
351.500000	0	0.121683	0.012418	0.906209	0.052149
351.500000	1	1.421979	0.217488	3.563994	0.365773
351.750000	0	0.121043	0.010131	1.031183	0.056476
351.750000	1	1.442557	0.812488	2.666135	0.270712
352.000000	0	0.119655	0.008869	0.548653	0.043490
352.000000	1	1.432262	0.752850	2.519617	0.268640
352.250000	0	0.122729	0.014121	0.745605	0.053839
352.250000	1	1.471209	0.422166	2.988144	0.336377
352.500000	0	0.123840	0.003015	1.128655	0.067203
352.500000	1	1.437668	0.528501	2.519273	0.352590
352.750000	0	0.124630	0.018760	0.590748	0.053795
352.750000	1	1.417227	0.344448	2.474373	0.325303
353.000000	0	0.125020	0.006776	1.004940	0.070671
353.000000	1	1.439200	0.776736	2.317537	0.247934
353.250000	0	0.121875	0.020894	0.513050	0.048250
353.250000	1	1.429207	0.525398	2.718127	0.256120
353.500000	0	0.121575	0.001617	0.988398	0.067303
353.500000	1	1.474879	0.625119	2.995456	0.326931
353.750000	0	0.123084	0.015561	0.840176	0.056873
353.750000	1	1.450788	0.725177	2.573374	0.290285
354.000000	0	0.124563	0.011619	0.955776	0.062908
354.000000	1	1.452861	0.412347	3.327217	0.375239
354.250000	0	0.124477	0.011653	0.665023	0.054531
354.250000	1	1.393939	0.447906	2.631647	0.313316
354.500000	0	0.121971	0.009453	0.954059	0.060929
354.500000	1	1.459654	0.847027	2.980065	0.352682
354.750000	0	0.121661	0.002229	1.015105	0.068086
354.750000	1	1.419364	0.373723	2.554445	0.342670
355.000000	0	0.118789	0.009496	0.840255	0.047619
355.000000	1	1.414590	0.380675	3.168271	0.345701
355.250000	0	0.121854	0.005436	0.605387	0.048418
355.250000	1	1.461001	0.843513	2.617712	0.269026
355.500000	0	0.121879	0.009122	1.016369	0.066171
355.500000	1	1.460562	0.431936	3.109707	0.340081
355.750000	0	0.121591	0.024562	0.375785	0.042562
355.750000	1	1.457290	0.575044	2.387460	0.320042
356.000000	0	0.122803	0.011417	1.003674	0.062875
356.000000	1	1.397549	0.552855	2.424589	0.281030
356.250000	0	0.120942	0.009194	0.945942	0.057667
356.250000	1	1.441147	0.595331	2.739668	0.282659
356.500000	0	0.120010	0.011196	0.788209	0.048213
356.500000	1	1.444811	0.655333	2.526872	0.281165
356.750000	0	0.122589	0.011540	0.756766	0.050237
356.750000	1	1.421721	0.346723	2.393782	0.251634
357.000000	0	0.120544	0.011472	0.619791	0.050185
357.000000	1	1.436710	0.764817	2.884628	0.291445
357.250000	0	0.120900	0.012590	0.476569	0.049887
357.250000	1	1.442754	0.640469	2.603722	0.303331
357.500000	0	0.124130	0.011534	1.033059	0.065994
357.500000	1	1.403335	0.810852	2.628061	0.242319
357.750000	0	0.124020	0.014970	0.852606	0.059940
357.750000	1	1.409227	0.513362	2.331948	0.240610
358.000000	0	0.124114	0.004423	1.071582	0.073643
358.000000	1	1.473474	0.617258	2.234936	0.303103
358.250000	0	0.121879	0.013648	1.161020	0.065214
358.250000	1	1.389936	0.577079	2.094155	0.230613
358.500000	0	0.120281	0.001652	0.878822	0.058538
358.500000	1	1.450367	0.307656	2.577643	0.314955
358.750000	0	0.121979	0.015497	0.713952	0.051565
358.750000	1	1.409353	0.387745	2.324757	0.256779
359.000000	0	0.125312	0.012163	1.109099	0.069830
359.000000	1	1.431840	0.343154	2.517787	0.363027
359.250000	0	0.125445	0.024316	0.524597	0.051881
359.250000	1	1.386017	0.343208	2.631008	0.335041
359.500000	0	0.124148	0.005430	1.051838	0.062040
359.500000	1	1.480848	0.654731	2.671189	0.326967
359.750000	0	0.124980	0.012465	1.235705	0.070253
359.750000	1	1.480875	0.895571	3.416858	0.338275
360.000000	0	0.121396	0.013950	0.925088	0.055984
360.000000	1	1.431287	0.592888	2.088113	0.219140
360.250000	0	0.121843	0.018265	0.810163	0.058360
360.250000	1	1.413872	0.174234	2.194215	0.242143
360.500000	0	0.122664	0.016097	1.525084	0.069503
360.500000	1	1.462803	0.321526	3.548891	0.344645
360.750000	0	0.122195	0.012840	0.632161	0.051412
360.750000	1	1.434925	0.238854	2.974214	0.317676
361.000000	0	0.124011	0.005792	1.163509	0.068751
361.000000	1	1.416693	0.366500	2.367890	0.302311
361.250000	0	0.123161	0.007263	1.006592	0.060738
361.250000	1	1.448855	0.539372	2.538704	0.281769
361.500000	0	0.121343	0.004508	0.799663	0.052901
361.500000	1	1.422278	0.387878	2.023208	0.226440
361.750000	0	0.123634	0.015183	1.031374	0.062727
361.750000	1	1.403048	0.684499	2.880276	0.300349
362.000000	0	0.124268	0.014411	1.120582	0.066604
362.000000	1	1.393469	0.303141	2.549000	0.298531
362.250000	0	0.125668	0.005726	1.042933	0.067455
362.250000	1	1.458137	0.571063	4.457761	0.432128
362.500000	0	0.122716	0.009190	1.027035	0.068380
362.500000	1	1.441696	0.145811	2.451221	0.311406
362.750000	0	0.121661	0.009101	1.038312	0.064354
362.750000	1	1.475147	0.819677	2.315017	0.243251
363.000000	0	0.119425	0.005324	0.486537	0.040810
363.000000	1	1.392042	0.265048	2.085828	0.239780
363.250000	0	0.121442	0.006325	1.724805	0.077280
363.250000	1	1.517925	0.077463	5.239455	0.509112
363.500000	0	0.120660	0.010878	0.567444	0.049336
363.500000	1	1.458974	0.697059	2.789411	0.315891
363.750000	0	0.122531	0.008720	0.920074	0.061093
363.750000	1	1.467447	0.424342	2.958055	0.338677
364.000000	0	0.120672	0.017676	0.452467	0.049128
364.000000	1	1.432595	0.691543	2.739406	0.278740
364.250000	0	0.120932	0.012285	0.884878	0.050657
364.250000	1	1.439262	0.526627	3.224039	0.338378
364.500000	0	0.119533	0.005409	0.525091	0.044769
364.500000	1	1.501688	0.563257	4.349958	0.459149
364.750000	0	0.119618	0.005733	0.665227	0.048277
364.750000	1	1.414851	0.742840	2.380992	0.237163
365.000000	0	0.123563	0.009440	0.912283	0.060374
365.000000	1	1.419681	0.750576	2.637465	0.271997
365.250000	0	0.121420	0.007575	1.031504	0.057137
365.250000	1	1.427870	0.513236	2.674938	0.271800
365.500000	0	0.117652	0.011284	0.444688	0.041786
365.500000	1	1.416675	0.335618	2.843688	0.315693
365.750000	0	0.126057	0.009078	0.719953	0.063981
365.750000	1	1.482056	0.600682	2.791704	0.349874
366.000000	0	0.122508	0.008379	1.092331	0.059198
366.000000	1	1.432778	0.024504	2.691719	0.339413
366.250000	0	0.119962	0.011099	0.482689	0.048148
366.250000	1	1.406436	0.341347	2.423447	0.293118
366.500000	0	0.121178	0.004038	0.590049	0.050199
366.500000	1	1.420528	0.711944	2.501631	0.281084
366.750000	0	0.124187	0.005828	0.936261	0.055967
366.750000	1	1.447269	0.665475	2.435715	0.297348
367.000000	0	0.123799	0.015921	0.775968	0.058521
367.000000	1	1.393717	0.510656	3.283677	0.336151
367.250000	0	0.126379	0.010823	0.944456	0.058953
367.250000	1	1.429181	0.388294	2.461515	0.285538
367.500000	0	0.121687	0.019342	0.516857	0.046228
367.500000	1	1.436167	1.015390	2.241136	0.199120
367.750000	0	0.122037	0.010735	1.223046	0.063364
367.750000	1	1.404868	0.662902	2.091086	0.232396
368.000000	0	0.121853	0.012360	0.848833	0.054087
368.000000	1	1.473892	0.476494	5.886482	0.537117
368.250000	0	0.121435	0.007258	0.895780	0.057573
368.250000	1	1.465953	0.405908	4.247097	0.406002
368.500000	0	0.125326	0.017716	1.186057	0.071786
368.500000	1	1.455366	0.576711	2.746686	0.287253
368.750000	0	0.123331	0.008588	1.057667	0.059795
368.750000	1	1.429654	0.315907	2.366242	0.284631
369.000000	0	0.118576	0.009676	0.850722	0.052418
369.000000	1	1.388099	0.068403	2.199597	0.313655
369.250000	0	0.121841	0.003063	0.846001	0.050173
369.250000	1	1.402777	0.713342	2.255137	0.244552
369.500000	0	0.120525	0.007726	0.893337	0.053894
369.500000	1	1.432937	0.687351	2.389790	0.255586
369.750000	0	0.122646	0.011201	1.191032	0.067261
369.750000	1	1.405736	0.388390	2.598611	0.293845
370.000000	0	0.119878	0.014468	0.396674	0.044528
370.000000	1	1.428278	0.291181	2.255947	0.305770
370.250000	0	0.123325	0.015179	0.769835	0.055902
370.250000	1	1.442612	0.566905	2.621349	0.301097
370.500000	0	0.119884	0.014681	0.491664	0.041999
370.500000	1	1.422777	0.803600	3.622448	0.342784
370.750000	0	0.123494	0.030686	1.052227	0.056883
370.750000	1	1.481050	0.257068	3.032666	0.396520
371.000000	0	0.125626	0.014729	0.863934	0.062039
371.000000	1	1.414617	0.808213	2.794830	0.269916
371.250000	0	0.121260	0.021829	0.818588	0.060370
371.250000	1	1.458573	0.481785	2.895756	0.293275
371.500000	0	0.124974	0.015886	0.745787	0.048557
371.500000	1	1.452137	0.733306	2.697629	0.285460
371.750000	0	0.121536	0.010410	0.793302	0.052127
371.750000	1	1.452253	0.669631	2.521587	0.285110
372.000000	0	0.119770	0.013762	0.510221	0.042539
372.000000	1	1.385666	0.713166	2.484825	0.251173
372.250000	0	0.119591	0.012489	1.016187	0.057362
372.250000	1	1.388491	0.703989	2.152155	0.234922
372.500000	0	0.122730	0.022920	1.018880	0.058983
372.500000	1	1.460490	0.897480	2.223354	0.255815
372.750000	0	0.122855	0.017766	0.973518	0.063039
372.750000	1	1.435862	0.980984	2.489142	0.262267
373.000000	0	0.120635	0.017109	0.357410	0.042548
373.000000	1	1.428207	0.547846	2.255011	0.237929
373.250000	0	0.121769	0.009480	1.170742	0.063301
373.250000	1	1.456419	0.550440	2.600889	0.342010
373.500000	0	0.120435	0.016955	0.720054	0.048571
373.500000	1	1.413338	0.538432	2.151326	0.270146
373.750000	0	0.118679	0.009918	0.801136	0.050995
373.750000	1	1.380840	0.268322	2.400457	0.302085
374.000000	0	0.120636	0.010156	0.825558	0.056042
374.000000	1	1.470974	0.691148	2.969126	0.351093
374.250000	0	0.120834	0.016595	0.929206	0.056695
374.250000	1	1.446536	0.769678	2.234360	0.256420
374.500000	0	0.121135	0.015420	1.102879	0.056082
374.500000	1	1.382499	0.703214	2.281490	0.252311
374.750000	0	0.121686	0.009945	1.205324	0.064343
374.750000	1	1.466184	0.528330	3.000455	0.378328
375.000000	0	0.124817	0.025717	1.095869	0.070237
375.000000	1	1.453484	0.620229	2.652238	0.288819
375.250000	0	0.121771	0.021764	0.670016	0.057580
375.250000	1	1.366272	0.262236	1.922350	0.287535
375.500000	0	0.122297	0.004116	1.192197	0.063558
375.500000	1	1.483386	0.491565	2.343255	0.322336
375.750000	0	0.120944	0.002822	0.604177	0.048516
375.750000	1	1.450556	0.235507	3.197524	0.344449
376.000000	0	0.120638	0.030977	0.676585	0.049421
376.000000	1	1.430831	0.324438	2.922805	0.288590
376.250000	0	0.119999	0.005314	0.416335	0.043719
376.250000	1	1.460381	0.846009	2.757690	0.339952
376.500000	0	0.125447	0.014010	0.718802	0.061418
376.500000	1	1.420571	0.607403	2.486286	0.276215
376.750000	0	0.122490	0.005381	1.152168	0.070862
376.750000	1	1.457931	0.456488	2.737320	0.323511
377.000000	0	0.120606	0.014160	0.604523	0.049490
377.000000	1	1.432585	0.753615	2.911036	0.281468
377.250000	0	0.122877	0.011191	0.640028	0.052557
377.250000	1	1.457806	0.374114	2.448519	0.297991
377.500000	0	0.120546	0.006370	0.659593	0.047578
377.500000	1	1.428258	0.567153	2.507826	0.286870
377.750000	0	0.122172	0.009340	1.299689	0.072750
377.750000	1	1.470353	0.512457	3.327234	0.362282
378.000000	0	0.122573	0.006901	0.856297	0.059839
378.000000	1	1.386894	0.344297	2.226812	0.328140
378.250000	0	0.125085	0.020189	1.091620	0.066709
378.250000	1	1.414334	0.552767	2.242152	0.294690
378.500000	0	0.124145	0.008545	1.084413	0.069485
378.500000	1	1.435669	0.682860	2.633322	0.280356
378.750000	0	0.124171	0.014738	0.869243	0.059732
378.750000	1	1.425724	0.431364	2.199952	0.239958
379.000000	0	0.119127	0.018222	0.552551	0.044020
379.000000	1	1.407752	0.355182	2.504145	0.255449
379.250000	0	0.120237	0.017917	0.651970	0.047123
379.250000	1	1.441267	0.461731	2.541756	0.332641
379.500000	0	0.126429	0.008676	1.712855	0.081179
379.500000	1	1.447240	0.712822	2.517495	0.300753
379.750000	0	0.120988	0.012451	0.556362	0.046641
379.750000	1	1.447865	0.734033	2.783309	0.257149
380.000000	0	0.122127	0.008092	1.220202	0.063877
380.000000	1	1.498873	0.227765	2.989300	0.379621
380.250000	0	0.121537	0.004601	0.577267	0.044599
380.250000	1	1.432114	0.506471	2.854251	0.271354
380.500000	0	0.120493	0.014663	0.863929	0.052753
380.500000	1	1.464185	0.785006	2.566208	0.261382
380.750000	0	0.123873	0.009092	0.777813	0.054539
380.750000	1	1.449509	0.848259	2.175875	0.205199
381.000000	0	0.123328	0.000492	0.668378	0.055118
381.000000	1	1.431510	0.428766	2.282673	0.280649
381.250000	0	0.123266	0.014806	0.813992	0.052354
381.250000	1	1.429840	0.720716	3.123318	0.272479
381.500000	0	0.123164	0.027915	0.905946	0.057080
381.500000	1	1.416945	0.411759	2.401952	0.255204
381.750000	0	0.122639	0.011824	0.787806	0.054855
381.750000	1	1.380927	0.491628	2.295504	0.294827
382.000000	0	0.122608	0.016642	0.607502	0.048849
382.000000	1	1.443746	0.422804	3.810316	0.393236
382.250000	0	0.123286	0.011323	0.595397	0.052135
382.250000	1	1.463476	0.237267	2.344696	0.291604
382.500000	0	0.125297	0.005532	1.157348	0.062085
382.500000	1	1.422662	0.509262	2.793905	0.319134
382.750000	0	0.120857	0.011607	0.512328	0.047158
382.750000	1	1.464088	0.213724	3.141549	0.352001
383.000000	0	0.120968	0.009055	0.678827	0.046857
383.000000	1	1.435179	0.853097	2.518686	0.265836
383.250000	0	0.122168	0.006567	1.237638	0.070238
383.250000	1	1.402520	0.194345	2.562262	0.328763
383.500000	0	0.125563	0.006774	1.120483	0.070873
383.500000	1	1.439561	0.439945	2.652940	0.301764
383.750000	0	0.126380	0.005956	1.096447	0.067860
383.750000	1	1.463528	0.514829	2.568730	0.288421
384.000000	0	0.121007	0.015767	0.714003	0.045199
384.000000	1	1.391510	0.680791	2.032530	0.250955
384.250000	0	0.123416	0.014156	1.125187	0.067926
384.250000	1	1.434941	0.243379	3.729379	0.384294
384.500000	0	0.122219	0.021758	0.503429	0.045581
384.500000	1	1.437104	0.657338	2.613550	0.296639
384.750000	0	0.125880	0.026229	1.226876	0.075717
384.750000	1	1.416318	0.400249	2.344825	0.278457
385.000000	0	0.121621	0.012525	0.968660	0.055166
385.000000	1	1.402732	0.288350	2.950607	0.343535
385.250000	0	0.122625	0.008510	1.129949	0.060705
385.250000	1	1.445379	0.747943	2.540038	0.248494
385.500000	0	0.121083	0.012332	0.723502	0.049218
385.500000	1	1.447980	0.862792	2.369438	0.259672
385.750000	0	0.121828	0.018763	0.633366	0.047455
385.750000	1	1.475512	0.596196	3.705176	0.365522
386.000000	0	0.123814	0.003716	1.413994	0.082029
386.000000	1	1.447662	0.507635	2.651886	0.292552
386.250000	0	0.119653	0.011321	0.404244	0.040820
386.250000	1	1.428892	0.507471	3.090382	0.316508
386.500000	0	0.116276	0.005816	0.525059	0.041527
386.500000	1	1.419631	0.528514	2.464347	0.311113
386.750000	0	0.123291	0.010394	0.868361	0.063144
386.750000	1	1.415216	0.472756	2.554816	0.252560
387.000000	0	0.120506	0.019627	0.442002	0.041316
387.000000	1	1.439666	0.772516	2.691057	0.256086
387.250000	0	0.126467	0.007688	0.867882	0.067679
387.250000	1	1.439582	0.417200	2.539392	0.304232
387.500000	0	0.120527	0.013405	0.694452	0.047705
387.500000	1	1.453847	0.640091	2.595776	0.299704
387.750000	0	0.121785	0.016503	0.897152	0.057585
387.750000	1	1.435182	0.781644	2.522291	0.251094
388.000000	0	0.121279	0.014532	0.559261	0.051474
388.000000	1	1.461495	0.847184	3.444776	0.324006
388.250000	0	0.121798	0.008231	0.714745	0.055691
388.250000	1	1.387924	0.113056	2.718748	0.357780
388.500000	0	0.121678	0.009568	0.786354	0.056312
388.500000	1	1.457387	0.165399	2.962616	0.381937
388.750000	0	0.122585	0.006686	0.533760	0.049262
388.750000	1	1.425121	0.910228	2.177266	0.217584
389.000000	0	0.124408	0.017315	1.489084	0.074121
389.000000	1	1.439119	0.445334	3.567734	0.353976
389.250000	0	0.124126	0.012726	1.185965	0.065506
389.250000	1	1.429512	0.474277	2.642106	0.287227
389.500000	0	0.124152	0.027652	0.759638	0.055414
389.500000	1	1.399187	0.528798	2.032342	0.269417
389.750000	0	0.125985	0.009018	0.883950	0.057335
389.750000	1	1.400154	0.472394	2.483476	0.303974
390.000000	0	0.119533	0.015290	0.587263	0.043226
390.000000	1	1.464637	0.428283	3.505815	0.406059
390.250000	0	0.121429	0.027804	0.546992	0.049070
390.250000	1	1.463322	0.560733	2.270852	0.273551
390.500000	0	0.120737	0.011605	0.553814	0.048429
390.500000	1	1.387155	0.536451	2.185209	0.241211
390.750000	0	0.123239	0.006465	0.721556	0.055401
390.750000	1	1.418866	0.398638	2.501347	0.307064
391.000000	0	0.123036	0.010942	1.053691	0.057527
391.000000	1	1.435520	0.901594	2.468528	0.241916
391.250000	0	0.118887	0.017579	0.561433	0.044110
391.250000	1	1.463703	0.647777	2.320574	0.235854
391.500000	0	0.122678	0.021979	0.532433	0.049443
391.500000	1	1.433710	1.035707	2.394258	0.220017
391.750000	0	0.123723	0.014550	1.326922	0.080221
391.750000	1	1.478356	0.781401	2.738568	0.290406
392.000000	0	0.122137	0.011369	0.703877	0.048127
392.000000	1	1.454410	0.761179	2.901079	0.306765
392.250000	0	0.119582	0.012254	0.594586	0.043597
392.250000	1	1.442011	0.610056	2.467842	0.237967
392.500000	0	0.121416	0.007659	0.609495	0.052367
392.500000	1	1.443738	0.586453	2.994179	0.350095
392.750000	0	0.124794	0.022268	0.825883	0.062559
392.750000	1	1.446496	0.265389	2.966678	0.345152
393.000000	0	0.128724	0.013751	1.126741	0.077357
393.000000	1	1.448613	0.492144	2.617460	0.314255
393.250000	0	0.119857	0.008048	0.668599	0.050829
393.250000	1	1.424516	0.749855	2.571474	0.275833
393.500000	0	0.121176	0.012000	0.802193	0.056066
393.500000	1	1.435479	0.854752	2.123259	0.242174
393.750000	0	0.120702	0.010064	1.072844	0.057626
393.750000	1	1.412963	0.398986	2.387420	0.280810
394.000000	0	0.123094	0.006141	0.912387	0.056593
394.000000	1	1.440565	0.565292	2.513235	0.332405
394.250000	0	0.125411	0.008670	1.846849	0.092824
394.250000	1	1.471335	0.370165	2.477514	0.276484
394.500000	0	0.119172	0.017118	0.799098	0.048109
394.500000	1	1.392310	0.894669	2.169903	0.206370
394.750000	0	0.116006	0.007172	0.349148	0.037468
394.750000	1	1.401730	0.526404	2.949307	0.304342
395.000000	0	0.122046	0.008812	0.843247	0.054871
395.000000	1	1.402373	0.188590	3.203174	0.361589
395.250000	0	0.125129	0.016904	0.786595	0.057468
395.250000	1	1.462347	0.582474	2.430105	0.308938
395.500000	0	0.120026	0.004400	0.547493	0.046454
395.500000	1	1.444827	0.336448	2.504393	0.267578
395.750000	0	0.119607	0.017934	0.629973	0.044665
395.750000	1	1.413027	0.647565	2.665875	0.287228
396.000000	0	0.122494	0.024132	0.677832	0.046612
396.000000	1	1.420673	0.578189	2.932995	0.372841
396.250000	0	0.123814	0.020651	1.016012	0.075217
396.250000	1	1.478307	0.534832	2.816530	0.369240
396.500000	0	0.120825	0.004967	0.934205	0.050148
396.500000	1	1.492823	0.580587	2.655415	0.335724
396.750000	0	0.120918	0.005543	0.740823	0.049430
396.750000	1	1.420138	0.392719	3.023221	0.270337
397.000000	0	0.118291	0.008278	0.408837	0.040019
397.000000	1	1.422374	0.432692	2.330397	0.263995
397.250000	0	0.122157	0.008569	0.719842	0.051054
397.250000	1	1.465439	0.505205	4.389631	0.369972
397.500000	0	0.120411	0.009816	1.019785	0.053292
397.500000	1	1.418889	0.484427	2.508994	0.249515
397.750000	0	0.122123	0.015471	0.556615	0.040905
397.750000	1	1.395957	0.603644	2.478844	0.247759
398.000000	0	0.118671	0.006849	0.913301	0.053331
398.000000	1	1.410203	0.283040	2.218749	0.245359
398.250000	0	0.118096	0.021745	0.525106	0.044563
398.250000	1	1.393768	0.836310	2.451190	0.222142
398.500000	0	0.121237	0.010653	0.720785	0.049728
398.500000	1	1.471802	0.501210	2.492042	0.279346
398.750000	0	0.120787	0.010519	0.767411	0.048032
398.750000	1	1.478268	0.743700	3.029115	0.329948
399.000000	0	0.120666	0.012064	1.241830	0.064522
399.000000	1	1.433804	0.728392	2.591127	0.301692
399.250000	0	0.123401	0.006358	0.816922	0.061012
399.250000	1	1.504566	0.659729	3.205867	0.357734
399.500000	0	0.118865	0.012473	0.763782	0.046764
399.500000	1	1.466435	0.430018	2.423720	0.272635
399.750000	0	0.120651	0.021959	0.587201	0.046342
399.750000	1	1.450209	0.274200	2.499121	0.283272
400.000000	0	0.120034	0.008676	0.473385	0.043593
400.000000	1	1.401436	0.599895	2.004534	0.225204
400.250000	0	0.118888	0.008013	0.484627	0.043709
400.250000	1	1.447067	0.738337	2.745046	0.264634
400.500000	0	0.120688	0.021888	0.870996	0.054461
400.500000	1	1.423676	0.447104	2.677795	0.307371
400.750000	0	0.118761	0.010013	0.742074	0.046405
400.750000	1	1.459075	0.827881	3.040087	0.285737
401.000000	0	0.120859	0.020895	0.594198	0.049447
401.000000	1	1.411213	0.474408	2.715612	0.282349
401.250000	0	0.119206	0.008872	0.745334	0.052760
401.250000	1	1.428384	0.283863	2.493961	0.284624
401.500000	0	0.121632	0.012857	0.660706	0.052540
401.500000	1	1.397231	0.791878	2.636265	0.267368
401.750000	0	0.121511	0.003113	0.628190	0.051280
401.750000	1	1.459455	0.402111	3.143104	0.372149
402.000000	0	0.120222	0.017024	0.874737	0.050158
402.000000	1	1.481493	0.629738	3.200334	0.346900
402.250000	0	0.119719	0.009370	0.596499	0.048099
402.250000	1	1.468073	0.501776	2.763238	0.274440
402.500000	0	0.120866	0.000218	0.959295	0.054808
402.500000	1	1.444504	0.107579	2.648700	0.309693
402.750000	0	0.120387	0.009024	0.639112	0.052057
402.750000	1	1.426363	0.482306	2.244466	0.272789
403.000000	0	0.118872	0.022205	0.385229	0.037864
403.000000	1	1.443700	0.429243	2.597419	0.326417
403.250000	0	0.121399	0.007140	0.651679	0.050895
403.250000	1	1.429806	0.320075	2.471545	0.245710
403.500000	0	0.125431	0.023968	1.038748	0.072665
403.500000	1	1.436424	0.422589	3.034446	0.339862
403.750000	0	0.121960	0.004967	0.905009	0.063987
403.750000	1	1.431380	0.270070	2.620985	0.323765
404.000000	0	0.121390	0.018910	1.109667	0.059430
404.000000	1	1.443157	0.183758	2.587934	0.280707
404.250000	0	0.122808	0.021336	0.658741	0.054285
404.250000	1	1.417657	0.450577	3.161114	0.330066
404.500000	0	0.124164	0.027919	0.681940	0.049242
404.500000	1	1.396653	0.498696	2.348426	0.299750
404.750000	0	0.119744	0.005483	1.051206	0.060362
404.750000	1	1.454476	0.634823	2.925327	0.358920
405.000000	0	0.118336	0.009971	0.461840	0.043488
405.000000	1	1.475731	0.126977	3.830998	0.437019
405.250000	0	0.120267	0.009999	0.657285	0.046566
405.250000	1	1.428547	0.676123	2.253422	0.204898
405.500000	0	0.120873	0.014130	0.362886	0.041054
405.500000	1	1.404044	0.885089	2.260404	0.232481
405.750000	0	0.124082	0.016121	1.034278	0.060530
405.750000	1	1.410816	0.070469	2.452922	0.319631
406.000000	0	0.121676	0.019114	0.918758	0.058126
406.000000	1	1.426236	0.622755	2.277125	0.258378
406.250000	0	0.119811	0.006588	0.766089	0.056473
406.250000	1	1.416165	0.373167	2.494509	0.293609
406.500000	0	0.119926	0.005304	0.474889	0.045255
406.500000	1	1.457415	0.719858	3.626280	0.327239
406.750000	0	0.121611	0.021584	0.476433	0.044172
406.750000	1	1.426857	0.688426	2.389691	0.248113
407.000000	0	0.120980	0.004992	0.797046	0.048027
407.000000	1	1.413023	0.519126	1.848665	0.205244
407.250000	0	0.118567	0.010897	0.393353	0.040481
407.250000	1	1.427876	0.213496	2.852615	0.313893
407.500000	0	0.120993	0.015258	0.535814	0.046300
407.500000	1	1.411852	0.376828	2.372235	0.289086
407.750000	0	0.124666	0.004446	0.703032	0.056057
407.750000	1	1.411589	0.621572	2.432361	0.274690
408.000000	0	0.125118	0.015115	1.575311	0.069797
408.000000	1	1.394606	0.217605	3.111226	0.335870
408.250000	0	0.124713	0.006278	1.397702	0.078907
408.250000	1	1.443095	0.329158	2.943151	0.328852
408.500000	0	0.120425	0.011518	1.353518	0.064107
408.500000	1	1.444031	0.704398	2.880329	0.345132
408.750000	0	0.119850	0.007415	0.595739	0.045664
408.750000	1	1.403922	0.757908	2.288614	0.250407
409.000000	0	0.120744	0.026004	0.933296	0.056527
409.000000	1	1.428690	0.583211	2.393692	0.255127
409.250000	0	0.119610	0.019307	0.704818	0.052581
409.250000	1	1.443173	0.130508	2.967303	0.307358
409.500000	0	0.118273	0.009114	0.643301	0.043982
409.500000	1	1.414065	0.319269	2.456931	0.264919
409.750000	0	0.119474	0.012451	0.843891	0.046648
409.750000	1	1.411578	0.310374	2.673527	0.299498
410.000000	0	0.124335	0.009394	1.081593	0.066596
410.000000	1	1.452033	0.696180	2.629099	0.314306
410.250000	0	0.119345	0.008703	0.942136	0.052401
410.250000	1	1.478248	0.891254	2.547827	0.276399
410.500000	0	0.121951	0.018600	0.471787	0.047337
410.500000	1	1.424776	0.704209	2.338284	0.257232
410.750000	0	0.122911	0.011254	0.830990	0.059678
410.750000	1	1.449368	0.507503	3.127253	0.289912
411.000000	0	0.119682	0.026621	0.610659	0.044380
411.000000	1	1.375482	0.392896	2.613502	0.287182
411.250000	0	0.121736	0.013590	0.684430	0.050680
411.250000	1	1.524323	0.817476	3.081399	0.376335
411.500000	0	0.119632	0.013146	0.535752	0.046224
411.500000	1	1.361723	0.293972	2.362383	0.278411
411.750000	0	0.123203	0.012671	0.913884	0.061484
411.750000	1	1.470803	0.249789	3.302639	0.405903
412.000000	0	0.124267	0.011366	0.825061	0.058401
412.000000	1	1.421079	0.447851	2.505072	0.334829
412.250000	0	0.120096	0.007459	0.591295	0.048155
412.250000	1	1.439086	0.501563	2.769507	0.341383
412.500000	0	0.123945	0.008553	1.014310	0.063420
412.500000	1	1.438619	0.643786	2.511964	0.251819
412.750000	0	0.120390	0.010569	0.670182	0.053286
412.750000	1	1.430981	0.525618	2.356334	0.265093
413.000000	0	0.126310	0.030381	0.968130	0.060398
413.000000	1	1.440053	0.615048	2.474009	0.304077
413.250000	0	0.124321	0.020895	1.763168	0.090150
413.250000	1	1.437887	0.557261	3.689107	0.349620
413.500000	0	0.123030	0.013345	0.979037	0.054704
413.500000	1	1.439465	0.472906	2.446772	0.288918
413.750000	0	0.118141	0.009118	0.560030	0.041626
413.750000	1	1.452287	0.852321	3.539147	0.321910
414.000000	0	0.118592	0.011031	0.686631	0.049104
414.000000	1	1.428114	0.634404	2.601756	0.295354
414.250000	0	0.125558	0.017690	1.056451	0.071241
414.250000	1	1.421928	0.489732	2.436308	0.308242
414.500000	0	0.120462	0.016144	1.005158	0.059029
414.500000	1	1.440565	0.736105	3.666016	0.327276
414.750000	0	0.119816	0.019335	0.730573	0.049408
414.750000	1	1.396304	0.231650	2.530598	0.299307
415.000000	0	0.116825	0.010014	0.467399	0.040599
415.000000	1	1.408045	0.176536	2.710297	0.320931
415.250000	0	0.121609	0.014520	0.645648	0.046234
415.250000	1	1.430174	0.591950	2.647142	0.313876
415.500000	0	0.119823	0.013309	0.583757	0.047329
415.500000	1	1.477505	0.687043	2.470064	0.275599
415.750000	0	0.120864	0.006839	1.116996	0.065217
415.750000	1	1.442110	0.474771	2.734517	0.272553
416.000000	0	0.123056	0.026005	0.447467	0.042584
416.000000	1	1.428639	0.513492	2.978471	0.301388
416.250000	0	0.120665	0.003609	0.619504	0.051436
416.250000	1	1.443839	0.407399	2.648692	0.288692
416.500000	0	0.122253	0.010813	1.162917	0.070672
416.500000	1	1.421665	0.558147	2.425536	0.287717
416.750000	0	0.120719	0.011859	1.013934	0.049114
416.750000	1	1.402053	0.162425	2.089259	0.238627
417.000000	0	0.119176	0.013581	0.848557	0.051818
417.000000	1	1.485520	0.216053	4.028929	0.376541
417.250000	0	0.118877	0.024232	0.357503	0.039991
417.250000	1	1.475077	0.997480	2.467415	0.269601
417.500000	0	0.120636	0.008457	0.458298	0.044376
417.500000	1	1.405493	0.399974	2.156960	0.274255
417.750000	0	0.122341	0.016113	0.538402	0.046354
417.750000	1	1.418250	0.421015	3.343819	0.344419
418.000000	0	0.118456	0.003940	0.832219	0.046233
418.000000	1	1.429337	0.690421	2.235986	0.248066
418.250000	0	0.119838	0.002593	0.986724	0.052057
418.250000	1	1.401598	0.546522	2.133562	0.228902
418.500000	0	0.121510	0.026236	0.656696	0.051454
418.500000	1	1.433834	0.399434	2.595118	0.298814
418.750000	0	0.116770	0.021125	0.354622	0.040079
418.750000	1	1.462543	0.781786	2.383254	0.266197
419.000000	0	0.120187	0.002843	0.507821	0.044645
419.000000	1	1.478297	0.868197	3.159826	0.310551
419.250000	0	0.120100	0.011300	0.370600	0.041579
419.250000	1	1.413978	0.570416	2.702572	0.317077
419.500000	0	0.123261	0.011148	0.824472	0.057132
419.500000	1	1.450075	0.560500	2.586646	0.285178
419.750000	0	0.123449	0.008221	0.993322	0.060411
419.750000	1	1.442295	0.378397	2.837201	0.286820
420.000000	0	0.124931	0.017723	0.874383	0.062548
420.000000	1	1.455105	0.666712	2.883849	0.316866
420.250000	0	0.121688	0.003756	0.847795	0.051823
420.250000	1	1.413990	0.410372	2.892936	0.313761
420.500000	0	0.122585	0.007735	0.561370	0.047525
420.500000	1	1.472216	0.434852	3.192474	0.411637
420.750000	0	0.122625	0.013400	0.822392	0.055512
420.750000	1	1.418660	0.634360	2.019794	0.245345
421.000000	0	0.124511	0.002134	1.583891	0.074975
421.000000	1	1.473733	0.016413	2.454585	0.282966
421.250000	0	0.118857	0.008864	0.678536	0.050606
421.250000	1	1.398587	0.659647	2.685800	0.303631
421.500000	0	0.120508	0.015296	0.503163	0.042118
421.500000	1	1.462983	0.439152	2.359716	0.285235
421.750000	0	0.121561	0.008234	0.961943	0.053268
421.750000	1	1.459576	0.642181	2.450043	0.291010
422.000000	0	0.122079	0.023152	0.725415	0.050219
422.000000	1	1.453525	0.877788	2.483896	0.247676
422.250000	0	0.121351	0.012760	1.067651	0.066554
422.250000	1	1.445094	0.711320	2.493127	0.279984
422.500000	0	0.117841	0.019022	0.634864	0.043309
422.500000	1	1.434855	0.356735	3.045817	0.273432
422.750000	0	0.121272	0.010219	1.125689	0.054008
422.750000	1	1.427453	0.368156	2.308301	0.232584
423.000000	0	0.118882	0.018285	0.942785	0.046720
423.000000	1	1.448296	0.912946	2.357851	0.210283
423.250000	0	0.117084	0.005284	0.467969	0.042297
423.250000	1	1.443446	0.301748	3.005914	0.304609
423.500000	0	0.121714	0.003709	1.119063	0.061362
423.500000	1	1.382611	0.697237	2.454252	0.251420
423.750000	0	0.119817	0.015380	0.868318	0.053941
423.750000	1	1.439869	0.199443	2.428288	0.335937
424.000000	0	0.121761	0.008610	0.837539	0.052137
424.000000	1	1.423426	0.210881	2.966967	0.313783
424.250000	0	0.122626	0.006868	1.017132	0.057060
424.250000	1	1.457942	0.225151	2.633661	0.319942
424.500000	0	0.124296	0.011916	1.357683	0.071777
424.500000	1	1.386046	0.165611	2.745594	0.300899
424.750000	0	0.124041	0.002235	0.972254	0.060938
424.750000	1	1.434703	0.706105	2.506239	0.299089
425.000000	0	0.120760	0.004287	0.467259	0.046195
425.000000	1	1.432399	0.466392	2.377069	0.259014
425.250000	0	0.121639	0.001943	1.388379	0.066273
425.250000	1	1.472990	0.449433	2.335954	0.284188
425.500000	0	0.121301	0.010911	0.572273	0.043647
425.500000	1	1.428919	0.690652	2.214603	0.274078
425.750000	0	0.125278	0.022067	0.553205	0.053292
425.750000	1	1.434807	0.783116	2.208417	0.242639
426.000000	0	0.122663	0.023102	0.740841	0.058446
426.000000	1	1.433119	0.311848	2.530719	0.290620
426.250000	0	0.123287	0.018951	1.007860	0.063135
426.250000	1	1.431421	0.584250	2.628449	0.302912
426.500000	0	0.122877	0.013023	1.135630	0.075308
426.500000	1	1.463830	0.519847	2.650250	0.348725
426.750000	0	0.124031	0.003856	0.699647	0.057151
426.750000	1	1.419697	0.543814	2.419333	0.318305
427.000000	0	0.120577	0.016180	0.638818	0.045507
427.000000	1	1.408649	0.437642	2.170779	0.293655
427.250000	0	0.119741	0.012666	0.621234	0.045151
427.250000	1	1.421151	0.701888	3.039845	0.288712
427.500000	0	0.122991	0.017534	0.571498	0.050003
427.500000	1	1.481788	0.932926	2.551561	0.269415
427.750000	0	0.120560	0.005499	0.889554	0.053712
427.750000	1	1.397086	0.035889	2.556427	0.298299
428.000000	0	0.121507	0.016438	0.631366	0.049658
428.000000	1	1.394700	0.461775	2.290076	0.290957
428.250000	0	0.123489	0.013392	0.704703	0.055472
428.250000	1	1.418929	0.695819	2.658067	0.304603
428.500000	0	0.123466	0.008087	0.866197	0.065135
428.500000	1	1.411735	0.587922	2.527698	0.348431
428.750000	0	0.119486	0.014083	0.570846	0.052194
428.750000	1	1.438317	0.387430	3.113132	0.287676
429.000000	0	0.121288	0.012908	1.021471	0.053487
429.000000	1	1.423373	0.215711	3.088303	0.373993
429.250000	0	0.122737	0.015600	0.454149	0.047651
429.250000	1	1.453462	0.412189	3.502017	0.391558
429.500000	0	0.121435	0.005208	0.927812	0.055339
429.500000	1	1.451938	0.681092	3.357930	0.350310
429.750000	0	0.122445	0.020492	0.624092	0.054583
429.750000	1	1.439246	0.396385	2.318702	0.280736
430.000000	0	0.118279	0.013089	0.587263	0.046682
430.000000	1	1.434428	0.590507	2.364534	0.268367
430.250000	0	0.119385	0.005157	0.596001	0.044436
430.250000	1	1.428083	0.768823	2.718880	0.265874
430.500000	0	0.118841	0.007413	0.548689	0.040342
430.500000	1	1.429881	0.263136	2.395996	0.272737
430.750000	0	0.120586	0.018951	1.603289	0.069061
430.750000	1	1.425012	0.597641	2.367005	0.251764
431.000000	0	0.122365	0.017362	0.823315	0.055620
431.000000	1	1.468918	0.639497	2.598614	0.306431
431.250000	0	0.119699	0.016842	0.896456	0.058477
431.250000	1	1.445287	0.804904	2.340162	0.231411
431.500000	0	0.119373	0.002210	0.852362	0.049067
431.500000	1	1.423083	0.800947	2.226054	0.219186
431.750000	0	0.118413	0.030969	0.807723	0.043186
431.750000	1	1.428455	0.237741	2.241659	0.316801
432.000000	0	0.120305	0.023033	0.722831	0.043913
432.000000	1	1.426288	0.791231	2.000263	0.220709
432.250000	0	0.119344	0.024441	0.467235	0.043497
432.250000	1	1.436289	0.408259	2.028192	0.248577
432.500000	0	0.119393	0.005785	0.769538	0.051234
432.500000	1	1.449963	0.791098	2.816913	0.250903
432.750000	0	0.120238	0.022625	0.486161	0.042055
432.750000	1	1.413043	0.653891	2.857923	0.272264
433.000000	0	0.122568	0.009333	1.019112	0.068023
433.000000	1	1.425453	0.735166	2.611802	0.273120
433.250000	0	0.123067	0.019146	1.165604	0.064177
433.250000	1	1.426057	0.540728	2.796610	0.326057
433.500000	0	0.120200	0.009671	0.486553	0.044914
433.500000	1	1.459825	0.399263	2.931612	0.353832
433.750000	0	0.120924	0.015105	0.939628	0.056138
433.750000	1	1.450241	0.986045	3.095260	0.254433
434.000000	0	0.116908	0.009579	0.770868	0.046397
434.000000	1	1.481421	0.925522	2.527105	0.238566
434.250000	0	0.124292	0.031992	1.411668	0.069830
434.250000	1	1.474598	0.258453	2.469458	0.294459
434.500000	0	0.117415	0.005822	0.349944	0.035645
434.500000	1	1.462675	0.476948	2.940002	0.292201
434.750000	0	0.121337	0.034070	0.763350	0.052274
434.750000	1	1.453812	0.550443	2.298527	0.255595
435.000000	0	0.116805	0.015732	0.782416	0.041819
435.000000	1	1.412911	0.641541	1.979910	0.199667
435.250000	0	0.118447	0.002050	0.525737	0.038616
435.250000	1	1.427826	0.536006	2.174418	0.238411
435.500000	0	0.117286	0.012152	0.599724	0.044742
435.500000	1	1.416717	0.801714	2.392920	0.235194
435.750000	0	0.118020	0.015898	1.482893	0.061513
435.750000	1	1.444612	0.677865	2.481295	0.281215
436.000000	0	0.117164	0.010569	0.633470	0.044473
436.000000	1	1.417751	0.294106	2.548624	0.273554
436.250000	0	0.116502	0.009026	0.520894	0.043371
436.250000	1	1.425638	0.471056	2.657796	0.272733
436.500000	0	0.120146	0.024777	0.406105	0.041790
436.500000	1	1.407255	0.832155	1.896367	0.199991
436.750000	0	0.123477	0.008663	0.856398	0.068656
436.750000	1	1.437388	0.271423	2.970414	0.332258
437.000000	0	0.120936	0.019055	0.451290	0.045072
437.000000	1	1.393558	0.636384	2.076065	0.207720
437.250000	0	0.122718	0.012519	0.992222	0.060147
437.250000	1	1.433148	0.463104	2.547627	0.333258
437.500000	0	0.123945	0.007811	1.732596	0.075205
437.500000	1	1.421368	0.185671	2.703978	0.304139
437.750000	0	0.119927	0.008400	0.844472	0.049817
437.750000	1	1.443565	0.748743	2.481559	0.255758
438.000000	0	0.121879	0.025407	0.569049	0.049301
438.000000	1	1.413253	0.225426	2.448687	0.290954
438.250000	0	0.119939	0.006647	0.671267	0.047103
438.250000	1	1.470120	0.332671	2.913183	0.334929
438.500000	0	0.117899	0.007042	0.376306	0.039339
438.500000	1	1.416395	0.527205	3.115344	0.332467
438.750000	0	0.119878	0.009803	0.834620	0.058885
438.750000	1	1.392996	0.634929	2.721771	0.238169
439.000000	0	0.121764	0.004592	0.711385	0.047751
439.000000	1	1.413327	0.309236	2.682939	0.333073
439.250000	0	0.120794	0.020462	0.546120	0.043620
439.250000	1	1.459523	0.701753	2.445258	0.276503
439.500000	0	0.120480	0.011221	0.622139	0.050461
439.500000	1	1.375958	0.379100	2.146629	0.273433
439.750000	0	0.124463	0.012212	0.886445	0.062150
439.750000	1	1.413632	0.449262	2.321686	0.308024
440.000000	0	0.120938	0.002124	0.466907	0.047235
440.000000	1	1.452483	0.457517	2.469180	0.280319
440.250000	0	0.120908	0.005845	0.946108	0.053020
440.250000	1	1.424304	0.304086	2.349252	0.297462
440.500000	0	0.117086	0.003754	0.689971	0.042170
440.500000	1	1.435883	0.862504	2.617888	0.250368
440.750000	0	0.118996	0.019139	0.602013	0.045418
440.750000	1	1.421182	0.406136	3.471063	0.394277
441.000000	0	0.120371	0.026350	0.632190	0.049881
441.000000	1	1.474612	0.584039	2.760117	0.345239
441.250000	0	0.123199	0.012028	0.941759	0.060570
441.250000	1	1.433249	0.222936	2.650595	0.299883
441.500000	0	0.120388	0.009565	0.490437	0.040377
441.500000	1	1.448604	0.780363	2.631451	0.265173
441.750000	0	0.119045	0.007768	0.778021	0.048677
441.750000	1	1.480511	0.601391	3.364701	0.377582
442.000000	0	0.124997	0.011561	0.952150	0.069060
442.000000	1	1.438535	0.510442	2.651797	0.296324
442.250000	0	0.122494	0.007708	0.648910	0.049630
442.250000	1	1.429196	0.612638	2.290241	0.261127
442.500000	0	0.120810	0.003349	1.294116	0.063205
442.500000	1	1.460156	0.121228	3.063513	0.382999
442.750000	0	0.120819	0.013423	0.684096	0.047459
442.750000	1	1.386134	0.347576	2.851517	0.283707
443.000000	0	0.121001	0.011337	0.536030	0.047510
443.000000	1	1.453107	0.397372	3.794778	0.402738
443.250000	0	0.119968	0.030959	0.855744	0.053981
443.250000	1	1.397381	0.367085	2.718026	0.280770
443.500000	0	0.121195	0.017746	0.929039	0.052161
443.500000	1	1.431800	0.380170	2.266132	0.294624
443.750000	0	0.123531	0.011085	1.137301	0.069690
443.750000	1	1.456487	0.691960	2.331013	0.283732
444.000000	0	0.117404	0.011277	0.916597	0.049182
444.000000	1	1.416318	0.870490	2.361982	0.244948
444.250000	0	0.118760	0.013806	0.770904	0.045324
444.250000	1	1.478461	0.567327	2.534658	0.315698
444.500000	0	0.119650	0.005295	0.442831	0.039277
444.500000	1	1.462346	0.453014	3.520368	0.343804
444.750000	0	0.121948	0.021775	0.769633	0.051471
444.750000	1	1.469274	0.725557	2.486577	0.279943
445.000000	0	0.118861	0.005619	0.940425	0.046834
445.000000	1	1.423071	0.393901	2.374909	0.248225
445.250000	0	0.118506	0.021401	0.478444	0.040303
445.250000	1	1.428176	0.570068	2.306343	0.223913
445.500000	0	0.118772	0.004585	0.750681	0.046225
445.500000	1	1.467000	0.895802	2.939326	0.266834
445.750000	0	0.118645	0.011040	0.641905	0.041707
445.750000	1	1.407336	0.118953	2.394886	0.270949
446.000000	0	0.119688	0.005111	0.543085	0.046880
446.000000	1	1.409758	0.400842	2.734159	0.281620
446.250000	0	0.123550	0.011813	0.683518	0.056223
446.250000	1	1.426908	0.245046	2.914585	0.347558
446.500000	0	0.117873	0.027154	0.336306	0.037097
446.500000	1	1.434351	0.316505	3.835290	0.370114
446.750000	0	0.123112	0.007817	0.707517	0.053093
446.750000	1	1.459127	0.362609	3.036075	0.314469
447.000000	0	0.118336	0.005696	0.355083	0.036271
447.000000	1	1.400849	0.731073	2.076918	0.226329
447.250000	0	0.117673	0.009733	0.550089	0.041049
447.250000	1	1.435777	0.487641	2.203553	0.213477
447.500000	0	0.118636	0.008668	0.503585	0.038689
447.500000	1	1.415794	0.545058	2.266320	0.276427
447.750000	0	0.118804	0.022682	0.614414	0.045986
447.750000	1	1.430362	0.478732	2.577815	0.323961
448.000000	0	0.120187	0.018369	0.897274	0.052121
448.000000	1	1.442695	0.780444	2.362798	0.284345
448.250000	0	0.121916	0.012682	0.705214	0.055796
448.250000	1	1.419593	0.522487	2.665645	0.310536
448.500000	0	0.123623	0.014116	0.708606	0.052244
448.500000	1	1.436587	0.700264	2.571786	0.284575
448.750000	0	0.119238	0.018095	1.060551	0.051530
448.750000	1	1.484945	0.608852	3.161150	0.307187
449.000000	0	0.122677	0.017591	1.005613	0.060089
449.000000	1	1.451290	0.101041	2.455253	0.293739
449.250000	0	0.118989	0.006400	0.526939	0.040568
449.250000	1	1.420291	0.683166	2.673292	0.255872
449.500000	0	0.119524	0.017272	0.920591	0.053755
449.500000	1	1.443112	0.736377	2.320760	0.263782
449.750000	0	0.118863	0.012875	0.447137	0.040833
449.750000	1	1.457506	0.487298	3.362556	0.363553
450.000000	0	0.120357	0.012373	0.754237	0.053592
450.000000	1	1.458388	0.806329	2.110628	0.231673
450.250000	0	0.116918	0.007061	0.572911	0.042019
450.250000	1	1.441032	0.618690	2.475974	0.236399
450.500000	0	0.120461	0.021125	0.819267	0.053150
450.500000	1	1.408709	0.186515	2.803710	0.323624
450.750000	0	0.118704	0.008529	0.853358	0.053491
450.750000	1	1.456498	0.838025	2.400518	0.270704
451.000000	0	0.122001	0.013897	0.744854	0.051645
451.000000	1	1.441739	0.498500	2.440585	0.281032
451.250000	0	0.121558	0.005255	0.594545	0.049336
451.250000	1	1.435196	0.453329	2.411129	0.264584
451.500000	0	0.122580	0.016224	1.433347	0.072824
451.500000	1	1.398855	0.537883	2.388259	0.246021
451.750000	0	0.121125	0.011552	0.798604	0.053342
451.750000	1	1.426651	0.217879	2.413276	0.313876
452.000000	0	0.122446	0.005093	1.210689	0.068531
452.000000	1	1.469359	0.398176	3.456348	0.390789
452.250000	0	0.120699	0.014257	0.653720	0.053379
452.250000	1	1.407050	0.658791	2.651061	0.299799
452.500000	0	0.119972	0.019429	0.855783	0.050567
452.500000	1	1.429137	0.620988	2.316151	0.257934
452.750000	0	0.123594	0.004570	1.196985	0.060682
452.750000	1	1.443955	0.225523	2.789483	0.331788
453.000000	0	0.121679	0.015755	0.904387	0.055303
453.000000	1	1.487847	0.838414	2.909473	0.328346
453.250000	0	0.119664	0.026961	0.479047	0.039243
453.250000	1	1.425164	0.494187	3.396094	0.356152
453.500000	0	0.119077	0.006062	0.388507	0.038488
453.500000	1	1.438890	0.479173	2.719519	0.349245
453.750000	0	0.124090	0.004068	1.518704	0.078551
453.750000	1	1.438516	0.356783	2.526287	0.332964
454.000000	0	0.117396	0.010410	0.849302	0.050071
454.000000	1	1.473676	0.599402	2.468215	0.305943
454.250000	0	0.118588	0.031783	0.775712	0.043515
454.250000	1	1.429301	0.778028	2.185102	0.224269
454.500000	0	0.116707	0.009523	0.792212	0.042972
454.500000	1	1.438199	0.124947	2.660397	0.298127
454.750000	0	0.119521	0.014496	0.851618	0.054905
454.750000	1	1.403295	0.563142	2.405671	0.270463
455.000000	0	0.122631	0.006017	0.819850	0.051198
455.000000	1	1.482859	0.442842	4.813230	0.445793
455.250000	0	0.119895	0.011034	1.564335	0.063880
455.250000	1	1.455220	1.027960	2.388324	0.215499
455.500000	0	0.119747	0.019515	0.711402	0.045292
455.500000	1	1.424305	0.556137	2.526107	0.287866
455.750000	0	0.118468	0.015714	0.798064	0.047338
455.750000	1	1.439654	0.396820	3.007248	0.328381
456.000000	0	0.119075	0.012537	0.672531	0.042217
456.000000	1	1.462626	1.043686	2.776578	0.242938
456.250000	0	0.118253	0.024317	0.307808	0.035534
456.250000	1	1.431997	0.397327	2.318148	0.288465
456.500000	0	0.119556	0.012067	0.421090	0.038923
456.500000	1	1.435615	0.701258	3.455167	0.349603
456.750000	0	0.118432	0.004171	0.398251	0.039805
456.750000	1	1.492323	0.487845	3.771674	0.416459
457.000000	0	0.116744	0.008454	0.443905	0.040851
457.000000	1	1.410093	0.667732	2.369494	0.254877
457.250000	0	0.119856	0.018663	0.700856	0.047618
457.250000	1	1.432586	0.346828	2.596414	0.282061
457.500000	0	0.121392	0.015492	0.790319	0.049814
457.500000	1	1.461420	0.960929	3.167993	0.297543
457.750000	0	0.123313	0.016946	1.138936	0.066398
457.750000	1	1.478998	0.290726	2.919772	0.348600
458.000000	0	0.122181	0.011479	0.665060	0.049384
458.000000	1	1.432029	0.370388	2.494968	0.248238
458.250000	0	0.118905	0.017851	0.905490	0.049375
458.250000	1	1.396990	0.436143	2.885888	0.306620
458.500000	0	0.121533	0.012409	0.886046	0.056545
458.500000	1	1.444341	0.712571	2.467103	0.302310
458.750000	0	0.118233	0.015267	0.894110	0.048004
458.750000	1	1.444171	0.153226	2.920173	0.368374
459.000000	0	0.119172	0.003040	0.910407	0.052362
459.000000	1	1.466225	0.673758	2.709703	0.337589
459.250000	0	0.116220	0.009199	0.705764	0.039723
459.250000	1	1.441773	0.086520	2.681153	0.316466
459.500000	0	0.119789	0.006932	0.702820	0.046780
459.500000	1	1.457060	0.343876	3.418443	0.294593
459.750000	0	0.118024	0.005657	0.737797	0.048629
459.750000	1	1.566609	0.523758	8.179329	0.778621
460.000000	0	0.119338	0.010301	0.463478	0.042896
460.000000	1	1.469153	0.803285	2.349950	0.235399
460.250000	0	0.118845	0.026674	0.575362	0.043558
460.250000	1	1.429989	0.642054	2.193582	0.237617
460.500000	0	0.120835	0.009026	0.753063	0.053963
460.500000	1	1.480065	0.671244	8.601655	0.895946
460.750000	0	0.123154	0.022159	1.038267	0.062038
460.750000	1	1.465080	0.708697	2.401111	0.282924
461.000000	0	0.121848	0.003657	0.714741	0.054991
461.000000	1	1.360801	0.258420	2.822985	0.369336
461.250000	0	0.119873	0.011583	0.709177	0.050350
461.250000	1	1.452868	0.671692	2.392367	0.286576
461.500000	0	0.123062	0.013461	0.937545	0.060787
461.500000	1	1.445335	0.501444	2.533271	0.306890
461.750000	0	0.121735	0.013424	0.707066	0.052057
461.750000	1	1.485025	0.737213	2.752191	0.323009
462.000000	0	0.121205	0.017883	0.843725	0.048761
462.000000	1	1.455302	0.600171	3.017102	0.305980
462.250000	0	0.120972	0.008536	1.554852	0.073477
462.250000	1	1.417143	0.271989	3.351589	0.297591
462.500000	0	0.121045	0.005219	0.970495	0.053482
462.500000	1	1.438790	0.706727	2.863415	0.282928
462.750000	0	0.122049	0.017186	0.685611	0.051797
462.750000	1	1.441732	0.453452	2.713300	0.335521
463.000000	0	0.121635	0.009307	0.668143	0.046887
463.000000	1	1.480502	0.772732	3.208332	0.331172
463.250000	0	0.117936	0.001133	1.129576	0.052294
463.250000	1	1.422136	0.694117	2.831552	0.260790
463.500000	0	0.122466	0.011269	1.322734	0.059811
463.500000	1	1.431644	0.474325	2.533811	0.273881
463.750000	0	0.123344	0.021410	1.057356	0.062286
463.750000	1	1.439250	0.516653	2.511488	0.284243
464.000000	0	0.119896	0.002703	0.953524	0.052941
464.000000	1	1.421215	0.480564	2.416749	0.300970
464.250000	0	0.120192	0.002677	0.851988	0.059131
464.250000	1	1.457879	0.727417	3.271395	0.330060
464.500000	0	0.117835	0.006526	0.946281	0.049346
464.500000	1	1.451751	0.513248	3.061966	0.312724
464.750000	0	0.121925	0.007631	0.907558	0.055900
464.750000	1	1.411126	0.897247	2.405193	0.233566
465.000000	0	0.120843	0.007278	0.977008	0.056091
465.000000	1	1.442082	0.717456	2.460322	0.268332
465.250000	0	0.122239	0.003120	0.590100	0.042077
465.250000	1	1.422081	0.535781	2.475507	0.240137
465.500000	0	0.119332	0.012396	0.429202	0.038275
465.500000	1	1.435019	0.571737	2.769180	0.299655
465.750000	0	0.117963	0.016185	0.402772	0.038256
465.750000	1	1.416636	0.521354	2.628774	0.297252
466.000000	0	0.120896	0.006519	0.595117	0.048659
466.000000	1	1.460046	0.547743	3.200461	0.405259
466.250000	0	0.119379	0.006993	0.502599	0.043387
466.250000	1	1.435037	0.350925	2.496933	0.302271
466.500000	0	0.123454	0.022800	0.916820	0.056707
466.500000	1	1.502818	0.430794	3.118793	0.345825
466.750000	0	0.119478	0.010833	0.736606	0.050411
466.750000	1	1.440394	0.457965	2.334530	0.264306
467.000000	0	0.120948	0.014050	0.490006	0.047695
467.000000	1	1.488277	0.550228	3.599155	0.365103
467.250000	0	0.121268	0.012894	0.781727	0.057984
467.250000	1	1.425514	0.397021	2.646042	0.282861
467.500000	0	0.119843	0.004152	1.153650	0.064105
467.500000	1	1.456598	0.604054	2.768182	0.312194
467.750000	0	0.123794	0.010026	0.946471	0.063314
467.750000	1	1.454388	0.441643	2.792686	0.341651
468.000000	0	0.119126	0.012246	0.776813	0.054224
468.000000	1	1.459806	0.817447	2.635005	0.283202
468.250000	0	0.117470	0.012425	0.443742	0.038233
468.250000	1	1.418461	0.622391	2.676883	0.310553
468.500000	0	0.121162	0.011318	0.877576	0.061891
468.500000	1	1.489938	0.604016	3.088159	0.308157
468.750000	0	0.118450	0.026724	0.334160	0.032787
468.750000	1	1.413362	0.640591	2.373395	0.253431
469.000000	0	0.121748	0.017260	0.880380	0.054420
469.000000	1	1.416908	0.337009	2.232433	0.304775
469.250000	0	0.119941	0.005248	0.825309	0.051986
469.250000	1	1.500985	0.336970	2.629023	0.356357
469.500000	0	0.119905	0.010959	0.824777	0.053145
469.500000	1	1.432109	0.047309	2.449777	0.261622
469.750000	0	0.117631	0.016020	0.339123	0.036157
469.750000	1	1.438525	0.705600	2.517900	0.252769
470.000000	0	0.118705	0.007441	0.480135	0.045107
470.000000	1	1.460505	0.514133	3.233473	0.345610
470.250000	0	0.120671	0.004223	0.495506	0.043923
470.250000	1	1.429034	0.595528	2.589273	0.267835
470.500000	0	0.119982	0.019667	0.672888	0.047530
470.500000	1	1.456531	0.793260	2.917268	0.275162
470.750000	0	0.122326	0.004538	1.014944	0.061845
470.750000	1	1.463920	0.180577	3.668974	0.405233
471.000000	0	0.122405	0.014780	0.969802	0.054361
471.000000	1	1.451433	0.549112	4.050539	0.402404
471.250000	0	0.122716	0.005672	1.270885	0.064461
471.250000	1	1.432409	0.413292	2.723228	0.310903
471.500000	0	0.123782	0.016552	0.637205	0.053879
471.500000	1	1.450196	0.635313	2.302530	0.284108
471.750000	0	0.124553	0.002770	2.041903	0.084216
471.750000	1	1.435806	0.658605	2.468152	0.287953
472.000000	0	0.121020	0.012961	0.998531	0.053725
472.000000	1	1.395120	0.328536	2.779849	0.334546
472.250000	0	0.125338	0.014566	1.181278	0.075644
472.250000	1	1.497264	0.347575	2.830219	0.360912
472.500000	0	0.120700	0.016444	0.565082	0.043985
472.500000	1	1.395654	0.558573	2.841525	0.328597
472.750000	0	0.125213	0.008313	1.414520	0.074334
472.750000	1	1.368062	0.387955	2.718261	0.316726
473.000000	0	0.123717	0.011780	0.998980	0.063393
473.000000	1	1.478364	0.105643	2.765764	0.358017
473.250000	0	0.127145	0.019108	1.239249	0.073247
473.250000	1	1.472249	0.867264	4.084073	0.380546
473.500000	0	0.123774	0.005799	1.095032	0.068340
473.500000	1	1.421962	0.799044	2.463179	0.309895
473.750000	0	0.124653	0.005300	0.761321	0.056188
473.750000	1	1.459929	0.773195	2.316308	0.273205
474.000000	0	0.120219	0.012920	0.541740	0.048505
474.000000	1	1.472047	0.413270	2.535313	0.277386
474.250000	0	0.119370	0.011174	0.563383	0.044856
474.250000	1	1.403952	0.562078	2.174189	0.204680
474.500000	0	0.123185	0.002663	0.583724	0.050305
474.500000	1	1.394408	0.441005	2.364016	0.313688
474.750000	0	0.121725	0.009687	1.731855	0.074531
474.750000	1	1.405929	0.522512	2.517424	0.290393
475.000000	0	0.119431	0.007877	1.001599	0.050989
475.000000	1	1.429081	0.663116	2.536659	0.271335
475.250000	0	0.120999	0.008332	0.939872	0.051155
475.250000	1	1.452376	0.335767	2.488412	0.312618
475.500000	0	0.120691	0.021771	1.318131	0.060731
475.500000	1	1.434269	0.574635	2.910258	0.281313
475.750000	0	0.121913	0.021314	0.627702	0.049435
475.750000	1	1.418429	0.571332	2.693136	0.257085
476.000000	0	0.123378	0.021428	1.304605	0.071197
476.000000	1	1.417925	0.480109	2.180585	0.263951
476.250000	0	0.123448	0.015394	0.714921	0.053827
476.250000	1	1.460175	0.502736	2.721732	0.330893
476.500000	0	0.121583	0.002907	0.760797	0.060864
476.500000	1	1.402736	0.585344	2.296389	0.253948
476.750000	0	0.122918	0.009444	0.650794	0.050817
476.750000	1	1.403524	0.569837	2.453696	0.294063
477.000000	0	0.124048	0.010092	1.058159	0.065525
477.000000	1	1.496516	0.338508	3.191053	0.368861
477.250000	0	0.118743	0.008149	0.717293	0.047429
477.250000	1	1.435774	0.855362	2.537876	0.226822
477.500000	0	0.120618	0.005686	0.544355	0.046432
477.500000	1	1.414981	0.522499	3.319792	0.327418
477.750000	0	0.123903	0.013608	1.220753	0.066653
477.750000	1	1.457482	0.480532	2.369542	0.278646
478.000000	0	0.125380	0.008493	1.520726	0.085255
478.000000	1	1.441848	0.358769	2.864459	0.351828
478.250000	0	0.122787	0.020836	1.481285	0.067538
478.250000	1	1.442515	0.297800	2.613101	0.304603
478.500000	0	0.120548	0.011507	0.811467	0.048659
478.500000	1	1.425579	0.790085	2.501966	0.241348
478.750000	0	0.116871	0.010086	0.326760	0.040551
478.750000	1	1.388700	0.588350	2.198134	0.251733
479.000000	0	0.122992	0.004951	0.595507	0.053744
479.000000	1	1.437089	0.185041	2.660013	0.306948
479.250000	0	0.121403	0.012352	0.819237	0.056647
479.250000	1	1.438575	0.503042	2.833872	0.343099
479.500000	0	0.118832	0.004468	0.929835	0.050698
479.500000	1	1.468280	0.784653	2.278757	0.268316
479.750000	0	0.118311	0.016357	0.667372	0.045177
479.750000	1	1.425559	0.758480	2.630147	0.271463
480.000000	0	0.116232	0.000942	0.524604	0.040763
480.000000	1	1.422354	0.363915	2.390117	0.299492
480.250000	0	0.123804	0.010978	1.151847	0.064191
480.250000	1	1.474602	0.473696	2.590727	0.324338
480.500000	0	0.123718	0.013279	1.228360	0.076279
480.500000	1	1.413383	0.302118	2.472978	0.252626
480.750000	0	0.120880	0.003457	0.578519	0.045358
480.750000	1	1.468125	0.640876	3.027534	0.291673
481.000000	0	0.121059	0.012220	0.782517	0.059033
481.000000	1	1.366978	0.450468	2.052630	0.281976
481.250000	0	0.122160	0.013381	0.913050	0.054565
481.250000	1	1.444038	0.117605	2.462265	0.329251
481.500000	0	0.120210	0.014246	0.787457	0.052550
481.500000	1	1.391712	0.313139	2.177513	0.253767
481.750000	0	0.123536	0.007209	1.044065	0.055611
481.750000	1	1.440883	0.794694	2.739202	0.264464
482.000000	0	0.123370	0.007829	1.003614	0.058562
482.000000	1	1.420252	0.302910	2.970017	0.345112
482.250000	0	0.117561	0.015583	0.848122	0.046060
482.250000	1	1.452593	0.510907	2.328140	0.296082
482.500000	0	0.117865	0.014489	0.616798	0.044524
482.500000	1	1.417952	0.558073	2.090134	0.232380
482.750000	0	0.122287	0.016222	0.799244	0.051743
482.750000	1	1.431214	0.548137	2.152903	0.250557
483.000000	0	0.123455	0.015802	0.944859	0.056019
483.000000	1	1.461083	0.828581	2.491519	0.271441
483.250000	0	0.119977	0.003836	0.664524	0.044874
483.250000	1	1.444206	0.610927	2.961756	0.294767
483.500000	0	0.121172	0.009356	0.756010	0.048950
483.500000	1	1.394492	0.216340	1.975356	0.243577
483.750000	0	0.123919	0.014474	1.103323	0.065564
483.750000	1	1.466602	0.728106	2.849877	0.300439
484.000000	0	0.123184	0.016884	0.894975	0.057427
484.000000	1	1.482503	0.335990	4.423346	0.417684
484.250000	0	0.120243	0.020884	0.369733	0.039883
484.250000	1	1.396636	0.605768	2.282879	0.216959
484.500000	0	0.120269	0.003985	0.813303	0.056140
484.500000	1	1.440668	0.872451	2.238304	0.235002
484.750000	0	0.120600	0.004934	0.891487	0.055465
484.750000	1	1.486009	0.983387	2.796475	0.297625
485.000000	0	0.120586	0.007926	0.677467	0.044420
485.000000	1	1.415483	0.723583	2.266685	0.232342
485.250000	0	0.125229	0.012903	1.135636	0.062734
485.250000	1	1.456607	0.268090	3.170096	0.379189
485.500000	0	0.124528	0.011690	1.184661	0.082102
485.500000	1	1.403767	0.050511	2.531692	0.310095
485.750000	0	0.122949	0.015214	0.867365	0.056396
485.750000	1	1.491490	0.717829	3.149422	0.356735
486.000000	0	0.123339	0.004406	1.022765	0.071119
486.000000	1	1.393501	0.469916	2.497363	0.299415
486.250000	0	0.122052	0.007920	0.920111	0.055382
486.250000	1	1.396828	0.328470	2.486495	0.267516
486.500000	0	0.118520	0.010214	0.836406	0.049606
486.500000	1	1.476632	0.314465	2.415371	0.323393
486.750000	0	0.117645	0.009844	0.465193	0.041475
486.750000	1	1.447031	0.855854	2.230406	0.217507
487.000000	0	0.116991	0.010477	0.923023	0.055260
487.000000	1	1.405939	0.612702	2.345645	0.211995
487.250000	0	0.121319	0.008593	0.568084	0.046332
487.250000	1	1.482487	0.992296	2.514618	0.252792
487.500000	0	0.120389	0.000916	0.579642	0.042019
487.500000	1	1.402390	0.359323	2.204689	0.249837
487.750000	0	0.119869	0.001451	0.906734	0.051151
487.750000	1	1.434684	0.285159	2.678341	0.312181
488.000000	0	0.121051	0.016492	0.848042	0.053296
488.000000	1	1.445294	0.880726	2.553783	0.278697
488.250000	0	0.120516	0.004600	0.539895	0.048065
488.250000	1	1.436394	0.362655	3.422210	0.367160
488.500000	0	0.124089	0.024764	1.519443	0.084612
488.500000	1	1.451859	0.678006	2.515772	0.312889
488.750000	0	0.121804	0.004827	0.639714	0.051595
488.750000	1	1.448681	0.458407	2.497544	0.279749
489.000000	0	0.118663	0.012322	0.591366	0.046664
489.000000	1	1.424978	0.388518	2.104749	0.225297
489.250000	0	0.119863	0.014328	0.507286	0.040752
489.250000	1	1.439150	0.991577	2.717238	0.235364
489.500000	0	0.117958	0.008555	0.606287	0.042489
489.500000	1	1.426925	0.505394	2.906296	0.295592
489.750000	0	0.116895	0.010665	0.608888	0.041149
489.750000	1	1.416515	0.737096	2.102379	0.188905
490.000000	0	0.117443	0.011933	0.641054	0.044867
490.000000	1	1.431746	0.374878	2.617637	0.238528
490.250000	0	0.116785	0.015009	0.804460	0.044642
490.250000	1	1.431076	0.759023	2.638709	0.272245
490.500000	0	0.120429	0.020159	1.121486	0.063400
490.500000	1	1.418622	0.598713	2.620858	0.287389
490.750000	0	0.121795	0.017363	0.792736	0.053504
490.750000	1	1.447944	0.374568	3.205523	0.383444
491.000000	0	0.122600	0.006977	1.333712	0.063450
491.000000	1	1.410074	0.164622	3.087545	0.375821
491.250000	0	0.120695	0.003633	0.883039	0.058759
491.250000	1	1.392654	0.201323	2.289910	0.258452
491.500000	0	0.120291	0.005187	0.853164	0.052315
491.500000	1	1.434936	0.184084	2.488652	0.340746
491.750000	0	0.122187	0.005835	0.869153	0.058000
491.750000	1	1.405447	0.728880	2.766316	0.270696
492.000000	0	0.119430	0.014614	0.467764	0.042932
492.000000	1	1.438623	0.672594	2.190597	0.230995
492.250000	0	0.122853	0.011823	0.866271	0.057611
492.250000	1	1.434844	0.555813	2.393962	0.292636
492.500000	0	0.122346	0.023215	0.604023	0.052263
492.500000	1	1.491179	0.529203	2.650961	0.317964
492.750000	0	0.125261	0.027110	1.177124	0.070503
492.750000	1	1.441453	0.666482	2.323266	0.260651
493.000000	0	0.117444	0.016744	0.714339	0.044132
493.000000	1	1.432649	0.928930	2.241012	0.219480
493.250000	0	0.118626	0.004620	1.017469	0.052658
493.250000	1	1.440855	0.631649	2.867193	0.291661
493.500000	0	0.120906	0.016546	0.700036	0.045337
493.500000	1	1.450853	0.560230	3.460612	0.349167
493.750000	0	0.122726	0.013032	0.763878	0.055135
493.750000	1	1.409163	0.670700	2.631829	0.296194
494.000000	0	0.122893	0.009694	0.868041	0.059916
494.000000	1	1.427693	0.603210	2.413397	0.253983
494.250000	0	0.118145	0.005334	0.624147	0.045640
494.250000	1	1.458239	0.837367	2.437619	0.269398
494.500000	0	0.120180	0.004093	0.627334	0.050890
494.500000	1	1.425200	0.769312	2.392715	0.254147
494.750000	0	0.123133	0.007808	0.697194	0.063093
494.750000	1	1.442587	0.345032	2.563297	0.341720
495.000000	0	0.123295	0.010781	0.948084	0.056303
495.000000	1	1.449081	0.224832	2.335490	0.286249
495.250000	0	0.125218	0.014306	0.628593	0.056322
495.250000	1	1.443468	0.415454	3.000567	0.350821
495.500000	0	0.123412	0.019041	1.107436	0.061992
495.500000	1	1.428073	0.306338	2.366419	0.311654
495.750000	0	0.122129	0.011574	1.244855	0.062648
495.750000	1	1.431070	0.383136	2.719727	0.302526
496.000000	0	0.122568	0.013904	0.978267	0.060376
496.000000	1	1.467813	0.498290	5.812010	0.506755
496.250000	0	0.120470	0.000958	0.682471	0.055323
496.250000	1	1.393481	0.450031	2.412155	0.311011
496.500000	0	0.123692	0.023595	0.981981	0.056964
496.500000	1	1.417166	0.537461	2.292482	0.289333
496.750000	0	0.119742	0.013074	0.463427	0.039519
496.750000	1	1.405569	0.703095	2.393550	0.241682
497.000000	0	0.122897	0.026089	1.372534	0.069413
497.000000	1	1.418663	0.461981	2.336383	0.249786
497.250000	0	0.123564	0.008891	1.354887	0.064475
497.250000	1	1.426467	0.870982	3.701013	0.360435
497.500000	0	0.119734	0.013688	0.416971	0.043378
497.500000	1	1.479747	0.754792	4.022918	0.393359
497.750000	0	0.122141	0.004157	0.912779	0.054673
497.750000	1	1.436441	0.659116	2.637050	0.289334
498.000000	0	0.121952	0.017148	0.593236	0.053088
498.000000	1	1.462348	0.447548	2.970050	0.342800
498.250000	0	0.118670	0.012127	0.536070	0.042314
498.250000	1	1.444027	0.399263	3.790844	0.358124
498.500000	0	0.118771	0.013136	0.557557	0.044869
498.500000	1	1.389750	0.324291	2.190888	0.290470
498.750000	0	0.119045	0.021154	0.452104	0.041761
498.750000	1	1.419804	0.555772	2.747422	0.321250
499.000000	0	0.121540	0.005415	0.907534	0.050638
499.000000	1	1.434803	0.681013	2.546546	0.317802
499.250000	0	0.123835	0.020760	1.366926	0.064690
499.250000	1	1.435229	0.709614	3.337761	0.348918
499.500000	0	0.123319	0.007088	0.983076	0.055837
499.500000	1	1.435532	0.629109	2.293784	0.268525
499.750000	0	0.122370	0.020789	1.196078	0.071825
499.750000	1	1.425956	0.227822	2.364261	0.292907
500.000000	0	0.120229	0.004268	0.893189	0.052088
500.000000	1	1.432272	0.459128	2.512858	0.281888
500.250000	0	0.120472	0.010099	0.575550	0.050835
500.250000	1	1.413039	0.508682	2.485165	0.241002
500.500000	0	0.122760	0.010643	0.792217	0.060649
500.500000	1	1.392947	0.368850	2.654978	0.316779
500.750000	0	0.121412	0.015357	0.696514	0.049404
500.750000	1	1.399226	0.601483	2.560406	0.300812
